# Standardized Official Benchmark Trajectories (Format: frame_id  ped_id  pos_x(m)  pos_y(m))
780	1	8.457	3.588
786	1	9.126	3.659
792	1	9.787	3.849
798	1	10.472	3.955
804	1	11.066	4.061
804	2	13.018	5.783
810	1	11.732	4.321
810	2	12.088	5.752
816	1	12.381	4.497
816	2	11.746	5.730
822	2	11.175	5.836
828	2	10.434	5.873
834	3	12.271	6.668
834	2	10.050	6.171
840	3	11.936	6.767
840	2	9.571	6.237
846	5	-1.886	4.379
846	4	-1.711	5.126
846	3	11.448	6.914
846	2	9.084	6.264
846	6	12.163	5.748
852	5	-1.282	4.458
852	4	-1.119	5.106
852	3	10.826	6.798
852	2	8.553	6.374
852	6	11.675	5.850
858	5	-0.695	4.443
858	4	-0.535	5.086
858	3	10.394	6.786
858	2	8.098	6.481
858	6	11.101	5.919
864	5	-0.078	4.243
864	4	0.089	5.020
864	3	9.841	6.861
864	2	7.635	6.548
864	6	10.515	5.909
870	5	0.595	4.227
870	4	0.759	4.998
870	3	9.356	6.851
870	2	7.167	6.616
870	6	9.998	5.895
876	5	1.204	4.167
876	4	1.363	4.932
876	3	8.945	6.796
876	2	6.734	6.641
876	6	9.439	6.003
882	5	1.803	4.109
882	4	1.959	4.868
882	3	8.411	6.870
882	2	6.343	6.706
882	6	8.909	6.030
888	5	2.447	4.094
888	4	2.599	4.848
888	3	7.949	6.858
888	2	5.991	6.768
888	6	8.410	6.015
894	5	3.125	4.035
894	4	3.225	4.784
894	3	7.435	6.807
894	2	5.597	6.918
894	6	7.866	6.084
900	5	3.699	4.022
900	4	3.797	4.766
900	3	6.963	6.836
900	2	5.239	6.982
900	6	7.400	6.149
906	5	4.315	4.053
906	4	4.544	4.699
906	3	6.579	6.984
906	2	5.015	7.038
906	6	6.837	6.136
912	5	4.965	4.038
912	4	5.188	4.679
912	3	6.139	7.011
912	2	4.798	7.222
912	6	6.355	6.161
918	5	5.561	4.068
918	4	5.779	4.704
918	3	5.742	7.078
918	2	4.544	7.580
918	6	5.870	6.228
924	5	6.145	4.054
924	4	6.359	4.686
924	3	5.385	7.142
924	2	4.452	7.586
924	6	5.371	6.168
930	5	6.764	4.040
930	4	6.973	4.666
930	3	5.061	7.036
930	2	4.201	7.303
930	6	4.956	6.104
930	7	12.092	5.868
936	5	7.422	4.151
936	4	7.721	4.934
936	3	4.873	6.962
936	2	4.029	7.529
936	6	4.450	6.129
936	7	11.298	6.026
942	5	8.022	4.178
942	4	8.315	4.954
942	3	4.600	7.021
942	2	3.906	7.795
942	6	3.896	6.243
942	7	10.479	5.990
948	5	8.613	4.204
948	4	8.899	4.974
948	3	4.459	6.987
948	2	3.577	7.818
948	6	3.417	6.180
948	7	9.767	6.107
948	8	-2.588	-0.415
954	5	9.316	4.227
954	4	9.518	5.072
954	3	4.137	7.050
954	2	3.251	7.928
954	6	3.085	6.240
954	7	8.907	5.990
954	8	-2.256	0.177
960	5	9.928	4.291
960	4	10.125	5.129
960	3	3.757	6.986
960	2	2.824	8.002
960	6	2.709	6.391
960	7	8.151	5.864
960	8	-1.674	0.528
966	5	10.451	4.397
966	4	10.644	5.228
966	3	3.423	6.963
966	2	2.340	8.037
966	6	2.365	6.364
966	7	7.385	5.860
966	8	-1.384	0.726
972	5	11.007	4.540
972	4	11.195	5.363
972	3	3.080	6.852
972	2	1.844	7.985
972	6	2.012	6.249
972	7	6.600	5.813
972	8	-0.709	1.070
978	5	11.579	4.325
978	4	11.774	5.455
978	3	2.804	7.043
978	2	1.438	7.881
978	6	1.658	6.177
978	7	5.882	5.677
978	8	-0.358	1.452
984	5	12.078	4.428
984	4	12.230	5.513
984	3	2.237	7.298
984	2	0.970	7.690
984	6	1.255	6.152
984	7	5.110	5.626
984	8	0.284	1.599
990	3	1.781	7.149
990	2	0.539	7.404
990	6	0.898	6.124
990	7	4.312	5.444
990	8	0.820	1.835
996	3	1.320	6.998
996	2	0.107	7.160
996	6	0.479	6.007
996	7	3.553	5.387
996	8	1.240	1.975
1002	3	0.860	6.936
1002	2	-0.323	7.003
1002	6	0.479	6.007
1002	7	2.818	5.195
1002	8	1.763	2.205
1008	3	0.243	6.925
1008	2	-0.679	6.519
1008	6	-0.197	5.992
1008	7	2.075	5.088
1008	8	2.475	2.432
1014	3	-0.282	6.864
1014	2	-1.127	6.265
1014	6	-0.470	5.867
1014	7	1.370	5.022
1014	8	2.929	2.611
1020	3	-0.721	6.659
1020	2	-1.522	6.052
1020	6	-0.753	5.648
1020	7	0.700	4.908
1020	8	3.667	2.830
1026	8	4.086	2.695
1032	8	4.651	2.736
1038	8	5.265	2.950
1044	8	5.868	3.160
1050	9	12.834	4.676
1050	10	12.781	5.295
1050	8	6.498	3.239
1050	12	12.094	6.949
1050	11	12.515	6.193
1056	9	12.834	4.676
1056	10	12.781	5.295
1056	8	7.000	3.571
1056	12	11.678	6.938
1056	11	11.726	6.198
1062	9	12.834	4.676
1062	10	12.781	5.295
1062	8	7.527	3.688
1062	12	11.257	6.927
1062	11	11.449	5.940
1068	9	12.834	4.676
1068	10	12.781	5.295
1068	8	8.092	3.885
1068	12	10.831	6.916
1068	11	11.103	5.958
1068	13	11.986	6.067
1074	9	12.834	4.676
1074	10	12.781	5.295
1074	8	8.686	3.996
1074	12	10.433	6.784
1074	11	10.675	5.980
1074	13	11.647	6.125
1074	14	12.938	6.703
1080	9	12.833	4.637
1080	10	12.781	5.295
1080	8	9.231	4.147
1080	12	10.075	6.727
1080	11	10.287	6.119
1080	13	11.341	6.141
1080	14	12.543	6.996
1086	9	12.831	4.599
1086	10	12.779	5.256
1086	8	9.726	4.297
1086	12	9.666	6.552
1086	11	10.093	6.249
1086	13	10.699	5.623
1086	15	12.853	6.365
1086	14	12.142	7.253
1092	9	12.830	4.560
1092	10	12.816	5.255
1092	8	10.251	4.363
1092	12	9.340	6.491
1092	11	9.771	6.187
1092	13	10.299	5.482
1092	15	12.484	6.386
1092	14	11.839	7.198
1098	9	12.867	4.559
1098	10	12.890	5.252
1098	8	10.732	4.509
1098	12	9.006	6.349
1098	11	9.646	6.113
1098	13	9.855	5.381
1098	15	12.043	6.606
1098	14	11.428	7.381
1104	9	12.903	4.519
1104	10	12.963	5.249
1104	8	11.203	4.573
1104	12	8.673	6.286
1104	11	9.319	6.050
1104	13	9.446	5.277
1104	16	11.742	5.613
1104	15	11.632	6.747
1104	14	11.009	7.490
1104	17	12.684	6.795
1110	8	11.592	4.679
1110	12	8.211	6.230
1110	11	8.865	5.992
1110	13	8.993	5.214
1110	16	11.212	5.795
1110	15	11.252	6.810
1110	14	10.584	7.560
1110	17	12.135	7.062
1110	18	12.813	6.253
1116	8	11.980	4.861
1116	12	7.784	6.129
1116	11	8.445	5.891
1116	13	8.611	5.025
1116	16	10.828	5.893
1116	15	10.829	6.877
1116	14	10.342	7.420
1116	17	11.688	7.208
1116	18	12.558	6.382
1122	8	12.435	4.961
1122	12	7.351	6.027
1122	11	7.838	5.549
1122	13	8.107	5.002
1122	16	10.195	5.845
1122	15	10.236	6.796
1122	14	9.706	7.426
1122	17	11.038	7.254
1122	20	12.677	6.605
1122	18	11.845	6.347
1128	8	12.810	5.063
1128	12	6.873	6.009
1128	11	7.322	5.489
1128	13	7.721	4.934
1128	16	9.714	5.829
1128	15	9.754	6.707
1128	14	9.257	7.338
1128	17	10.540	7.445
1128	20	12.277	6.860
1128	18	11.393	6.490
1134	12	6.429	5.905
1134	11	6.882	5.382
1134	13	7.286	4.824
1134	16	9.267	5.810
1134	15	9.307	6.654
1134	14	8.807	7.329
1134	17	10.066	7.440
1134	20	11.646	7.095
1134	18	10.821	6.681
1140	12	5.979	5.800
1140	11	6.434	5.232
1140	13	6.842	4.670
1140	16	8.848	5.627
1140	15	8.856	6.640
1140	14	8.350	7.320
1140	17	9.588	7.474
1140	20	11.119	7.326
1140	18	10.312	6.712
1146	12	5.483	5.780
1146	11	5.944	5.209
1146	13	6.393	4.515
1146	16	8.431	5.605
1146	15	8.397	6.586
1146	14	8.064	7.462
1146	17	9.143	7.506
1146	20	10.540	7.445
1146	18	9.801	6.863
1146	21	11.694	5.342
1152	12	5.069	5.713
1152	11	5.535	5.139
1152	13	5.941	4.400
1152	16	7.798	5.592
1152	15	7.932	6.531
1152	14	7.596	7.412
1152	17	8.455	7.757
1152	20	9.911	7.530
1152	18	9.395	6.809
1152	21	11.147	5.129
1158	12	4.602	5.605
1158	11	5.072	5.027
1158	13	5.526	4.240
1158	16	7.401	5.361
1158	15	7.463	6.517
1158	14	7.124	7.404
1158	17	7.749	7.891
1158	20	9.182	7.463
1158	18	8.736	6.728
1158	21	10.702	4.749
1164	12	4.137	5.625
1164	11	4.688	4.781
1164	13	5.102	4.035
1164	16	6.928	5.422
1164	15	7.031	6.500
1164	14	6.508	7.280
1164	17	7.203	8.056
1164	20	8.609	7.504
1164	18	8.196	6.761
1164	21	10.140	4.567
1170	12	3.758	5.597
1170	11	4.264	4.708
1170	13	4.679	3.914
1170	16	6.620	5.393
1170	15	6.545	6.402
1170	14	6.016	7.186
1170	17	6.765	7.966
1170	20	7.982	7.508
1170	18	7.820	6.825
1170	21	9.647	4.340
1176	12	3.318	5.440
1176	11	3.832	4.590
1176	13	4.298	3.791
1176	16	6.132	5.371
1176	15	6.097	6.300
1176	14	5.565	7.131
1176	17	6.293	8.126
1176	20	7.392	7.591
1176	18	7.226	6.902
1176	21	9.145	4.068
1182	12	2.879	5.369
1182	11	3.398	4.514
1182	13	3.866	3.667
1182	16	5.593	5.350
1182	15	5.601	6.241
1182	14	5.063	7.078
1182	17	5.718	8.170
1182	20	6.877	7.627
1182	18	6.705	6.893
1182	21	8.517	3.959
1188	12	2.435	5.298
1188	11	2.956	4.394
1188	13	3.431	3.586
1188	16	5.134	5.282
1188	15	5.141	6.137
1188	14	4.600	7.021
1188	17	5.129	8.131
1188	20	6.090	7.683
1188	18	6.001	6.936
1188	21	7.963	3.846
1194	12	1.979	5.136
1194	11	2.557	4.270
1194	13	3.043	3.548
1194	16	4.707	5.083
1194	15	4.716	5.944
1194	14	4.085	6.967
1194	17	4.534	8.134
1194	20	5.514	7.766
1194	18	5.423	7.013
1194	21	7.441	3.689
1200	12	1.574	5.061
1200	11	2.158	4.190
1200	13	2.595	3.420
1200	16	4.155	5.190
1200	15	4.162	6.013
1200	14	3.663	6.992
1200	17	3.497	8.040
1200	20	4.873	7.685
1200	18	4.870	6.920
1200	21	6.828	3.616
1206	12	1.115	4.986
1206	11	1.704	4.111
1206	13	2.194	3.336
1206	16	3.681	5.164
1206	15	3.690	5.992
1206	14	3.230	6.931
1206	17	2.869	7.955
1206	20	4.319	7.681
1206	18	4.405	6.862
1206	21	6.244	3.455
1212	12	0.693	4.818
1212	11	1.234	3.894
1212	13	1.740	3.251
1212	16	3.282	4.914
1212	15	3.244	5.750
1212	14	2.692	6.831
1212	17	2.230	7.870
1212	20	3.712	7.723
1212	18	3.886	6.806
1212	21	5.655	3.378
1218	12	0.274	4.739
1218	11	0.867	3.764
1218	13	1.377	3.118
1218	16	2.709	5.022
1218	15	2.535	6.002
1218	14	2.149	6.773
1218	17	1.673	7.687
1218	20	3.147	7.805
1218	18	3.173	6.803
1218	21	5.103	3.299
1224	12	-0.209	4.569
1224	11	0.394	3.635
1224	13	0.906	2.940
1224	16	2.216	4.994
1224	15	2.038	5.937
1224	14	1.699	6.710
1224	17	1.107	7.502
1224	20	2.567	7.802
1224	18	2.686	6.743
1224	21	4.537	3.131
1224	22	11.492	5.076
1230	12	-0.653	4.303
1230	11	0.011	3.410
1230	13	0.531	2.758
1230	16	1.657	4.833
1230	15	1.532	5.825
1230	14	1.189	6.603
1230	17	0.532	7.315
1230	20	1.930	7.802
1230	18	2.189	6.639
1230	21	3.923	3.093
1230	22	10.945	4.939
1236	12	-0.992	4.078
1236	11	-0.371	3.229
1236	13	0.157	2.621
1236	16	1.151	4.804
1236	15	1.022	5.757
1236	14	0.675	6.541
1236	17	-0.004	7.076
1236	20	1.325	7.711
1236	18	1.692	6.621
1236	21	3.386	2.921
1236	22	10.311	4.842
1242	12	-1.718	3.810
1242	11	-0.762	2.999
1242	13	-0.176	2.389
1242	16	0.697	4.863
1242	15	0.505	5.688
1242	14	0.152	6.432
1242	17	-0.540	6.924
1242	20	0.764	7.659
1242	18	1.051	6.790
1242	21	2.889	2.746
1242	22	9.704	4.702
1248	22	9.046	4.601
1254	22	8.460	4.496
1260	22	7.863	4.389
1266	22	7.215	4.324
1272	22	6.639	4.170
1278	22	5.829	4.019
1284	22	5.232	3.903
1284	25	11.883	6.344
1284	23	9.040	5.334
1284	24	10.668	4.869
1290	22	4.671	3.784
1290	25	10.855	6.561
1290	23	8.413	5.238
1290	24	10.069	4.770
1296	22	4.055	3.664
1296	25	9.877	6.779
1296	23	7.779	5.221
1296	24	9.418	4.671
1302	22	3.473	3.497
1302	25	8.951	6.917
1302	23	7.131	5.163
1302	24	8.832	4.444
1308	22	2.885	3.372
1308	25	8.131	7.132
1308	23	6.566	5.227
1308	24	8.240	4.296
1314	22	2.333	3.199
1314	25	7.291	7.310
1314	23	5.991	5.249
1314	24	7.598	4.230
1320	22	1.810	2.842
1320	25	6.481	7.572
1320	23	5.447	5.185
1320	24	6.824	4.334
1326	22	1.136	2.617
1326	25	5.698	7.837
1326	23	4.948	5.246
1326	24	6.162	4.352
1332	22	0.661	2.435
1332	25	4.892	7.980
1332	23	4.394	5.268
1332	24	5.533	4.369
1338	22	0.131	2.296
1338	25	4.167	8.204
1338	23	3.734	5.249
1338	24	4.889	4.300
1344	22	-0.410	2.108
1344	26	-3.292	-1.325
1344	25	3.424	8.347
1344	23	3.168	5.358
1344	24	4.195	4.361
1344	27	9.786	4.740
1350	22	-0.910	1.871
1350	26	-2.966	-0.868
1350	25	2.681	8.709
1350	23	2.591	5.425
1350	24	3.533	4.378
1350	27	9.209	4.556
1356	22	-1.575	1.677
1356	26	-2.601	-0.562
1356	25	1.874	9.037
1356	23	1.949	5.405
1356	24	2.905	4.351
1356	27	8.541	4.453
1362	25	1.137	9.187
1362	23	1.301	5.430
1362	24	2.220	4.368
1362	27	7.861	4.348
1368	25	0.561	9.592
1368	23	0.685	5.364
1368	24	1.570	4.340
1368	27	7.213	4.282
1374	27	6.470	4.301
1380	27	5.796	4.234
1386	27	5.116	4.251
1392	27	4.417	4.181
1446	28	10.291	4.362
1446	29	10.015	5.374
1446	30	2.691	2.702
1452	28	9.886	4.252
1452	29	9.610	5.311
1452	30	3.280	2.788
1458	28	9.064	4.110
1458	29	8.999	5.336
1458	30	3.685	3.096
1464	28	8.523	4.083
1464	29	8.415	5.278
1464	30	4.162	3.135
1470	28	7.933	4.097
1470	29	7.828	5.343
1470	30	4.396	3.133
1476	28	7.418	4.067
1476	29	7.220	5.202
1476	30	4.872	3.302
1482	28	6.812	4.124
1482	29	6.608	5.183
1482	30	5.289	3.340
1488	28	6.058	4.099
1488	29	6.036	5.247
1488	31	11.509	5.507
1488	30	5.703	3.420
1494	28	5.467	4.027
1494	29	5.492	5.183
1494	31	10.585	5.707
1494	30	6.335	3.497
1500	28	4.873	4.040
1500	29	4.943	5.161
1500	31	9.981	5.496
1500	30	6.779	3.532
1506	28	4.307	3.922
1506	29	4.386	5.138
1506	31	9.204	5.328
1506	30	7.261	3.567
1512	28	3.783	3.845
1512	29	3.811	4.984
1512	31	8.490	5.111
1512	30	7.831	3.766
1518	28	3.161	3.857
1518	29	3.237	4.960
1518	31	7.857	5.094
1518	30	8.261	3.882
1524	28	2.568	3.734
1524	29	2.699	4.889
1524	31	7.163	4.953
1524	30	8.724	3.913
1530	28	2.026	3.744
1530	29	2.157	4.862
1530	31	6.462	4.936
1530	30	9.184	4.026
1530	33	13.104	6.198
1536	28	1.472	3.708
1536	29	1.561	4.881
1536	31	5.789	4.874
1536	30	9.598	4.138
1536	33	12.521	6.384
1536	34	13.116	5.434
1542	28	0.955	3.580
1542	29	0.952	4.855
1542	31	5.209	5.022
1542	30	10.083	4.166
1542	33	11.926	6.497
1542	34	12.275	5.743
1548	28	0.394	3.635
1548	29	0.389	4.873
1548	31	4.574	5.174
1548	30	10.525	4.275
1548	33	11.473	6.563
1548	34	11.789	5.845
1554	28	-0.187	3.551
1554	29	-0.179	4.937
1554	31	3.920	5.198
1554	30	10.963	4.422
1554	33	10.975	6.632
1554	34	11.017	5.765
1560	28	-0.719	3.513
1560	29	-0.815	4.910
1560	31	3.303	5.221
1560	30	11.471	4.525
1560	33	10.509	6.700
1560	34	10.551	5.828
1566	28	-1.362	3.522
1566	29	-1.345	4.974
1566	31	2.679	5.289
1566	30	11.936	4.707
1566	33	10.035	6.729
1566	34	10.114	5.809
1572	30	12.357	4.886
1572	33	9.476	6.804
1572	34	9.514	5.879
1578	33	8.992	6.914
1578	34	9.030	5.984
1584	33	8.461	7.029
1584	34	8.497	6.092
1590	33	7.963	7.143
1590	34	7.957	6.202
1596	33	7.458	7.217
1596	34	7.490	6.227
1602	33	6.940	7.210
1602	34	6.972	6.212
1608	33	6.462	7.241
1608	34	6.492	6.237
1614	33	5.937	7.359
1614	34	5.786	6.316
1620	33	5.359	7.440
1620	34	5.203	6.390
1626	33	4.779	7.649
1626	34	4.619	6.592
1632	33	4.324	7.766
1632	34	4.208	6.701
1638	33	3.727	7.937
1638	34	3.607	6.865
1644	33	3.266	8.143
1644	34	3.191	7.064
1650	33	2.846	8.305
1650	34	2.720	7.224
1656	33	2.272	8.436
1656	34	2.100	7.438
1662	33	1.894	8.641
1662	34	1.421	7.660
1668	33	1.117	8.924
1668	34	0.836	7.922
1674	33	0.634	9.230
1674	34	0.349	8.226
1680	33	0.190	9.447
1680	34	0.007	8.476
1752	35	3.184	2.789
1758	35	3.631	3.008
1764	35	4.256	3.134
1770	35	4.731	3.260
1776	35	5.200	3.384
1782	35	5.801	3.548
1788	35	6.392	3.709
1794	35	6.927	3.826
1800	35	7.454	3.941
1800	36	12.138	6.098
1806	35	8.016	4.053
1806	36	11.426	6.332
1812	35	8.569	4.164
1812	36	10.776	6.526
1812	37	12.824	5.485
1818	35	9.115	4.314
1818	36	10.071	6.648
1818	37	12.113	5.401
1824	35	9.610	4.422
1824	36	9.437	6.846
1824	37	11.394	5.512
1830	35	10.137	4.487
1830	36	8.789	6.968
1830	37	10.657	5.545
1836	35	10.660	4.670
1836	36	8.171	7.088
1836	37	9.988	5.656
1842	35	11.209	4.731
1842	36	7.505	7.296
1842	37	9.225	5.772
1848	35	11.713	4.832
1848	36	6.863	7.380
1848	37	8.525	5.805
1854	36	6.213	7.508
1854	37	7.853	5.837
1860	36	5.554	7.679
1860	37	7.174	5.953
1866	36	4.881	7.811
1866	37	6.473	5.903
1872	36	4.249	8.028
1872	37	5.808	5.935
1878	36	3.603	8.204
1878	37	5.174	5.922
1884	36	2.993	8.337
1884	37	4.526	5.867
1890	36	2.903	8.431
1890	37	3.825	5.899
1896	36	2.103	8.799
1896	37	3.202	5.840
1902	36	1.423	8.987
1902	37	2.529	5.914
1908	36	0.749	9.398
1908	37	1.893	5.988
1914	36	0.157	9.673
1914	37	1.245	6.017
1920	36	-0.283	9.982
1920	37	0.541	6.140
1926	36	-0.897	10.175
1926	37	-0.134	6.127
1926	38	11.428	4.408
1932	37	-0.755	6.247
1932	38	10.640	4.192
1938	38	9.831	3.930
1944	38	9.008	3.784
1950	38	8.206	3.634
1956	38	7.386	3.480
1962	38	6.594	3.365
1968	38	5.823	3.161
1968	39	11.388	5.355
1974	38	5.089	3.082
1974	39	10.608	5.309
1980	38	4.388	3.001
1980	39	9.810	5.262
1980	40	-2.424	-0.458
1986	38	3.479	2.876
1986	39	8.997	5.296
1986	40	-2.213	0.033
1992	38	2.661	2.971
1992	39	8.199	5.164
1992	40	-1.737	0.431
1998	38	1.863	2.887
1998	39	7.433	5.152
1998	40	-1.159	0.825
2004	38	1.099	2.801
2004	39	6.647	5.098
2004	40	-0.697	1.212
2010	38	0.365	2.620
2010	39	5.792	4.916
2010	40	-0.101	1.361
2016	38	-0.350	2.202
2016	39	5.018	4.900
2016	40	0.492	1.600
2022	38	-1.025	1.776
2022	39	4.270	4.795
2022	40	1.124	1.790
2028	38	-1.562	1.200
2028	39	3.506	4.687
2028	40	1.655	2.114
2034	39	2.732	4.666
2034	40	2.212	2.206
2040	39	1.986	4.554
2040	40	2.825	2.522
2046	39	1.235	4.575
2046	40	3.473	2.787
2052	39	0.466	4.550
2052	40	4.109	3.048
2058	39	-0.321	4.480
2058	40	4.679	3.173
2064	39	-1.006	4.544
2064	40	5.246	3.384
2070	40	5.843	3.504
2076	40	6.468	3.495
2082	40	7.044	3.570
2088	40	7.653	3.644
2094	40	8.251	3.675
2100	40	8.840	3.746
2106	40	9.459	3.775
2112	40	10.067	3.803
2112	41	12.395	5.968
2118	40	10.668	3.911
2118	41	11.765	6.235
2118	42	12.666	5.184
2124	40	11.296	3.976
2124	41	11.488	5.977
2124	42	12.291	5.122
2130	40	11.878	4.159
2130	44	12.916	6.056
2130	41	10.907	5.928
2130	42	11.732	5.340
2130	43	13.182	5.201
2136	40	12.452	4.378
2136	44	12.249	6.053
2136	41	10.285	6.079
2136	42	11.155	5.326
2136	43	12.557	5.266
2142	40	12.939	4.518
2142	44	11.613	6.243
2142	41	9.727	6.109
2142	42	10.846	5.378
2142	43	12.146	5.283
2148	44	11.073	6.195
2148	41	9.193	5.975
2148	42	10.378	5.478
2148	43	11.503	5.350
2154	44	10.526	6.185
2154	41	8.657	5.962
2154	42	9.820	5.503
2154	43	10.922	5.336
2160	44	10.012	6.213
2160	41	8.153	5.905
2160	42	9.250	5.447
2160	43	10.371	5.319
2166	44	9.450	6.244
2166	41	7.594	5.767
2166	42	8.716	5.470
2166	43	9.771	5.304
2172	44	8.957	6.190
2172	41	7.076	5.749
2172	42	8.212	5.410
2172	43	9.196	5.166
2178	44	8.418	6.178
2178	41	6.551	5.732
2178	42	7.783	5.304
2178	43	8.696	5.063
2184	44	7.875	6.247
2184	41	6.013	5.629
2184	42	7.265	5.242
2184	43	8.191	4.999
2184	45	11.914	5.137
2190	44	7.355	6.110
2190	41	5.473	5.610
2190	42	6.739	5.178
2190	43	7.676	4.894
2190	45	11.221	5.047
2196	44	6.745	6.057
2196	41	4.924	5.591
2196	42	6.206	5.114
2196	43	7.156	4.828
2196	46	12.335	5.314
2196	45	10.627	4.831
2202	44	6.161	5.876
2202	41	4.362	5.485
2202	42	5.670	5.134
2202	43	6.587	4.805
2202	46	11.730	5.301
2202	45	10.029	4.772
2208	44	5.706	5.728
2208	41	3.843	5.463
2208	42	5.158	4.938
2208	43	6.095	4.736
2208	46	11.228	5.204
2208	45	9.378	4.672
2214	44	5.118	5.754
2214	41	3.315	5.396
2214	42	4.694	4.868
2214	43	5.597	4.667
2214	46	10.680	5.147
2214	47	12.324	5.004
2214	45	8.753	4.529
2220	44	4.561	5.693
2220	41	2.773	5.241
2220	42	4.182	4.884
2220	43	5.048	4.641
2220	46	10.119	5.009
2220	47	11.555	4.720
2220	45	8.082	4.507
2226	44	4.104	5.843
2226	41	2.282	5.215
2226	42	3.657	4.814
2226	43	4.535	4.569
2226	46	9.551	4.909
2226	47	10.890	4.544
2226	45	7.433	4.360
2232	44	3.491	5.871
2232	41	1.777	5.098
2232	42	3.171	4.697
2232	43	4.012	4.453
2232	46	9.013	4.766
2232	47	10.166	4.244
2232	45	6.821	4.292
2238	44	2.952	5.719
2238	41	1.263	4.936
2238	42	2.583	4.626
2238	43	3.437	4.381
2238	46	8.464	4.578
2238	47	9.470	4.019
2238	45	6.154	4.225
2238	48	-4.640	4.544
2244	44	2.360	5.612
2244	41	0.649	4.910
2244	42	2.032	4.508
2244	43	2.895	4.218
2244	46	7.870	4.514
2244	47	8.840	3.746
2244	45	5.472	4.113
2244	48	-4.038	4.770
2250	44	1.797	5.367
2250	41	0.111	4.652
2250	42	1.423	4.389
2250	43	2.296	4.053
2250	46	7.304	4.363
2250	47	8.291	3.632
2250	45	4.786	4.129
2250	48	-3.493	5.090
2256	44	1.071	5.078
2256	41	-0.273	4.432
2256	42	0.859	4.312
2256	43	1.690	3.931
2256	46	6.731	4.252
2256	47	7.643	3.435
2256	45	4.172	4.012
2256	48	-2.965	5.311
2262	44	0.444	4.917
2262	41	-0.767	4.213
2262	42	0.330	4.142
2262	43	0.883	3.307
2262	46	6.157	4.267
2262	47	6.535	3.110
2262	45	3.551	3.937
2262	48	-2.334	5.524
2268	44	-0.030	4.840
2268	41	-1.326	3.944
2268	42	-0.142	4.106
2268	43	0.250	3.130
2268	46	5.432	4.200
2268	47	5.725	3.033
2268	45	2.916	3.817
2268	48	-1.717	5.687
2274	44	-0.573	4.625
2274	41	-1.835	3.718
2274	42	-0.688	3.885
2274	43	-0.293	2.902
2274	46	4.878	4.127
2274	47	5.265	2.950
2274	45	2.316	3.649
2274	49	11.143	5.995
2274	48	-1.068	5.707
2280	44	-1.228	4.457
2280	41	-2.457	3.538
2280	42	-1.246	3.614
2280	43	-0.789	2.671
2280	46	4.321	4.140
2280	47	4.517	2.825
2280	45	1.717	3.614
2280	49	10.359	5.956
2280	48	-0.425	5.773
2286	44	-1.714	4.469
2286	41	-2.856	3.448
2286	42	-1.541	3.336
2286	43	-1.351	2.390
2286	46	3.747	4.021
2286	47	3.902	2.785
2286	45	1.101	3.487
2286	49	9.483	6.081
2286	48	0.144	5.703
2292	46	3.212	3.900
2292	47	3.117	2.521
2292	45	0.534	3.449
2292	49	8.950	6.028
2292	48	0.757	5.633
2298	46	2.669	3.777
2298	47	2.819	2.432
2298	45	-0.093	3.411
2298	49	8.213	6.270
2298	48	1.415	5.606
2304	49	7.533	6.224
2304	48	2.058	5.535
2310	49	6.667	6.228
2310	48	2.649	5.555
2316	49	5.964	6.307
2316	48	3.231	5.575
2322	49	5.243	6.302
2322	48	3.846	5.506
2328	49	4.513	6.383
2328	48	4.501	5.480
2334	49	3.769	6.466
2334	48	5.284	5.490
2340	48	5.917	5.506
2346	48	6.542	5.564
2352	48	7.197	5.577
2358	48	7.843	5.632
2364	48	8.477	5.685
2370	48	9.098	5.697
2376	48	9.749	5.707
2382	48	10.423	5.596
2388	48	11.087	5.565
2394	48	11.702	5.576
2862	54	4.954	6.061
2862	53	4.900	6.662
2862	50	7.291	7.310
2862	55	2.289	3.963
2862	57	1.438	7.881
2862	56	12.340	3.325
2862	51	7.052	8.437
2862	52	8.093	8.835
2868	54	5.676	5.983
2868	53	5.622	6.579
2868	50	6.650	7.478
2868	55	2.886	4.085
2868	57	2.015	7.620
2868	56	12.413	3.246
2868	51	7.052	8.437
2868	52	8.093	8.835
2874	54	6.436	6.031
2874	53	6.382	6.620
2874	50	6.002	7.689
2874	55	3.562	4.113
2874	57	2.633	7.360
2874	56	12.448	3.167
2874	51	7.052	8.437
2874	52	8.093	8.835
2880	54	7.219	5.992
2880	53	7.165	6.575
2880	50	5.337	7.821
2880	55	4.274	4.141
2880	57	3.340	7.142
2880	56	12.487	3.206
2880	51	7.052	8.437
2880	52	8.093	8.835
2886	54	7.948	6.038
2886	53	7.894	6.616
2886	50	4.712	8.036
2886	55	4.935	4.298
2886	57	3.986	6.886
2886	56	12.527	3.283
2886	51	7.052	8.437
2886	52	8.093	8.835
2892	54	8.663	6.084
2892	53	8.608	6.655
2892	50	4.071	8.169
2892	55	5.619	4.281
2892	57	4.578	6.680
2892	56	12.717	3.398
2892	51	7.052	8.437
2892	52	8.093	8.835
2898	54	9.402	6.086
2898	53	9.347	6.651
2898	50	3.421	8.304
2898	55	6.300	4.433
2898	57	5.208	6.475
2898	56	12.793	3.436
2898	51	7.052	8.437
2898	52	8.093	8.835
2904	54	10.130	6.167
2904	53	10.075	6.727
2904	50	2.813	8.524
2904	55	6.962	4.457
2904	57	5.828	6.272
2904	56	12.794	3.475
2904	51	7.052	8.437
2904	52	8.093	8.835
2910	54	10.842	6.247
2910	53	10.826	6.798
2910	50	2.148	8.752
2910	55	7.440	4.485
2910	57	6.485	6.112
2910	58	12.564	5.459
2910	56	12.794	3.475
2910	51	7.052	8.437
2910	52	8.093	8.835
2916	54	11.685	6.122
2916	53	11.596	6.788
2916	50	1.479	9.070
2916	55	8.296	4.584
2916	57	7.179	6.036
2916	58	11.803	5.220
2916	56	12.793	3.436
2916	51	7.052	8.437
2916	52	8.093	8.835
2922	54	12.318	5.895
2922	53	12.568	6.650
2922	50	0.937	9.205
2922	55	9.166	4.516
2922	57	7.991	6.036
2922	58	10.952	5.097
2922	56	12.790	3.358
2922	51	7.052	8.437
2922	52	8.093	8.835
2928	50	0.300	9.527
2928	55	9.739	4.580
2928	57	8.750	6.160
2928	58	10.208	5.206
2928	56	12.785	3.202
2928	51	7.052	8.437
2928	52	8.093	8.835
2934	50	-0.247	9.799
2934	55	10.471	4.876
2934	57	9.655	6.313
2934	58	9.454	5.438
2934	56	12.781	3.085
2934	51	7.052	8.437
2934	52	8.093	8.835
2940	55	11.252	4.848
2940	57	10.456	6.387
2940	58	8.673	5.431
2940	56	12.781	3.085
2940	51	7.052	8.437
2940	52	8.093	8.835
2946	55	11.994	5.251
2946	57	11.197	6.384
2946	58	7.879	5.506
2946	56	12.781	3.085
2946	51	7.052	8.437
2946	52	8.093	8.835
2952	58	7.063	5.500
2952	56	12.781	3.085
2952	51	7.052	8.437
2952	52	8.093	8.835
2958	58	6.321	5.574
2958	56	12.781	3.085
2958	51	7.052	8.437
2958	52	8.093	8.835
2964	58	5.518	5.608
2964	56	12.781	3.085
2964	51	7.052	8.437
2964	52	8.093	8.835
2970	58	4.743	5.642
2970	56	12.781	3.085
2970	51	7.052	8.437
2970	52	8.093	8.835
2976	58	3.952	5.676
2976	56	12.781	3.085
2976	51	7.052	8.437
2976	52	8.093	8.835
2982	58	3.187	5.621
2982	56	12.781	3.085
2982	51	7.052	8.437
2982	52	8.093	8.835
2988	58	2.412	5.654
2988	56	12.782	3.124
2988	51	7.052	8.437
2988	52	8.093	8.835
2994	58	1.618	5.642
2994	56	12.785	3.202
2994	51	7.052	8.437
2994	52	8.093	8.835
3000	58	0.808	5.631
3000	56	12.823	3.240
3000	51	7.052	8.437
3000	52	8.093	8.835
3006	58	0.033	5.617
3006	59	-1.364	0.965
3006	60	-1.537	1.487
3006	56	12.823	3.240
3006	51	7.052	8.437
3006	52	8.093	8.835
3012	58	-0.712	5.508
3012	59	-0.907	1.257
3012	60	-0.967	1.824
3012	56	12.823	3.240
3012	51	6.863	8.164
3012	52	8.093	8.835
3018	59	-0.354	1.499
3018	60	-0.414	2.061
3018	56	12.823	3.240
3018	51	6.863	8.164
3018	52	8.093	8.835
3024	59	0.243	1.738
3024	60	0.135	2.342
3024	56	12.823	3.240
3024	51	6.895	7.956
3024	52	8.093	8.835
3030	59	0.889	2.066
3030	60	0.723	2.573
3030	56	12.822	3.201
3030	51	7.022	7.905
3030	52	8.093	8.835
3036	59	1.424	2.388
3036	60	1.303	2.800
3036	56	12.821	3.162
3036	51	7.020	7.864
3036	52	8.093	8.835
3042	59	1.993	2.614
3042	60	1.873	3.023
3042	56	12.818	3.084
3042	51	7.099	7.735
3042	52	8.093	8.835
3048	59	2.544	2.702
3048	60	2.481	3.197
3048	56	12.816	3.006
3048	51	7.104	7.817
3048	52	8.093	8.835
3054	59	3.238	2.878
3054	60	3.130	3.413
3054	56	12.816	3.006
3054	51	7.104	7.817
3054	52	8.093	8.835
3060	59	3.825	3.050
3060	60	3.762	3.537
3060	56	12.816	3.006
3060	51	6.772	8.089
3060	52	8.093	8.835
3066	59	4.212	3.179
3066	60	4.339	3.703
3066	56	12.592	3.008
3066	51	6.772	8.089
3066	52	8.093	8.835
3072	59	4.970	3.388
3072	60	4.818	3.911
3072	56	12.592	3.008
3072	51	6.772	8.089
3072	52	8.051	8.839
3078	59	5.570	3.465
3078	60	5.419	3.985
3078	56	12.592	3.008
3078	51	6.772	8.089
3078	52	8.051	8.839
3084	59	6.207	3.584
3084	60	6.058	4.099
3084	56	12.592	3.008
3084	51	6.772	8.089
3084	52	8.049	8.799
3090	59	6.832	3.701
3090	60	6.685	4.211
3090	56	12.592	3.008
3090	51	6.775	8.130
3090	52	8.049	8.799
3096	59	7.450	3.857
3096	60	7.304	4.363
3096	56	12.592	3.008
3096	51	6.777	8.171
3096	52	8.049	8.799
3096	61	12.854	5.292
3102	59	8.054	3.969
3102	60	7.910	4.471
3102	56	12.592	3.008
3102	51	6.777	8.171
3102	52	8.049	8.799
3102	62	13.035	6.316
3102	61	12.552	5.111
3108	59	8.648	4.080
3108	60	8.506	4.577
3108	56	12.592	3.008
3108	51	6.625	8.554
3108	52	8.049	8.799
3108	62	12.374	6.431
3108	61	12.057	4.898
3114	59	9.275	4.228
3114	60	9.134	4.721
3114	56	12.592	3.008
3114	51	6.625	8.554
3114	52	8.049	8.799
3114	62	11.732	6.353
3114	61	11.626	4.560
3120	59	9.929	4.332
3120	60	9.790	4.820
3120	56	12.592	3.008
3120	51	6.414	8.696
3120	52	8.049	8.799
3120	62	11.076	6.273
3120	61	11.189	4.217
3126	59	10.575	4.513
3126	60	10.437	4.997
3126	56	12.592	3.008
3126	51	6.414	8.696
3126	52	8.049	8.799
3126	62	10.408	6.192
3126	61	10.632	3.992
3132	59	11.204	4.613
3132	60	11.068	5.092
3132	56	12.517	3.009
3132	51	6.331	8.785
3132	52	8.049	8.799
3132	62	9.800	5.945
3132	61	9.976	3.562
3138	59	11.823	4.710
3138	60	11.688	5.186
3138	56	12.517	3.009
3138	51	6.331	8.785
3138	52	8.049	8.799
3138	62	9.186	5.814
3138	61	9.290	3.656
3144	56	12.517	3.009
3144	51	6.402	8.490
3144	52	8.049	8.799
3144	62	8.556	5.600
3144	61	8.755	3.707
3150	56	12.517	3.009
3150	51	6.402	8.490
3150	52	8.049	8.799
3150	62	7.955	5.338
3150	61	8.213	3.758
3156	56	12.519	3.048
3156	51	6.402	8.490
3156	52	8.049	8.799
3156	62	7.310	5.281
3156	61	7.617	3.770
3162	56	12.559	3.126
3162	51	6.402	8.490
3162	52	8.049	8.799
3162	62	6.693	5.138
3162	61	7.053	3.739
3168	56	12.599	3.204
3168	51	6.402	8.490
3168	52	8.049	8.799
3168	62	6.065	4.992
3168	61	6.436	3.708
3168	63	10.771	6.409
3174	56	12.601	3.282
3174	51	6.402	8.490
3174	52	8.049	8.799
3174	62	5.476	4.927
3174	61	5.856	3.719
3174	63	10.135	6.286
3180	51	6.402	8.490
3180	52	8.049	8.799
3180	62	4.870	4.732
3180	61	5.259	3.600
3180	63	9.489	6.202
3186	51	6.402	8.490
3186	52	8.049	8.799
3186	62	4.253	4.534
3186	61	4.605	3.480
3186	63	8.905	5.950
3192	51	6.402	8.490
3192	52	8.049	8.799
3192	62	3.628	4.376
3192	61	3.987	3.357
3192	63	8.352	5.691
3198	51	6.402	8.490
3198	52	8.008	8.803
3198	62	3.037	4.170
3198	61	3.353	3.144
3198	63	7.753	5.553
3204	51	6.402	8.490
3204	52	7.966	8.806
3204	62	2.440	4.005
3204	61	3.024	3.281
3204	63	7.224	5.285
3210	51	6.402	8.490
3210	52	7.964	8.766
3210	62	1.883	3.836
3210	61	2.474	3.108
3210	63	6.564	5.185
3216	51	6.402	8.490
3216	52	7.964	8.766
3216	62	1.264	3.621
3216	61	1.863	2.887
3216	63	5.981	5.080
3222	51	6.402	8.490
3222	52	7.964	8.766
3222	62	0.641	3.493
3222	61	1.248	2.754
3222	63	5.386	4.930
3228	51	6.402	8.490
3228	52	7.964	8.766
3228	62	0.104	3.270
3228	61	0.716	2.481
3228	63	4.821	4.691
3234	51	6.402	8.490
3234	52	7.964	8.766
3234	62	-0.496	2.997
3234	61	0.123	2.203
3234	63	4.261	4.664
3240	51	6.402	8.490
3240	52	7.964	8.766
3240	62	-1.049	2.766
3240	61	-0.475	1.967
3240	63	3.678	4.419
3246	62	-1.514	2.390
3246	61	-0.934	1.588
3246	63	3.089	4.213
3648	67	1.372	8.328
3648	66	4.031	8.258
3648	65	4.064	7.355
3648	64	7.133	4.410
3648	68	-2.278	-0.065
3654	67	0.892	8.631
3654	66	3.562	8.293
3654	65	3.592	7.342
3654	64	6.509	4.216
3654	68	-1.864	0.236
3660	67	0.403	8.893
3660	66	3.088	8.330
3660	65	3.164	7.370
3660	64	5.963	4.016
3660	68	-1.280	0.680
3666	67	-0.081	9.291
3666	66	2.635	8.059
3666	65	2.633	7.360
3666	64	5.409	3.813
3666	68	-0.552	1.025
3672	67	-0.469	9.640
3672	66	2.142	8.007
3672	65	2.136	7.260
3672	64	4.756	3.652
3672	68	0.109	1.363
3678	67	-0.912	9.996
3678	66	1.696	7.995
3678	65	1.689	7.243
3678	64	4.043	3.488
3678	68	0.754	1.649
3684	64	3.467	3.408
3684	68	1.436	1.884
3690	64	2.735	3.329
3690	68	2.059	2.160
3696	64	2.086	3.202
3696	68	2.803	2.207
3702	64	1.414	2.936
3702	68	3.358	2.520
3708	64	0.895	2.802
3708	68	4.133	2.695
3714	64	0.369	2.666
3714	68	4.951	3.083
3720	64	-0.165	2.529
3720	68	5.690	3.205
3726	64	-0.657	2.342
3726	68	6.249	3.541
3732	64	-1.213	2.106
3732	68	6.968	3.783
3738	68	7.630	4.020
3744	68	8.324	4.294
3750	68	9.041	4.479
3756	68	9.704	4.702
3762	68	10.318	5.002
3768	68	11.029	5.094
4163	69	9.583	4.706
4169	69	9.042	4.520
4175	69	8.328	4.376
4181	69	7.682	4.186
4187	69	6.982	4.035
4193	69	6.310	3.838
4199	69	5.489	3.639
4199	72	-2.562	6.051
4199	73	-2.549	6.802
4199	70	-2.760	4.496
4199	71	-2.410	5.291
4205	69	4.837	3.476
4205	72	-1.955	6.071
4205	73	-1.947	6.770
4205	70	-2.143	4.575
4205	71	-1.804	5.316
4211	69	4.276	3.441
4211	72	-1.258	5.993
4211	73	-1.573	6.704
4211	70	-1.498	4.464
4211	71	-1.210	5.295
4217	69	3.562	3.407
4217	72	-0.684	5.830
4217	73	-0.940	6.579
4217	70	-0.998	4.637
4217	71	-0.833	5.328
4223	69	2.875	3.238
4223	72	-0.149	5.944
4223	73	-0.402	6.688
4223	70	-0.468	4.622
4223	71	-0.302	5.355
4223	76	11.719	6.004
4223	75	12.420	5.620
4223	74	12.245	4.891
4229	69	2.181	3.156
4229	72	0.358	5.786
4229	73	0.163	6.567
4229	70	0.163	4.651
4229	71	0.325	5.377
4229	76	11.298	6.026
4229	75	11.851	5.491
4229	74	11.827	4.828
4235	69	1.522	3.026
4235	72	0.935	5.942
4235	73	0.730	6.583
4235	70	0.792	4.769
4235	71	0.987	5.307
4235	76	10.907	5.928
4235	75	11.235	5.401
4235	74	11.363	4.726
4241	69	0.851	2.894
4241	72	1.492	5.961
4241	73	1.289	6.598
4241	70	1.397	4.706
4241	71	1.444	5.335
4241	76	10.078	5.891
4241	75	10.691	5.425
4241	74	10.851	4.545
4247	69	0.067	2.807
4247	72	2.084	5.890
4247	73	1.837	6.569
4247	70	1.797	4.694
4247	71	1.754	5.458
4247	76	9.505	5.678
4247	75	10.088	5.211
4247	74	10.334	4.441
4253	69	-0.626	2.717
4253	72	2.584	6.000
4253	73	2.342	6.719
4253	70	2.449	4.808
4253	71	2.295	5.392
4253	76	9.050	5.537
4253	75	9.597	5.029
4253	74	9.688	4.338
4259	69	-1.111	2.672
4259	72	3.058	5.846
4259	73	2.866	6.558
4259	70	3.084	4.832
4259	71	2.782	5.373
4259	76	8.508	5.479
4259	75	9.060	4.886
4259	74	9.150	4.190
4265	72	3.494	5.914
4265	73	3.488	6.524
4265	70	3.521	4.906
4265	71	3.132	5.536
4265	76	7.944	5.132
4265	75	8.593	4.657
4265	74	8.646	4.038
4271	72	4.022	6.020
4271	73	4.062	6.623
4271	70	3.767	5.029
4271	71	3.613	5.560
4271	76	7.381	4.987
4271	75	8.079	4.466
4271	74	8.132	3.843
4277	72	4.770	6.070
4277	73	4.673	6.718
4277	70	4.237	5.013
4277	71	4.227	5.577
4277	76	6.810	4.882
4277	75	7.560	4.314
4277	74	7.613	3.686
4283	72	5.411	6.081
4283	73	5.186	6.858
4283	70	4.897	5.162
4283	71	4.285	5.748
4283	76	6.359	4.686
4283	75	7.030	4.118
4283	74	7.078	3.401
4289	72	5.952	6.097
4289	73	5.677	6.745
4289	70	5.356	5.188
4289	71	4.748	5.728
4289	76	5.856	4.488
4289	75	6.585	4.002
4289	74	6.493	3.154
4295	72	6.529	6.110
4295	73	6.257	6.753
4295	70	5.680	5.304
4295	71	5.259	5.833
4295	76	5.309	4.418
4295	75	6.003	3.930
4295	74	5.905	3.031
4301	72	7.049	6.042
4301	73	7.001	6.750
4301	70	6.304	5.279
4301	71	5.760	5.895
4301	76	4.797	4.302
4301	75	5.500	3.811
4301	74	5.493	2.948
4307	72	7.611	6.097
4307	73	7.523	6.843
4307	70	6.919	5.255
4307	71	6.297	5.911
4307	76	4.227	4.142
4307	75	4.894	3.649
4307	74	4.837	2.735
4307	78	-2.546	5.012
4307	77	12.376	4.341
4313	72	8.167	6.191
4313	73	8.112	6.766
4313	70	7.487	5.357
4313	71	6.832	6.053
4313	76	3.655	4.067
4313	75	4.281	3.529
4313	74	4.174	2.607
4313	78	-1.832	4.989
4313	77	11.773	4.398
4319	72	8.622	6.086
4319	73	8.734	6.688
4319	70	7.779	5.221
4319	71	7.310	6.070
4319	76	3.151	3.724
4319	75	3.798	3.360
4319	74	3.736	2.431
4319	78	-1.276	5.158
4319	77	11.111	4.219
4325	72	9.238	6.054
4325	73	9.307	6.654
4325	70	8.250	5.326
4325	71	7.824	6.086
4325	76	2.555	3.555
4325	75	3.214	3.234
4325	74	3.156	2.387
4325	78	-0.520	5.270
4325	77	10.272	3.920
4331	72	9.809	6.144
4331	73	9.870	6.620
4331	70	8.840	5.465
4331	71	8.376	6.180
4331	76	1.903	3.430
4331	75	2.622	3.106
4331	74	2.561	2.252
4331	78	0.067	5.387
4331	77	9.501	3.815
4331	79	-3.716	5.145
4337	72	10.397	5.915
4337	73	10.464	6.584
4337	70	9.413	5.440
4337	71	8.914	6.152
4337	76	1.337	3.256
4337	75	2.069	2.976
4337	74	1.956	2.115
4337	78	0.696	5.499
4337	77	8.799	3.747
4337	79	-3.319	5.132
4343	72	11.024	5.923
4343	73	11.089	6.586
4343	70	9.784	5.585
4343	71	9.406	6.166
4343	76	0.715	3.125
4343	75	1.505	2.798
4343	74	1.447	2.022
4343	78	1.361	5.563
4343	77	8.116	3.511
4343	79	-2.871	5.117
4349	72	11.554	5.700
4349	73	11.695	6.394
4349	70	10.373	5.359
4349	71	9.894	6.260
4349	76	0.078	2.946
4349	75	0.932	2.618
4349	74	0.967	1.743
4349	78	2.015	5.626
4349	77	7.473	3.479
4349	79	-2.418	5.197
4355	72	12.082	5.597
4355	73	12.220	6.286
4355	70	10.738	5.621
4355	71	10.446	6.150
4355	76	-0.417	2.670
4355	75	0.451	2.389
4355	74	0.333	1.552
4355	78	2.519	5.782
4355	77	6.633	3.280
4355	80	-2.981	5.738
4355	79	-1.925	5.180
4361	76	-0.970	2.437
4361	75	-0.090	2.156
4361	74	-0.211	1.313
4361	78	3.154	5.842
4361	77	5.918	3.246
4361	80	-2.131	5.938
4361	79	-1.545	5.167
4367	76	-1.530	2.200
4367	75	-0.585	1.920
4367	74	-0.713	1.023
4367	78	3.825	5.899
4367	77	5.329	3.253
4367	80	-1.522	6.052
4367	79	-1.042	5.382
4373	76	-1.778	1.866
4373	75	-1.103	1.491
4373	74	-1.213	0.824
4373	78	4.482	5.912
4373	77	4.766	3.085
4373	80	-0.816	6.158
4373	79	-0.629	5.228
4379	78	5.128	5.924
4379	77	3.831	3.139
4379	80	-0.186	6.129
4379	79	-0.205	5.259
4385	78	5.760	5.895
4385	77	3.196	2.967
4385	80	0.607	6.318
4385	79	0.219	5.335
4391	78	6.382	5.865
4391	77	2.461	2.928
4391	80	1.071	6.385
4391	79	0.685	5.364
4397	78	7.040	5.876
4397	77	1.716	2.934
4397	80	2.025	6.426
4397	79	1.146	5.391
4403	78	7.851	5.796
4403	77	0.997	2.801
4403	80	2.703	6.303
4403	79	1.605	5.464
4409	78	8.525	5.805
4409	77	0.376	2.759
4409	80	3.369	6.182
4409	79	2.117	5.666
4415	78	9.186	5.814
4415	77	-0.364	2.669
4415	80	4.039	6.279
4415	79	2.565	5.736
4421	78	9.873	5.781
4421	77	-0.954	2.625
4421	80	4.738	6.286
4421	79	3.010	5.848
4421	81	-4.879	5.086
4427	78	10.547	5.749
4427	77	-1.653	2.675
4427	80	5.464	6.206
4427	79	3.494	5.914
4427	81	-4.298	5.068
4433	78	11.246	5.676
4433	77	-2.316	2.630
4433	80	6.179	6.170
4433	79	3.972	5.979
4433	81	-3.611	5.046
4439	78	11.895	5.645
4439	77	-3.043	2.632
4439	80	6.873	6.009
4439	79	4.444	6.043
4439	81	-2.931	5.072
4445	80	7.609	6.055
4445	79	4.951	6.018
4445	81	-2.207	5.095
4451	80	8.190	5.821
4451	79	5.453	6.037
4451	81	-1.437	5.163
4457	80	8.934	5.705
4457	79	5.947	6.013
4457	81	-0.739	5.186
4463	80	9.711	5.749
4463	79	6.434	5.989
4463	81	-0.048	5.254
4463	82	-3.596	7.000
4469	80	10.431	5.794
4469	79	7.003	6.003
4469	81	0.627	5.275
4469	82	-3.198	7.026
4475	80	11.174	5.797
4475	79	7.520	5.977
4475	81	1.290	5.296
4475	82	-2.532	6.989
4481	80	11.790	5.883
4481	79	8.031	5.993
4481	81	1.943	5.316
4481	82	-1.810	7.088
4487	79	8.537	6.049
4487	81	2.630	5.290
4487	82	-1.269	7.103
4493	79	9.073	6.022
4493	81	3.357	5.307
4493	82	-0.577	7.109
4499	79	9.603	6.035
4499	81	4.114	5.278
4499	82	0.096	7.024
4505	79	10.085	6.050
4505	81	4.764	5.253
4505	82	0.704	6.899
4511	79	10.597	5.984
4511	81	5.452	5.270
4511	82	1.306	6.821
4517	79	11.104	5.997
4517	81	6.171	5.284
4517	82	1.953	6.784
4523	79	11.565	5.973
4523	81	6.877	5.299
4523	82	2.537	6.708
4529	81	7.608	5.228
4529	82	3.161	6.629
4535	81	8.287	5.243
4535	82	3.825	6.593
4541	81	9.032	5.172
4541	82	4.478	6.557
4547	81	9.727	5.225
4547	82	5.165	6.519
4553	81	10.449	5.276
4553	82	5.793	6.443
4559	81	11.157	5.365
4559	82	6.455	6.365
4565	81	11.849	5.413
4565	82	7.106	6.288
4571	82	7.697	6.092
4577	82	8.368	6.017
4583	82	8.983	5.865
4589	82	9.672	5.791
4595	82	10.349	5.718
4595	83	11.900	4.747
4601	82	11.011	5.608
4601	83	11.285	4.689
4607	82	11.666	5.617
4607	83	10.657	4.591
4613	83	10.020	4.571
4619	83	9.370	4.510
4625	83	8.751	4.488
4631	83	8.168	4.546
4631	85	-0.346	9.853
4631	84	-0.659	9.251
4637	83	7.612	4.480
4637	85	0.260	9.664
4637	84	-0.206	9.032
4643	83	7.049	4.454
4643	85	0.652	9.451
4643	84	0.242	8.817
4649	83	6.433	4.429
4649	85	1.094	9.280
4649	84	0.690	8.647
4655	83	5.846	4.318
4655	85	1.529	9.066
4655	84	1.129	8.435
4661	83	5.253	4.247
4661	85	1.959	8.855
4661	84	1.614	8.222
4667	83	4.696	4.174
4667	85	2.479	8.594
4667	84	2.090	7.967
4673	83	4.128	4.057
4673	85	2.996	8.380
4673	84	2.561	7.715
4679	83	3.556	4.025
4679	85	3.506	8.169
4679	84	3.030	7.509
4685	83	3.022	3.948
4685	85	3.821	7.930
4685	84	3.583	7.213
4691	83	2.372	3.738
4691	85	4.414	7.717
4691	84	4.033	6.884
4697	83	1.773	3.703
4697	85	5.002	7.549
4697	84	4.532	6.683
4703	83	1.213	3.622
4703	85	5.393	7.269
4703	84	5.021	6.399
4703	86	12.050	4.703
4709	83	0.648	3.585
4709	85	5.932	7.276
4709	84	5.509	6.204
4709	86	11.471	4.525
4715	83	0.026	3.594
4715	85	6.503	7.197
4715	84	5.994	6.053
4715	86	10.645	4.312
4715	87	12.553	5.150
4721	83	-0.560	3.510
4721	85	7.104	7.034
4721	84	6.517	5.901
4721	86	10.004	4.208
4721	87	11.873	5.061
4727	83	-1.151	3.472
4727	85	7.453	7.135
4727	84	7.038	5.835
4727	90	0.106	9.678
4727	89	-1.964	6.585
4727	88	-2.270	5.616
4727	86	9.258	3.861
4727	87	11.291	4.847
4733	83	-1.856	3.482
4733	85	7.829	6.988
4733	84	7.551	5.769
4733	90	0.749	9.398
4733	89	-1.519	6.701
4733	88	-1.717	5.687
4733	86	8.672	3.708
4733	87	10.460	4.597
4739	85	8.452	6.867
4739	84	8.056	5.663
4739	90	1.383	9.122
4739	89	-0.789	6.479
4739	88	-0.957	5.749
4739	86	7.946	3.513
4739	87	9.818	4.537
4745	85	9.029	6.831
4745	84	8.600	5.639
4745	90	1.959	8.855
4745	89	-0.156	6.493
4745	88	-0.332	5.631
4745	86	7.209	3.399
4745	87	9.193	4.230
4745	91	12.713	5.490
4751	85	9.223	6.618
4751	84	9.133	5.574
4751	90	2.822	8.654
4751	89	0.519	6.503
4751	88	0.347	5.650
4751	86	6.586	3.238
4751	87	8.563	4.040
4751	91	12.072	5.325
4757	85	9.747	6.548
4757	84	9.661	5.550
4757	90	3.426	8.390
4757	89	1.185	6.559
4757	88	1.015	5.667
4757	86	5.770	3.032
4757	87	7.837	3.891
4757	91	11.457	5.156
4763	85	10.459	6.466
4763	84	10.183	5.567
4763	90	4.167	8.204
4763	89	1.788	6.571
4763	88	1.622	5.687
4763	86	5.168	2.864
4763	87	7.184	3.736
4763	91	10.870	5.021
4769	85	11.038	6.275
4769	84	10.693	5.464
4769	90	4.833	7.772
4769	89	2.378	6.540
4769	88	2.265	5.660
4769	86	4.514	2.781
4769	87	6.480	3.707
4769	91	10.308	4.762
4775	85	11.580	6.362
4775	84	11.231	5.283
4775	90	5.541	7.470
4775	89	3.011	6.550
4775	88	2.958	5.807
4775	86	3.706	2.697
4775	87	5.761	3.634
4775	91	9.699	4.581
4781	85	12.067	6.218
4781	84	11.760	5.065
4781	90	6.284	7.211
4781	89	3.630	6.517
4781	88	3.583	5.823
4781	86	3.020	2.521
4781	87	5.197	3.341
4781	91	9.119	4.395
4787	90	7.142	6.949
4787	89	4.289	6.524
4787	88	4.244	5.836
4787	86	2.370	2.342
4787	87	5.105	3.342
4787	91	8.529	4.206
4793	90	7.862	6.822
4793	89	4.935	6.489
4793	88	4.892	5.807
4793	86	1.699	2.023
4793	87	3.923	3.093
4793	91	7.889	4.056
4799	90	8.565	6.617
4799	89	5.572	6.497
4799	88	5.520	5.651
4799	86	1.077	1.836
4799	87	3.250	3.056
4799	91	7.279	3.903
4805	90	9.294	6.373
4805	89	6.286	6.500
4805	88	6.107	5.710
4805	86	0.533	1.461
4805	87	2.511	2.928
4805	91	6.664	3.831
4805	92	-1.883	5.038
4805	93	-1.883	5.647
4805	94	-2.342	7.258
4811	90	10.052	6.211
4811	89	6.899	6.466
4811	88	6.770	5.722
4811	86	0.094	1.176
4811	87	1.956	2.796
4811	91	6.083	3.757
4811	95	-2.124	0.422
4811	92	-1.184	4.969
4811	93	-1.293	5.577
4811	94	-1.923	7.048
4817	90	10.794	6.013
4817	89	7.544	6.430
4817	88	7.326	5.572
4817	86	-0.469	0.744
4817	87	1.488	2.570
4817	91	5.489	3.639
4817	95	-1.637	0.960
4817	92	-0.584	5.134
4817	93	-0.700	5.646
4817	94	-1.384	7.018
4823	90	11.334	5.946
4823	89	8.176	6.354
4823	88	7.963	5.503
4823	86	-1.037	0.352
4823	87	0.925	2.526
4823	91	4.845	3.607
4823	95	-0.854	1.257
4823	92	-0.119	5.027
4823	93	-0.171	5.671
4823	94	-0.913	6.899
4829	90	12.167	5.864
4829	89	8.961	6.271
4829	88	8.550	5.477
4829	86	-1.711	0.095
4829	87	0.298	2.435
4829	91	4.231	3.485
4829	95	-0.252	1.453
4829	92	0.341	4.920
4829	93	0.450	5.645
4829	94	-0.446	6.782
4835	89	9.568	6.157
4835	88	9.167	5.410
4835	86	-1.961	-0.249
4835	87	-0.188	2.249
4835	91	3.610	3.406
4835	95	0.351	1.785
4835	92	0.908	4.947
4835	93	1.015	5.667
4835	94	0.074	6.754
4841	89	10.128	6.128
4841	88	9.727	5.225
4841	86	-2.389	-0.700
4841	87	-0.737	2.013
4841	91	3.024	3.281
4841	95	1.073	1.790
4841	92	1.464	4.929
4841	93	1.568	5.644
4841	94	0.635	6.678
4847	89	10.678	6.059
4847	88	10.246	5.165
4847	86	-2.766	-1.155
4847	87	-1.311	1.584
4847	91	2.425	3.108
4847	95	1.649	2.023
4847	92	2.062	4.910
4847	93	2.163	5.620
4847	94	1.142	6.651
4853	89	11.257	5.950
4853	88	10.831	5.022
4853	86	-3.156	-1.713
4853	87	-1.832	1.245
4853	91	1.816	2.933
4853	95	2.271	2.342
4853	92	2.654	4.935
4853	93	2.750	5.595
4853	94	1.695	6.665
4859	89	11.866	5.880
4859	88	11.374	5.002
4859	86	-3.489	-2.226
4859	87	-2.411	0.948
4859	91	1.248	2.754
4859	95	3.181	2.744
4859	92	3.279	4.870
4859	93	3.375	5.569
4859	94	2.235	6.592
4865	89	12.499	5.732
4865	88	11.792	4.907
4865	86	-3.820	-2.693
4865	87	-2.436	0.657
4865	91	0.668	2.527
4865	95	3.712	2.786
4865	92	3.811	4.984
4865	93	3.905	5.678
4865	94	2.770	6.563
4871	86	-4.223	-3.271
4871	87	-3.223	0.055
4871	91	0.131	2.296
4871	95	4.528	3.000
4871	92	4.377	5.008
4871	93	4.594	5.476
4871	94	3.295	6.491
4877	87	-3.670	-0.450
4877	91	-0.422	1.968
4877	95	5.192	3.255
4877	92	4.970	4.858
4877	93	5.190	5.451
4877	94	3.810	6.377
4883	91	-0.979	1.682
4883	95	6.015	3.373
4883	92	5.383	4.888
4883	93	5.738	5.514
4883	94	4.371	6.348
4889	95	6.777	3.490
4889	92	5.966	4.825
4889	93	6.277	5.576
4889	94	4.921	6.276
4889	96	-2.887	5.545
4895	95	7.563	3.562
4895	92	6.540	4.764
4895	93	6.845	5.509
4895	94	5.419	6.208
4895	96	-2.329	5.571
4901	95	8.335	3.673
4901	92	7.154	4.786
4901	93	7.328	5.613
4901	94	5.957	6.181
4901	96	-1.521	5.446
4901	97	12.684	6.795
4907	95	9.051	3.824
4907	92	7.755	4.766
4907	93	7.925	5.587
4907	94	6.482	6.070
4907	96	-0.821	5.466
4907	97	12.242	6.901
4913	95	9.791	3.930
4913	92	8.313	4.913
4913	93	8.469	5.522
4913	94	7.003	6.003
4913	96	-0.186	5.488
4913	97	11.756	7.010
4919	95	10.439	4.117
4919	92	8.854	4.894
4919	93	9.092	5.576
4919	94	7.520	5.977
4919	96	0.542	5.505
4919	97	11.303	7.118
4925	95	11.152	4.258
4925	92	9.428	4.873
4925	93	9.661	5.550
4925	94	8.024	5.870
4925	96	1.160	5.571
4925	97	10.764	7.194
4931	95	11.776	4.477
4931	92	9.994	4.893
4931	93	10.221	5.525
4931	94	8.527	5.846
4931	96	1.864	5.587
4931	97	10.257	7.269
4937	95	12.423	4.612
4937	92	10.512	4.915
4937	93	10.577	5.509
4937	94	9.063	5.820
4937	99	13.252	6.265
4937	98	12.949	7.044
4937	96	2.604	5.601
4937	97	9.739	7.265
4943	95	12.764	4.794
4943	92	11.057	4.816
4943	93	11.081	5.408
4943	94	9.549	5.757
4943	99	12.593	6.303
4943	98	12.467	6.962
4943	96	3.190	5.665
4943	97	9.209	7.181
4949	95	13.354	4.888
4949	92	11.598	4.836
4949	93	11.619	5.384
4949	94	10.031	5.734
4949	99	12.186	6.404
4949	98	12.060	7.067
4949	96	3.864	5.767
4949	97	8.673	7.137
4955	92	12.132	4.895
4955	93	12.153	5.477
4955	94	10.506	5.711
4955	99	11.777	6.544
4955	98	11.650	7.211
4955	96	4.567	5.779
4955	97	8.169	7.048
4955	100	13.186	6.459
4961	92	12.653	4.798
4961	93	12.075	5.403
4961	94	10.933	5.612
4961	99	11.317	6.494
4961	98	11.266	7.160
4961	96	5.209	5.750
4961	97	7.655	6.917
4961	100	12.684	6.795
4967	93	12.629	5.186
4967	94	11.358	5.592
4967	99	10.853	6.522
4967	98	10.803	7.192
4967	96	5.934	5.802
4967	97	7.138	6.866
4967	101	13.000	6.356
4967	100	12.308	6.666
4973	93	13.071	5.167
4973	94	11.777	5.533
4973	99	10.348	6.631
4973	98	10.298	7.305
4973	96	6.551	5.732
4973	97	6.698	6.768
4973	101	12.450	6.465
4973	100	11.946	7.036
4979	94	12.152	5.439
4979	99	9.945	6.496
4979	98	9.900	7.294
4979	96	7.122	5.789
4979	97	6.206	6.630
4979	101	11.698	6.472
4979	100	11.535	7.180
4985	99	9.461	6.484
4985	98	9.417	7.287
4985	96	7.594	5.767
4985	97	5.711	6.574
4985	101	11.163	6.503
4985	100	10.998	7.217
5111	108	3.459	8.860
5111	103	3.652	4.023
5111	104	3.622	4.991
5111	105	3.458	6.090
5111	106	5.168	6.562
5111	107	4.932	7.171
5111	109	-2.975	4.597
5111	110	-2.909	5.309
5117	108	2.934	8.861
5117	103	3.006	3.726
5117	104	3.129	4.787
5117	105	2.952	5.719
5117	106	4.613	6.507
5117	107	4.421	7.118
5117	109	-2.406	4.724
5117	110	-2.346	5.383
5123	108	2.886	8.865
5123	103	2.595	3.420
5123	104	2.720	4.489
5123	105	2.399	5.477
5123	106	4.083	6.233
5123	107	3.886	6.806
5123	109	-1.857	4.708
5123	110	-1.787	5.503
5129	108	1.585	9.149
5129	103	2.234	3.200
5129	104	2.059	4.193
5129	105	1.930	5.138
5129	106	3.687	5.949
5129	107	3.381	6.356
5129	109	-1.246	4.877
5129	110	-1.186	5.573
5135	108	0.994	9.288
5135	103	1.770	2.979
5135	104	1.694	3.976
5135	105	1.504	4.793
5135	106	3.193	5.709
5135	107	2.941	6.247
5135	109	-0.796	5.141
5135	110	-0.798	5.743
5141	108	0.547	9.416
5141	103	1.394	2.662
5141	104	1.318	3.665
5141	105	0.978	4.536
5141	106	2.779	5.329
5141	107	2.525	5.870
5141	109	-0.309	5.263
5141	110	-0.313	5.860
5147	108	0.209	9.669
5147	103	0.969	2.434
5147	104	0.890	3.398
5147	105	0.489	4.184
5147	106	2.458	4.941
5147	107	2.203	5.485
5147	109	0.226	5.426
5147	110	0.270	5.971
5153	108	-0.454	9.818
5153	103	0.484	2.157
5153	104	0.450	3.035
5153	105	0.000	3.918
5153	106	2.177	4.459
5153	107	1.568	4.971
5153	109	0.757	5.633
5153	110	0.800	6.173
5153	111	-1.970	-0.346
5159	108	-0.901	10.130
5159	103	-0.007	1.876
5159	104	-0.041	2.761
5159	105	-0.548	3.650
5159	106	1.850	4.063
5159	107	1.188	4.621
5159	109	1.271	5.702
5159	110	1.312	6.239
5159	111	-1.661	0.049
5165	108	-1.129	10.558
5165	103	-0.551	1.685
5165	104	-0.584	2.577
5165	105	-0.960	3.188
5165	106	1.270	3.712
5165	107	0.800	4.222
5165	109	1.625	5.732
5165	110	1.817	6.303
5165	111	-1.266	0.203
5171	108	-1.742	10.892
5171	103	-0.995	1.492
5171	104	-1.085	2.342
5171	105	-1.423	2.816
5171	106	0.788	3.399
5171	107	0.426	4.048
5171	109	2.124	5.755
5171	110	2.313	6.323
5171	111	-0.645	0.551
5177	103	-1.410	1.059
5177	104	-1.504	1.868
5177	105	-1.901	2.343
5177	106	0.398	3.036
5177	107	0.019	3.502
5177	109	2.662	5.732
5177	110	2.848	6.296
5177	111	-0.139	0.891
5183	103	-1.818	0.765
5183	104	-2.044	1.338
5183	105	-2.376	1.959
5183	106	0.004	2.668
5183	107	-0.229	3.041
5183	109	3.247	5.794
5183	110	3.378	6.312
5183	111	0.459	1.181
5189	109	3.769	5.771
5189	110	3.899	6.286
5189	111	0.825	1.233
5195	109	4.285	5.748
5195	110	4.412	6.260
5195	111	1.242	1.331
5201	109	4.843	5.766
5201	110	4.967	6.274
5201	111	1.863	1.521
5207	109	5.387	5.699
5207	110	5.554	6.201
5207	111	2.381	1.799
5213	109	5.929	5.718
5213	110	6.090	6.174
5213	111	2.839	2.027
5219	109	6.461	5.694
5219	110	6.619	6.147
5219	111	3.385	2.208
5219	112	12.634	5.340
5225	109	7.026	5.627
5225	110	7.183	6.118
5225	111	3.965	2.298
5225	112	12.674	5.415
5231	109	7.587	5.643
5231	110	7.741	6.131
5231	111	4.492	2.430
5231	112	11.260	5.045
5237	109	8.138	5.619
5237	110	8.289	6.103
5237	111	5.052	2.473
5237	112	10.590	4.872
5243	109	8.681	5.594
5243	110	8.828	6.075
5243	111	5.649	2.515
5243	112	9.825	4.698
5249	109	9.217	5.611
5249	110	9.397	5.965
5249	111	6.192	2.557
5249	112	9.048	4.642
5255	109	9.742	5.547
5255	110	9.918	5.899
5255	111	6.808	2.469
5255	112	8.294	4.542
5261	109	10.261	5.523
5261	110	10.564	6.144
5261	111	7.117	2.511
5261	112	7.494	4.692
5267	109	10.773	5.500
5267	110	11.107	6.075
5267	111	7.770	2.594
5267	112	6.799	4.672
5273	109	11.312	5.398
5273	110	11.603	5.971
5273	111	8.370	2.675
5273	112	6.092	4.694
5279	109	11.849	5.413
5279	110	12.134	5.982
5279	111	8.759	2.922
5279	112	5.373	4.716
5285	109	12.484	5.308
5285	110	12.580	5.920
5285	111	9.386	3.081
5285	112	4.636	4.696
5291	111	9.964	3.278
5291	112	3.983	4.716
5297	111	10.417	3.595
5297	112	3.318	4.737
5303	111	10.825	3.907
5303	112	2.586	4.670
5309	111	11.495	4.130
5309	112	1.893	4.646
5315	112	1.188	4.621
5321	112	0.466	4.550
5327	112	-0.213	4.523
5333	112	-0.907	4.449
5399	113	12.527	6.537
5405	113	11.926	6.497
5405	114	12.551	5.073
5411	113	11.702	6.588
5411	114	12.135	4.973
5417	113	11.241	6.538
5417	114	11.714	4.871
5423	113	10.777	6.566
5423	114	11.285	4.689
5429	115	-1.729	0.527
5429	113	10.305	6.554
5429	114	10.851	4.545
5435	115	-1.729	0.527
5435	113	9.785	6.505
5435	114	10.681	4.231
5441	116	-0.427	1.263
5441	113	9.262	6.576
5441	114	10.246	4.242
5447	116	0.292	1.692
5447	113	8.769	6.565
5447	114	9.921	4.130
5453	116	0.882	1.973
5453	113	8.267	6.512
5453	114	9.551	4.017
5459	116	1.619	2.296
5459	113	7.763	6.541
5459	114	9.260	3.901
5465	116	2.195	2.659
5465	113	7.285	6.403
5465	114	8.803	3.829
5465	117	-2.847	0.454
5471	116	3.099	2.968
5471	113	6.807	6.388
5471	114	8.337	3.714
5471	117	-2.518	0.994
5477	116	3.744	3.272
5477	113	6.326	6.414
5477	114	7.825	3.641
5477	117	-2.082	1.529
5483	116	4.474	3.613
5483	113	5.788	6.359
5483	114	7.780	3.600
5483	117	-1.601	2.010
5489	116	5.226	3.816
5489	113	5.299	6.470
5489	114	6.894	3.234
5489	117	-1.305	2.295
5489	118	-2.700	-0.419
5495	116	5.963	4.016
5495	113	4.843	6.494
5495	114	6.355	3.070
5495	117	-0.740	2.624
5495	118	-2.273	-0.017
5501	116	6.766	4.082
5501	113	4.333	6.479
5501	114	5.715	2.860
5501	117	-0.232	2.995
5501	118	-1.792	0.430
5507	116	7.472	4.275
5507	113	3.822	6.550
5507	114	5.165	2.821
5507	117	0.157	3.269
5507	118	-1.209	0.872
5513	116	8.115	4.341
5513	113	3.307	6.665
5513	114	4.596	2.605
5513	117	0.743	3.492
5513	118	-0.800	1.258
5519	116	8.834	4.485
5519	113	2.831	6.735
5519	114	4.121	2.519
5519	117	1.372	3.710
5519	118	-0.290	1.640
5525	116	9.575	4.544
5525	113	2.352	6.850
5525	114	3.548	2.475
5525	117	1.933	3.836
5525	118	0.224	2.156
5531	116	10.301	4.602
5531	113	1.860	6.878
5531	114	2.907	2.297
5531	117	2.581	3.913
5531	118	0.665	2.481
5537	116	11.017	4.778
5537	113	1.370	6.996
5537	114	2.261	2.206
5537	117	3.317	4.031
5537	118	1.201	2.800
5543	116	11.751	4.831
5543	113	0.874	7.114
5543	114	1.595	1.977
5543	117	3.936	4.017
5543	118	1.773	3.024
5549	116	12.472	4.960
5549	113	0.361	7.100
5549	114	0.919	1.789
5549	117	4.505	4.092
5549	118	2.386	3.243
5549	119	13.108	6.312
5555	113	-0.148	7.220
5555	114	0.322	1.413
5555	117	5.110	4.164
5555	118	3.027	3.325
5555	119	12.195	6.635
5561	113	-0.569	7.200
5561	114	-0.109	1.267
5561	117	5.794	4.191
5561	118	3.613	3.451
5561	119	11.749	6.817
5567	113	-0.995	7.179
5567	114	-0.828	0.926
5567	117	6.337	4.305
5567	118	4.190	3.574
5567	119	11.379	7.113
5573	113	-1.471	7.253
5573	114	-1.346	0.536
5573	117	7.044	4.370
5573	118	4.805	3.694
5573	119	10.884	7.264
5579	117	7.695	4.436
5579	118	5.414	3.899
5579	119	10.621	7.518
5585	117	8.336	4.541
5585	118	6.055	4.056
5585	119	10.157	7.710
5591	117	8.966	4.645
5591	118	6.641	4.212
5591	119	9.646	7.867
5597	117	9.627	4.785
5597	118	7.261	4.364
5597	119	9.083	7.951
5603	117	10.278	5.003
5603	118	7.910	4.471
5603	119	8.513	8.075
5609	117	10.913	5.098
5609	118	8.551	4.658
5609	119	7.882	8.003
5615	117	11.532	5.113
5615	118	9.179	4.801
5615	120	12.594	6.342
5615	119	7.286	8.008
5621	117	12.141	5.128
5621	118	9.795	4.941
5621	120	12.041	6.528
5621	119	6.683	8.054
5627	117	12.882	5.021
5627	118	10.404	5.158
5627	120	11.555	6.713
5627	119	6.070	8.101
6227	122	10.936	6.635
6227	121	11.061	5.881
6233	122	10.394	6.786
6233	121	10.402	6.034
6239	122	9.884	6.937
6239	121	9.891	6.180
6245	122	9.323	7.014
6245	121	9.330	6.291
6251	122	8.758	7.171
6251	121	8.761	6.403
6257	122	8.223	7.288
6257	121	8.060	6.565
6263	122	7.679	7.366
6263	121	7.514	6.679
6269	122	7.131	7.527
6269	121	6.963	6.836
6275	122	6.660	7.643
6275	121	6.445	6.950
6281	122	6.137	7.721
6281	121	5.918	7.025
6287	122	5.609	7.843
6287	121	5.385	7.142
6293	122	5.116	7.921
6293	121	4.889	7.216
6299	122	4.617	8.000
6299	121	4.340	7.294
6305	122	4.069	8.126
6305	121	3.786	7.416
6311	122	3.323	8.269
6311	121	3.186	7.673
6317	122	2.801	8.352
6317	121	2.664	7.796
6323	122	2.275	8.479
6323	121	2.136	7.920
6329	122	1.743	8.609
6329	121	1.600	8.046
6335	122	1.257	8.780
6335	121	1.112	8.215
6335	123	-2.969	5.263
6341	122	0.822	9.037
6341	121	0.625	8.474
6341	124	9.788	6.585
6341	123	-2.363	5.195
6347	122	0.337	9.345
6347	121	0.129	8.691
6347	124	9.101	6.626
6347	123	-1.883	5.038
6353	122	-0.004	9.598
6353	121	-0.321	8.907
6353	124	8.399	6.627
6353	123	-1.441	5.117
6359	122	-0.446	9.908
6359	121	-0.768	9.214
6359	124	7.682	6.628
6359	123	-0.979	4.869
6365	122	-0.897	10.175
6365	121	-1.223	9.480
6365	124	6.990	6.544
6365	123	-0.404	4.759
6371	124	6.284	6.458
6371	123	0.174	4.788
6377	124	5.606	6.326
6377	123	0.737	4.725
6383	124	4.919	6.234
6383	123	1.296	4.709
6389	124	4.218	6.140
6389	123	1.847	4.692
6395	124	3.550	6.042
6395	123	2.433	4.586
6395	125	-2.756	4.544
6401	124	2.874	5.987
6401	123	3.017	4.569
6401	125	-2.147	4.528
6407	124	2.180	5.841
6407	123	3.545	4.554
6407	125	-1.544	4.559
6413	124	1.525	5.736
6413	123	4.106	4.451
6413	125	-0.789	4.585
6419	124	0.852	5.538
6419	123	4.715	4.477
6419	125	-0.160	4.522
6419	126	-5.280	6.366
6419	127	-5.540	7.301
6425	124	0.219	5.335
6425	123	5.263	4.419
6425	125	0.407	4.461
6425	126	-4.744	6.437
6425	127	-5.002	7.367
6431	124	-0.385	4.989
6431	123	5.846	4.318
6431	125	1.032	4.580
6431	126	-4.215	6.508
6431	127	-4.471	7.432
6437	124	-0.949	4.589
6437	123	6.430	4.387
6437	125	1.687	4.562
6437	126	-3.636	6.575
6437	127	-3.947	7.495
6443	124	-1.572	4.231
6443	123	6.957	4.373
6443	125	2.335	4.589
6443	126	-3.074	6.547
6443	127	-3.382	7.461
6449	124	-2.223	3.677
6449	123	7.521	4.399
6449	125	2.968	4.571
6449	126	-2.520	6.519
6449	127	-2.825	7.428
6455	123	8.086	4.590
6455	125	3.539	4.466
6455	126	-1.918	6.489
6455	127	-2.220	7.391
6461	123	8.637	4.696
6461	125	4.153	4.449
6461	126	-1.279	6.365
6461	127	-1.467	7.299
6467	123	9.181	4.841
6467	125	4.805	4.432
6467	126	-0.849	6.390
6467	127	-0.881	7.264
6473	123	9.717	4.984
6473	125	5.448	4.457
6473	126	-0.271	6.362
6473	127	-0.308	7.184
6479	123	10.278	5.003
6479	125	6.078	4.439
6479	128	-1.845	4.849
6479	126	0.185	6.203
6479	127	0.262	7.151
6485	123	10.835	5.101
6485	125	6.741	4.421
6485	128	-1.097	4.733
6485	126	0.640	6.091
6485	127	0.823	7.117
6491	123	11.419	5.157
6491	125	7.438	4.443
6491	128	-0.314	4.572
6491	126	1.395	6.011
6491	127	1.423	7.037
6497	123	12.029	5.172
6497	125	8.077	4.425
6497	128	0.507	4.412
6497	126	1.986	5.894
6497	127	2.015	6.958
6503	123	12.596	5.303
6503	125	8.706	4.407
6503	128	1.218	4.349
6503	126	2.519	5.782
6503	127	2.546	6.839
6509	125	9.326	4.430
6509	128	1.860	4.197
6509	126	3.046	5.671
6509	127	3.068	6.678
6515	125	9.975	4.451
6515	128	2.541	4.048
6515	126	3.613	5.560
6515	127	3.633	6.560
6521	125	10.573	4.474
6521	128	3.263	3.943
6521	126	4.172	5.450
6521	127	4.188	6.401
6527	125	11.206	4.652
6527	128	3.969	3.797
6527	126	4.724	5.341
6527	127	4.741	6.329
6533	125	11.825	4.789
6533	128	4.666	3.697
6533	126	5.271	5.277
6533	127	5.288	6.300
6539	125	12.475	5.037
6539	128	5.353	3.641
6539	126	5.815	5.298
6539	127	5.825	6.230
6545	128	6.030	3.630
6545	126	6.349	5.277
6545	127	6.404	6.242
6551	128	6.698	3.661
6551	126	6.829	5.217
6551	127	6.928	6.215
6557	128	7.311	3.692
6557	126	7.392	5.195
6557	127	7.445	6.188
6563	128	7.912	3.681
6563	126	7.900	5.093
6563	127	7.999	6.200
6569	128	8.507	3.753
6569	126	8.403	5.033
6569	127	8.584	6.169
6575	128	9.090	3.782
6575	126	8.901	5.014
6575	127	9.121	6.181
6581	128	9.664	3.811
6581	126	9.391	4.956
6581	127	9.612	6.235
6587	128	10.355	3.998
6587	129	13.152	4.280
6587	126	9.837	4.980
6587	127	10.131	6.207
6593	128	11.113	4.259
6593	129	13.177	3.894
6593	126	10.320	5.042
6593	127	10.647	6.258
6599	128	11.852	4.474
6599	129	13.202	3.545
6599	126	10.791	4.984
6599	127	11.115	6.271
6605	128	12.539	4.725
6605	129	13.202	3.545
6605	126	11.214	4.850
6605	127	11.610	6.165
6797	130	10.707	3.910
6797	131	11.139	4.932
6803	130	10.189	3.841
6803	131	10.548	4.834
6809	130	9.662	3.771
6809	131	9.865	4.697
6809	132	12.091	5.829
6815	130	9.127	3.700
6815	131	9.210	4.596
6815	132	11.407	5.864
6821	130	8.543	3.628
6821	131	8.627	4.491
6821	133	12.148	5.322
6821	132	10.714	5.978
6827	130	8.031	3.512
6827	131	7.946	4.346
6827	133	11.422	5.236
6827	132	10.003	6.014
6833	130	7.471	3.437
6833	131	7.259	4.323
6833	133	10.792	5.024
6833	132	9.321	6.090
6833	134	-2.023	11.376
6833	135	-2.980	-1.016
6839	130	7.030	3.317
6839	131	6.644	4.254
6839	133	10.003	5.094
6839	132	8.626	6.167
6839	134	-1.524	10.915
6839	136	12.507	5.962
6839	135	-2.596	-0.513
6845	130	6.498	3.239
6845	131	5.971	4.144
6845	133	9.187	4.963
6845	132	7.910	6.122
6845	134	-0.922	10.493
6845	136	12.100	6.100
6845	135	-2.162	-0.014
6851	130	5.860	3.031
6851	131	5.336	4.116
6851	133	8.319	5.036
6851	132	7.228	6.158
6851	134	-0.221	10.110
6851	136	11.429	6.410
6851	135	-1.737	0.431
6857	130	5.265	2.950
6857	131	4.731	4.000
6857	133	7.593	4.938
6857	132	6.531	6.152
6857	134	0.267	9.752
6857	136	10.855	6.561
6857	135	-1.209	0.872
6863	130	4.712	2.955
6863	131	4.025	3.928
6863	133	6.813	4.924
6863	132	5.820	6.146
6863	134	0.954	9.424
6863	136	10.111	6.645
6863	135	-0.697	1.212
6869	130	4.050	2.872
6869	131	3.356	3.897
6869	133	6.097	4.779
6869	132	5.101	6.225
6869	134	1.641	9.232
6869	136	9.514	6.761
6869	135	-0.098	1.408
6869	137	12.851	5.176
6875	130	3.533	2.964
6875	131	2.770	3.820
6875	133	5.373	4.716
6875	132	4.406	6.174
6875	134	2.274	9.134
6875	136	8.904	6.799
6875	135	0.396	1.693
6875	137	12.360	4.964
6881	130	2.866	3.104
6881	131	2.075	3.743
6881	133	4.358	4.705
6881	132	3.754	6.250
6881	134	2.994	9.029
6881	136	8.284	6.837
6881	135	0.872	1.835
6881	137	11.752	4.870
6887	130	2.224	3.065
6887	131	1.318	3.665
6887	133	3.741	4.636
6887	132	2.944	6.291
6887	134	3.782	8.748
6887	136	7.610	6.879
6887	135	1.352	2.113
6887	138	12.271	5.627
6887	139	12.881	4.983
6887	137	11.086	4.577
6893	130	1.666	2.934
6893	131	0.795	3.491
6893	133	3.155	4.477
6893	132	2.212	6.283
6893	134	4.480	8.733
6893	136	6.972	7.001
6893	135	1.970	2.297
6893	138	11.626	5.579
6893	139	12.283	4.889
6893	137	10.533	4.475
6899	130	1.048	2.801
6899	131	0.212	3.315
6899	133	2.512	4.316
6899	132	1.522	6.362
6899	134	5.150	8.467
6899	136	6.276	7.086
6899	135	2.629	2.522
6899	138	10.969	5.531
6899	139	11.598	4.836
6899	137	9.893	4.413
6905	130	0.421	2.666
6905	131	-0.428	3.183
6905	133	1.810	4.199
6905	132	0.868	6.395
6905	134	5.773	8.333
6905	136	5.623	7.338
6905	135	3.129	2.700
6905	138	10.464	5.633
6905	139	10.898	4.742
6905	137	9.357	4.225
6911	130	-0.067	2.435
6911	131	-0.930	2.907
6911	133	1.092	4.034
6911	132	0.203	6.429
6911	134	6.473	8.195
6911	136	4.999	7.506
6911	135	3.658	2.697
6911	138	9.707	5.669
6911	139	10.190	4.806
6911	137	8.818	4.158
6917	130	-0.741	1.966
6917	131	-1.494	2.627
6917	133	0.574	3.953
6917	132	-0.525	6.466
6917	134	7.196	7.933
6917	136	4.319	7.681
6917	135	4.194	2.915
6917	138	9.014	5.660
6917	139	9.505	4.790
6917	137	8.234	4.172
6923	130	-1.299	1.727
6923	131	-1.951	2.390
6923	133	-0.067	3.735
6923	132	-1.337	6.321
6923	134	7.907	7.676
6923	136	3.633	7.944
6923	135	4.712	2.955
6923	138	8.521	5.724
6923	139	8.848	4.771
6923	137	7.680	4.144
6923	140	-3.716	-2.188
6929	130	-1.874	1.388
6929	131	-2.488	1.958
6929	133	-0.772	3.513
6929	132	-1.930	6.350
6929	134	8.605	7.424
6929	136	3.031	8.204
6929	135	5.130	2.995
6929	138	7.889	5.712
6929	139	8.143	4.877
6929	137	7.076	4.159
6929	140	-3.496	-1.680
6935	130	-2.359	0.900
6935	131	-3.028	1.569
6935	133	-1.591	3.384
6935	132	-2.537	6.332
6935	134	9.248	7.139
6935	136	2.369	8.428
6935	135	5.768	2.989
6935	138	7.244	5.659
6935	139	7.501	4.816
6935	137	6.504	4.131
6935	140	-3.164	-1.171
6941	130	-2.894	0.551
6941	131	-3.576	1.173
6941	133	-2.172	3.010
6941	132	-3.186	6.553
6941	134	9.924	6.935
6941	136	1.753	8.740
6941	135	6.407	3.197
6941	138	6.634	5.644
6941	139	6.895	4.837
6941	137	6.013	4.100
6941	140	-2.779	-0.666
6947	130	-3.223	0.055
6947	131	-3.905	0.726
6947	133	-2.809	2.727
6947	132	-3.850	6.729
6947	134	10.624	6.654
6947	136	1.317	8.907
6947	135	6.811	3.320
6947	138	5.929	5.718
6947	139	6.194	4.903
6947	137	5.293	4.160
6947	140	-2.398	-0.166
6953	130	-3.607	-0.399
6953	131	-4.296	0.274
6953	133	-3.462	2.391
6953	132	-4.417	6.806
6953	134	11.352	6.414
6953	136	0.735	9.222
6953	135	7.525	3.646
6953	138	5.251	5.705
6953	139	5.519	4.883
6953	137	4.600	4.133
6953	140	-1.746	0.335
6959	134	12.029	6.220
6959	136	0.040	9.505
6959	135	7.967	3.930
6959	138	4.656	5.732
6959	139	4.886	4.990
6959	137	4.172	4.012
6959	140	-1.121	0.636
6965	134	12.621	6.033
6965	136	-0.726	9.708
6965	135	8.529	4.206
6965	138	4.107	5.886
6965	139	4.240	5.056
6965	137	3.559	4.069
6965	140	-0.606	1.025
6971	136	-0.961	10.046
6971	135	8.962	4.563
6971	138	3.539	5.868
6971	139	3.628	5.078
6971	137	2.934	4.083
6971	140	-0.158	1.313
6971	141	-3.452	11.439
6977	136	-1.356	10.400
6977	135	9.623	4.705
6977	138	2.919	5.940
6977	139	3.012	5.188
6977	137	2.437	3.960
6977	140	0.485	1.507
6977	141	-3.274	10.957
6977	142	-5.448	4.123
6977	143	-5.221	5.195
6983	136	-2.180	10.846
6983	135	10.104	4.649
6983	138	2.532	5.958
6983	139	2.380	5.211
6983	137	1.687	3.885
6983	140	1.226	1.791
6983	141	-2.720	10.349
6983	142	-4.858	4.111
6983	143	-4.631	5.224
6989	136	-2.694	11.220
6989	135	10.783	4.786
6989	138	1.943	5.985
6989	139	1.787	5.233
6989	137	1.335	3.892
6989	140	1.749	2.023
6989	141	-1.996	9.868
6989	142	-4.329	4.148
6989	143	-4.049	5.253
6995	136	-3.039	11.670
6995	135	11.566	4.994
6995	138	1.505	6.140
6995	139	1.189	5.299
6995	137	0.577	3.999
6995	140	2.318	2.297
6995	141	-1.325	9.534
6995	142	-3.864	4.187
6995	143	-3.428	5.184
7001	135	12.139	5.089
7001	138	0.912	6.303
7001	139	0.579	5.322
7001	137	-0.060	3.827
7001	140	2.913	2.387
7001	141	-0.607	9.246
7001	142	-3.348	4.224
7001	143	-2.806	5.210
7007	138	0.358	6.421
7007	139	0.019	5.434
7007	137	-0.651	3.698
7007	140	3.563	2.698
7007	141	0.096	8.918
7007	142	-2.726	4.257
7007	143	-2.198	5.189
7013	138	-0.256	6.543
7013	139	-0.749	5.694
7013	137	-0.986	3.517
7013	140	4.097	2.872
7013	141	0.791	8.639
7013	142	-2.042	4.478
7013	143	-1.816	5.176
7019	138	-1.030	6.768
7019	139	-1.109	5.848
7019	137	-1.872	3.293
7019	140	4.763	3.042
7019	141	1.475	8.365
7019	142	-1.560	4.371
7019	143	-1.337	5.067
7025	138	-1.557	6.888
7025	139	-2.043	5.700
7025	137	-2.543	3.205
7025	140	5.511	3.251
7025	141	2.197	8.091
7025	142	-0.919	4.309
7025	143	-0.746	5.094
7031	138	-2.040	6.962
7031	139	-2.703	5.727
7031	137	-3.168	3.115
7031	140	6.020	3.459
7031	141	2.923	8.038
7031	142	-0.123	4.336
7031	143	-0.164	5.120
7037	138	-2.587	6.992
7037	139	-3.327	5.657
7037	137	-3.723	3.265
7037	140	6.828	3.616
7037	141	3.624	7.815
7037	142	0.448	4.322
7037	143	0.407	5.100
7043	140	7.488	3.772
7043	141	4.411	7.674
7043	142	1.113	4.306
7043	143	1.125	5.121
7049	140	8.094	3.927
7049	141	5.132	7.455
7049	142	1.720	4.336
7049	143	1.731	5.145
7055	140	8.733	4.119
7055	141	5.888	7.279
7055	142	2.371	4.409
7055	143	2.383	5.255
7061	140	9.398	4.224
7061	141	6.629	7.105
7061	142	3.011	4.481
7061	143	2.937	5.499
7067	140	10.095	4.448
7067	141	7.397	6.892
7067	142	3.592	4.553
7067	143	3.598	5.342
7073	140	10.773	4.547
7073	141	8.104	6.603
7073	142	4.168	4.667
7073	143	4.175	5.493
7079	140	11.433	4.527
7079	141	8.797	6.279
7079	142	4.775	4.692
7079	143	4.781	5.511
7085	140	11.980	4.861
7085	141	9.564	6.077
7085	142	5.416	4.672
7085	143	5.420	5.485
7091	140	12.618	4.877
7091	141	10.316	5.879
7091	142	6.050	4.738
7091	143	6.055	5.585
7097	141	11.058	5.803
7097	142	6.626	4.719
7097	143	6.629	5.560
7103	141	11.822	5.726
7103	142	7.154	4.786
7103	143	7.110	5.581
7103	144	-1.648	4.608
7109	141	12.572	5.690
7109	142	7.498	4.775
7109	143	7.371	5.611
7109	144	-0.679	4.628
7115	142	8.010	4.758
7115	143	7.840	5.591
7115	144	0.011	4.701
7121	142	8.564	4.904
7121	143	8.220	5.574
7121	144	0.744	4.816
7127	142	9.267	4.920
7127	143	8.590	5.435
7127	144	1.511	4.883
7133	142	9.795	4.941
7133	143	8.946	5.094
7133	144	2.315	4.991
7139	142	10.404	5.158
7139	143	9.422	4.752
7139	144	2.999	5.012
7145	142	10.956	5.215
7145	143	10.057	4.489
7145	144	3.737	5.293
7151	142	11.722	5.067
7151	143	10.725	4.349
7151	144	4.394	5.268
7157	142	12.109	5.285
7157	143	11.390	4.409
7157	144	5.409	5.314
7163	142	12.635	5.378
7163	143	12.041	4.468
7163	144	6.176	5.369
7169	144	7.017	5.460
7175	144	7.747	5.429
7181	144	8.546	5.396
7187	144	9.330	5.403
7193	144	10.137	5.409
7199	144	10.886	5.416
7205	144	11.620	5.423
7301	145	-1.479	3.429
7301	146	-1.785	4.283
7307	145	-0.883	3.468
7307	146	-1.244	4.270
7313	145	-0.243	3.506
7313	146	-0.540	4.393
7313	147	-3.013	7.204
7319	145	0.438	3.542
7319	146	0.241	4.327
7319	147	-2.410	7.122
7325	145	1.104	3.532
7325	146	0.913	4.356
7325	147	-1.768	6.947
7331	145	1.763	3.568
7331	146	1.523	4.386
7331	147	-1.022	6.859
7337	145	2.408	3.558
7337	146	2.171	4.369
7337	147	-0.386	6.870
7343	145	3.046	3.592
7343	146	2.865	4.485
7343	147	0.236	6.835
7349	145	3.720	3.625
7349	146	3.539	4.466
7349	147	0.900	6.799
7355	145	4.430	3.657
7355	146	4.203	4.492
7355	147	1.603	6.760
7361	145	5.084	3.733
7361	146	4.905	4.558
7361	147	2.241	6.680
7367	145	5.811	3.719
7367	146	5.634	4.537
7367	147	2.915	6.555
7367	148	-2.634	0.944
7373	145	6.438	3.750
7373	146	6.312	4.645
7373	147	3.488	6.524
7373	149	12.340	6.510
7373	148	-2.095	1.385
7379	145	7.145	3.821
7379	146	6.976	4.708
7379	147	4.048	6.408
7379	149	11.675	6.861
7379	150	13.099	6.046
7379	148	-1.664	1.914
7385	145	7.835	3.849
7385	146	7.625	4.729
7385	147	4.692	6.288
7385	149	11.105	6.976
7385	150	12.735	6.142
7385	148	-1.193	2.342
7391	145	8.517	3.959
7391	146	8.313	4.913
7391	147	5.368	6.126
7391	149	10.447	7.098
7391	150	11.695	6.394
7391	148	-0.687	2.624
7397	145	9.225	4.025
7397	146	8.981	4.971
7397	147	6.036	6.008
7397	149	9.906	7.412
7397	150	10.884	6.323
7397	151	12.830	5.677
7397	148	-0.022	2.993
7403	145	9.887	4.292
7403	146	9.726	5.185
7403	147	6.910	5.882
7403	149	9.309	7.574
7403	150	10.307	6.594
7403	151	12.093	5.907
7403	148	0.619	3.218
7409	145	10.491	4.396
7409	146	10.371	5.319
7409	147	7.551	5.769
7409	149	8.658	7.662
7409	150	9.586	6.557
7409	151	11.377	6.061
7409	148	1.250	3.439
7415	145	11.161	4.495
7415	146	11.115	5.288
7415	147	8.094	5.579
7415	149	7.991	7.670
7415	150	8.689	6.610
7415	151	10.792	5.974
7415	148	1.966	3.610
7421	145	11.898	4.708
7421	146	11.698	5.459
7421	147	8.757	5.469
7421	149	7.264	7.600
7421	150	8.110	6.725
7421	151	10.164	6.046
7421	148	2.623	3.822
7421	152	-4.323	5.407
7427	145	12.612	4.683
7427	146	12.192	5.514
7427	147	9.490	5.356
7427	149	6.614	7.604
7427	150	7.343	6.689
7427	151	9.522	6.039
7427	148	3.067	3.903
7427	152	-3.745	5.434
7433	147	10.180	5.487
7433	149	6.051	7.769
7433	150	6.693	6.685
7433	151	8.953	6.109
7433	148	3.696	3.978
7433	152	-3.064	5.457
7439	147	10.852	5.536
7439	149	5.479	7.937
7439	150	6.112	6.551
7439	151	8.337	6.223
7439	148	4.365	4.095
7439	152	-2.338	5.477
7445	147	11.548	5.544
7445	149	4.833	7.772
7445	150	5.399	6.634
7445	151	7.748	6.254
7445	148	5.062	4.122
7445	152	-1.679	5.499
7451	147	12.153	5.477
7451	149	4.185	7.776
7451	150	4.719	6.715
7451	151	7.149	6.286
7451	148	5.749	4.192
7451	152	-0.874	5.468
7457	149	3.527	7.779
7457	150	3.983	6.843
7457	151	6.504	6.446
7457	148	6.418	4.175
7457	152	-0.186	5.488
7457	155	-4.711	6.773
7457	154	-3.281	4.940
7457	153	-3.348	4.224
7463	149	2.854	7.739
7463	150	3.334	7.055
7463	151	5.888	6.522
7463	148	7.078	4.201
7463	152	0.538	5.460
7463	155	-3.907	6.732
7463	154	-2.606	4.967
7463	153	-2.670	4.256
7469	149	2.175	7.786
7469	150	2.662	7.096
7469	151	5.224	6.729
7469	148	7.729	4.268
7469	152	1.254	5.477
7469	155	-3.289	6.652
7469	154	-1.941	4.993
7469	153	-1.949	4.287
7475	149	1.594	7.958
7475	150	2.126	7.128
7475	151	4.641	6.933
7475	148	8.410	4.333
7475	152	1.956	5.494
7475	155	-2.630	6.525
7475	154	-1.341	5.020
7475	153	-1.195	4.222
7481	149	0.937	7.915
7481	150	1.487	7.211
7481	151	4.000	7.101
7481	148	9.082	4.478
7481	152	2.643	5.467
7481	155	-1.809	6.484
7481	154	-0.664	4.813
7481	153	-0.506	4.160
7487	149	0.221	7.920
7487	150	0.830	7.207
7487	151	3.396	7.268
7487	148	9.777	4.538
7487	152	3.372	5.526
7487	155	-1.180	6.268
7487	154	0.022	4.838
7487	153	0.178	4.191
7493	149	-0.512	7.880
7493	150	0.155	7.112
7493	151	2.778	7.351
7493	148	10.461	4.637
7493	152	4.087	5.583
7493	155	-0.492	6.235
7493	154	0.748	4.861
7493	153	0.903	4.220
7499	149	-1.194	7.972
7499	150	-0.487	6.921
7499	151	2.143	7.348
7499	148	11.130	4.694
7499	152	4.838	5.681
7499	155	0.435	6.100
7499	154	1.514	4.928
7499	153	1.667	4.292
7505	149	-1.683	7.913
7505	150	-1.289	6.874
7505	151	1.497	7.344
7505	148	11.746	4.713
7505	152	5.576	5.818
7505	155	1.053	6.161
7505	154	2.177	5.129
7505	153	2.410	4.274
7511	148	12.353	4.770
7511	152	6.336	5.826
7511	155	1.705	6.130
7511	154	2.915	5.191
7511	153	3.143	4.300
7517	152	7.083	5.874
7517	155	2.398	6.141
7517	154	3.640	5.253
7517	153	3.818	4.371
7523	152	7.745	6.213
7523	155	3.130	6.194
7523	154	4.350	5.313
7523	153	4.571	4.395
7529	152	8.566	5.803
7529	155	3.796	6.161
7529	154	5.137	5.325
7529	153	5.312	4.461
7535	152	9.391	5.845
7535	155	4.507	6.298
7535	154	5.859	5.297
7535	153	6.033	4.441
7541	152	10.154	5.807
7541	155	5.243	6.302
7541	154	6.571	5.311
7541	153	6.743	4.463
7547	152	10.902	5.810
7547	155	6.009	6.305
7547	154	7.269	5.325
7547	153	7.440	4.485
7553	152	11.603	5.971
7553	155	6.761	6.348
7553	154	7.997	5.337
7553	153	8.166	4.505
7559	152	12.353	5.816
7559	155	7.494	6.309
7559	154	8.712	5.389
7559	153	8.879	4.566
7565	155	8.215	6.311
7565	154	9.411	5.400
7565	153	9.577	4.585
7571	155	8.922	6.313
7571	154	10.137	5.409
7571	153	10.303	4.642
7577	155	9.613	6.275
7577	154	10.808	5.420
7577	153	11.012	4.659
7577	156	12.858	6.517
7583	155	10.169	6.165
7583	154	11.540	5.309
7583	153	11.629	4.638
7583	156	12.013	6.800
7589	155	10.918	6.203
7589	154	12.185	5.321
7589	153	12.201	4.697
7589	156	11.297	6.963
7595	155	11.975	5.758
7595	154	12.679	5.569
7595	153	12.838	4.792
7595	156	10.466	6.624
7601	156	9.997	6.771
7607	156	9.150	6.784
7613	156	8.403	6.708
7619	156	7.773	6.746
7625	156	6.949	6.588
7625	157	-0.381	1.169
7631	156	6.377	6.537
7631	157	0.225	1.505
7637	156	5.612	6.410
7637	157	0.772	1.881
7643	156	4.970	6.317
7643	157	1.399	2.067
7649	156	4.275	6.310
7649	157	1.970	2.297
7655	156	3.515	6.218
7655	157	2.386	2.568
7661	156	2.748	6.257
7661	157	3.129	2.700
7667	156	2.009	6.205
7667	157	3.715	2.830
7673	156	1.262	6.241
7673	157	4.528	3.000
7679	156	0.803	6.218
7679	157	5.087	3.039
7685	156	0.089	6.298
7685	157	5.700	3.378
7691	156	-0.748	6.339
7691	157	6.424	3.495
7697	156	-1.382	6.416
7697	157	7.046	3.612
7703	156	-2.073	6.590
7703	157	7.662	3.811
7709	157	8.267	4.006
7715	157	8.864	4.238
7721	157	9.487	4.385
7727	157	10.097	4.488
7733	157	10.737	4.628
7739	157	11.400	4.685
7745	157	12.054	4.820
7751	159	-0.993	5.334
7757	159	-0.407	5.358
7763	159	0.270	5.333
7769	159	0.940	5.354
7769	160	11.743	5.652
7775	159	1.545	5.331
7775	160	11.201	5.520
7781	159	2.186	5.263
7781	161	-2.467	0.317
7781	160	10.368	5.240
7781	162	12.767	5.987
7787	159	2.873	5.281
7787	161	-1.933	0.715
7787	160	9.968	5.216
7787	162	12.061	6.063
7793	159	3.497	5.258
7793	161	-1.410	1.059
7793	160	9.315	5.080
7793	162	11.378	6.100
7799	159	4.064	5.237
7799	161	-0.792	1.353
7799	160	8.649	4.942
7799	162	10.681	6.138
7805	159	4.718	5.255
7805	161	-0.184	1.641
7805	160	8.012	4.799
7805	162	10.012	6.213
7805	163	12.819	5.332
7811	159	5.404	5.229
7811	161	0.462	1.879
7811	160	7.406	4.653
7811	162	9.206	6.257
7811	163	12.178	5.127
7817	159	5.991	5.249
7817	161	1.203	2.159
7817	160	6.964	4.499
7817	162	8.468	6.338
7817	163	11.528	4.996
7817	164	-3.238	4.795
7823	159	6.613	5.267
7823	161	1.619	2.296
7823	160	6.293	4.306
7823	162	7.752	6.336
7823	163	10.658	4.631
7823	164	-2.521	4.680
7829	159	7.265	5.242
7829	161	2.340	2.613
7829	160	5.606	4.067
7829	162	7.022	6.334
7829	163	10.256	4.483
7829	164	-1.664	4.421
7835	159	7.823	5.261
7835	161	3.132	2.744
7835	160	5.005	3.951
7835	162	6.321	6.330
7835	163	9.117	4.354
7835	164	-1.030	4.265
7841	159	8.417	5.319
7841	161	3.721	2.918
7841	160	4.389	3.745
7841	162	5.559	6.286
7841	163	8.446	4.208
7841	164	-0.295	4.155
7847	159	9.040	5.334
7847	161	4.335	2.914
7847	160	3.777	3.757
7847	162	4.832	6.324
7847	163	7.684	4.228
7847	164	0.485	4.138
7853	159	9.696	5.428
7853	161	5.043	3.082
7853	160	3.142	3.591
7853	162	4.089	6.319
7853	163	6.994	4.245
7853	164	1.359	4.209
7859	159	10.338	5.480
7859	161	5.735	3.205
7859	160	2.592	3.376
7859	162	3.384	6.399
7859	163	6.325	4.093
7859	164	2.164	4.280
7859	166	-1.868	0.187
7865	159	10.969	5.531
7865	161	6.335	3.497
7865	160	1.993	3.293
7865	162	2.712	6.434
7865	163	5.646	3.980
7865	164	2.914	4.483
7865	166	-1.284	0.632
7871	159	11.628	5.618
7871	161	7.129	3.527
7871	160	1.377	3.118
7871	162	1.982	6.517
7871	163	4.951	3.822
7871	164	3.693	4.638
7871	166	-0.602	1.072
7871	167	12.448	4.261
7877	159	12.272	5.665
7877	161	7.748	3.809
7877	160	0.862	3.032
7877	162	1.343	6.640
7877	163	4.339	3.703
7877	164	4.410	4.790
7877	166	-0.049	1.362
7877	167	11.909	3.962
7883	159	12.795	5.717
7883	161	8.437	4.043
7883	160	0.279	2.852
7883	162	0.584	6.681
7883	163	3.670	3.582
7883	164	5.115	4.983
7883	166	0.706	1.695
7883	167	11.401	3.696
7889	161	9.076	4.355
7889	160	-0.417	2.670
7889	162	-0.130	6.810
7889	163	2.988	3.459
7889	164	5.847	5.085
7889	166	1.352	2.113
7889	167	10.887	3.506
7895	161	9.700	4.621
7895	160	-1.008	2.625
7895	162	-0.864	6.850
7895	163	2.343	3.334
7895	164	6.564	5.185
7895	166	2.026	2.387
7895	167	10.248	3.355
7901	161	10.468	4.797
7901	160	-1.716	2.580
7901	162	-1.553	6.935
7901	163	1.726	3.070
7901	164	7.170	5.078
7901	166	2.886	2.701
7901	167	9.596	3.201
7907	161	11.067	5.053
7907	160	-2.265	2.582
7907	162	-2.052	6.823
7907	163	1.099	2.801
7907	164	7.946	5.174
7907	166	3.580	2.964
7907	167	8.900	3.251
7913	161	11.732	5.340
7913	160	-3.212	2.633
7913	162	-2.924	6.964
7913	163	0.510	2.481
7913	164	8.704	5.226
7913	166	4.212	3.179
7913	167	8.608	3.255
7919	161	12.379	5.506
7919	160	-3.830	2.732
7919	162	-3.596	7.000
7919	163	-0.090	2.156
7919	164	9.444	5.237
7919	166	4.927	3.432
7919	167	7.657	2.889
7925	161	12.976	5.632
7925	160	-4.157	2.929
7925	162	-4.178	6.889
7925	163	-0.593	1.826
7925	164	10.211	5.286
7925	166	5.670	3.636
7925	167	7.048	2.851
7931	160	-4.725	3.080
7931	162	-4.876	6.878
7931	163	-1.041	1.587
7931	164	10.958	5.255
7931	166	6.443	3.835
7931	167	6.513	2.727
7937	163	-1.700	0.863
7937	164	11.730	5.301
7937	166	7.195	3.946
7937	167	6.065	2.686
7943	163	-2.128	0.374
7943	164	12.520	5.267
7943	166	7.933	4.097
7943	167	5.335	2.603
7949	163	-2.562	-0.122
7949	164	13.157	5.585
7949	166	8.698	4.243
7949	167	4.736	2.605
7955	166	9.487	4.385
7955	167	4.169	2.518
7961	166	10.260	4.563
7961	167	3.685	2.386
7967	166	11.013	4.698
7967	167	3.101	2.297
7973	166	11.754	4.909
7973	167	2.662	2.297
7979	166	12.475	5.037
7979	167	1.900	2.024
8091	168	6.961	2.852
8097	168	6.162	2.814
8103	168	5.429	2.646
8109	168	4.739	2.648
8115	168	4.000	2.828
8115	169	-3.168	4.937
8115	170	-2.394	-0.117
8115	171	-0.676	8.436
8121	168	3.277	2.744
8121	169	-2.270	5.003
8121	170	-1.970	0.281
8121	171	-0.680	8.391
8127	168	2.504	2.838
8127	169	-1.766	5.128
8127	170	-1.502	0.628
8127	171	-0.683	8.346
8133	168	2.062	2.886
8133	169	-0.849	5.143
8133	170	-1.051	0.827
8133	171	-0.736	8.350
8139	168	1.353	2.799
8139	169	-0.004	5.160
8139	170	-0.487	1.168
8139	171	-0.890	8.407
8145	168	0.579	2.712
8145	169	0.780	5.269
8145	170	0.109	1.363
8145	171	-0.992	8.460
8151	168	0.049	2.575
8151	169	1.545	5.331
8151	170	0.603	1.694
8151	172	-1.813	0.189
8151	171	-1.097	8.468
8157	168	-0.668	2.202
8157	169	2.295	5.392
8157	170	1.135	1.929
8157	172	-1.272	0.776
8157	171	-1.211	8.385
8163	168	-1.396	1.868
8163	169	3.078	5.450
8163	170	1.712	2.205
8163	172	-0.754	1.164
8163	171	-1.268	8.343
8169	168	-1.400	1.821
8169	169	3.846	5.506
8169	170	2.281	2.478
8169	172	-0.252	1.453
8169	171	-1.490	8.267
8175	169	4.648	5.603
8175	170	2.746	2.791
8175	172	0.351	1.785
8175	171	-1.704	8.283
8181	169	5.425	5.570
8181	170	3.299	3.055
8181	172	0.937	2.020
8181	171	-1.908	8.436
8187	169	6.194	5.664
8187	170	3.795	3.316
8187	172	1.518	2.296
8187	171	-1.908	8.436
8193	169	6.944	5.714
8193	170	4.284	3.572
8193	172	2.089	2.569
8193	171	-1.908	8.436
8199	169	7.720	5.720
8199	170	4.856	3.780
8199	172	2.700	2.836
8199	171	-2.241	8.368
8205	169	8.523	5.765
8205	170	5.374	3.986
8205	172	3.395	3.054
8205	171	-2.658	8.630
8211	169	9.343	5.686
8211	170	5.973	4.186
8211	172	4.073	3.224
8211	171	-2.658	8.630
8217	169	10.109	5.690
8217	170	6.644	4.254
8217	172	4.649	3.436
8217	171	-2.658	8.630
8223	169	10.894	5.613
8223	170	7.261	4.364
8223	172	5.261	3.643
8223	171	-2.658	8.630
8229	169	11.664	5.578
8229	170	7.868	4.472
8229	172	5.953	3.845
8229	173	-2.913	5.261
8229	171	-2.658	8.630
8235	169	12.420	5.620
8235	170	8.547	4.576
8235	172	6.588	4.044
8235	173	-2.241	5.332
8235	171	-2.658	8.630
8241	169	13.415	5.686
8241	170	9.177	4.760
8241	172	7.252	4.197
8241	173	-1.595	5.216
8241	171	-2.658	8.630
8247	170	9.994	4.893
8247	172	7.901	4.305
8247	173	-0.825	5.420
8247	171	-2.658	8.630
8253	170	10.671	4.949
8253	172	8.541	4.453
8253	173	-0.138	5.440
8253	171	-2.726	8.496
8259	170	11.339	5.082
8259	172	9.209	4.556
8259	173	0.586	5.413
8259	171	-2.726	8.496
8265	170	12.029	5.172
8265	172	9.823	4.658
8265	173	1.307	5.520
8265	171	-2.493	8.618
8271	170	12.741	5.220
8271	172	10.468	4.797
8271	173	2.058	5.535
8271	171	-2.371	8.748
8277	170	13.370	5.384
8277	172	11.138	4.892
8277	173	2.753	5.639
8277	171	-2.095	8.773
8283	172	11.758	5.026
8283	173	3.288	5.705
8283	171	-2.095	8.773
8289	172	12.406	5.195
8289	173	4.002	5.717
8289	175	-2.047	0.038
8289	174	-3.163	13.288
8289	171	-1.717	8.744
8295	172	13.225	5.429
8295	173	4.702	5.730
8295	175	-1.632	0.386
8295	174	-3.041	12.816
8295	171	-1.717	8.744
8301	173	5.483	5.780
8301	175	-1.105	0.826
8301	174	-2.609	12.125
8301	171	-1.515	8.591
8307	173	6.203	5.832
8307	175	-0.647	1.166
8307	174	-2.317	11.727
8307	171	-1.515	8.591
8313	173	6.903	5.757
8313	175	-0.098	1.408
8313	174	-1.886	11.089
8313	171	-1.515	8.591
8319	173	7.634	5.724
8319	175	0.444	1.646
8319	174	-1.442	10.635
8319	171	-1.515	8.591
8325	173	8.350	5.650
8325	175	0.985	1.974
8325	174	-1.092	10.374
8325	171	-1.515	8.591
8331	173	9.089	5.495
8331	175	1.608	2.160
8331	174	-0.639	10.105
8331	171	-1.515	8.591
8337	173	9.815	5.383
8337	175	2.126	2.387
8337	174	-0.195	9.795
8337	171	-1.515	8.591
8343	173	10.526	5.233
8343	175	2.678	2.522
8343	174	0.347	9.478
8343	171	-1.515	8.591
8349	173	11.263	5.124
8349	175	3.377	2.788
8349	174	0.890	9.253
8349	171	-1.515	8.591
8355	173	11.988	5.095
8355	175	3.961	2.961
8355	174	1.519	8.935
8355	171	-1.515	8.591
8361	173	12.812	5.140
8361	175	4.531	3.044
8361	174	2.301	8.827
8361	171	-1.515	8.591
8367	175	5.095	3.169
8367	174	2.819	8.611
8367	171	-1.970	8.348
8373	175	5.695	3.291
8373	174	3.480	8.472
8373	176	12.353	5.816
8373	177	-0.897	7.082
8373	178	-1.467	5.444
8373	179	-1.248	4.224
8373	171	-1.970	8.348
8379	175	6.330	3.411
8379	174	4.036	8.343
8379	176	11.415	6.059
8379	177	-0.207	7.133
8379	178	-0.821	5.466
8379	179	-0.661	4.210
8379	171	-1.970	8.348
8385	175	6.957	3.572
8385	174	4.674	8.166
8385	176	10.562	6.104
8385	177	0.368	7.189
8385	178	-0.242	5.444
8385	179	-0.026	4.242
8385	171	-2.409	8.333
8391	175	7.572	3.729
8391	174	5.307	8.076
8391	176	9.688	6.151
8391	177	1.032	7.194
8391	178	0.384	5.466
8391	179	0.548	4.274
8391	171	-2.409	8.333
8397	175	8.177	3.884
8397	174	5.925	7.904
8397	176	8.838	6.277
8397	177	1.739	7.240
8397	178	1.099	5.438
8397	179	1.113	4.306
8397	182	-1.763	5.783
8397	184	-2.098	6.918
8397	183	-2.469	6.470
8397	181	-1.403	4.929
8397	180	-1.083	4.266
8397	171	-2.409	8.333
8403	175	8.775	4.118
8403	174	6.577	7.731
8403	176	8.003	6.282
8403	177	2.380	7.245
8403	178	1.708	5.504
8403	179	1.724	4.381
8403	182	-0.892	5.885
8403	184	-1.269	7.103
8403	183	-1.643	6.522
8403	181	-0.815	4.910
8403	180	-0.495	4.299
8403	171	-2.828	7.990
8409	175	9.403	4.346
8409	174	7.176	7.565
8409	176	7.197	6.366
8409	177	2.970	7.339
8409	178	2.307	5.569
8409	179	2.322	4.410
8409	182	-0.152	5.899
8409	184	-0.569	7.200
8409	183	-1.107	6.495
8409	181	-0.190	4.799
8409	180	0.130	4.238
8409	171	-2.828	7.990
8415	175	9.980	4.572
8415	174	7.763	7.360
8415	176	6.372	6.453
8415	177	3.601	7.472
8415	178	2.991	5.585
8415	179	2.911	4.439
8415	182	0.574	5.912
8415	184	0.114	7.250
8415	183	-0.316	6.455
8415	181	0.436	4.826
8415	180	0.753	4.269
8415	171	-2.828	7.990
8421	175	10.585	4.753
8421	174	8.386	7.196
8421	176	5.529	6.542
8421	177	4.258	7.471
8421	178	3.666	5.645
8421	179	3.539	4.466
8421	182	1.338	5.923
8421	184	0.841	7.340
8421	183	0.405	6.373
8421	181	0.999	4.808
8421	180	1.312	4.256
8421	171	-2.828	7.990
8427	175	11.215	4.889
8427	174	8.994	6.954
8427	176	4.765	6.712
8427	177	4.857	7.431
8427	178	4.277	5.619
8427	179	4.203	4.492
8427	182	2.084	5.890
8427	184	1.553	7.429
8427	183	1.165	6.291
8427	181	1.601	4.745
8427	180	1.910	4.196
8427	171	-2.828	7.990
8433	175	11.873	5.061
8433	174	9.633	6.714
8433	176	3.974	6.714
8433	177	5.491	7.389
8433	178	4.878	5.593
8433	179	4.859	4.560
8433	182	2.868	5.899
8433	184	2.260	7.604
8433	183	1.907	6.165
8433	181	2.442	4.719
8433	180	2.606	4.269
8433	171	-2.828	7.990
8439	175	12.516	5.152
8439	174	10.225	6.519
8439	176	3.125	6.806
8439	177	6.154	7.261
8439	178	5.565	5.649
8439	179	5.458	4.628
8439	182	3.633	5.864
8439	184	3.045	7.726
8439	183	2.690	6.127
8439	181	3.068	4.612
8439	180	3.230	4.165
8439	171	-2.828	7.990
8445	175	13.407	5.420
8445	174	10.844	6.286
8445	176	2.251	6.812
8445	177	6.719	7.141
8445	178	6.191	5.621
8445	179	6.186	4.776
8445	182	4.387	5.873
8445	184	3.809	7.759
8445	183	3.512	6.175
8445	181	3.646	4.639
8445	180	3.806	4.196
8445	171	-2.828	7.990
8451	174	11.418	6.137
8451	176	1.400	6.726
8451	177	7.368	7.140
8451	178	6.806	5.595
8451	179	6.808	4.840
8451	182	5.125	5.882
8451	184	4.598	7.704
8451	183	4.273	6.267
8451	181	4.215	4.666
8451	180	4.373	4.226
8451	171	-2.828	7.990
8457	174	11.905	5.916
8457	176	0.635	6.678
8457	177	8.003	7.099
8457	178	7.457	5.608
8457	179	7.419	4.903
8457	182	5.850	5.890
8457	184	5.321	7.569
8457	183	5.064	6.354
8457	181	4.818	4.647
8457	180	4.973	4.168
8457	185	-2.304	6.462
8457	187	-3.310	8.820
8457	186	-3.422	7.038
8457	188	-3.077	9.501
8457	171	-2.875	8.086
8463	174	12.462	5.734
8463	176	-0.093	6.626
8463	177	8.630	7.099
8463	178	8.092	5.538
8463	179	7.976	4.925
8463	182	6.563	5.941
8463	184	6.078	7.475
8463	183	5.791	6.401
8463	181	5.418	4.715
8463	180	5.571	4.239
8463	185	-1.659	6.337
8463	187	-2.641	8.815
8463	186	-2.855	7.101
8463	188	-2.523	9.500
8463	171	-2.939	7.997
8469	174	13.014	5.668
8469	176	-0.769	6.708
8469	177	9.250	7.179
8469	178	8.679	5.553
8469	179	8.566	4.945
8469	182	7.303	5.946
8469	184	6.776	7.386
8469	183	6.545	6.402
8469	181	6.003	4.697
8469	180	6.154	4.225
8469	185	-1.242	6.178
8469	187	-2.104	8.681
8469	186	-2.296	7.162
8469	188	-1.934	9.358
8469	171	-2.939	7.997
8475	176	-1.689	6.617
8475	177	9.928	7.014
8475	178	9.299	5.607
8475	179	9.226	4.921
8475	182	8.033	6.034
8475	184	7.509	7.377
8475	183	7.240	6.364
8475	181	6.626	4.719
8475	180	6.775	4.251
8475	189	12.700	7.290
8475	185	-0.677	5.922
8475	187	-1.523	8.499
8475	186	-1.624	7.355
8475	188	-1.349	9.263
8475	171	-2.815	8.129
8481	176	-2.503	6.706
8481	177	10.633	6.850
8481	178	9.984	5.576
8481	179	9.911	4.816
8481	182	8.787	6.077
8481	184	8.267	7.326
8481	183	7.927	6.450
8481	181	7.240	4.783
8481	180	7.517	4.316
8481	189	11.845	7.351
8481	185	0.155	5.840
8481	187	-0.947	8.365
8481	186	-0.817	7.398
8481	188	-0.723	9.120
8481	171	-3.046	8.051
8487	176	-3.216	6.838
8487	177	11.324	6.689
8487	178	10.582	5.628
8487	179	10.626	4.791
8487	182	9.568	6.157
8487	184	9.009	7.275
8487	183	8.640	6.450
8487	181	7.882	4.762
8487	180	8.155	4.298
8487	189	11.093	7.639
8487	185	0.840	6.036
8487	187	-0.329	8.184
8487	186	-0.144	7.265
8487	188	-0.158	8.984
8487	171	-3.046	8.051
8493	177	12.039	6.490
8493	178	11.171	5.719
8493	179	11.251	4.809
8493	182	10.290	6.198
8493	184	9.695	7.188
8493	183	9.378	6.449
8493	181	8.520	4.864
8493	180	8.787	4.364
8493	189	10.171	8.023
8493	185	1.191	5.975
8493	187	0.235	8.099
8493	186	0.518	7.135
8493	188	0.453	8.889
8493	190	-2.244	3.440
8493	171	-3.046	8.051
8499	177	12.743	6.371
8499	178	11.784	5.728
8499	179	11.828	4.867
8499	182	10.957	6.201
8499	184	10.334	7.224
8499	183	10.061	6.410
8499	181	9.101	4.885
8499	180	9.365	4.388
8499	189	9.270	7.617
8499	185	2.038	5.937
8499	187	0.789	7.970
8499	186	1.169	7.007
8499	188	1.049	8.708
8499	190	-1.462	3.618
8499	171	-3.046	8.051
8505	178	12.353	5.816
8505	179	12.321	4.927
8505	182	11.574	6.206
8505	184	10.997	7.178
8505	183	10.691	6.374
8505	181	9.713	4.904
8505	180	9.973	4.411
8505	189	8.388	7.236
8505	185	2.726	5.949
8505	191	0.699	1.602
8505	187	1.385	7.840
8505	186	1.913	6.920
8505	188	1.591	8.577
8505	190	-0.806	3.747
8505	171	-3.046	8.051
8511	178	13.127	5.777
8511	179	12.772	5.026
8511	182	12.325	6.088
8511	184	11.865	6.887
8511	183	11.269	6.262
8511	181	10.318	5.002
8511	180	10.575	4.513
8511	189	7.427	6.643
8511	185	3.262	6.012
8511	191	1.288	1.929
8511	187	2.129	7.833
8511	186	2.440	6.713
8511	188	2.178	8.487
8511	190	-0.209	3.922
8511	171	-3.046	8.051
8517	179	13.291	5.196
8517	182	12.844	6.098
8517	184	12.349	6.779
8517	183	11.800	6.155
8517	181	10.909	5.019
8517	180	11.163	4.535
8517	189	6.341	5.909
8517	185	3.799	6.204
8517	191	2.019	2.297
8517	187	2.751	7.659
8517	186	3.062	6.591
8517	188	2.795	8.265
8517	190	0.378	4.095
8517	171	-3.046	8.051
8523	182	13.247	6.114
8523	184	12.720	6.793
8523	183	12.288	6.090
8523	181	11.457	5.156
8523	180	11.707	4.675
8523	189	5.214	5.108
8523	185	4.627	5.991
8523	191	2.760	2.297
8523	187	3.322	7.577
8523	186	3.393	6.530
8523	188	3.364	8.179
8523	190	0.957	4.264
8523	171	-3.046	8.051
8529	184	13.268	6.757
8529	183	12.730	5.989
8529	181	11.920	5.293
8529	180	12.166	4.777
8529	189	4.004	4.322
8529	185	5.182	6.050
8529	191	3.211	2.476
8529	187	3.880	7.410
8529	186	3.954	6.413
8529	188	3.926	8.094
8529	190	1.580	4.475
8529	171	-3.046	8.051
8535	183	13.420	5.838
8535	181	12.374	5.351
8535	180	12.617	4.838
8535	189	2.705	3.598
8535	185	5.820	6.146
8535	191	4.136	2.739
8535	187	4.430	7.246
8535	186	4.554	6.295
8535	188	4.520	7.922
8535	190	2.240	4.636
8535	171	-3.046	8.051
8541	181	12.750	5.489
8541	180	13.025	4.900
8541	189	1.411	2.890
8541	185	6.563	5.941
8541	191	4.804	2.954
8541	187	4.937	7.256
8541	186	5.157	6.392
8541	188	5.156	7.834
8541	190	2.887	4.794
8541	171	-3.046	8.051
8547	181	13.233	5.657
8547	180	13.321	5.004
8547	189	0.120	2.156
8547	185	7.122	5.789
8547	191	5.501	3.078
8547	187	5.518	7.092
8547	186	5.870	6.228
8547	188	5.732	7.667
8547	190	3.518	4.862
8547	171	-2.599	8.067
8553	180	13.428	4.923
8553	189	-1.165	1.396
8553	185	7.802	5.675
8553	191	6.278	3.284
8553	187	6.092	6.972
8553	186	6.429	5.905
8553	188	6.301	7.502
8553	190	4.138	4.929
8553	171	-2.599	8.067
8559	189	-2.346	0.417
8559	185	8.473	5.603
8559	191	6.986	3.317
8559	187	6.659	6.854
8559	186	7.035	5.793
8559	188	6.863	7.380
8559	190	4.748	4.995
8559	171	-2.515	7.782
8565	189	-3.563	-0.546
8565	185	9.135	5.614
8565	191	7.685	3.434
8565	187	7.217	6.738
8565	186	7.639	5.806
8565	188	7.417	7.261
8565	190	5.394	5.058
8565	171	-2.515	7.782
8571	185	9.822	5.543
8571	191	8.371	3.548
8571	187	7.727	6.666
8571	186	8.130	5.454
8571	188	7.963	7.143
8571	190	6.031	5.163
8571	171	-2.355	7.725
8577	185	10.423	5.596
8577	191	9.098	3.946
8577	187	8.270	6.553
8577	186	8.677	5.513
8577	188	8.675	7.177
8577	190	6.610	5.225
8577	171	-2.078	7.754
8583	185	11.130	5.681
8583	191	9.800	4.133
8583	187	8.805	6.441
8583	186	9.169	5.451
8583	188	9.244	7.059
8583	190	7.224	5.285
8583	171	-1.745	7.825
8589	185	11.822	5.726
8589	191	10.565	4.274
8589	187	9.334	6.371
8589	186	9.693	5.348
8589	188	9.766	6.985
8589	190	7.828	5.343
8589	171	-1.592	7.722
8595	185	12.420	5.620
8595	191	11.125	4.576
8595	187	9.854	6.262
8595	186	10.251	5.284
8595	188	10.320	6.909
8595	190	8.461	5.359
8595	171	-1.271	7.701
8601	185	13.194	5.583
8601	191	11.862	4.748
8601	187	10.369	6.194
8601	186	10.673	4.989
8601	188	10.826	6.798
8601	190	9.085	5.414
8601	171	-0.993	7.821
8607	191	12.511	4.997
8607	187	10.836	6.090
8607	186	11.224	5.126
8607	188	11.286	6.691
8607	190	9.658	5.470
8607	171	-0.778	7.852
8613	191	13.217	5.161
8613	187	11.297	5.987
8613	186	11.683	5.068
8613	188	11.742	6.624
8613	190	10.221	5.525
8613	171	-0.468	7.786
8619	191	13.295	5.311
8619	187	11.717	5.965
8619	186	12.210	4.970
8619	188	12.154	6.560
8619	190	10.657	5.545
8619	171	-0.207	7.768
8625	171	0.055	7.796
8631	171	0.320	7.868
8637	171	0.524	7.854
8643	171	0.822	7.745
8649	171	0.973	7.734
8655	171	1.231	7.806
8661	171	1.488	7.877
8667	171	1.736	7.860
8673	171	1.982	7.843
8679	171	2.181	7.873
8685	171	2.435	7.987
8691	171	2.631	8.016
8697	171	2.920	7.995
8703	171	3.159	7.978
8709	193	9.840	7.734
8709	192	9.930	7.054
8709	171	3.450	8.043
8715	193	9.241	7.859
8715	192	9.331	7.173
8715	171	3.741	8.151
8721	193	8.629	7.905
8721	192	8.718	7.214
8721	171	3.978	8.176
8727	193	8.049	7.990
8727	192	8.098	7.297
8727	171	4.214	8.201
8733	193	7.457	7.995
8733	192	7.507	7.337
8733	171	4.450	8.268
8739	193	6.852	7.959
8739	192	6.902	7.295
8739	171	4.688	8.377
8745	193	6.237	7.922
8745	192	6.286	7.252
8745	171	4.919	8.401
8751	193	5.653	7.840
8751	192	5.702	7.165
8751	171	5.060	8.474
8757	193	5.108	7.795
8757	192	5.111	7.117
8757	171	5.060	8.474
8763	193	4.468	7.841
8763	192	4.470	7.158
8763	171	5.610	8.597
8769	193	3.865	7.884
8769	192	3.865	7.196
8769	171	5.835	8.620
8775	193	3.305	8.011
8775	192	3.304	7.318
8775	171	6.051	8.519
8781	193	2.692	8.186
8781	192	2.690	7.488
8781	171	6.315	8.497
8787	193	2.067	8.320
8787	192	2.025	7.752
8787	171	6.617	8.431
8793	193	1.541	8.581
8793	192	1.501	8.053
8793	171	6.789	8.376
8799	193	1.430	9.074
8799	192	0.968	8.314
8799	171	6.963	8.403
8805	193	0.887	9.209
8805	192	0.428	8.578
8805	171	6.963	8.403
8811	193	0.456	9.557
8811	192	-0.055	8.975
8811	171	6.963	8.403
8817	171	7.158	8.018
8823	171	7.237	7.889
8829	171	7.235	7.848
8835	171	7.235	7.848
8841	171	7.235	7.848
8847	171	7.235	7.848
8853	171	7.235	7.848
8859	194	0.344	4.966
8859	171	7.235	7.848
8865	194	1.013	4.989
8865	171	7.235	7.848
8871	194	1.671	5.012
8871	171	7.194	7.892
8877	194	2.315	4.991
8877	171	7.110	7.940
8883	194	2.999	5.012
8883	171	7.024	7.946
8889	194	3.625	5.034
8889	195	12.807	4.986
8889	171	6.847	7.877
8895	194	4.240	5.056
8895	195	12.241	4.774
8895	171	6.623	7.769
8901	194	4.986	5.116
8901	195	11.741	4.556
8901	196	13.364	5.193
8901	171	6.490	7.738
8907	194	5.712	5.090
8907	195	11.235	4.414
8907	196	12.958	5.095
8907	197	12.805	6.023
8907	171	6.271	7.753
8913	194	6.383	5.107
8913	195	10.683	4.271
8913	196	12.366	5.119
8913	197	12.061	6.063
8913	171	6.051	7.769
8919	194	7.042	5.125
8919	195	9.926	4.251
8919	196	11.904	4.864
8919	197	11.568	6.051
8919	171	5.827	7.744
8925	194	7.730	5.099
8925	195	9.520	4.221
8925	196	11.405	4.803
8925	197	11.140	5.917
8925	171	5.554	7.679
8931	194	8.241	5.162
8931	195	9.023	4.111
8931	198	12.667	6.299
8931	196	10.898	4.742
8931	197	10.745	5.779
8931	171	5.374	7.692
8937	194	8.671	5.391
8937	199	-1.664	4.421
8937	195	8.435	4.002
8937	198	12.111	6.408
8937	196	10.418	4.558
8937	197	10.385	5.637
8937	171	5.103	7.711
8943	194	9.055	5.658
8943	199	-0.953	4.543
8943	195	7.884	3.973
8943	198	11.552	6.636
8943	196	9.938	4.533
8943	197	10.176	5.407
8943	200	12.998	5.170
8943	171	4.876	7.727
8949	194	9.393	5.885
8949	199	-0.261	4.570
8949	195	7.368	3.943
8949	198	10.984	6.867
8949	196	9.489	4.425
8949	197	9.890	5.259
8949	200	12.465	4.766
8949	171	4.644	7.701
8955	194	9.884	6.021
8955	199	0.529	4.686
8955	195	6.798	3.870
8955	198	10.445	7.059
8955	196	9.033	4.316
8955	197	9.352	4.998
8955	201	12.715	6.641
8955	200	12.008	4.587
8955	171	4.324	7.766
8961	194	10.439	5.992
8961	199	1.195	4.712
8961	195	6.308	3.795
8961	198	9.898	7.254
8961	196	8.656	4.244
8961	197	8.899	4.974
8961	201	11.870	7.003
8961	200	11.576	4.246
8961	171	4.092	7.782
8967	194	10.985	5.924
8967	199	1.903	4.780
8967	195	5.766	3.720
8967	198	9.336	7.293
8967	196	8.229	4.090
8967	197	8.438	4.908
8967	201	11.232	7.279
8967	200	11.103	4.021
8967	202	13.188	5.392
8967	171	3.818	7.887
8973	194	11.641	5.969
8973	199	2.654	4.935
8973	195	5.259	3.600
8973	198	8.767	7.372
8973	196	7.756	3.976
8973	197	7.929	4.843
8973	201	10.542	7.485
8973	200	10.586	3.833
8973	202	12.560	5.343
8973	203	12.614	4.761
8973	171	3.633	7.944
8979	194	12.322	6.011
8979	199	3.339	5.044
8979	195	4.747	3.521
8979	198	8.188	7.412
8979	196	7.284	3.986
8979	197	7.329	4.822
8979	201	10.037	7.679
8979	200	10.102	3.681
8979	202	12.032	5.249
8979	203	12.124	4.661
8979	171	3.349	7.964
8985	199	4.014	5.195
8985	195	4.087	3.444
8985	198	7.594	7.372
8985	196	6.796	3.828
8985	197	6.799	4.672
8985	201	9.364	7.889
8985	200	9.572	3.569
8985	204	-3.044	4.456
8985	202	11.458	5.195
8985	203	11.588	4.561
8985	171	3.064	7.985
8991	199	4.770	5.339
8991	195	3.607	3.362
8991	198	6.999	7.495
8991	196	6.305	3.753
8991	197	6.263	4.561
8991	201	8.678	8.062
8991	205	12.983	4.709
8991	200	9.118	3.495
8991	204	-2.482	4.489
8991	202	10.992	5.135
8991	203	11.082	4.458
8991	171	2.827	8.045
8997	199	5.507	5.438
8997	195	3.072	3.280
8997	198	6.435	7.534
8997	196	5.761	3.634
8997	197	5.674	4.451
8997	201	7.976	8.199
8997	205	12.155	4.465
8997	200	8.489	3.380
8997	204	-1.861	4.661
8997	202	10.478	5.036
8997	203	10.568	4.354
8997	171	2.544	8.153
9003	199	6.186	5.537
9003	195	2.573	3.107
9003	198	5.864	7.615
9003	196	5.248	3.427
9003	197	5.161	4.249
9003	201	7.383	8.205
9003	205	11.493	4.090
9003	200	7.933	3.263
9003	204	-1.044	4.732
9003	202	9.878	4.978
9003	203	10.006	4.249
9003	171	2.301	8.171
9009	199	6.939	5.631
9009	195	2.056	2.795
9009	198	5.287	7.740
9009	196	4.739	3.391
9009	197	4.513	4.222
9009	201	6.620	8.472
9009	205	10.776	3.668
9009	200	7.369	3.144
9009	204	-0.347	4.804
9009	202	9.344	4.836
9009	203	9.470	4.019
9009	171	2.011	8.237
9015	199	7.628	5.600
9015	195	1.592	2.616
9015	198	4.701	7.867
9015	196	4.214	3.222
9015	197	3.942	4.105
9015	201	6.107	8.722
9015	205	10.056	3.561
9015	200	7.106	3.105
9015	204	0.237	4.923
9015	202	8.803	4.691
9015	203	8.893	3.992
9015	206	-2.118	4.857
9015	171	1.765	8.255
9021	199	8.348	5.609
9021	195	1.119	2.388
9021	198	4.159	8.077
9021	196	3.637	3.096
9021	197	3.410	3.984
9021	201	5.531	8.771
9021	205	9.477	3.285
9021	200	6.209	2.857
9021	204	0.864	5.039
9021	202	8.214	4.627
9021	203	8.307	3.964
9021	206	-1.465	4.837
9021	171	1.475	8.365
9027	199	9.096	5.657
9027	195	0.584	2.111
9027	198	3.603	8.204
9027	196	3.005	3.013
9027	197	2.873	3.907
9027	201	4.932	8.611
9027	205	8.592	2.923
9027	200	5.475	2.645
9027	204	1.588	5.240
9027	202	7.659	4.562
9027	203	7.752	3.893
9027	206	-0.709	4.907
9027	171	1.279	8.424
9033	199	9.826	5.623
9033	195	0.000	1.970
9033	198	3.040	8.333
9033	196	2.507	2.883
9033	197	2.326	3.783
9033	201	4.274	8.409
9033	205	8.131	2.969
9033	200	4.924	2.648
9033	204	2.304	5.525
9033	202	7.090	4.411
9033	203	7.186	3.778
9033	206	0.037	5.021
9033	171	1.025	8.399
9039	199	10.503	5.632
9039	195	-0.441	1.733
9039	198	2.473	8.508
9039	196	2.009	2.841
9039	197	1.773	3.703
9039	201	3.730	7.980
9039	205	7.351	2.807
9039	200	4.550	2.605
9039	204	2.946	5.631
9039	202	6.475	4.386
9039	203	6.613	3.705
9039	206	0.766	5.088
9039	171	0.770	8.373
9045	199	11.285	5.674
9045	195	-0.888	1.493
9045	198	1.894	8.641
9045	196	1.448	2.708
9045	197	1.209	3.576
9045	201	3.090	7.679
9045	205	6.555	2.684
9045	200	4.030	2.563
9045	204	3.625	5.734
9045	202	5.936	4.315
9045	203	6.075	3.629
9045	206	1.484	5.199
9045	171	0.563	8.344
9051	199	12.046	5.638
9051	195	-1.177	1.253
9051	198	1.360	8.816
9051	196	0.921	2.480
9051	197	0.688	3.447
9051	201	2.396	7.463
9051	205	5.830	2.514
9051	200	3.455	2.520
9051	204	4.378	5.744
9051	202	5.384	4.158
9051	203	5.527	3.509
9051	206	2.186	5.263
9051	207	-2.699	5.159
9051	171	0.257	8.367
9057	195	-1.763	0.766
9057	198	0.869	8.989
9057	196	0.399	2.389
9057	197	0.160	3.315
9057	201	1.692	7.287
9057	205	5.192	2.516
9057	200	3.355	2.476
9057	204	5.072	5.756
9057	202	4.832	4.128
9057	203	4.924	3.388
9057	206	2.921	5.280
9057	207	-2.038	5.137
9057	171	-0.004	8.341
9063	195	-2.235	0.420
9063	198	0.326	9.212
9063	196	-0.259	2.015
9063	197	-0.379	3.136
9063	201	0.982	7.197
9063	205	4.287	2.165
9063	200	2.466	2.297
9063	204	5.708	5.770
9063	202	4.271	4.097
9063	203	4.364	3.352
9063	206	3.690	5.294
9063	207	-1.499	5.072
9063	171	-0.270	8.271
9069	195	-2.536	0.170
9069	198	-0.221	9.483
9069	196	-0.807	1.825
9069	197	-0.877	2.906
9069	201	0.151	7.067
9069	205	3.611	1.986
9069	200	2.059	2.160
9069	204	6.417	5.696
9069	202	3.696	3.978
9069	203	3.789	3.227
9069	206	4.438	5.223
9069	207	-0.959	5.101
9069	171	-0.534	8.244
9075	195	-3.188	-0.189
9075	198	-0.722	9.753
9075	196	-1.307	1.632
9075	197	-1.219	2.673
9075	201	-0.585	7.018
9075	205	2.931	1.938
9075	200	1.443	1.976
9075	204	7.158	5.662
9075	202	3.115	3.902
9075	203	3.208	3.145
9075	206	5.129	5.197
9075	207	-0.325	5.079
9075	171	-0.796	8.263
9081	195	-3.559	-0.496
9081	198	-1.168	10.110
9081	196	-1.718	1.294
9081	197	-1.854	2.247
9081	201	-1.227	6.963
9081	205	2.529	1.800
9081	200	0.974	1.836
9081	204	7.843	5.632
9081	202	2.529	3.869
9081	203	2.573	3.107
9081	206	5.805	5.129
9081	207	0.355	5.102
9081	208	-3.238	4.795
9081	171	-1.052	8.373
9087	195	-3.880	-0.854
9087	198	-1.630	10.336
9087	196	-2.073	1.001
9087	197	-2.850	1.667
9087	201	-2.077	7.150
9087	205	1.863	1.521
9087	200	0.440	1.600
9087	204	8.515	5.602
9087	202	1.973	3.700
9087	203	2.019	2.976
9087	206	6.515	5.102
9087	207	1.121	5.076
9087	208	-2.670	4.874
9087	209	-3.614	-2.332
9087	171	-1.306	8.529
9093	195	-4.209	-1.264
9093	198	-2.088	10.654
9093	196	-2.596	0.751
9093	197	-3.329	1.371
9093	201	-2.846	7.194
9093	205	1.246	1.377
9093	200	-0.090	1.502
9093	204	9.258	5.609
9093	202	1.419	3.664
9093	203	1.465	2.935
9093	206	7.258	5.117
9093	207	1.781	5.143
9093	208	-2.114	4.904
9093	209	-3.205	-1.617
9093	171	-1.416	8.491
9099	195	-4.546	-1.730
9099	198	-2.547	11.021
9099	196	-2.851	0.406
9099	197	-3.766	0.974
9099	201	-3.578	7.189
9099	205	1.144	1.376
9099	200	-0.575	1.402
9099	204	9.984	5.576
9099	202	0.857	3.627
9099	203	0.902	2.894
9099	206	7.984	5.089
9099	207	2.422	5.121
9099	208	-1.135	4.920
9099	209	-2.571	-0.853
9099	171	-1.416	8.491
9105	196	-3.280	0.053
9105	197	-4.151	0.573
9105	201	-4.265	7.181
9105	205	0.199	1.178
9105	200	-1.077	1.160
9105	204	10.657	5.545
9105	202	0.227	3.499
9105	203	0.324	2.759
9105	206	8.659	5.146
9105	207	3.060	5.186
9105	208	-0.396	4.851
9105	209	-2.162	-0.644
9105	171	-1.899	8.527
9105	211	-3.752	4.762
9105	210	-3.623	5.525
9111	196	-3.656	-0.302
9111	197	-4.535	0.218
9111	201	-4.852	7.118
9111	205	-0.279	1.124
9111	200	-1.582	0.961
9111	204	11.358	5.592
9111	202	-0.401	3.508
9111	203	-0.255	2.716
9111	206	9.319	5.161
9111	207	3.731	5.205
9111	208	0.285	4.876
9111	209	-1.791	-0.196
9111	171	-2.116	8.543
9111	211	-3.186	4.746
9111	210	-3.055	5.551
9117	201	-5.511	7.009
9117	205	-0.808	1.163
9117	200	-2.103	0.664
9117	204	12.079	5.519
9117	202	-0.990	3.470
9117	203	-0.789	2.671
9117	206	10.007	5.174
9117	207	4.394	5.268
9117	208	1.006	4.899
9117	209	-1.220	0.109
9117	171	-2.279	8.556
9117	211	-2.516	4.727
9117	210	-2.389	5.526
9123	205	-1.380	0.774
9123	200	-2.570	0.412
9123	204	12.750	5.489
9123	202	-1.595	3.337
9123	203	-1.281	2.579
9123	206	10.880	5.258
9123	207	5.094	5.370
9123	208	1.714	4.921
9123	209	-0.439	0.461
9123	171	-2.548	8.622
9123	211	-1.962	4.758
9123	210	-1.783	5.550
9129	204	13.626	5.486
9129	202	-2.202	3.296
9129	203	-2.155	2.581
9129	206	11.613	5.228
9129	207	5.772	5.343
9129	208	2.462	4.986
9129	209	0.214	0.710
9129	171	-2.790	8.407
9129	211	-1.569	4.887
9129	210	-1.072	5.661
9135	202	-2.761	3.255
9135	203	-2.659	2.535
9135	206	12.296	5.277
9135	207	6.446	5.442
9135	208	3.135	4.875
9135	209	0.685	1.417
9135	171	-2.887	8.554
9135	211	-0.562	4.764
9135	210	-0.433	5.681
9141	206	13.038	5.284
9141	207	7.360	5.404
9141	208	3.761	4.942
9141	209	1.263	1.607
9141	171	-2.887	8.554
9141	211	0.022	4.838
9141	210	0.251	5.745
9147	207	8.003	5.460
9147	208	4.514	4.960
9147	209	1.953	2.069
9147	171	-2.887	8.554
9147	211	0.693	4.818
9147	210	0.870	5.764
9153	207	8.673	5.431
9153	208	5.247	4.892
9153	209	2.577	2.477
9153	171	-2.980	8.748
9153	211	1.363	4.932
9153	210	1.482	5.827
9159	207	9.369	5.361
9159	208	5.889	5.041
9159	209	3.331	2.832
9159	171	-2.980	8.748
9159	211	1.966	4.958
9159	210	2.084	5.890
9165	207	10.055	5.372
9165	208	6.476	5.188
9165	209	4.017	3.093
9165	171	-2.980	8.748
9165	211	2.605	4.937
9165	210	2.723	5.905
9171	207	10.766	5.342
9171	208	7.181	5.287
9171	209	4.736	3.347
9171	171	-2.980	8.748
9171	211	3.195	5.049
9171	210	3.354	5.964
9177	207	11.386	5.316
9177	208	7.914	5.381
9177	209	5.487	3.596
9177	171	-2.955	8.419
9177	211	3.861	5.026
9177	210	3.972	5.979
9183	207	12.029	5.172
9183	208	8.586	5.353
9183	209	6.224	3.882
9183	171	-2.955	8.419
9183	211	4.473	5.048
9183	210	4.578	5.950
9189	207	12.586	5.033
9189	208	9.243	5.286
9189	209	6.980	3.993
9189	171	-2.955	8.419
9189	211	5.080	5.156
9189	210	5.224	6.005
9195	207	13.139	5.011
9195	208	9.930	5.257
9195	209	7.725	4.185
9195	171	-2.955	8.419
9195	211	5.765	5.215
9195	210	6.048	6.218
9195	212	13.436	6.368
9201	208	10.640	5.149
9201	209	8.496	4.372
9201	171	-3.385	8.027
9201	211	6.349	5.277
9201	210	6.623	6.231
9201	212	12.532	6.690
9207	208	11.299	5.044
9207	209	9.287	4.472
9207	171	-3.385	8.027
9207	211	6.923	5.339
9207	210	7.237	6.323
9207	212	11.903	6.885
9213	208	11.984	4.978
9213	209	9.945	4.694
9213	171	-3.385	8.027
9213	211	7.568	5.271
9213	210	7.837	6.332
9213	212	11.304	7.157
9213	214	12.910	5.865
9213	213	12.595	6.380
9219	208	12.658	4.953
9219	209	10.667	4.830
9219	171	-3.385	8.027
9219	211	8.208	5.328
9219	210	8.384	6.343
9219	212	10.691	7.317
9219	214	12.099	6.061
9219	213	12.000	6.454
9225	208	13.618	5.221
9225	209	11.563	4.916
9225	171	-3.385	8.027
9225	211	8.793	5.345
9225	210	8.850	6.519
9225	212	10.140	7.316
9225	214	11.603	5.971
9225	213	11.171	6.698
9231	209	12.253	5.124
9231	171	-3.963	7.924
9231	211	9.404	5.239
9231	210	9.193	5.975
9231	212	9.545	7.438
9231	214	11.075	6.234
9231	213	10.515	6.857
9237	209	12.963	5.249
9237	171	-3.963	7.924
9237	211	10.050	5.253
9237	210	9.678	5.911
9237	212	8.896	7.484
9237	214	10.461	6.505
9237	213	9.803	6.903
9243	171	-3.963	7.924
9243	211	10.681	5.187
9243	210	10.275	5.841
9243	212	8.231	7.450
9243	214	9.828	6.583
9243	213	9.113	6.866
9249	171	-3.963	7.924
9249	211	11.303	5.162
9249	210	10.864	5.812
9249	212	7.603	7.535
9249	214	9.181	6.581
9249	213	8.484	6.662
9255	211	11.954	5.175
9255	210	11.484	5.860
9255	212	6.959	7.539
9255	214	8.531	6.781
9255	213	7.805	6.539
9261	211	12.625	5.070
9261	210	12.014	5.794
9261	212	6.303	7.543
9261	214	7.824	6.906
9261	213	7.154	6.369
9267	211	13.327	5.195
9267	210	12.533	5.653
9267	212	5.683	7.586
9267	214	7.024	7.163
9267	213	6.450	6.281
9273	212	5.047	7.546
9273	214	6.242	7.255
9273	213	5.781	6.232
9279	212	4.354	7.507
9279	214	5.523	7.176
9279	213	5.139	6.095
9285	212	3.701	7.551
9285	214	4.646	7.018
9285	213	4.453	6.172
9291	212	3.078	7.506
9291	214	3.948	7.018
9291	213	3.749	6.163
9297	212	2.448	7.504
9297	214	3.233	6.974
9297	213	3.037	6.242
9303	212	1.762	7.549
9303	214	2.510	7.017
9303	213	2.356	6.232
9303	215	10.456	6.387
9303	217	-6.108	5.864
9303	218	-6.271	4.884
9303	216	-4.177	8.080
9309	212	1.110	7.547
9309	214	1.818	6.969
9309	213	1.662	6.222
9309	215	9.816	6.304
9309	217	-5.344	5.736
9309	218	-5.681	4.768
9309	216	-4.010	8.022
9315	212	0.503	7.586
9315	214	1.166	6.963
9315	213	1.010	6.253
9315	215	9.199	6.096
9315	217	-4.651	5.612
9315	218	-4.796	4.743
9315	216	-3.845	7.963
9321	212	-0.170	7.585
9321	214	0.456	7.004
9321	213	0.292	6.243
9321	215	8.570	5.885
9321	217	-3.964	5.538
9321	218	-4.110	4.628
9321	216	-3.845	7.963
9327	212	-0.862	7.492
9327	214	-0.219	6.997
9327	213	-0.380	6.321
9327	215	7.967	5.585
9327	217	-3.236	5.415
9327	218	-3.373	4.560
9327	216	-3.428	8.171
9333	212	-1.233	7.515
9333	214	-0.901	7.036
9333	213	-1.066	6.355
9333	215	7.394	5.236
9333	217	-2.461	5.340
9333	218	-2.644	4.541
9333	216	-3.195	8.249
9339	212	-1.877	7.556
9339	214	-1.541	7.073
9339	213	-1.709	6.386
9339	215	6.813	4.924
9339	217	-1.699	5.266
9339	218	-1.836	4.331
9339	216	-2.917	8.229
9345	212	-2.031	7.054
9345	214	-2.650	7.511
9345	213	-2.422	6.374
9345	215	6.261	4.519
9345	217	-1.042	5.382
9345	218	-1.079	4.313
9345	216	-2.790	8.407
9351	212	-2.689	7.091
9351	214	-3.317	7.552
9351	213	-3.143	6.409
9351	215	5.704	4.193
9351	217	-0.347	5.448
9351	218	-0.333	4.341
9351	216	-2.790	8.407
9357	212	-3.301	7.126
9357	214	-3.942	7.543
9357	213	-3.763	6.438
9357	215	5.181	3.817
9357	217	0.384	5.466
9357	218	0.400	4.369
9357	216	-2.790	8.407
9363	215	4.550	3.350
9363	217	1.294	5.341
9363	218	1.120	4.396
9363	216	-2.233	8.460
9369	215	3.970	3.093
9369	217	2.045	5.357
9369	218	1.827	4.423
9369	216	-2.233	8.460
9375	215	3.473	2.787
9375	217	2.782	5.373
9375	218	2.570	4.448
9375	216	-2.233	8.460
9381	215	2.932	2.656
9381	217	3.503	5.345
9381	218	3.344	4.428
9381	216	-1.962	8.440
9387	215	2.380	2.478
9387	217	4.210	5.318
9387	218	4.057	4.408
9387	216	-1.862	8.340
9393	215	1.813	2.206
9393	217	4.954	5.332
9393	218	4.802	4.388
9393	216	-1.862	8.340
9399	215	1.142	2.021
9399	217	5.683	5.346
9399	218	5.491	4.413
9399	220	12.579	4.801
9399	219	-2.487	4.442
9399	216	-1.651	8.279
9405	215	0.655	1.695
9405	217	6.444	5.400
9405	218	6.258	4.477
9405	220	11.815	4.515
9405	219	-1.777	4.377
9405	216	-1.651	8.279
9411	215	0.112	1.410
9411	217	7.149	5.496
9411	218	7.179	4.450
9411	220	11.075	4.300
9411	219	-1.075	4.360
9411	216	-1.651	8.279
9417	215	-0.438	1.122
9417	217	7.798	5.592
9417	218	7.914	4.554
9417	220	10.355	3.998
9417	219	-0.434	4.390
9417	221	-2.661	0.021
9417	216	-1.651	8.279
9423	215	-0.736	0.738
9423	217	8.645	5.718
9423	218	8.633	4.614
9423	220	9.583	3.813
9423	219	0.249	4.419
9423	221	-2.231	0.468
9423	216	-1.651	8.279
9429	215	-1.346	0.536
9429	217	9.349	5.806
9429	218	9.339	4.714
9429	220	8.832	3.582
9429	219	0.924	4.492
9429	221	-1.907	1.004
9429	216	-2.212	8.087
9435	215	-1.821	0.092
9435	217	10.078	5.891
9435	218	10.071	4.810
9435	220	8.111	3.428
9435	219	1.587	4.565
9435	221	-1.215	1.443
9435	216	-2.212	8.087
9441	217	10.711	5.899
9441	218	10.786	4.865
9441	220	7.378	3.312
9441	219	2.180	4.504
9441	221	-0.650	1.778
9441	216	-2.212	8.087
9447	217	11.334	5.946
9447	218	11.449	4.959
9447	220	6.670	3.152
9447	219	2.923	4.616
9447	221	-0.094	2.109
9447	216	-2.212	8.087
9453	217	11.947	6.031
9453	218	12.102	5.091
9453	220	5.905	3.031
9453	219	3.746	4.724
9453	221	0.550	2.342
9453	216	-2.250	8.276
9459	217	12.435	6.043
9459	218	12.592	5.187
9459	220	5.168	2.864
9459	219	4.407	4.747
9459	221	1.136	2.617
9459	216	-2.250	8.276
9465	220	4.467	2.781
9465	219	5.056	4.769
9465	221	1.713	2.888
9465	216	-2.250	8.276
9471	220	3.748	2.608
9471	219	5.739	4.790
9471	221	2.330	3.154
9471	216	-2.250	8.276
9477	220	2.923	2.521
9477	219	6.413	4.853
9477	221	2.936	3.416
9477	216	-2.250	8.276
9483	220	2.218	2.297
9483	219	7.113	4.829
9483	221	3.527	3.584
9483	216	-2.250	8.276
9489	220	1.511	2.205
9489	219	7.800	4.806
9489	221	4.158	3.793
9489	216	-2.250	8.276
9495	220	0.742	2.158
9495	219	8.472	4.743
9495	221	4.772	3.912
9495	222	-3.507	-2.426
9495	216	-2.250	8.276
9501	220	0.000	1.970
9501	219	9.130	4.639
9501	221	5.419	3.985
9501	222	-3.232	-1.915
9501	216	-2.250	8.276
9507	220	-0.704	1.778
9507	219	9.819	4.577
9507	221	6.102	4.098
9507	222	-2.954	-1.359
9507	216	-2.781	8.500
9513	220	-1.420	1.583
9513	219	10.491	4.396
9513	221	6.812	4.124
9513	222	-2.618	-0.758
9513	216	-2.781	8.500
9519	220	-2.103	1.289
9519	219	11.193	4.336
9519	221	7.553	4.189
9519	222	-2.119	-0.158
9519	216	-2.781	8.500
9525	220	-2.704	0.797
9525	219	11.845	4.278
9525	221	8.278	4.212
9525	222	-1.729	0.527
9525	223	-1.289	5.624
9525	224	-2.056	6.776
9525	216	-2.982	8.140
9531	220	-3.253	0.347
9531	219	12.565	4.413
9531	221	8.948	4.277
9531	222	-1.081	1.112
9531	223	-0.598	5.596
9531	224	-1.342	6.877
9531	216	-2.982	8.140
9537	219	13.238	4.662
9537	221	9.570	4.423
9537	222	-0.373	1.264
9537	223	0.033	5.617
9537	224	-0.555	6.742
9537	216	-2.982	8.140
9543	221	10.380	4.600
9543	222	0.333	1.552
9543	223	0.706	5.635
9543	224	0.074	6.754
9543	216	-2.982	8.140
9549	221	11.017	4.778
9549	222	0.971	1.789
9549	223	1.364	5.608
9549	224	0.744	6.762
9549	216	-3.269	8.066
9555	221	11.713	4.832
9555	222	1.655	2.114
9555	223	2.065	5.624
9555	224	1.456	6.812
9555	216	-3.269	8.066
9561	221	12.439	5.077
9561	222	2.515	2.297
9561	223	2.798	5.593
9561	224	2.018	7.002
9561	216	-3.269	8.066
9567	221	13.144	5.164
9567	222	3.461	2.609
9567	223	3.473	5.609
9567	224	2.656	7.008
9567	216	-3.269	8.066
9573	222	3.843	2.608
9573	223	4.178	5.536
9573	224	3.280	6.971
9573	216	-3.269	8.066
9579	222	4.660	2.868
9579	223	4.827	5.509
9579	224	3.986	6.886
9579	216	-3.269	8.066
9585	222	5.367	3.123
9585	223	5.513	5.523
9585	224	4.684	6.888
9585	216	-3.269	8.066
9591	222	6.147	3.329
9591	223	6.184	5.495
9591	224	5.317	6.766
9591	216	-3.269	8.066
9597	222	7.126	3.484
9597	223	7.022	5.543
9597	224	6.073	6.638
9597	216	-3.269	8.066
9603	222	7.912	3.681
9603	223	7.626	5.559
9603	224	6.691	6.644
9603	216	-3.269	8.066
9609	222	8.678	3.832
9609	223	8.260	5.531
9609	224	7.334	6.524
9609	216	-3.269	8.066
9615	222	9.509	3.977
9615	223	8.926	5.543
9615	224	7.974	6.529
9615	226	13.471	6.328
9615	216	-3.269	8.066
9621	222	10.322	4.160
9621	223	9.577	5.473
9621	224	8.515	6.457
9621	226	12.677	6.605
9621	216	-3.269	8.066
9627	222	11.155	4.337
9627	223	10.218	5.445
9627	224	9.088	6.344
9627	228	0.514	7.090
9627	227	0.617	6.453
9627	226	12.049	6.759
9627	216	-3.269	8.066
9633	222	11.970	4.588
9633	223	10.849	5.457
9633	224	9.694	6.271
9633	228	1.377	7.084
9633	227	1.529	6.451
9633	226	11.411	6.956
9633	216	-3.269	8.066
9639	222	12.880	4.944
9639	223	11.544	5.427
9639	224	10.287	6.119
9639	228	2.169	7.037
9639	227	2.316	6.367
9639	226	10.759	7.077
9639	216	-3.269	8.066
9645	223	12.191	5.476
9645	224	10.870	5.970
9645	228	2.945	6.991
9645	227	3.091	6.327
9645	226	10.094	7.161
9645	216	-3.269	8.066
9651	223	12.825	5.524
9651	224	11.485	5.899
9651	228	3.754	6.943
9651	227	3.852	6.288
9651	226	9.417	7.287
9651	216	-3.680	7.905
9657	228	4.589	6.851
9657	227	4.640	6.205
9657	226	8.726	7.375
9657	216	-3.680	7.905
9663	228	5.410	6.803
9663	227	5.416	6.166
9663	226	8.026	7.546
9663	216	-3.680	7.905
9669	228	6.120	6.677
9669	227	6.176	6.128
9669	226	7.352	7.635
9669	216	-3.680	7.905
9675	228	6.862	6.593
9675	227	6.919	6.049
9675	226	6.665	7.725
9675	229	1.108	2.250
9675	216	-4.310	7.899
9675	230	-3.527	5.330
9675	231	-3.855	4.283
9681	228	7.548	6.512
9681	227	7.681	5.804
9681	226	5.960	7.734
9681	229	1.886	2.524
9681	216	-4.429	7.859
9681	230	-3.021	5.313
9681	231	-3.282	4.318
9687	228	8.309	6.510
9687	227	8.392	5.648
9687	226	5.287	7.740
9687	229	2.396	2.703
9687	216	-4.611	7.775
9687	230	-2.308	5.193
9687	231	-2.777	4.306
9693	228	9.134	6.463
9693	227	9.133	5.574
9693	226	4.601	7.746
9693	229	3.148	2.967
9693	216	-4.732	7.735
9693	230	-1.866	5.225
9693	231	-2.177	4.197
9699	228	9.900	6.379
9699	227	9.904	5.579
9699	226	3.897	7.667
9699	229	3.789	3.227
9699	216	-4.843	7.790
9699	230	-1.367	5.347
9699	231	-1.622	4.279
9705	228	10.729	6.332
9705	227	10.657	5.545
9705	226	3.183	7.629
9705	229	4.463	3.438
9705	216	-4.838	7.837
9705	230	-0.841	5.236
9705	231	-0.919	4.309
9711	228	11.575	6.245
9711	227	11.584	5.464
9711	226	2.500	7.544
9711	229	5.170	3.645
9711	216	-4.838	7.837
9711	230	-0.362	5.265
9711	231	-0.333	4.341
9717	228	12.328	6.165
9717	227	12.267	5.511
9717	226	1.808	7.502
9717	229	5.816	3.805
9717	216	-4.838	7.837
9717	230	0.163	5.292
9717	231	0.197	4.420
9723	228	13.104	6.198
9723	227	12.939	5.633
9723	226	1.147	7.366
9723	229	6.492	3.919
9723	216	-4.838	7.837
9723	230	0.729	5.271
9723	231	0.760	4.360
9729	228	13.429	6.141
9729	227	13.407	5.420
9729	226	0.430	7.321
9729	229	7.156	4.031
9729	216	-4.838	7.837
9729	230	1.243	5.343
9729	231	1.279	4.483
9735	226	-0.252	7.227
9735	229	7.893	4.139
9735	216	-4.838	7.837
9735	230	1.794	5.322
9735	231	1.784	4.514
9741	226	-0.950	7.085
9741	229	8.615	4.245
9741	216	-4.838	7.837
9741	230	2.383	5.255
9741	231	2.328	4.499
9747	229	9.283	4.390
9747	216	-4.838	7.837
9747	232	13.007	6.584
9747	230	2.918	5.236
9747	231	2.817	4.486
9753	229	10.017	4.490
9753	216	-4.838	7.837
9753	232	12.307	6.628
9753	230	3.443	5.172
9753	231	3.290	4.341
9759	229	10.698	4.629
9759	216	-4.785	7.786
9759	232	11.667	6.667
9759	230	4.011	5.152
9759	231	3.812	4.283
9765	229	11.403	4.764
9765	216	-4.785	7.786
9765	232	11.016	6.708
9765	230	4.574	5.174
9765	231	4.280	4.228
9771	229	12.134	4.934
9771	216	-4.838	7.837
9771	232	10.310	6.673
9771	230	5.121	5.068
9771	231	4.783	4.086
9777	229	12.775	5.141
9777	216	-4.891	7.889
9777	232	9.632	6.674
9777	230	5.662	5.006
9777	231	5.293	4.160
9783	233	0.406	8.938
9783	216	-4.949	7.892
9783	232	8.977	6.593
9783	230	6.381	5.065
9783	231	5.791	4.148
9789	233	1.049	8.708
9789	216	-5.007	7.896
9789	232	8.309	6.510
9789	230	6.907	5.046
9789	231	6.285	4.179
9795	233	1.743	8.609
9795	216	-5.129	7.856
9795	232	7.709	6.339
9795	230	7.550	4.940
9795	231	6.734	4.294
9801	233	2.418	8.425
9801	216	-5.251	7.815
9801	232	6.917	6.007
9801	230	8.147	4.960
9801	231	7.254	4.239
9807	233	3.082	8.244
9807	216	-5.368	7.823
9807	232	6.248	5.830
9807	230	8.688	4.899
9807	231	7.812	4.224
9813	233	3.785	8.105
9813	216	-5.481	7.878
9813	232	5.608	5.604
9813	230	9.183	4.882
9813	231	8.364	4.252
9819	233	4.520	7.922
9819	216	-5.648	7.986
9819	232	4.962	5.461
9819	230	9.792	4.860
9819	231	8.897	4.074
9825	233	5.244	7.785
9825	234	-2.826	-0.569
9825	235	-3.412	-0.147
9825	216	-5.761	8.041
9825	232	4.402	5.397
9825	230	10.348	4.761
9825	231	9.357	4.225
9831	233	5.950	7.568
9831	234	-2.575	-0.268
9831	235	-3.100	0.156
9831	216	-5.880	8.049
9831	232	3.782	5.247
9831	230	10.820	4.745
9831	231	9.844	4.213
9837	233	6.600	7.357
9837	234	-2.213	0.033
9837	235	-2.790	0.456
9837	216	-5.999	8.057
9837	232	3.147	5.051
9837	230	11.439	4.684
9837	231	10.282	4.161
9843	233	7.287	7.228
9843	234	-1.907	0.379
9843	235	-2.424	0.802
9843	216	-6.113	8.113
9843	232	2.498	4.807
9843	230	11.967	4.510
9843	231	10.720	4.230
9849	233	7.999	7.018
9849	234	-1.898	0.476
9849	235	-2.415	0.899
9849	216	-6.217	8.266
9849	232	1.840	4.603
9849	230	12.449	4.300
9849	231	11.066	4.061
9855	233	8.701	6.852
9855	234	-1.890	0.572
9855	235	-2.269	1.287
9855	216	-6.207	8.362
9855	232	1.265	4.302
9855	230	12.859	4.327
9855	231	11.412	3.974
9861	233	9.351	6.731
9861	234	-1.886	0.620
9861	235	-2.039	1.386
9861	216	-6.256	8.463
9861	232	0.636	4.089
9861	230	13.041	4.245
9861	231	11.720	4.006
9867	233	10.031	6.650
9867	234	-1.376	0.822
9867	235	-2.035	1.434
9867	216	-6.486	8.576
9867	232	0.041	3.779
9867	230	13.045	4.360
9867	231	11.941	3.804
9867	236	13.275	5.846
9873	233	10.742	6.646
9873	234	-1.376	0.822
9873	235	-2.035	1.434
9873	216	-5.869	8.726
9873	232	-0.564	3.464
9873	230	13.047	4.437
9873	231	12.093	3.801
9873	236	12.387	5.737
9879	233	11.584	6.478
9879	234	-1.376	0.822
9879	235	-2.031	1.482
9879	216	-5.134	8.959
9879	232	-1.129	3.096
9879	230	13.046	4.399
9879	231	12.170	3.838
9879	236	11.822	5.726
9885	233	12.409	6.352
9885	234	-1.376	0.822
9885	235	-2.274	1.863
9885	216	-4.456	9.334
9885	232	-1.489	2.674
9885	230	13.046	4.399
9885	231	12.357	3.795
9885	236	11.249	5.754
9891	233	13.104	6.198
9891	234	-1.759	0.815
9891	235	-2.633	2.198
9891	216	-3.738	9.651
9891	232	-1.682	2.342
9891	230	12.610	4.645
9891	231	12.280	3.757
9891	236	10.631	5.863
9897	234	-1.692	0.959
9897	235	-2.930	2.632
9897	216	-2.983	9.911
9897	232	-2.180	1.672
9897	230	12.612	4.683
9897	231	12.282	3.797
9897	236	10.081	5.971
9903	234	-1.650	1.438
9903	235	-3.412	2.924
9903	216	-2.259	9.983
9903	232	-2.449	1.140
9903	230	12.613	4.722
9903	231	12.245	3.837
9903	236	9.524	6.079
9909	232	-2.890	0.599
9909	230	12.614	4.761
9909	231	12.245	3.837
9909	236	8.955	6.149
9915	230	12.651	4.760
9915	231	12.245	3.837
9915	236	8.460	6.176
9915	241	-2.153	8.130
9915	242	-1.574	9.145
9915	240	-1.861	4.661
9915	237	-1.798	7.226
9915	239	-2.169	5.518
9915	238	-2.736	6.577
9921	230	12.651	4.760
9921	231	12.245	3.837
9921	236	7.917	6.245
9921	241	-1.227	8.203
9921	242	-0.783	9.035
9921	240	-1.258	4.738
9921	237	-1.291	7.473
9921	239	-1.455	5.584
9921	238	-2.287	6.648
9927	230	12.651	4.760
9927	231	12.245	3.837
9927	236	7.364	6.275
9927	241	-0.437	8.147
9927	242	0.048	8.967
9927	243	-2.887	5.545
9927	240	-0.721	4.768
9927	237	-0.719	7.300
9927	239	-0.863	5.607
9927	238	-1.597	6.427
9933	230	12.651	4.760
9933	231	12.245	3.837
9933	236	6.807	6.388
9933	241	0.283	8.051
9933	242	0.808	8.860
9933	243	-2.241	5.943
9933	240	-0.246	4.754
9933	237	-0.144	7.265
9933	239	-0.610	5.458
9933	238	-1.001	6.490
9939	230	12.651	4.760
9939	231	12.245	3.837
9939	236	6.321	6.330
9939	241	1.041	7.953
9939	242	1.502	8.716
9939	243	-1.784	6.157
9939	240	0.385	4.827
9939	237	0.368	7.189
9939	239	-0.030	5.482
9939	238	-0.638	6.380
9945	230	12.651	4.760
9945	231	12.245	3.837
9945	236	5.870	6.228
9945	241	1.785	7.857
9945	242	2.233	8.570
9945	243	-1.009	6.398
9945	240	1.006	4.899
9945	237	0.877	7.159
9945	239	0.546	5.551
9945	238	0.044	6.391
9951	230	12.689	4.758
9951	231	12.245	3.837
9951	236	5.373	6.211
9951	241	2.513	7.719
9951	242	2.948	8.384
9951	243	-0.405	6.643
9951	240	1.561	4.881
9951	237	1.380	7.129
9951	239	1.102	5.483
9951	238	0.511	6.413
9957	230	12.689	4.758
9957	231	12.247	3.876
9957	236	4.956	6.104
9957	241	3.275	7.580
9957	242	3.700	8.240
9957	243	0.185	6.838
9957	240	2.108	4.864
9957	237	1.877	7.099
9957	239	1.655	5.462
9957	238	1.010	6.253
9963	230	12.548	4.996
9963	231	12.251	3.993
9963	236	4.488	5.998
9963	241	4.020	7.401
9963	242	4.526	8.007
9963	243	0.812	6.983
9963	240	2.693	4.800
9963	237	2.423	7.154
9963	239	2.242	5.350
9963	238	1.576	6.404
9969	230	13.183	5.239
9969	231	12.483	4.182
9969	236	4.069	6.018
9969	241	4.755	7.268
9969	242	5.297	7.908
9969	243	1.427	7.081
9969	240	3.225	4.784
9969	237	3.009	7.206
9969	239	2.779	5.329
9969	244	-2.703	5.727
9969	238	2.176	6.462
9975	230	13.183	5.239
9975	231	13.053	4.630
9975	236	3.550	6.042
9975	241	5.473	7.095
9975	242	6.007	7.773
9975	243	1.985	7.225
9975	240	3.752	4.811
9975	237	3.447	7.308
9975	239	3.312	5.353
9975	244	-2.026	5.887
9975	238	2.673	6.568
9981	236	3.004	5.761
9981	241	6.181	6.967
9981	242	6.699	7.557
9981	243	2.584	7.363
9981	240	4.319	4.836
9981	237	3.965	7.275
9981	239	3.838	5.376
9981	244	-1.311	5.996
9981	238	3.208	6.627
9987	236	2.555	5.603
9987	241	6.919	6.838
9987	242	7.424	7.383
9987	243	3.218	7.453
9987	240	4.832	4.863
9987	237	4.476	7.243
9987	239	4.312	5.444
9987	244	-0.612	6.057
9987	238	3.731	6.598
9993	236	2.002	5.448
9993	241	7.642	6.671
9993	242	8.131	7.132
9993	243	3.888	7.539
9993	240	5.383	4.888
9993	237	5.111	7.117
9993	239	4.919	5.505
9993	244	0.030	6.210
9993	238	4.292	6.567
9999	236	1.578	5.105
9999	241	8.393	6.505
9999	242	8.871	6.962
9999	243	4.498	7.583
9999	240	5.884	4.956
9999	237	5.657	7.167
9999	239	5.374	5.487
9999	244	0.654	6.271
9999	238	4.795	6.454
10005	236	1.151	4.804
10005	241	9.127	6.302
10005	242	9.599	6.836
10005	243	5.095	7.585
10005	240	6.376	4.981
10005	237	6.095	7.014
10005	239	5.780	5.470
10005	244	1.439	6.590
10005	238	5.248	6.387
10011	236	0.665	4.454
10011	241	9.887	6.100
10011	242	10.310	6.673
10011	243	5.775	7.622
10011	240	6.859	4.964
10011	237	6.613	6.815
10011	239	6.272	5.491
10011	244	2.081	6.512
10011	238	5.791	6.401
10017	236	0.319	4.004
10017	241	10.902	5.810
10017	242	11.132	6.701
10017	243	6.439	7.617
10017	240	7.297	5.032
10017	237	7.131	6.743
10017	239	6.756	5.471
10017	244	2.770	6.563
10017	238	6.279	6.374
10023	241	11.667	5.656
10023	242	11.890	6.538
10023	243	7.092	7.612
10023	240	7.725	5.016
10023	237	7.602	6.715
10023	239	7.190	5.453
10023	244	3.399	6.616
10023	238	6.846	6.302
10029	241	12.491	5.501
10029	242	12.634	6.416
10029	243	7.774	7.563
10029	240	8.193	5.040
10029	237	8.104	6.603
10029	239	7.664	5.474
10029	244	4.018	6.669
10029	238	7.323	6.318
10035	241	13.303	5.578
10035	242	13.327	6.337
10035	243	8.483	7.473
10035	240	8.655	5.064
10035	237	8.646	6.572
10035	239	8.130	5.454
10035	244	4.716	6.672
10035	238	7.790	6.252
10041	243	9.221	7.421
10041	240	9.315	5.080
10041	237	9.136	6.503
10041	239	8.592	5.476
10041	244	5.407	6.760
10041	238	8.257	6.309
10047	243	9.982	7.327
10047	240	9.879	5.018
10047	237	9.579	6.397
10047	239	8.962	5.419
10047	244	6.036	6.766
10047	238	8.630	6.248
10053	243	10.725	7.197
10053	240	10.397	4.999
10053	237	10.138	6.366
10053	239	9.285	5.324
10053	244	6.700	6.810
10053	238	8.955	6.149
10059	243	11.491	7.028
10059	240	10.906	4.940
10059	237	10.608	6.260
10059	239	9.650	5.309
10059	244	7.354	6.894
10059	238	9.364	6.128
10065	243	12.239	6.824
10065	240	11.446	4.881
10065	237	10.994	6.160
10065	239	10.171	5.288
10065	244	8.079	6.931
10065	238	9.603	6.035
10071	243	12.938	6.703
10071	240	11.942	4.863
10071	237	11.456	6.135
10071	239	10.531	5.352
10071	244	8.789	6.968
10071	238	9.798	5.905
10077	240	12.432	4.884
10077	237	11.835	6.075
10077	239	10.995	5.214
10077	244	9.481	6.923
10077	238	10.036	5.853
10083	240	12.990	4.940
10083	237	12.209	5.978
10083	239	11.572	5.151
10083	244	10.238	6.835
10083	238	10.271	5.762
10089	240	13.396	5.077
10089	237	12.655	5.955
10089	239	11.951	5.097
10089	244	10.981	6.788
10089	238	10.500	5.552
10095	237	13.356	6.108
10095	239	12.327	5.082
10095	244	11.628	6.631
10095	238	10.689	5.385
10101	239	12.820	5.370
10101	244	12.381	6.623
10101	245	4.229	6.312
10101	246	4.073	5.367
10101	249	2.692	5.465
10101	248	2.213	4.949
10101	247	2.394	4.051
10101	238	10.998	5.293
10107	239	13.224	5.390
10107	244	13.120	6.691
10107	245	4.878	6.321
10107	246	4.778	5.468
10107	249	3.270	5.442
10107	248	2.845	4.884
10107	247	2.880	3.996
10107	238	11.189	5.206
10113	245	5.469	6.291
10113	246	5.422	5.527
10113	249	3.796	5.465
10113	248	3.422	4.866
10113	247	3.449	3.851
10113	238	11.598	4.836
10119	245	6.095	6.258
10119	246	6.006	5.503
10119	249	4.309	5.401
10119	248	3.941	4.805
10119	247	4.019	3.840
10119	238	11.748	4.752
10125	245	6.759	6.307
10125	246	6.629	5.560
10125	249	4.913	5.420
10125	248	4.497	4.701
10125	247	4.535	3.830
10125	238	11.939	4.785
10131	245	7.366	6.316
10131	246	7.240	5.576
10131	249	5.505	5.396
10131	248	5.142	4.681
10131	247	5.086	3.776
10131	238	12.090	4.779
10137	245	7.963	6.325
10137	246	7.796	5.551
10137	249	6.041	5.332
10137	248	5.684	4.621
10137	247	5.593	3.852
10137	238	12.238	4.696
10143	245	8.596	6.412
10143	246	8.389	5.607
10143	249	6.744	5.262
10143	248	6.270	4.688
10143	247	6.308	3.795
10143	238	12.349	4.653
10149	245	9.257	6.456
10149	246	9.092	5.576
10149	249	7.435	5.193
10149	248	6.980	4.792
10149	247	6.835	3.743
10149	238	12.351	4.692
10155	245	9.868	6.580
10155	246	9.663	5.590
10155	249	8.035	5.253
10155	248	7.501	4.816
10155	247	7.407	3.858
10155	238	12.313	4.694
10161	245	10.466	6.624
10161	246	10.266	5.643
10161	249	8.584	5.313
10161	248	7.967	4.759
10161	247	7.965	3.888
10161	238	12.313	4.694
10167	245	11.050	6.588
10167	246	10.818	5.657
10167	249	9.120	5.291
10167	248	8.478	4.866
10167	247	8.471	3.877
10167	238	12.313	4.694
10173	245	11.587	6.556
10173	246	11.360	5.631
10173	249	9.650	5.309
10173	248	8.978	4.889
10173	247	8.978	4.031
10173	238	12.312	4.655
10179	245	12.080	6.565
10179	246	11.934	5.682
10179	249	10.171	5.288
10179	248	9.391	4.956
10179	247	9.431	4.061
10179	238	12.310	4.616
10185	245	12.487	6.463
10185	246	12.458	5.618
10185	249	10.805	5.341
10185	248	9.769	5.264
10185	247	9.873	3.969
10185	238	12.310	4.616
10191	245	13.068	6.200
10191	246	12.861	5.484
10191	249	11.277	5.478
10191	248	10.256	5.404
10191	247	10.322	4.160
10191	238	12.310	4.616
10197	245	13.175	6.118
10197	246	13.371	5.422
10197	249	11.816	5.571
10197	248	10.774	5.540
10197	247	10.684	4.310
10197	251	2.582	6.661
10197	253	2.318	5.035
10197	252	2.075	5.757
10197	250	13.242	7.099
10197	238	12.310	4.616
10203	249	12.350	5.739
10203	248	11.251	5.793
10203	247	11.121	4.457
10203	251	3.256	6.624
10203	253	2.906	5.059
10203	252	2.714	5.774
10203	250	12.488	7.572
10203	238	12.310	4.616
10209	249	12.724	5.797
10209	248	11.711	5.810
10209	247	11.366	4.805
10209	251	3.875	6.634
10209	253	3.622	4.991
10209	252	3.342	5.790
10209	250	11.938	7.844
10209	238	12.309	4.577
10215	249	12.903	5.635
10215	248	12.173	6.019
10215	247	11.727	5.223
10215	251	4.529	6.640
10215	253	4.328	4.966
10215	252	4.008	5.804
10215	254	-0.067	5.025
10215	250	11.479	7.726
10215	238	12.308	4.538
10221	249	13.132	5.929
10221	248	12.398	6.045
10221	247	11.923	5.371
10221	251	5.122	6.564
10221	253	4.975	4.944
10221	252	4.656	5.732
10221	254	0.663	5.092
10221	250	10.914	8.003
10221	255	13.436	6.368
10221	256	12.402	7.235
10221	238	12.381	4.497
10227	249	13.131	5.891
10227	248	12.437	6.082
10227	247	12.228	5.474
10227	251	5.984	6.643
10227	253	5.707	5.005
10227	252	5.292	5.618
10227	254	1.431	5.155
10227	250	10.522	7.956
10227	255	12.496	6.731
10227	256	11.775	7.511
10227	238	12.493	4.493
10233	248	13.092	5.817
10233	247	12.340	5.469
10233	251	6.645	6.605
10233	253	6.336	5.067
10233	252	5.922	5.591
10233	254	2.183	5.218
10233	250	9.956	7.646
10233	255	11.512	6.599
10233	256	11.243	7.550
10233	238	12.531	4.492
10239	248	13.202	5.850
10239	247	12.527	5.460
10239	251	7.165	6.575
10239	253	6.994	5.043
10239	252	6.542	5.564
10239	254	2.921	5.280
10239	250	9.471	7.562
10239	255	10.701	6.610
10239	256	10.745	7.665
10239	238	12.489	4.377
10245	248	13.276	5.884
10245	247	12.814	5.178
10245	251	7.722	6.584
10245	253	7.642	5.061
10245	252	7.195	5.536
10245	254	3.693	5.338
10245	250	8.990	7.718
10245	255	9.993	6.692
10245	256	10.157	7.710
10245	257	13.018	6.925
10245	238	12.559	4.219
10251	248	13.348	5.842
10251	247	12.891	5.290
10251	251	8.265	6.472
10251	253	8.235	5.039
10251	252	7.792	5.469
10251	254	4.449	5.395
10251	250	8.495	7.714
10251	255	9.564	6.958
10251	256	9.637	7.670
10251	258	-1.620	7.401
10251	259	-2.123	6.640
10251	257	12.541	6.958
10251	238	12.696	3.866
10257	248	13.419	5.800
10257	247	12.927	5.250
10257	251	8.918	6.232
10257	253	8.818	5.017
10257	252	8.423	5.442
10257	254	5.236	5.450
10257	250	8.196	7.574
10257	255	9.080	7.029
10257	256	9.104	7.549
10257	258	-1.036	7.319
10257	259	-1.535	6.517
10257	260	12.531	6.652
10257	257	11.985	7.072
10257	238	12.693	3.788
10263	248	13.455	5.799
10263	247	13.110	5.242
10263	251	9.566	6.117
10263	253	9.396	5.077
10263	252	9.003	5.417
10263	254	6.050	5.501
10263	250	7.643	7.491
10263	255	8.448	6.786
10263	256	8.932	7.361
10263	258	-0.509	7.288
10263	259	-0.902	6.393
10263	260	11.931	6.612
10263	257	11.379	7.113
10263	238	12.619	3.789
10269	247	13.145	5.203
10269	251	10.161	5.967
10269	253	10.000	5.014
10269	252	9.610	5.311
10269	254	6.799	5.469
10269	250	7.332	7.266
10269	255	7.978	6.611
10269	256	8.350	7.320
10269	258	0.066	7.298
10269	259	-0.275	6.316
10269	260	11.361	6.648
10269	257	10.842	7.189
10269	238	12.508	3.831
10275	247	13.290	5.158
10275	251	10.597	5.984
10275	253	10.673	4.989
10275	252	9.895	5.379
10275	254	7.581	5.519
10275	250	6.620	6.940
10275	255	7.638	6.589
10275	256	7.839	7.192
10275	258	0.627	7.219
10275	259	0.350	6.331
10275	260	10.585	6.656
10275	257	10.255	7.229
10275	261	13.089	6.845
10275	238	12.433	3.832
10281	251	11.217	5.913
10281	253	11.142	5.010
10281	252	10.375	5.399
10281	254	8.383	5.485
10281	250	6.031	6.682
10281	255	7.190	6.242
10281	256	7.318	7.020
10281	258	1.133	7.188
10281	259	0.912	6.303
10281	260	9.957	6.774
10281	257	9.610	7.075
10281	261	12.618	7.029
10281	238	12.354	3.717
10287	251	11.826	5.843
10287	253	11.679	4.951
10287	252	10.691	5.425
10287	254	9.091	5.535
10287	250	5.522	6.415
10287	255	6.458	5.652
10287	256	6.924	6.921
10287	258	1.686	7.199
10287	259	1.466	6.276
10287	260	9.467	6.604
10287	257	9.002	7.115
10287	261	11.874	7.118
10287	238	12.276	3.640
10293	251	12.390	5.814
10293	253	12.135	4.973
10293	252	11.121	5.445
10293	254	9.736	5.426
10293	250	5.048	6.099
10293	255	5.907	5.337
10293	256	6.470	6.615
10293	258	2.228	7.166
10293	259	2.018	6.337
10293	260	8.893	6.557
10293	257	8.463	7.069
10293	261	11.304	7.157
10293	262	13.081	6.618
10293	238	12.275	3.601
10299	251	12.758	5.719
10299	253	12.545	4.918
10299	252	11.849	5.413
10299	254	10.380	5.518
10299	250	4.526	5.867
10299	255	5.359	5.231
10299	256	5.453	6.037
10299	272	-2.563	4.206
10299	269	0.011	3.410
10299	258	2.820	7.261
10299	270	-1.009	1.965
10299	259	2.560	6.354
10299	260	8.226	6.515
10299	257	7.829	6.988
10299	261	10.932	7.495
10299	262	12.385	6.738
10299	266	-1.926	2.676
10299	238	12.349	3.560
10299	268	-1.438	3.899
10299	265	-2.159	1.912
10299	267	-2.096	3.248
10299	263	-2.097	5.092
10299	264	-2.237	5.990
10305	251	13.270	5.694
10305	253	13.061	4.860
10305	252	12.225	5.396
10305	254	11.009	5.569
10305	250	4.093	5.670
10305	255	4.797	5.037
10305	256	5.032	5.843
10305	272	-1.739	4.188
10305	269	0.530	3.403
10305	258	3.349	7.271
10305	270	-0.463	2.108
10305	259	3.050	6.417
10305	260	7.622	6.302
10305	257	7.269	6.900
10305	261	10.347	7.538
10305	262	11.670	6.745
10305	266	-1.439	2.626
10305	238	12.461	3.558
10305	268	-1.119	3.846
10305	265	-1.613	1.867
10305	267	-1.495	3.241
10305	263	-1.387	5.115
10305	264	-1.804	5.924
10311	253	13.062	4.899
10311	252	12.565	5.497
10311	254	11.516	5.702
10311	250	3.651	5.427
10311	255	4.273	4.838
10311	256	4.602	5.605
10311	272	-1.063	4.499
10311	269	1.043	3.396
10311	258	3.645	7.425
10311	270	0.172	2.156
10311	259	3.545	6.652
10311	260	7.133	5.996
10311	257	6.782	6.722
10311	261	9.628	7.472
10311	262	10.941	6.752
10311	266	-0.847	2.624
10311	238	12.573	3.556
10311	268	-0.730	4.026
10311	265	-1.125	1.870
10311	267	-0.994	3.423
10311	263	-0.947	5.239
10311	264	-1.151	5.989
10317	253	13.431	5.038
10317	252	12.857	5.368
10317	254	12.017	5.872
10317	250	3.171	5.402
10317	255	3.791	4.679
10317	256	4.131	5.538
10317	272	-0.205	4.615
10317	269	1.656	3.479
10317	258	4.171	7.562
10317	270	0.694	2.204
10317	259	4.071	6.752
10317	260	6.558	5.857
10317	257	6.289	6.542
10317	261	9.017	7.435
10317	262	10.233	6.717
10317	266	-0.259	2.669
10317	238	12.611	3.556
10317	268	0.119	4.100
10317	265	-0.483	1.874
10317	267	-0.462	3.416
10317	263	-0.459	5.360
10317	264	-0.661	6.105
10323	253	13.646	4.953
10323	252	13.003	5.324
10323	254	12.351	5.778
10323	250	2.685	5.377
10323	255	3.353	4.560
10323	256	3.702	5.469
10323	272	0.822	4.495
10323	269	2.260	3.560
10323	258	4.687	7.655
10323	270	1.217	2.342
10323	259	4.592	6.893
10323	260	5.924	5.633
10323	257	5.788	6.359
10323	261	8.427	7.193
10323	262	9.307	6.654
10323	266	0.268	2.713
10323	273	12.928	6.399
10323	238	12.575	3.595
10323	268	0.625	3.952
10323	265	0.213	2.017
10323	267	0.063	3.409
10323	263	0.078	5.523
10323	264	-0.122	6.263
10329	252	13.185	5.316
10329	254	12.613	5.803
10329	250	2.140	5.309
10329	255	2.972	4.615
10329	256	3.216	5.356
10329	274	13.869	5.210
10329	272	1.517	4.296
10329	269	2.803	3.596
10329	258	5.196	7.747
10329	270	1.786	2.524
10329	259	5.103	6.991
10329	260	5.334	5.574
10329	257	5.461	6.164
10329	261	7.871	6.985
10329	262	8.559	6.496
10329	266	0.840	2.756
10329	273	12.421	6.697
10329	238	12.537	3.596
10329	268	0.994	4.081
10329	265	0.842	2.112
10329	267	0.582	3.402
10329	263	0.611	5.729
10329	264	0.460	6.416
10335	252	13.477	5.341
10335	254	12.834	5.792
10335	250	1.484	5.199
10335	255	2.190	4.637
10335	256	2.779	5.329
10335	274	13.869	5.210
10335	272	2.355	4.186
10335	269	3.187	3.545
10335	258	5.703	7.920
10335	270	2.334	2.523
10335	259	5.602	7.002
10335	260	4.775	5.425
10335	257	4.908	6.063
10335	261	7.307	6.815
10335	262	7.875	6.247
10335	266	1.512	2.890
10335	273	11.785	6.776
10335	238	12.500	3.597
10335	268	1.472	3.708
10335	265	1.410	2.205
10335	267	1.090	3.350
10335	263	1.137	5.932
10335	264	0.983	6.569
10341	252	13.584	5.298
10341	254	12.980	5.746
10341	250	1.071	5.078
10341	255	2.098	4.730
10341	256	2.474	5.163
10341	274	13.869	5.210
10341	272	3.332	4.251
10341	269	3.969	3.797
10341	258	6.237	7.922
10341	270	2.941	2.790
10341	259	6.188	7.092
10341	260	4.254	5.273
10341	257	4.349	6.004
10341	261	6.686	6.561
10341	262	7.219	5.992
10341	266	2.172	3.020
10341	273	11.329	6.805
10341	238	12.500	3.597
10341	268	2.036	3.879
10341	265	2.112	2.206
10341	267	1.800	3.386
10341	263	1.655	6.133
10341	264	1.503	6.765
10347	252	13.622	5.373
10347	254	13.089	5.741
10347	250	0.536	4.777
10347	255	1.737	4.561
10347	256	1.684	5.191
10347	274	13.869	5.210
10347	272	4.338	4.401
10347	269	4.532	3.786
10347	258	7.237	7.889
10347	270	3.574	2.875
10347	259	6.755	7.014
10347	260	3.776	5.160
10347	257	4.099	5.756
10347	261	6.102	6.384
10347	262	6.551	5.732
10347	266	2.716	3.061
10347	273	10.782	6.683
10347	238	12.499	3.558
10347	268	2.437	3.960
10347	265	2.705	2.207
10347	267	2.204	3.471
10347	263	2.215	6.327
10347	264	2.064	6.955
10347	275	13.254	6.341
10353	252	13.622	5.373
10353	254	13.089	5.741
10353	250	-0.045	4.656
10353	255	1.322	4.391
10353	256	1.270	5.026
10353	274	13.869	5.210
10353	272	5.317	4.547
10353	269	4.959	3.952
10353	258	7.791	7.888
10353	270	4.333	2.870
10353	259	7.233	7.026
10353	260	3.198	5.093
10353	257	3.574	5.692
10353	261	5.506	6.161
10353	262	5.917	5.506
10353	266	3.305	3.144
10353	273	10.069	6.608
10353	238	12.573	3.556
10353	268	2.986	4.127
10353	265	3.295	2.297
10353	267	2.754	3.597
10353	263	2.957	6.465
10353	264	2.717	7.180
10353	275	12.673	6.490
10359	254	13.091	5.779
10359	250	-0.329	4.387
10359	255	1.055	4.216
10359	256	0.919	5.083
10359	274	13.869	5.210
10359	277	13.751	6.048
10359	272	6.310	4.602
10359	269	5.427	4.114
10359	258	8.085	7.866
10359	270	4.940	2.909
10359	259	7.788	7.031
10359	260	2.657	4.979
10359	257	2.904	5.721
10359	261	4.857	5.980
10359	262	5.321	5.361
10359	266	3.887	3.270
10359	273	9.502	6.482
10359	238	12.686	3.593
10359	268	3.488	4.424
10359	265	3.923	2.386
10359	267	3.341	3.676
10359	263	3.494	6.611
10359	276	-3.392	5.564
10359	264	3.257	7.321
10359	275	12.370	6.316
10365	254	13.273	5.770
10365	250	-0.623	4.023
10365	255	0.669	3.859
10365	256	0.631	4.683
10365	274	13.869	5.210
10365	277	13.751	6.048
10365	272	7.322	4.697
10365	269	6.023	4.270
10365	258	8.465	7.958
10365	270	5.539	2.948
10365	259	8.252	7.042
10365	260	2.206	4.860
10365	257	2.307	5.569
10365	261	4.244	5.836
10365	262	4.716	5.212
10365	266	4.457	3.351
10365	273	9.055	6.508
10365	238	12.615	3.673
10365	268	3.921	4.500
10365	265	4.495	2.474
10365	267	3.872	3.755
10365	263	3.927	6.717
10365	276	-2.814	5.732
10365	264	3.698	7.508
10365	278	13.159	6.764
10365	275	12.106	6.254
10371	254	13.488	5.683
10371	250	-1.242	3.661
10371	255	0.324	3.406
10371	256	0.189	4.329
10371	274	13.869	5.210
10371	277	13.751	6.048
10371	272	8.218	4.710
10371	269	6.563	4.383
10371	258	8.957	7.880
10371	270	6.095	3.201
10371	259	8.458	6.989
10371	260	1.651	4.743
10371	257	1.758	5.502
10371	261	3.767	5.727
10371	262	4.050	5.020
10371	266	4.973	3.431
10371	273	8.380	6.261
10371	238	12.615	3.673
10371	268	4.680	4.652
10371	265	5.060	2.603
10371	267	4.592	4.003
10371	263	4.494	6.814
10371	276	-2.077	5.936
10371	264	4.267	7.599
10371	278	12.769	7.133
10371	275	11.729	6.276
10377	250	-1.650	3.337
10377	255	-0.079	2.947
10377	256	-0.499	3.603
10377	274	13.869	5.210
10377	277	13.751	6.048
10377	272	9.134	4.721
10377	269	7.094	4.495
10377	258	9.399	7.767
10377	270	6.721	3.279
10377	259	9.209	7.181
10377	260	1.127	4.487
10377	257	1.358	5.518
10377	261	3.345	5.833
10377	262	3.375	4.867
10377	266	5.527	3.509
10377	273	7.913	6.163
10377	238	12.615	3.673
10377	268	5.236	4.721
10377	265	5.563	2.602
10377	267	5.151	4.077
10377	263	5.050	6.866
10377	276	-1.414	6.047
10377	264	5.228	7.533
10377	278	12.364	7.199
10377	279	13.075	6.428
10377	275	11.423	6.254
10383	250	-2.117	3.010
10383	255	-0.497	2.342
10383	256	-1.022	3.095
10383	274	13.869	5.210
10383	277	13.751	6.048
10383	272	9.907	4.736
10383	269	7.704	4.602
10383	258	10.193	7.628
10383	270	7.339	3.397
10383	259	9.688	7.030
10383	260	0.654	4.317
10383	257	0.787	5.360
10383	261	2.810	5.769
10383	262	2.823	4.575
10383	266	6.073	3.586
10383	273	7.355	6.110
10383	238	12.577	3.673
10383	268	5.694	4.792
10383	265	6.063	2.643
10383	267	5.659	4.194
10383	263	5.505	6.882
10383	276	-0.816	6.158
10383	280	-2.733	5.397
10383	264	5.641	7.631
10383	278	12.103	7.218
10383	279	12.848	6.212
10383	275	11.110	6.154
10389	274	13.869	5.210
10389	277	13.751	6.048
10389	272	10.667	4.830
10389	269	8.263	4.750
10389	258	10.625	7.596
10389	270	7.905	3.556
10389	259	9.966	6.972
10389	260	0.074	4.193
10389	257	0.159	5.246
10389	261	2.265	5.660
10389	262	2.266	4.322
10389	266	6.613	3.705
10389	273	6.786	6.013
10389	238	12.543	3.752
10389	268	6.191	4.860
10389	265	6.338	2.770
10389	267	6.157	4.267
10389	263	6.043	6.891
10389	276	-0.171	6.311
10389	280	-2.106	5.609
10389	264	6.176	7.635
10389	278	11.716	6.936
10389	279	12.326	6.126
10389	275	10.795	6.053
10395	274	13.869	5.210
10395	277	13.751	6.048
10395	272	11.409	4.922
10395	269	8.809	4.813
10395	258	11.051	7.564
10395	270	8.545	3.669
10395	259	10.363	6.985
10395	260	-0.518	4.021
10395	257	-0.430	5.083
10395	261	1.548	5.376
10395	262	1.704	4.111
10395	266	7.140	3.737
10395	273	6.255	5.956
10395	238	12.507	3.792
10395	268	6.767	4.883
10395	265	6.966	2.936
10395	267	6.734	4.294
10395	263	6.574	6.901
10395	276	0.519	6.503
10395	280	-1.327	5.811
10395	264	6.703	7.640
10395	278	11.479	6.718
10395	279	11.756	6.002
10395	275	10.566	6.183
10395	281	12.848	6.212
10401	277	13.751	6.048
10401	272	12.214	5.086
10401	269	9.344	4.836
10401	258	11.475	7.610
10401	270	9.135	3.863
10401	259	10.717	7.002
10401	260	-1.057	3.939
10401	257	-1.131	4.967
10401	261	0.980	5.217
10401	262	1.176	3.804
10401	266	7.622	3.853
10401	273	5.628	5.943
10401	238	12.469	3.793
10401	268	7.340	5.030
10401	265	7.407	3.059
10401	267	7.306	4.405
10401	263	7.185	6.946
10401	276	1.138	6.606
10401	280	-0.779	5.972
10401	264	7.311	7.678
10401	278	11.087	6.547
10401	279	11.644	6.047
10401	275	10.209	6.163
10401	281	12.439	6.158
10407	277	13.751	6.048
10407	272	12.956	5.018
10407	269	9.954	4.895
10407	258	11.849	7.467
10407	270	9.671	3.974
10407	259	11.105	6.976
10407	260	-1.659	3.856
10407	257	-1.234	5.017
10407	261	0.455	5.053
10407	262	0.600	3.631
10407	266	8.137	3.926
10407	273	5.032	5.843
10407	238	12.469	3.793
10407	268	7.900	5.093
10407	265	7.841	3.139
10407	267	7.868	4.472
10407	263	7.742	6.952
10407	276	1.794	6.660
10407	280	-0.082	6.124
10407	264	7.854	7.476
10407	278	10.659	6.533
10407	279	11.215	5.874
10407	275	9.925	6.058
10407	281	12.021	5.988
10413	272	13.370	5.384
10413	282	13.791	6.197
10413	269	10.552	4.913
10413	258	12.179	7.251
10413	270	10.196	4.002
10413	259	11.372	6.919
10413	260	-1.663	3.809
10413	257	-2.287	4.815
10413	261	-0.138	4.797
10413	262	-0.037	3.457
10413	266	8.644	3.997
10413	273	4.428	5.785
10413	238	12.390	3.677
10413	268	8.494	5.193
10413	265	8.268	3.176
10413	267	8.420	4.539
10413	263	8.248	6.961
10413	276	2.443	6.757
10413	280	0.555	6.321
10413	264	8.358	7.481
10413	278	10.300	6.436
10413	279	10.862	5.773
10413	275	9.599	5.955
10413	281	11.640	5.930
10419	272	13.370	5.384
10419	282	13.791	6.197
10419	269	11.101	4.933
10419	258	12.359	7.046
10419	270	10.712	4.030
10419	259	11.480	6.757
10419	260	-2.959	3.545
10419	257	-2.854	4.689
10419	261	-0.660	4.859
10419	262	-0.685	3.279
10419	266	9.145	4.068
10419	273	3.814	5.725
10419	238	12.390	3.677
10419	268	8.987	5.093
10419	265	8.902	3.292
10419	267	8.921	4.564
10419	263	8.791	7.008
10419	276	3.077	6.809
10419	280	1.222	6.378
10419	264	8.898	7.524
10419	283	13.178	6.232
10419	278	9.903	6.459
10419	279	10.111	5.730
10419	275	9.315	5.969
10419	281	11.257	5.950
10425	269	11.641	4.952
10425	258	13.022	7.039
10425	270	11.260	4.057
10425	259	11.822	6.735
10425	260	-3.415	3.503
10425	257	-3.491	4.515
10425	261	-1.428	4.649
10425	262	-1.283	3.192
10425	284	13.745	5.859
10425	266	9.999	4.087
10425	273	3.234	5.619
10425	238	12.390	3.677
10425	268	9.518	5.072
10425	265	9.323	3.491
10425	267	9.455	4.589
10425	263	9.322	6.974
10425	276	3.704	6.903
10425	280	1.794	6.660
10425	264	9.513	7.599
10425	283	12.512	6.116
10425	278	9.536	6.360
10425	279	9.791	5.745
10425	275	8.905	5.950
10425	281	10.792	5.974
10431	269	12.249	5.007
10431	258	13.348	7.017
10431	270	11.764	4.162
10431	259	12.082	6.642
10431	260	-4.058	3.366
10431	257	-4.013	4.432
10431	261	-1.428	4.649
10431	262	-1.931	3.246
10431	284	13.745	5.859
10431	266	10.522	4.195
10431	273	2.649	5.555
10431	238	12.426	3.637
10431	268	10.043	5.092
10431	265	9.725	3.363
10431	267	9.861	4.616
10431	263	9.721	6.868
10431	276	4.323	7.038
10431	280	2.452	6.889
10431	264	9.916	7.649
10431	283	11.988	6.106
10431	278	9.327	6.210
10431	279	9.747	5.667
10431	275	8.566	5.803
10431	281	10.554	5.907
10437	269	12.882	5.021
10437	258	13.628	6.734
10437	270	12.262	4.305
10437	259	12.305	6.589
10437	260	-4.633	3.422
10437	257	-4.654	4.399
10437	261	-2.491	4.394
10437	262	-2.598	3.205
10437	284	13.745	5.859
10437	266	10.994	4.222
10437	273	2.101	5.444
10437	238	12.425	3.598
10437	268	10.519	5.074
10437	265	10.260	3.638
10437	286	-3.957	9.152
10437	267	10.342	4.641
10437	263	10.317	6.830
10437	276	4.972	7.084
10437	280	3.143	7.067
10437	264	10.434	7.728
10437	285	-4.189	5.595
10437	283	11.458	6.174
10437	278	8.877	6.235
10437	279	9.254	5.528
10437	275	8.180	5.617
10437	281	10.074	5.811
10443	270	12.751	4.408
10443	259	12.490	6.540
10443	260	-5.216	3.479
10443	257	-5.251	4.315
10443	261	-3.165	4.363
10443	262	-3.267	3.260
10443	284	13.745	5.859
10443	266	11.462	4.289
10443	273	1.545	5.331
10443	238	12.425	3.598
10443	268	10.914	5.138
10443	265	10.665	3.831
10443	286	-3.666	9.223
10443	267	10.740	4.708
10443	263	10.559	6.973
10443	276	5.615	7.212
10443	280	3.683	7.293
10443	264	10.861	7.657
10443	285	-3.666	5.670
10443	287	13.282	6.074
10443	283	10.956	6.162
10443	278	8.466	6.297
10443	279	8.922	5.461
10443	275	7.838	5.549
10443	281	9.913	5.779
10449	270	13.240	4.739
10449	259	12.819	6.443
10449	260	-5.807	3.536
10449	257	-5.846	4.329
10449	261	-3.732	4.377
10449	262	-3.899	3.219
10449	284	13.781	5.858
10449	266	11.814	4.475
10449	273	0.980	5.217
10449	238	12.464	3.636
10449	268	11.269	5.281
10449	265	11.024	3.983
10449	286	-3.480	9.395
10449	267	11.097	4.854
10449	263	10.949	6.947
10449	276	6.240	7.214
10449	280	4.354	7.507
10449	264	11.208	7.630
10449	285	-3.089	5.790
10449	287	12.800	5.870
10449	283	10.410	6.231
10449	278	8.125	6.193
10449	279	8.544	5.355
10449	275	7.410	5.527
10449	281	9.775	5.384
10455	259	13.404	6.484
10455	288	13.677	4.800
10455	260	-6.406	3.594
10455	257	-6.388	4.341
10455	261	-4.359	4.440
10455	262	-4.473	3.274
10455	284	13.781	5.858
10455	266	12.235	4.618
10455	273	0.455	5.053
10455	238	12.615	3.673
10455	268	11.578	5.308
10455	265	11.340	4.134
10455	286	-3.480	9.395
10455	267	11.408	4.882
10455	263	11.211	6.735
10455	276	6.808	7.177
10455	280	5.186	7.578
10455	264	11.665	7.596
10455	285	-2.469	5.859
10455	287	12.318	5.895
10455	283	9.783	6.466
10455	278	7.741	6.131
10455	279	8.210	5.369
10455	275	7.183	5.328
10455	281	9.231	5.043
10461	288	13.677	4.800
10461	260	-6.956	3.602
10461	257	-6.938	4.354
10461	261	-4.878	4.502
10461	262	-5.113	3.330
10461	284	13.781	5.858
10461	266	12.905	4.596
10461	273	-0.127	4.935
10461	238	12.728	3.709
10461	268	11.844	5.296
10461	265	11.611	4.166
10461	286	-2.992	9.215
10461	267	11.678	4.912
10461	263	11.708	6.742
10461	276	7.460	7.258
10461	280	5.869	7.699
10461	264	11.775	7.511
10461	289	13.308	5.730
10461	285	-1.855	5.973
10461	287	11.980	5.913
10461	283	9.173	6.420
10461	278	7.269	6.114
10461	279	7.832	5.426
10461	275	6.829	5.217
10461	281	8.761	4.692
10467	288	13.677	4.800
10467	260	-7.446	3.660
10467	257	-7.364	4.414
10467	261	-5.463	4.566
10467	262	-5.702	3.386
10467	284	13.781	5.858
10467	266	13.310	4.660
10467	273	-0.880	4.773
10467	238	12.767	3.786
10467	268	12.074	5.364
10467	265	11.881	4.238
10467	286	-2.992	9.215
10467	267	11.871	4.983
10467	263	12.046	6.682
10467	276	8.094	7.216
10467	280	6.577	7.731
10467	264	12.219	7.324
10467	289	13.053	5.743
10467	285	-1.265	5.901
10467	287	11.530	6.053
10467	283	8.638	6.410
10467	278	6.919	6.049
10467	279	7.500	5.606
10467	275	6.432	5.190
10467	281	8.198	4.297
10473	284	13.781	5.858
10473	266	13.500	4.921
10473	273	-1.477	4.697
10473	238	12.810	3.941
10473	268	12.302	5.432
10473	265	12.036	4.312
10473	286	-2.708	9.284
10473	267	12.100	5.052
10473	263	12.114	6.485
10473	276	8.514	7.268
10473	280	7.237	7.889
10473	264	12.478	7.268
10473	289	12.580	5.920
10473	285	-0.564	6.009
10473	287	11.070	6.117
10473	283	8.094	6.399
10473	278	6.522	5.985
10473	279	7.206	5.743
10473	275	6.073	5.119
10473	281	7.510	4.190
10479	238	12.849	4.017
10479	290	13.803	6.610
10479	268	12.418	5.543
10479	265	12.114	4.388
10479	286	-2.380	9.257
10479	267	12.097	4.974
10479	263	12.304	6.551
10479	276	9.091	7.269
10479	280	7.871	7.801
10479	264	12.698	7.214
10479	289	12.321	5.972
10479	285	0.081	6.208
10479	287	10.603	6.142
10479	283	7.752	6.336
10479	278	6.075	5.922
10479	279	6.784	5.972
10479	275	5.705	4.962
10479	281	6.844	3.912
10485	290	13.803	6.610
10485	268	12.683	5.684
10485	265	12.532	4.531
10485	286	-2.380	9.257
10485	267	12.291	5.122
10485	263	12.597	6.418
10485	291	12.923	4.016
10485	276	9.653	7.151
10485	280	8.540	7.791
10485	264	12.694	7.100
10485	289	11.756	6.002
10485	285	0.709	6.313
10485	287	10.083	6.010
10485	283	7.450	6.270
10485	278	5.666	5.814
10485	279	6.577	6.191
10485	275	5.383	4.888
10485	281	6.169	3.713
10491	290	13.803	6.610
10491	268	12.983	5.861
10491	265	12.606	4.529
10491	286	-1.962	9.039
10491	267	12.291	5.122
10491	263	12.376	6.470
10491	291	12.960	4.015
10491	276	10.254	7.190
10491	280	9.116	7.788
10491	264	12.653	6.988
10491	289	11.147	6.112
10491	285	1.329	6.462
10491	287	9.639	5.953
10491	283	7.058	6.208
10491	278	5.251	5.705
10491	279	6.127	6.046
10491	275	4.973	4.901
10491	281	5.481	3.510
10497	290	13.804	6.647
10497	268	13.171	6.004
10497	265	12.644	4.527
10497	286	-1.962	9.039
10497	267	12.480	5.192
10497	263	12.374	6.431
10497	291	12.997	4.014
10497	276	10.680	7.043
10497	280	9.595	7.633
10497	264	12.614	6.914
10497	289	10.598	6.023
10497	285	1.943	6.652
10497	287	9.189	5.895
10497	283	6.612	6.022
10497	278	4.978	5.717
10497	279	5.793	6.443
10497	275	4.650	4.912
10497	281	4.875	3.345
10503	268	13.645	6.129
10503	265	13.249	5.007
10503	286	-1.805	8.980
10503	267	12.672	5.377
10503	263	12.256	6.246
10503	291	12.997	4.014
10503	276	11.021	6.825
10503	280	10.077	7.676
10503	264	12.648	6.836
10503	289	10.083	6.010
10503	285	2.643	6.834
10503	287	8.689	5.757
10503	283	6.161	5.876
10503	278	4.561	5.693
10503	279	5.299	6.470
10503	275	4.270	4.795
10503	281	4.214	3.222
10509	286	-1.805	8.980
10509	267	12.825	5.524
10509	263	12.438	6.120
10509	291	12.999	4.091
10509	276	11.398	6.606
10509	280	10.468	7.608
10509	264	12.757	6.791
10509	289	9.524	6.079
10509	285	3.283	7.015
10509	287	8.186	5.739
10509	283	5.668	5.857
10509	278	4.140	5.668
10509	279	4.840	6.452
10509	275	3.986	4.760
10509	281	3.586	3.052
10515	286	-1.805	8.980
10515	267	12.865	5.599
10515	263	12.586	6.112
10515	291	12.932	4.286
10515	276	11.500	6.289
10515	280	10.848	7.345
10515	264	12.829	6.748
10515	289	8.832	6.156
10515	285	3.857	7.067
10515	287	7.581	5.519
10515	283	5.206	5.707
10515	278	3.758	5.597
10515	279	4.374	6.391
10515	275	3.556	4.730
10515	281	2.951	2.924
10521	267	12.901	5.597
10521	263	12.622	6.072
10521	291	12.899	4.403
10521	276	11.563	5.934
10521	280	11.186	7.087
10521	264	12.825	6.634
10521	289	8.291	6.144
10521	285	4.465	7.072
10521	287	6.928	5.422
10521	283	4.732	5.470
10521	278	3.327	5.571
10521	279	4.054	6.494
10521	275	3.168	4.653
10521	281	2.304	2.794
10521	292	-3.074	2.294
10527	267	12.901	5.597
10527	263	12.619	5.995
10527	291	12.976	4.517
10527	276	11.746	5.730
10527	280	11.453	7.031
10527	264	12.822	6.519
10527	289	7.701	6.174
10527	285	5.109	7.075
10527	287	6.444	5.400
10527	283	4.257	5.316
10527	278	2.928	5.368
10527	279	3.539	6.565
10527	275	2.768	4.487
10527	281	1.639	2.570
10527	292	-2.552	2.487
10665	293	3.045	2.879
10665	299	7.513	4.232
10665	295	-1.184	4.969
10665	296	-1.518	6.098
10665	297	-1.919	4.003
10665	298	-2.769	3.781
10665	300	4.503	6.942
10665	301	4.741	7.779
10665	302	2.396	7.463
10665	294	0.822	2.526
10671	293	2.681	2.567
10671	299	7.946	4.346
10671	295	-1.184	4.969
10671	296	-1.518	6.098
10671	297	-1.919	4.003
10671	298	-2.769	3.781
10671	300	4.996	6.742
10671	301	5.234	7.617
10671	302	3.069	7.376
10671	294	1.451	2.753
10677	293	1.910	2.160
10677	299	8.372	4.416
10677	295	-1.184	4.969
10677	296	-1.518	6.098
10677	297	-1.919	4.003
10677	298	-2.765	3.829
10677	300	5.535	6.626
10677	301	5.767	7.496
10677	302	3.827	7.327
10677	294	2.069	2.976
10683	293	1.328	1.792
10683	299	8.838	4.567
10683	295	-1.184	4.969
10683	296	-1.518	6.098
10683	297	-1.919	4.003
10683	298	-2.765	3.829
10683	300	6.058	6.386
10683	301	6.332	7.291
10683	302	4.438	7.373
10683	294	2.732	3.284
10689	293	0.699	1.602
10689	299	9.292	4.594
10689	295	-1.184	4.969
10689	296	-1.518	6.098
10689	297	-1.919	4.003
10689	298	-2.765	3.829
10689	300	6.623	6.231
10689	301	6.890	7.089
10689	302	4.991	7.380
10689	294	3.371	3.410
10689	303	12.920	6.170
10695	293	0.105	1.317
10695	299	9.700	4.621
10695	295	-1.184	4.969
10695	296	-1.518	6.098
10695	297	-1.919	4.003
10695	298	-2.765	3.829
10695	300	7.183	6.118
10695	301	7.397	6.892
10695	302	5.620	7.296
10695	294	4.005	3.621
10695	303	12.771	6.102
10701	293	-0.237	0.983
10701	299	10.107	4.729
10701	295	-1.184	4.969
10701	296	-1.518	6.098
10701	297	-1.919	4.003
10701	298	-2.765	3.829
10701	300	7.728	5.885
10701	301	7.938	6.654
10701	302	6.240	7.214
10701	294	4.671	3.784
10701	303	12.222	6.363
10701	304	13.241	5.924
10707	293	-1.125	0.588
10707	299	10.586	4.793
10707	295	-1.184	4.969
10707	296	-1.510	6.191
10707	297	-1.919	4.003
10707	298	-2.765	3.829
10707	300	8.314	5.774
10707	301	8.519	6.538
10707	302	6.796	6.970
10707	294	5.232	3.903
10707	303	11.816	6.581
10707	304	12.433	5.966
10713	293	-1.746	0.335
10713	299	11.020	4.857
10713	295	-1.184	4.969
10713	296	-1.502	6.283
10713	297	-1.919	4.003
10713	298	-2.765	3.829
10713	300	8.889	5.625
10713	301	9.047	6.347
10713	302	7.395	6.851
10713	294	5.831	4.062
10713	303	11.404	6.762
10713	304	11.988	6.106
10719	293	-2.235	-0.209
10719	299	11.451	4.999
10719	295	-1.184	4.969
10719	296	-1.377	5.859
10719	297	-1.919	4.003
10719	298	-2.765	3.829
10719	300	9.413	5.440
10719	301	9.610	6.195
10719	302	7.982	6.692
10719	294	6.463	4.174
10719	305	-1.578	9.099
10719	303	11.031	7.059
10719	304	11.540	6.325
10725	299	11.910	5.020
10725	295	-1.184	4.969
10725	296	-1.373	5.906
10725	297	-1.919	4.003
10725	298	-2.765	3.829
10725	300	9.974	5.336
10725	301	10.164	6.046
10725	302	8.561	6.536
10725	294	7.044	4.370
10725	305	-1.009	8.871
10725	303	10.573	7.286
10725	304	11.087	6.547
10731	299	12.402	5.079
10731	295	-1.184	4.969
10731	296	-1.373	5.906
10731	297	-1.919	4.003
10731	298	-2.765	3.829
10731	300	10.522	5.154
10731	301	10.711	5.899
10731	302	9.173	6.420
10731	294	7.614	4.521
10731	305	-0.347	8.593
10731	303	10.223	7.390
10731	304	10.706	6.727
10737	299	12.741	5.220
10737	295	-1.184	4.969
10737	296	-1.373	5.906
10737	297	-1.919	4.003
10737	298	-2.765	3.829
10737	300	11.070	5.132
10737	301	11.252	5.832
10737	302	9.696	6.311
10737	294	8.214	4.627
10737	305	0.356	8.315
10737	303	9.831	7.536
10737	304	10.006	6.969
10743	295	-1.184	4.969
10743	296	-1.373	5.906
10743	297	-1.919	4.003
10743	298	-2.765	3.829
10743	300	11.610	5.149
10743	301	11.748	5.769
10743	302	10.249	6.161
10743	294	8.807	4.773
10743	305	1.048	8.041
10743	303	9.430	7.565
10743	304	9.608	7.035
10749	295	-1.184	4.969
10749	296	-1.373	5.906
10749	297	-1.919	4.003
10749	298	-2.765	3.829
10749	300	12.139	5.089
10749	301	12.281	5.897
10749	302	10.836	6.090
10749	294	9.428	4.873
10749	305	1.732	7.816
10749	303	8.986	7.638
10749	304	8.883	7.203
10755	295	-1.184	4.969
10755	296	-1.373	5.906
10755	297	-1.919	4.003
10755	298	-2.765	3.829
10755	300	12.700	5.106
10755	301	12.726	5.874
10755	302	11.374	5.983
10755	294	9.958	4.975
10755	305	2.403	7.551
10755	303	8.538	7.751
10755	304	8.433	7.314
10761	300	13.546	5.224
10761	301	13.385	5.878
10761	302	11.905	5.916
10761	294	10.521	5.114
10761	305	3.203	7.237
10761	303	8.081	7.785
10761	304	7.974	7.346
10767	302	12.430	5.889
10767	294	11.110	5.170
10767	305	3.898	6.978
10767	303	7.620	7.860
10767	304	7.511	7.418
10773	302	12.983	5.861
10773	294	11.614	5.267
10773	305	4.587	6.808
10773	306	2.499	8.200
10773	303	7.158	8.018
10773	304	7.047	7.574
10779	302	12.983	5.861
10779	294	12.110	5.324
10779	305	5.309	6.639
10779	306	3.102	7.852
10779	303	6.686	8.096
10779	304	6.573	7.649
10779	310	1.231	7.806
10779	307	1.399	6.055
10779	309	0.441	7.455
10779	308	0.431	6.689
10785	294	12.633	5.301
10785	305	6.023	6.556
10785	306	3.839	7.499
10785	303	6.207	8.174
10785	304	6.092	7.725
10785	310	1.719	7.640
10785	307	1.837	5.901
10785	309	0.938	7.290
10785	308	0.936	6.617
10791	294	13.155	5.508
10791	305	6.768	6.473
10791	306	4.560	7.109
10791	303	5.728	8.337
10791	304	5.611	7.885
10791	310	2.253	7.517
10791	307	2.324	5.791
10791	309	1.483	7.167
10791	308	1.483	6.498
10797	294	13.558	5.641
10797	305	7.501	6.432
10797	306	5.319	6.808
10797	303	5.328	8.410
10797	304	5.252	7.911
10797	310	2.781	7.395
10797	307	2.750	5.595
10797	309	1.972	7.049
10797	308	1.923	6.387
10803	305	8.259	6.349
10803	306	6.021	6.514
10803	303	4.827	8.408
10803	304	4.752	7.948
10803	310	3.298	7.231
10803	307	3.177	5.490
10803	309	2.452	6.889
10803	308	2.310	6.278
10809	305	8.963	6.311
10809	306	6.754	6.224
10809	303	4.323	8.448
10809	304	4.251	8.070
10809	310	3.860	7.110
10809	307	3.645	5.340
10809	309	3.029	6.812
10809	308	2.684	6.040
10809	312	0.247	6.971
10809	311	0.750	7.481
10809	313	-0.361	2.716
10809	314	-0.776	3.467
10815	305	9.692	6.231
10815	306	7.517	5.936
10815	303	3.812	8.489
10815	304	3.785	8.105
10815	310	4.364	6.950
10815	307	4.064	5.237
10815	309	3.545	6.652
10815	308	3.160	5.929
10815	312	0.805	6.894
10815	311	1.301	7.401
10815	313	0.175	2.853
10815	314	-0.191	3.505
10821	305	10.367	6.154
10821	306	8.268	5.695
10821	303	3.293	8.530
10821	304	3.266	8.143
10821	310	4.822	6.880
10821	307	4.528	5.176
10821	309	4.010	6.540
10821	308	3.672	5.732
10821	312	1.410	6.859
10821	311	1.897	7.363
10821	313	0.597	2.942
10821	314	0.238	3.637
10827	305	11.069	6.077
10827	306	9.053	5.618
10827	303	2.768	8.571
10827	304	2.743	8.226
10827	310	5.319	6.808
10827	307	4.981	5.030
10827	309	4.516	6.426
10827	308	4.181	5.579
10827	312	2.045	6.691
10827	311	2.523	7.192
10827	313	1.168	3.029
10827	314	0.761	3.720
10833	305	11.755	5.963
10833	306	9.824	5.583
10833	303	2.142	8.665
10833	304	2.438	8.030
10833	310	5.808	6.695
10833	307	5.476	4.927
10833	309	5.015	6.314
10833	308	4.781	5.511
10833	312	2.628	6.615
10833	311	3.098	7.113
10833	313	1.683	3.161
10833	314	1.118	3.714
10839	305	12.541	5.884
10839	306	10.580	5.588
10839	303	1.647	8.660
10839	304	1.946	8.021
10839	310	6.294	6.625
10839	307	6.011	4.824
10839	309	5.554	6.201
10839	308	5.324	5.403
10839	312	3.250	6.537
10839	311	3.713	7.032
10839	313	2.188	3.246
10839	314	1.630	3.796
10839	315	-1.807	10.763
10845	305	13.309	5.768
10845	306	11.550	5.583
10845	303	1.146	8.656
10845	304	1.501	8.053
10845	310	6.773	6.556
10845	307	6.538	4.722
10845	309	6.043	6.134
10845	308	5.859	5.297
10845	312	3.910	6.459
10845	311	4.364	6.950
10845	313	2.683	3.285
10845	314	2.250	4.099
10845	315	-1.250	10.390
10851	306	12.309	5.625
10851	303	0.686	8.603
10851	304	1.044	7.997
10851	310	7.285	6.403
10851	307	7.060	4.664
10851	309	6.568	6.024
10851	308	6.390	5.234
10851	312	4.562	6.424
10851	311	4.964	6.956
10851	313	3.175	3.368
10851	314	2.749	4.221
10851	315	-0.643	10.061
10851	316	-1.818	6.391
10857	306	12.977	5.670
10857	303	0.173	8.598
10857	304	0.538	8.033
10857	310	7.879	6.329
10857	307	7.618	4.604
10857	309	7.133	5.996
10857	308	6.957	5.170
10857	312	5.050	6.142
10857	311	5.420	6.971
10857	313	3.753	3.404
10857	314	3.242	4.342
10857	315	-0.044	9.736
10857	316	-1.498	6.329
10863	303	-0.296	8.589
10863	304	0.077	8.065
10863	310	8.460	6.176
10863	307	8.170	4.587
10863	309	7.688	5.928
10863	308	7.518	5.149
10863	312	5.868	6.185
10863	311	6.132	6.886
10863	313	4.231	3.485
10863	314	3.924	4.543
10863	315	0.446	9.425
10863	316	-1.168	6.406
10869	303	-0.676	8.436
10869	304	-0.348	7.959
10869	310	8.993	6.067
10869	307	8.755	4.569
10869	309	8.232	5.819
10869	308	8.069	5.086
10869	312	6.487	6.154
10869	311	6.787	6.805
10869	313	4.709	3.653
10869	314	4.352	4.618
10869	315	1.134	9.144
10869	316	-0.800	6.342
10875	303	-1.044	8.464
10875	304	-0.662	7.981
10875	310	9.559	5.957
10875	307	9.290	4.553
10875	309	8.813	5.751
10875	308	8.611	5.025
10875	312	7.094	6.081
10875	311	7.346	6.730
10875	313	5.226	3.816
10875	314	4.954	4.600
10875	315	1.759	8.827
10875	316	-0.440	6.232
10881	303	-1.527	8.454
10881	304	-1.141	7.968
10881	310	10.116	5.849
10881	307	9.779	4.578
10881	309	9.341	5.645
10881	308	9.107	5.007
10881	312	7.735	6.008
10881	311	8.022	6.649
10881	313	5.739	4.021
10881	314	5.463	4.714
10881	315	2.230	8.527
10881	316	-0.078	6.170
10887	310	10.668	5.822
10887	307	10.337	4.521
10887	309	9.864	5.581
10887	308	9.674	4.945
10887	312	8.406	5.934
10887	311	8.646	6.572
10887	313	6.236	4.095
10887	314	5.921	4.827
10887	315	2.849	8.348
10887	316	0.281	6.107
10893	310	11.251	5.793
10893	307	10.849	4.505
10893	309	10.342	5.560
10893	308	10.195	4.926
10893	312	8.983	5.865
10893	311	9.218	6.498
10893	313	6.727	4.168
10893	314	6.503	4.892
10893	315	3.500	8.083
10893	316	0.684	5.998
10899	310	11.861	5.763
10899	307	11.434	4.566
10899	309	10.852	5.536
10899	308	10.750	4.946
10899	312	9.551	5.797
10899	311	9.781	6.426
10899	313	7.213	4.282
10899	314	7.078	4.998
10899	315	4.194	7.903
10899	316	1.090	5.980
10905	310	12.464	5.810
10905	307	11.931	4.550
10905	309	11.358	5.592
10905	308	11.257	4.967
10905	312	10.111	5.730
10905	311	10.338	6.394
10905	313	7.733	4.351
10905	314	7.561	5.147
10905	315	4.822	7.603
10905	316	1.442	5.964
10911	310	13.166	5.851
10911	307	12.461	4.650
10911	309	11.856	5.608
10911	308	11.760	5.065
10911	312	10.624	5.705
10911	311	10.808	6.367
10911	313	8.250	4.502
10911	314	8.077	5.251
10911	315	5.443	7.350
10911	316	1.887	5.899
10917	307	13.612	5.031
10917	309	12.311	5.702
10917	308	12.556	5.227
10917	312	11.129	5.642
10917	311	11.309	6.299
10917	313	8.718	4.653
10917	314	8.631	5.433
10917	315	6.056	7.100
10917	316	2.284	5.925
10923	309	12.725	5.836
10923	308	13.075	5.282
10923	312	11.588	5.581
10923	311	11.765	6.235
10923	313	9.259	4.757
10923	314	9.172	5.532
10923	315	6.700	6.810
10923	316	2.678	5.952
10929	312	12.043	5.560
10929	311	12.217	6.209
10929	313	9.755	4.942
10929	314	9.630	5.753
10929	315	7.382	6.604
10929	316	3.112	5.932
10935	312	12.454	5.502
10935	311	12.625	6.148
10935	313	10.282	5.083
10935	314	10.159	5.927
10935	315	8.005	6.322
10935	316	3.633	5.864
10941	312	12.892	5.328
10941	311	13.068	6.200
10941	313	10.839	5.220
10941	314	10.716	6.017
10941	315	8.626	6.167
10941	316	4.013	5.890
10947	312	13.296	5.349
10947	311	13.216	6.267
10947	313	11.349	5.357
10947	314	11.225	6.108
10947	315	9.238	6.054
10947	317	12.531	3.401
10947	316	4.430	5.828
10953	313	11.923	5.371
10953	314	11.727	6.237
10953	315	10.116	5.849
10953	317	12.428	3.676
10953	316	4.800	5.811
10959	313	12.488	5.423
10959	314	12.254	6.207
10959	315	10.747	5.818
10959	317	12.361	3.912
10959	316	5.166	5.795
10965	313	13.150	5.355
10965	314	12.593	6.303
10965	315	11.363	5.709
10965	317	12.295	4.187
10965	316	5.571	5.734
10971	315	11.933	5.643
10971	317	12.533	4.570
10971	316	5.974	5.716
10977	315	12.459	5.656
10977	317	12.499	4.648
10977	316	6.375	5.740
10983	315	13.011	5.592
10983	317	12.613	4.722
10983	316	6.768	5.680
10989	317	12.763	4.756
10989	316	7.158	5.662
10995	317	13.389	4.848
10995	316	7.590	5.684
11001	316	8.014	5.665
11007	316	8.392	5.648
11013	316	8.897	5.788
11019	316	9.306	5.768
11025	316	9.672	5.791
11031	316	10.271	5.762
11037	316	10.665	5.743
11043	316	11.054	5.724
11049	316	11.518	5.741
11055	316	11.934	5.682
11061	316	12.309	5.625
11067	316	12.718	5.644
11205	318	8.005	5.501
11205	319	10.456	4.517
11205	320	12.376	4.341
11211	318	6.790	5.302
11211	319	10.126	4.246
11211	320	11.924	4.354
11217	318	5.447	5.185
11217	319	9.476	4.141
11217	320	11.496	4.169
11223	318	4.009	5.108
11223	319	9.225	4.025
11223	320	11.103	4.021
11229	318	2.563	5.027
11229	319	8.809	3.952
11229	320	10.671	3.991
11235	318	1.115	4.986
11235	319	8.429	3.878
11235	320	10.312	3.919
11235	321	11.549	4.562
11235	322	11.497	5.193
11235	323	12.028	6.181
11241	318	-0.351	4.758
11241	319	8.003	3.804
11241	320	9.941	3.684
11241	324	13.032	5.092
11241	321	11.085	4.537
11241	322	11.032	5.173
11241	323	11.497	6.211
11247	319	7.622	3.853
11247	320	9.451	3.612
11247	324	12.392	4.808
11247	321	10.496	4.516
11247	322	10.452	5.356
11247	323	10.881	6.245
11253	319	7.193	3.904
11253	320	9.004	3.702
11253	324	11.893	4.551
11253	321	10.015	4.450
11253	322	9.972	5.296
11253	323	10.290	6.198
11259	319	6.713	3.915
11259	320	8.620	3.503
11259	324	11.340	4.134
11259	321	9.651	4.420
11259	322	9.444	5.237
11259	323	9.648	6.153
11265	319	6.187	4.011
11265	320	8.232	3.301
11265	324	10.786	3.908
11265	321	9.158	4.353
11265	322	8.909	5.177
11265	323	9.119	6.141
11271	319	5.694	4.022
11271	320	7.933	3.263
11271	324	10.151	3.882
11271	321	8.615	4.245
11271	322	8.407	5.115
11271	323	8.541	6.131
11277	319	5.237	3.989
11277	320	7.933	3.263
11277	324	9.583	3.813
11277	321	8.151	4.216
11277	322	7.942	5.091
11277	323	7.993	6.077
11283	319	4.734	4.043
11283	320	7.099	2.978
11283	324	8.962	3.703
11283	321	7.641	4.229
11283	322	7.385	5.070
11283	323	7.479	6.021
11283	326	-1.562	1.200
11283	325	-1.264	0.871
11283	327	-2.483	2.006
11283	329	-2.544	0.073
11283	328	-3.362	0.394
11289	319	4.268	4.054
11289	320	6.795	3.023
11289	324	8.333	3.632
11289	321	7.120	4.158
11289	322	6.824	5.133
11289	323	6.917	6.007
11289	330	-4.429	5.507
11289	326	-1.091	1.633
11289	325	-0.705	1.118
11289	327	-1.846	2.343
11289	329	-2.120	0.471
11289	328	-2.929	0.793
11295	319	3.848	4.107
11295	320	6.306	2.985
11295	324	7.773	3.474
11295	321	6.634	4.086
11295	322	6.336	5.067
11295	323	6.387	5.949
11295	330	-3.845	5.582
11295	326	-0.589	1.873
11295	325	-0.264	1.312
11295	327	-1.439	2.626
11295	329	-1.649	0.817
11295	328	-2.449	1.140
11301	319	3.329	4.207
11301	320	5.933	2.730
11301	324	7.291	3.313
11301	321	6.102	4.098
11301	322	5.842	5.000
11301	323	5.890	5.804
11301	330	-3.149	5.745
11301	326	-0.094	2.109
11301	325	0.228	1.551
11301	327	-0.992	2.813
11301	329	-1.085	1.064
11301	328	-1.642	1.533
11307	319	2.798	4.220
11307	320	5.609	2.602
11307	324	6.409	3.240
11307	321	5.651	4.066
11307	322	5.295	4.933
11307	323	5.342	5.701
11307	330	-2.296	5.946
11307	326	0.339	2.296
11307	325	0.658	1.741
11307	327	-0.504	2.904
11307	329	-0.578	1.355
11307	328	-1.129	1.823
11307	331	-4.708	4.449
11313	319	2.404	4.185
11313	320	4.932	2.779
11313	324	5.773	3.075
11313	321	5.146	3.991
11313	322	4.783	4.821
11313	323	4.878	5.593
11313	330	-1.410	6.093
11313	326	0.815	2.434
11313	325	1.077	1.836
11313	327	-0.022	2.993
11313	329	-0.135	1.595
11313	328	-0.791	2.013
11313	331	-4.162	4.677
11319	319	1.966	4.285
11319	320	4.596	2.605
11319	324	5.773	3.075
11319	321	4.600	4.133
11319	322	4.270	4.795
11319	323	4.408	5.483
11319	330	-0.597	6.240
11319	326	1.292	2.663
11319	325	1.548	2.022
11319	327	0.457	3.127
11319	329	0.306	1.878
11319	328	-0.342	2.296
11319	331	-3.568	4.901
11325	319	1.312	4.256
11325	320	4.387	2.254
11325	324	4.845	2.866
11325	321	4.136	4.188
11325	322	3.708	4.856
11325	323	3.891	5.461
11325	330	0.196	6.338
11325	326	1.756	2.797
11325	325	2.063	2.206
11325	327	0.974	3.168
11325	329	0.484	2.157
11325	328	-0.116	2.482
11325	331	-3.094	5.125
11331	319	0.807	4.313
11331	320	3.909	2.165
11331	324	4.374	2.782
11331	321	3.613	4.156
11331	322	3.180	4.829
11331	323	3.411	5.393
11331	330	1.020	6.388
11331	326	2.215	2.930
11331	325	2.521	2.387
11331	327	1.395	3.346
11331	329	0.914	2.388
11331	328	0.320	2.713
11331	331	-2.622	5.393
11337	319	0.338	4.233
11337	320	3.427	2.119
11337	324	4.415	2.694
11337	321	3.134	4.168
11337	322	2.696	4.845
11337	323	2.924	5.324
11337	330	1.576	6.404
11337	326	2.674	3.151
11337	325	2.834	2.656
11337	327	1.860	3.521
11337	329	1.336	2.571
11337	328	0.752	2.941
11337	331	-1.946	5.556
11343	319	-0.179	4.291
11343	320	3.125	1.939
11343	324	3.739	2.475
11343	321	2.649	4.179
11343	322	2.157	4.862
11343	323	2.438	5.342
11343	330	2.316	6.367
11343	326	3.121	3.280
11343	325	3.479	2.876
11343	327	2.211	3.561
11343	329	1.850	2.706
11343	328	1.273	3.074
11343	331	-1.385	5.767
11349	319	-0.634	4.534
11349	320	2.539	1.936
11349	324	3.400	2.431
11349	321	2.148	4.056
11349	322	1.651	4.743
11349	323	1.992	5.314
11349	330	3.095	6.371
11349	326	3.613	3.451
11349	325	3.967	3.049
11349	327	2.715	3.731
11349	329	2.310	2.884
11349	328	1.740	3.251
11349	331	-0.681	5.876
11355	319	-1.040	4.778
11355	320	2.192	1.934
11355	324	3.010	2.387
11355	321	1.643	3.977
11355	322	0.985	4.627
11355	323	1.330	5.159
11355	330	3.907	6.415
11355	326	3.955	3.578
11355	325	4.493	3.175
11355	327	3.164	3.901
11355	329	2.765	3.060
11355	328	2.152	3.426
11355	331	-0.089	6.033
11361	319	-1.284	5.065
11361	320	1.742	1.932
11361	324	2.482	2.522
11361	321	1.078	3.852
11361	322	0.463	4.505
11361	323	1.027	5.170
11361	330	4.697	6.374
11361	326	4.529	3.743
11361	325	5.054	3.256
11361	327	3.705	4.110
11361	329	3.259	3.189
11361	328	2.800	3.552
11361	331	0.497	6.233
11367	319	-1.679	5.499
11367	320	1.338	1.930
11367	324	2.142	2.614
11367	321	0.651	3.631
11367	322	-0.019	4.334
11367	323	0.561	5.095
11367	330	5.474	6.375
11367	326	5.135	3.818
11367	325	5.562	3.336
11367	327	4.335	4.357
11367	329	3.798	3.360
11367	328	3.299	3.765
11367	331	1.121	6.383
11373	319	-2.018	5.980
11373	320	0.988	2.020
11373	324	1.649	2.707
11373	321	0.220	3.407
11373	322	-0.555	4.208
11373	323	0.071	4.791
11373	330	6.279	6.374
11373	326	5.686	3.893
11373	325	6.063	3.415
11373	327	4.902	4.515
11373	329	4.281	3.529
11373	328	3.788	3.932
11373	331	1.735	6.530
11373	332	12.980	5.746
11379	319	-2.300	6.508
11379	320	0.603	1.694
11379	324	0.782	2.665
11379	321	-0.266	3.228
11379	322	-1.000	3.984
11379	323	-0.363	4.619
11379	330	7.070	6.415
11379	326	6.231	4.010
11379	325	6.598	3.450
11379	327	5.461	4.671
11379	329	4.802	3.651
11379	328	4.318	4.096
11379	331	2.332	6.587
11379	332	12.274	5.704
11385	319	-2.308	7.023
11385	320	0.109	1.363
11385	324	0.254	2.528
11385	321	-0.652	3.045
11385	322	-1.234	3.755
11385	323	-0.805	4.399
11385	330	7.841	6.414
11385	326	6.766	4.082
11385	325	7.126	3.484
11385	327	6.011	4.824
11385	329	5.320	3.858
11385	328	4.843	4.301
11385	331	2.921	6.643
11385	333	12.552	5.111
11385	332	11.554	5.700
11391	339	-2.384	7.401
11391	320	0.109	1.363
11391	324	-0.188	2.249
11391	321	-1.103	2.767
11391	322	-1.906	3.530
11391	323	-1.075	4.360
11391	330	8.640	6.450
11391	326	7.336	4.153
11391	325	7.645	3.476
11391	327	6.591	4.889
11391	329	5.871	3.975
11391	328	5.400	4.415
11391	331	3.547	6.695
11391	333	11.844	5.296
11391	332	10.898	5.692
11391	334	-2.905	5.356
11391	337	-3.406	6.611
11391	336	-4.046	5.877
11391	338	-3.378	7.508
11391	335	-3.939	5.201
11397	339	-2.549	8.017
11397	320	-0.400	0.934
11397	324	-0.581	1.967
11397	321	-1.502	2.532
11397	322	-2.393	3.012
11397	323	-1.260	4.083
11397	330	9.423	6.526
11397	326	7.855	4.223
11397	325	8.200	3.509
11397	327	7.078	4.998
11397	329	6.413	4.091
11397	328	5.949	4.528
11397	331	4.211	6.744
11397	333	11.118	5.367
11397	332	10.269	5.722
11397	334	-2.580	5.250
11397	337	-2.860	6.442
11397	336	-3.478	5.854
11397	338	-2.723	7.328
11397	335	-3.376	5.134
11403	339	-2.853	8.318
11403	320	-0.975	0.449
11403	324	-1.265	1.490
11403	321	-1.972	2.152
11403	322	-2.796	2.872
11403	323	-1.839	3.671
11403	330	10.264	6.517
11403	326	8.446	4.208
11403	325	8.753	3.665
11403	327	7.725	5.016
11403	329	7.115	4.074
11403	328	6.575	4.594
11403	331	4.819	6.837
11403	333	10.414	5.397
11403	332	9.588	5.714
11403	334	-2.139	5.234
11403	337	-2.253	6.412
11403	336	-3.024	5.882
11403	338	-2.069	7.242
11403	335	-2.927	5.119
11409	320	-1.246	0.442
11409	324	-1.777	1.245
11409	321	-2.214	1.912
11409	322	-3.217	2.584
11409	323	-2.312	3.298
11409	330	11.046	6.471
11409	326	8.945	4.195
11409	325	9.254	3.779
11409	327	8.229	4.916
11409	329	7.680	4.144
11409	328	7.145	4.619
11409	331	5.415	6.887
11409	333	9.656	5.430
11409	332	8.938	5.786
11409	334	-1.595	5.216
11409	337	-1.705	6.432
11409	336	-2.469	5.859
11409	338	-1.421	7.204
11409	335	-2.372	5.101
11415	330	11.882	6.306
11415	326	9.481	4.263
11415	325	9.787	3.849
11415	327	8.773	4.937
11415	329	8.191	4.173
11415	328	7.623	4.688
11415	331	6.223	6.922
11415	333	9.001	5.377
11415	332	8.268	5.695
11415	334	-1.549	5.121
11415	337	-1.119	6.357
11415	336	-1.863	5.880
11415	338	-0.836	7.170
11415	335	-0.535	5.086
11421	330	12.661	6.146
11421	326	10.050	4.328
11421	325	10.353	3.958
11421	327	9.352	4.998
11421	329	8.694	4.161
11421	328	8.092	4.714
11421	331	6.888	7.047
11421	333	8.512	5.561
11421	332	7.628	5.600
11421	334	-1.222	5.156
11421	337	-0.695	6.336
11421	336	-1.159	5.896
11421	338	-0.416	7.145
11421	335	0.052	5.204
11427	326	10.611	4.432
11427	325	10.868	3.986
11427	327	9.881	5.058
11427	329	9.231	4.147
11427	328	8.543	4.494
11427	331	7.581	7.127
11427	333	7.828	5.343
11427	332	6.976	5.504
11427	334	-0.641	5.090
11427	337	-0.119	6.308
11427	336	-0.575	5.871
11427	338	0.298	6.968
11427	335	0.616	5.139
11433	326	11.125	4.576
11433	325	11.418	4.132
11433	327	10.368	5.240
11433	329	9.763	4.215
11433	328	9.087	4.600
11433	331	8.211	7.045
11433	333	7.172	5.120
11433	332	6.349	5.277
11433	334	0.045	5.113
11433	337	0.555	6.321
11433	336	0.107	5.887
11433	338	0.907	6.888
11433	335	1.024	5.125
11439	326	11.670	4.716
11439	325	11.922	4.315
11439	327	10.922	5.336
11439	329	10.289	4.322
11439	328	9.621	4.664
11439	331	8.832	7.005
11439	333	6.587	4.805
11439	332	5.757	5.088
11439	334	0.623	5.229
11439	337	1.060	6.251
11439	336	0.618	5.820
11439	338	1.510	6.854
11439	335	1.784	5.188
11445	326	12.208	4.892
11445	325	12.568	4.491
11445	327	11.392	5.473
11445	329	10.807	4.427
11445	328	10.149	4.768
11445	331	9.529	7.080
11445	333	5.899	4.444
11445	332	5.107	4.854
11445	334	1.182	5.209
11445	337	1.612	6.224
11445	336	1.177	5.796
11445	338	2.107	6.864
11445	335	2.331	5.213
11451	326	12.739	5.143
11451	325	13.130	4.743
11451	327	11.892	5.567
11451	329	11.289	4.808
11451	328	10.555	4.993
11451	331	10.212	7.153
11451	333	5.148	4.034
11451	332	4.489	4.571
11451	334	1.787	5.233
11451	337	2.356	6.232
11451	336	1.778	5.770
11451	338	2.701	6.962
11451	335	2.960	5.146
11457	325	13.681	4.914
11457	327	12.455	5.541
11457	329	11.789	4.829
11457	328	11.105	5.051
11457	331	10.691	7.317
11457	333	4.529	3.743
11457	332	3.862	4.326
11457	334	2.380	5.211
11457	337	3.082	6.196
11457	336	2.376	5.833
11457	338	3.277	6.928
11457	335	3.533	5.081
11463	327	12.830	5.677
11463	329	12.398	4.963
11463	328	11.570	5.112
11463	331	11.271	7.276
11463	333	3.851	3.447
11463	332	3.221	4.033
11463	334	2.963	5.190
11463	337	3.657	6.211
11463	336	2.962	5.851
11463	338	3.848	6.938
11463	335	4.105	5.148
11469	327	13.307	5.692
11469	329	12.809	5.024
11469	328	11.997	5.329
11469	331	11.888	7.502
11469	333	3.163	3.190
11469	332	2.568	3.734
11469	334	3.393	5.130
11469	337	4.223	6.226
11469	336	3.589	5.910
11469	338	4.410	6.947
11469	335	4.797	5.037
11475	329	13.401	5.230
11475	328	12.484	5.308
11475	331	12.452	7.575
11475	333	2.511	2.928
11475	332	1.903	3.430
11475	334	3.959	5.066
11475	337	4.778	6.198
11475	336	4.154	5.884
11475	338	4.962	6.914
11475	335	5.436	5.014
11481	328	12.820	5.370
11481	331	12.750	7.666
11481	333	1.793	2.615
11481	332	1.225	3.120
11481	334	4.566	5.045
11481	337	5.326	6.171
11481	336	4.711	5.858
11481	338	5.505	6.882
11481	335	6.021	4.994
11487	328	13.416	5.724
11487	331	13.216	7.403
11487	333	1.159	2.250
11487	332	0.800	2.894
11487	334	5.164	5.024
11487	337	5.912	6.183
11487	336	5.307	5.873
11487	338	6.088	6.889
11487	335	6.550	4.933
11493	331	13.209	7.177
11493	333	0.514	1.879
11493	332	0.149	2.528
11493	334	5.752	5.003
11493	337	6.485	6.112
11493	336	5.934	5.802
11493	338	6.654	6.771
11493	335	7.165	4.995
11499	331	13.374	6.675
11499	333	-0.090	1.502
11499	332	-0.513	2.155
11499	334	6.327	4.898
11499	337	7.140	6.121
11499	336	6.556	5.815
11499	338	7.305	6.774
11499	335	7.766	4.973
11505	334	6.852	4.838
11505	337	7.781	6.088
11505	336	7.208	5.785
11505	338	7.942	6.735
11505	335	8.315	4.954
11511	334	7.458	4.818
11511	337	8.368	6.017
11511	336	7.713	5.596
11511	338	8.525	6.660
11511	335	8.901	5.014
11517	334	8.052	4.757
11517	337	8.952	6.069
11517	336	8.308	5.652
11517	338	9.146	6.704
11517	335	9.472	4.953
11523	334	8.639	4.737
11523	337	9.562	6.037
11523	336	8.930	5.624
11523	338	9.750	6.627
11523	335	10.036	4.932
11529	334	9.173	4.679
11529	337	10.166	6.086
11529	336	9.335	5.524
11529	338	10.387	6.628
11529	335	10.632	4.950
11535	334	9.699	4.581
11535	337	10.758	6.094
11535	336	9.904	5.579
11535	338	10.975	6.632
11535	335	11.175	4.851
11541	334	10.260	4.563
11541	337	11.337	6.024
11541	336	10.500	5.552
11541	338	11.549	6.558
11541	335	11.752	4.870
11547	334	10.851	4.545
11547	337	11.909	6.033
11547	336	10.894	5.613
11547	338	12.156	6.599
11547	335	12.281	4.850
11553	334	11.399	4.646
11553	337	12.468	5.926
11553	336	11.163	5.522
11553	338	12.673	6.490
11553	335	12.763	4.756
11613	340	9.242	6.134
11613	341	11.360	6.609
11619	340	8.655	5.921
11619	341	10.772	6.448
11625	340	8.012	5.624
11625	341	10.131	6.207
11631	340	7.358	5.363
11631	341	9.522	6.039
11637	340	6.732	5.052
11637	341	8.940	5.826
11643	340	6.095	4.736
11643	341	8.348	5.609
11649	340	5.403	4.458
11649	341	7.709	5.514
11655	340	4.737	4.087
11655	341	7.097	5.332
11661	340	4.108	3.751
11661	341	6.520	5.187
11667	340	3.467	3.408
11667	341	5.934	5.039
11673	340	2.704	2.881
11673	341	5.333	4.804
11679	340	2.086	2.523
11679	341	4.723	4.607
11685	340	1.450	2.068
11685	341	4.098	4.320
11691	340	0.861	1.696
11691	341	3.512	4.071
11697	340	0.109	1.363
11697	341	2.870	3.862
11703	340	-0.442	1.074
11703	341	2.198	3.381
11709	340	-1.121	0.636
11709	341	1.579	3.116
11715	340	-1.746	0.335
11715	341	0.997	2.801
11721	340	-2.355	-0.310
11721	341	0.461	2.527
11727	340	-2.901	-0.768
11727	341	-0.135	2.249
11733	340	-3.340	-1.228
11733	341	-0.749	1.872
11739	340	-3.906	-1.749
11739	341	-1.265	1.490
11745	340	-4.417	-2.225
11745	341	-1.793	1.054
11835	342	11.104	5.012
11841	342	10.550	4.874
11847	342	10.031	4.812
11853	342	9.420	4.711
11859	343	0.004	1.362
11859	344	-0.860	1.824
11859	342	8.840	4.608
11859	345	11.360	4.647
11865	343	0.765	1.788
11865	344	-0.199	2.109
11865	342	8.296	4.584
11865	345	10.848	4.465
11871	343	1.189	1.975
11871	344	0.510	2.481
11871	347	-2.269	0.032
11871	346	-2.591	0.799
11871	342	7.744	4.559
11871	345	10.289	4.322
11877	343	1.612	2.205
11877	344	1.092	2.709
11877	347	-1.565	0.531
11877	346	-1.950	1.147
11877	342	7.138	4.494
11877	345	9.686	4.298
11883	343	2.278	2.433
11883	344	1.716	2.934
11883	347	-1.302	1.061
11883	346	-1.646	1.486
11883	342	6.614	4.509
11883	345	9.074	4.315
11883	348	13.112	5.319
11889	343	2.730	2.567
11889	344	2.280	3.155
11889	347	-0.800	1.258
11889	346	-1.129	1.823
11889	342	6.080	4.482
11889	345	8.452	4.332
11889	348	12.512	5.036
11895	343	3.518	2.742
11895	344	2.972	3.237
11895	347	-0.101	1.361
11895	346	-0.570	2.108
11895	342	5.538	4.454
11895	345	7.823	4.432
11895	349	-5.359	5.004
11895	348	11.868	4.905
11901	343	3.961	2.961
11901	344	3.470	3.453
11901	347	0.496	1.647
11901	346	0.037	2.435
11901	342	4.992	4.470
11901	345	7.181	4.492
11901	349	-4.762	5.083
11901	348	11.207	4.692
11907	343	4.717	3.042
11907	344	4.049	3.576
11907	347	1.084	1.928
11907	346	0.576	2.666
11907	342	4.434	4.442
11907	345	6.570	4.510
11907	349	-4.116	5.159
11907	348	10.578	4.593
11913	343	5.501	3.078
11913	344	4.756	3.652
11913	347	1.659	2.160
11913	346	1.205	2.846
11913	342	3.915	4.412
11913	345	5.906	4.572
11913	349	-3.475	5.281
11913	348	9.898	4.534
11919	343	6.097	3.244
11919	344	5.452	3.769
11919	347	2.373	2.387
11919	346	1.876	3.068
11919	342	3.389	4.382
11919	345	5.271	4.548
11919	349	-2.849	5.354
11919	348	9.244	4.432
11925	343	6.807	3.235
11925	344	6.219	3.797
11925	347	3.010	2.387
11925	346	2.484	3.242
11925	342	2.898	4.262
11925	345	4.674	4.565
11925	349	-2.173	5.471
11925	348	8.625	4.450
11931	343	7.464	3.311
11931	344	6.883	3.826
11931	347	3.748	2.608
11931	346	3.124	3.324
11931	342	2.398	4.095
11931	345	4.104	4.407
11931	349	-1.513	5.539
11931	348	7.999	4.551
11931	350	-4.869	5.183
11937	343	8.156	3.468
11937	344	7.493	3.856
11937	347	4.233	2.783
11937	346	3.807	3.492
11937	342	1.943	3.970
11937	345	3.527	4.291
11937	349	-0.810	5.604
11937	348	7.358	4.571
11937	351	-3.310	-1.523
11937	352	-4.302	-1.019
11937	350	-4.173	5.160
11937	353	-5.017	-0.494
11943	343	8.832	3.582
11943	344	8.181	3.966
11943	347	4.891	2.866
11943	346	4.471	3.569
11943	342	1.425	3.754
11943	345	2.937	4.128
11943	349	-0.123	5.623
11943	348	6.577	4.637
11943	351	-2.853	-0.864
11943	352	-3.852	-0.555
11943	350	-3.654	5.191
11943	353	-4.559	-0.031
11949	343	9.500	3.774
11949	344	8.860	4.157
11949	347	5.498	3.035
11949	346	5.221	3.730
11949	342	0.901	3.535
11949	345	2.381	3.872
11949	349	0.553	5.641
11949	348	5.827	4.745
11949	351	-2.364	-0.408
11949	352	-3.412	-0.147
11949	350	-3.142	5.222
11949	353	-4.112	0.377
11955	343	10.074	3.965
11955	344	9.444	4.345
11955	347	6.050	3.201
11955	346	5.908	3.846
11955	342	0.427	3.404
11955	345	1.823	3.702
11955	349	1.267	5.657
11955	348	5.140	4.638
11955	351	-1.936	0.041
11955	352	-2.978	0.256
11955	350	-2.580	5.250
11955	353	-3.670	0.780
11961	343	10.716	4.110
11961	344	10.097	4.488
11961	347	6.767	3.320
11961	346	6.581	3.917
11961	342	-0.052	3.272
11961	345	1.307	3.529
11961	349	1.916	5.630
11961	348	4.486	4.527
11961	351	-1.358	0.392
11961	352	-2.445	0.560
11961	350	-2.026	5.277
11961	353	-3.015	1.083
11967	343	11.388	4.370
11967	344	10.742	4.747
11967	347	7.382	3.396
11967	346	7.199	4.030
11967	342	-0.705	3.045
11967	345	0.733	3.354
11967	349	2.604	5.601
11967	348	3.862	4.326
11967	351	-0.897	0.735
11967	352	-1.916	0.908
11967	354	13.317	6.034
11967	350	-1.210	5.295
11967	353	-2.479	1.429
11967	355	-2.749	10.628
11973	343	12.083	4.584
11973	344	11.334	4.964
11973	347	7.986	3.471
11973	346	7.855	4.223
11973	342	-1.145	2.908
11973	345	0.153	3.223
11973	349	3.279	5.573
11973	348	3.188	4.255
11973	351	-0.438	1.122
11973	352	-1.457	1.154
11973	354	12.252	6.130
11973	350	-0.674	5.322
11973	353	-1.778	1.866
11973	355	-2.051	10.468
11979	343	12.727	4.796
11979	344	11.990	5.134
11979	347	8.588	3.710
11979	346	8.537	4.371
11979	342	-1.645	2.769
11979	345	-0.334	3.042
11979	349	3.988	5.501
11979	348	2.551	4.181
11979	351	0.165	1.411
11979	352	-0.842	1.399
11979	354	11.534	6.170
11979	350	-0.392	5.542
11979	353	-1.167	2.012
11979	355	-1.720	9.934
11985	343	13.397	5.116
11985	344	12.635	5.378
11985	347	9.092	3.823
11985	346	9.084	4.519
11985	342	-1.998	2.486
11985	345	-0.831	2.812
11985	349	4.689	5.515
11985	348	1.956	4.150
11985	351	0.806	1.650
11985	352	-0.173	1.782
11985	354	10.844	6.286
11985	350	0.402	5.693
11985	353	-0.558	2.249
11985	355	-1.362	9.720
11991	344	13.338	5.538
11991	347	9.749	3.891
11991	346	9.788	4.780
11991	342	-2.351	2.247
11991	345	-1.251	2.295
11991	349	5.417	5.442
11991	348	1.241	3.985
11991	351	1.335	1.884
11991	352	0.369	2.018
11991	354	10.176	6.324
11991	350	0.917	5.717
11991	353	-0.007	2.528
11991	355	-0.741	9.529
11997	347	10.401	4.158
11997	346	10.435	4.958
11997	342	-2.776	1.861
11997	345	-1.613	1.867
11997	349	6.134	5.413
11997	348	0.625	3.952
11997	351	2.006	2.115
11997	352	1.010	2.296
11997	354	9.533	6.280
11997	350	1.528	5.781
11997	353	0.587	2.804
11997	355	-0.414	9.049
12003	347	11.037	4.301
12003	346	11.032	5.173
12003	342	-3.150	1.470
12003	345	-1.811	1.484
12003	349	6.836	5.342
12003	348	0.060	4.009
12003	351	2.711	2.297
12003	352	1.642	2.616
12003	354	8.844	6.398
12003	350	2.134	5.888
12003	353	1.225	3.120
12003	355	0.033	8.788
12009	347	11.623	4.481
12009	346	11.619	5.384
12009	342	-3.409	1.126
12009	345	-2.150	0.759
12009	349	7.570	5.313
12009	348	-0.518	4.021
12009	351	3.104	2.342
12009	352	2.258	2.839
12009	354	8.178	6.395
12009	350	2.629	5.954
12009	353	1.847	3.340
12009	355	0.428	8.578
12015	347	12.201	4.697
12015	346	12.192	5.514
12015	342	-3.789	0.728
12015	345	-2.411	0.319
12015	349	8.289	5.283
12015	348	-1.107	3.987
12015	351	3.935	2.563
12015	352	2.863	3.059
12015	354	7.544	6.430
12015	350	3.199	5.796
12015	353	2.457	3.557
12015	355	0.921	8.362
12021	347	12.766	4.871
12021	346	12.683	5.684
12021	342	-4.000	0.330
12021	345	-2.735	-0.176
12021	349	8.995	5.255
12021	348	-1.647	3.997
12021	351	4.511	2.737
12021	352	3.464	3.364
12021	354	6.901	6.507
12021	350	3.725	5.816
12021	353	3.112	3.858
12021	355	1.468	8.277
12021	356	-5.435	1.297
12021	359	-4.819	12.616
12021	358	-6.511	7.210
12021	357	-6.368	6.269
12027	347	13.577	5.070
12027	346	13.462	6.026
12027	342	-4.212	-0.071
12027	345	-3.181	-0.729
12027	349	9.729	5.266
12027	348	-2.143	3.960
12027	351	5.119	2.821
12027	352	3.993	3.445
12027	354	6.338	6.622
12027	350	4.291	5.834
12027	353	3.750	4.065
12027	355	1.956	8.153
12027	356	-4.821	1.503
12027	359	-4.334	12.280
12027	358	-6.260	7.293
12027	357	-6.182	6.310
12033	342	-4.485	-0.477
12033	345	-3.513	-1.235
12033	349	10.447	5.236
12033	348	-2.641	3.970
12033	351	5.813	2.989
12033	352	4.616	3.654
12033	354	5.677	6.745
12033	350	4.892	5.807
12033	353	4.376	4.269
12033	355	2.438	8.030
12033	356	-4.106	1.657
12033	359	-3.906	11.998
12033	358	-5.846	7.221
12033	357	-5.694	6.385
12039	342	-4.705	-0.934
12039	345	-3.790	-1.744
12039	349	11.153	5.286
12039	348	-3.135	4.075
12039	351	6.584	3.195
12039	352	5.226	3.816
12039	354	5.082	6.652
12039	350	5.440	5.825
12039	353	4.992	4.470
12039	355	2.965	7.949
12039	356	-3.464	1.759
12039	359	-3.426	11.713
12039	358	-5.545	7.253
12039	357	-5.393	6.420
12045	349	11.844	5.296
12045	348	-3.807	4.186
12045	351	7.204	3.315
12045	352	5.869	3.932
12045	354	4.431	6.560
12045	350	5.939	5.886
12045	353	5.637	4.580
12045	355	3.480	7.782
12045	356	-2.668	1.813
12045	359	-3.065	11.397
12045	358	-5.236	7.380
12045	357	-5.089	6.502
12051	349	12.523	5.345
12051	348	-4.320	4.245
12051	351	7.863	3.557
12051	352	6.499	4.046
12051	354	3.772	6.509
12051	350	6.429	5.905
12051	353	6.226	4.690
12051	355	3.993	7.703
12051	356	-1.946	1.817
12051	359	-2.715	10.992
12051	358	-4.939	7.411
12051	357	-4.793	6.536
12057	349	13.482	5.493
12057	348	-4.829	4.403
12057	351	8.541	3.587
12057	352	7.076	4.159
12057	354	3.184	6.279
12057	350	6.912	5.924
12057	353	6.806	4.798
12057	355	4.446	7.501
12057	356	-1.233	1.869
12057	359	-2.205	10.574
12057	358	-4.644	7.442
12057	357	-4.498	6.570
12063	348	-5.354	4.465
12063	351	9.290	3.656
12063	352	7.727	4.227
12063	354	2.635	6.042
12063	350	7.387	5.901
12063	353	7.460	4.859
12063	355	4.932	7.171
12063	356	-0.483	1.874
12063	359	-1.634	10.291
12063	358	-4.352	7.472
12063	357	-4.201	6.651
12069	348	-5.825	4.526
12069	351	9.950	3.886
12069	352	8.284	4.336
12069	354	2.032	5.848
12069	350	7.858	5.919
12069	353	7.978	4.966
12069	355	5.372	6.932
12069	356	0.265	2.017
12069	359	-1.021	9.961
12069	358	-4.118	7.506
12069	357	-3.854	6.681
12075	348	-6.302	4.587
12075	351	10.286	4.241
12075	352	8.789	4.405
12075	354	1.455	5.469
12075	350	8.620	6.045
12075	353	8.486	5.030
12075	355	5.853	6.692
12075	356	1.047	2.112
12075	359	-0.573	9.649
12075	358	-3.829	7.536
12075	357	-3.566	6.714
12081	351	11.200	4.494
12081	352	9.697	4.541
12081	354	0.878	5.220
12081	350	9.071	5.982
12081	353	8.981	4.971
12081	355	6.326	6.414
12081	356	1.723	2.342
12081	359	-0.077	9.336
12081	358	-3.772	7.532
12081	357	-3.337	6.750
12087	351	11.891	4.512
12087	352	10.304	4.682
12087	354	0.392	4.918
12087	350	9.393	5.885
12087	353	9.387	4.875
12087	355	6.885	6.217
12087	356	2.432	2.523
12087	359	0.468	9.066
12087	358	-3.378	7.508
12087	357	-3.113	6.738
12093	351	12.610	4.645
12093	352	11.017	4.778
12093	354	-0.157	4.568
12093	350	9.917	5.859
12093	353	9.872	4.858
12093	355	7.353	6.068
12093	356	3.220	2.610
12093	359	1.003	8.756
12093	358	-3.089	7.585
12093	357	-3.001	6.732
12099	351	13.217	5.161
12099	352	11.600	4.875
12099	354	-0.763	4.259
12099	350	10.434	5.873
12099	353	10.232	4.845
12099	355	7.855	5.878
12099	356	3.947	2.740
12099	359	1.488	8.541
12099	358	-2.646	7.557
12099	357	-2.435	6.843
12105	352	12.285	4.967
12105	354	-1.226	3.848
12105	350	10.944	5.887
12105	353	10.665	4.790
12105	355	8.356	5.772
12105	356	4.758	2.954
12105	359	2.018	8.324
12105	358	-2.422	7.590
12105	357	-2.426	6.936
12111	352	13.178	5.086
12111	354	-1.642	3.432
12111	350	11.487	5.938
12111	353	11.099	4.893
12111	355	8.807	5.629
12111	356	5.461	3.165
12111	359	2.538	8.066
12111	358	-2.199	7.622
12111	357	-2.203	6.971
12117	354	-2.011	2.962
12117	350	11.948	6.069
12117	353	11.529	5.035
12117	355	9.334	5.484
12117	356	6.150	3.371
12117	359	3.105	7.895
12117	358	-2.082	7.708
12117	357	-2.040	6.962
12123	354	-2.346	2.295
12123	350	12.548	6.076
12123	353	11.991	5.173
12123	355	9.899	5.459
12123	356	6.872	3.615
12123	359	3.659	7.640
12123	358	-1.600	7.631
12123	357	-1.656	6.987
12129	350	13.211	6.116
12129	353	12.559	5.304
12129	355	10.447	5.236
12129	356	7.576	3.813
12129	359	4.435	7.331
12129	358	-1.340	7.522
12129	357	-1.499	6.932
12135	353	13.082	5.512
12135	355	10.953	5.136
12135	356	8.309	4.005
12135	359	5.167	7.283
12135	358	-1.127	7.509
12135	357	-1.129	6.865
12141	353	13.519	5.529
12141	355	11.495	5.154
12141	356	9.025	4.152
12141	359	5.813	6.779
12141	358	-0.858	7.537
12141	357	-0.860	6.896
12147	355	11.990	5.134
12147	356	9.730	4.378
12147	359	6.347	6.789
12147	358	-0.648	7.524
12147	357	-0.649	6.884
12153	355	12.516	5.152
12153	356	10.454	4.477
12153	359	6.935	6.339
12153	358	-0.341	7.414
12153	357	-0.394	6.779
12159	355	13.035	5.207
12159	356	11.127	4.615
12159	359	7.283	6.362
12159	358	-0.081	7.398
12159	357	-0.133	6.765
12165	355	13.189	5.430
12165	356	11.786	4.751
12165	359	7.828	6.168
12165	358	0.232	7.423
12165	357	0.181	6.793
12171	356	12.434	4.922
12171	359	8.443	5.850
12171	358	0.481	7.318
12171	357	0.431	6.689
12177	356	13.214	5.085
12177	359	9.061	5.780
12177	358	0.739	7.347
12177	357	0.686	6.675
12183	359	9.670	5.751
12183	358	0.996	7.375
12183	357	0.994	6.704
12189	359	10.266	5.643
12189	358	1.290	7.268
12189	357	1.289	6.598
12195	359	10.980	5.807
12195	358	1.540	7.252
12195	357	1.539	6.585
12201	359	11.702	5.576
12201	360	-1.254	3.520
12201	361	-1.323	2.721
12201	358	1.841	7.278
12201	357	1.841	6.613
12207	359	12.236	5.706
12207	360	-0.715	3.559
12207	361	-0.724	2.811
12207	358	2.130	7.172
12207	357	2.130	6.509
12213	359	12.796	5.755
12213	360	-0.078	3.596
12213	361	-0.082	2.901
12213	358	2.429	7.242
12213	357	2.378	6.540
12219	359	13.621	5.335
12219	360	0.548	3.632
12219	361	0.546	2.942
12219	362	-0.961	4.450
12219	363	-1.054	5.243
12219	358	2.768	7.221
12219	357	2.670	6.525
12225	360	1.129	3.851
12225	361	1.164	2.983
12225	362	-0.378	4.435
12225	363	-0.523	5.224
12225	358	3.006	7.162
12225	357	2.957	6.465
12231	360	1.833	3.837
12231	361	1.773	3.024
12231	362	0.249	4.419
12231	363	0.215	5.290
12231	358	3.289	7.101
12231	357	3.241	6.407
12237	360	2.434	3.916
12237	361	2.419	3.018
12237	362	0.917	4.402
12237	363	0.882	5.266
12237	358	3.577	7.127
12237	357	3.536	6.522
12243	360	3.115	3.902
12243	361	3.060	3.102
12243	362	1.580	4.475
12243	363	1.541	5.286
12243	358	3.862	7.153
12243	357	3.822	6.550
12243	366	-1.969	7.144
12243	364	-2.005	5.511
12243	365	-1.818	6.391
12249	360	3.783	3.845
12249	361	3.688	3.140
12249	362	2.230	4.502
12249	363	2.186	5.263
12249	358	4.096	7.138
12249	357	4.103	6.535
12249	366	-1.109	7.094
12249	364	-1.471	5.398
12249	365	-1.123	6.311
12255	360	4.359	4.008
12255	361	4.305	3.177
12255	362	2.865	4.485
12255	363	2.773	5.241
12255	358	4.378	7.163
12255	357	4.342	6.608
12255	366	-0.427	7.009
12255	364	-0.833	5.328
12255	365	-0.548	6.192
12261	360	5.005	3.951
12261	361	4.916	3.258
12261	362	3.488	4.424
12261	363	3.402	5.262
12261	358	4.655	7.146
12261	357	4.616	6.550
12261	366	0.199	7.019
12261	364	-0.145	5.349
12261	365	0.178	6.112
12267	360	5.568	4.196
12267	361	5.562	3.336
12267	362	4.151	4.406
12267	363	4.064	5.237
12267	358	4.929	7.129
12267	357	4.889	6.492
12267	367	12.769	7.133
12267	366	0.812	6.983
12267	364	0.520	5.233
12267	365	0.840	6.036
12273	360	6.199	4.223
12273	361	6.199	3.456
12273	362	4.808	4.475
12273	363	4.718	5.255
12273	358	5.202	7.112
12273	357	5.211	6.517
12273	367	12.482	7.382
12273	366	1.463	6.901
12273	364	1.182	5.209
12273	365	1.445	6.008
12279	360	6.824	4.334
12279	361	6.872	3.615
12279	362	5.496	4.498
12279	363	5.407	5.272
12279	358	5.473	7.095
12279	357	5.522	6.415
12279	367	12.154	7.597
12279	366	2.159	6.905
12279	364	1.834	5.186
12279	365	2.088	5.934
12285	360	7.487	4.567
12285	361	7.570	3.687
12285	362	6.127	4.523
12285	363	6.041	5.332
12285	358	5.834	7.114
12285	357	5.835	6.398
12285	367	11.862	7.812
12285	366	2.837	6.823
12285	364	2.520	5.117
12285	365	2.768	5.859
12291	360	8.132	4.671
12291	361	8.219	3.883
12291	362	6.792	4.546
12291	363	6.664	5.391
12291	358	6.144	7.094
12291	357	6.152	6.465
12291	367	11.570	8.104
12291	366	3.462	6.830
12291	364	3.246	5.091
12291	365	3.488	5.827
12297	360	8.734	4.980
12297	361	8.891	3.951
12297	362	7.487	4.567
12297	363	7.360	5.404
12297	358	6.493	7.031
12297	357	6.455	6.365
12297	367	11.309	8.242
12297	366	4.454	6.902
12297	364	3.906	4.981
12297	365	4.145	5.754
12303	360	9.431	4.954
12303	361	9.555	4.098
12303	362	8.172	4.629
12303	363	8.005	5.501
12303	358	6.799	7.012
12303	357	6.761	6.348
12303	367	11.350	8.315
12303	366	4.692	7.016
12303	364	4.555	4.872
12303	365	4.740	5.599
12309	360	10.086	5.171
12309	361	10.248	4.283
12309	362	8.801	4.650
12309	363	8.679	5.553
12309	358	7.147	7.031
12309	357	7.110	6.371
12309	367	11.238	8.402
12309	366	5.391	7.227
12309	364	5.244	4.849
12309	365	5.422	5.527
12315	360	10.843	5.299
12315	361	10.963	4.422
12315	362	9.418	4.671
12315	363	9.295	5.526
12315	358	7.444	6.971
12315	357	7.450	6.270
12315	367	11.202	8.444
12315	366	6.024	7.312
12315	364	5.914	4.700
12315	365	6.088	5.372
12321	360	11.391	5.433
12321	361	11.628	4.599
12321	362	10.069	4.770
12321	363	9.982	5.536
12321	358	7.824	6.906
12321	357	7.750	6.295
12321	367	11.202	8.444
12321	366	6.648	7.436
12321	364	6.623	4.677
12321	365	6.792	5.344
12327	360	11.966	5.525
12327	361	12.353	4.770
12327	362	10.706	4.828
12327	363	10.657	5.545
12327	358	8.121	6.929
12327	357	8.047	6.320
12327	367	11.202	8.444
12327	366	7.302	7.515
12327	364	7.272	4.573
12327	365	7.437	5.235
12333	360	12.605	5.572
12333	361	12.876	4.829
12333	362	11.333	4.924
12333	363	11.283	5.635
12333	358	8.328	6.875
12333	357	8.339	6.264
12333	367	11.202	8.444
12333	366	8.188	7.412
12333	364	7.908	4.430
12333	365	8.073	5.169
12339	360	13.164	5.775
12339	361	13.316	4.851
12339	362	11.946	4.980
12339	363	11.896	5.684
12339	358	8.616	6.817
12339	357	8.632	6.288
12339	367	11.202	8.444
12339	366	8.984	7.598
12339	364	8.579	4.369
12339	365	8.738	5.061
12345	362	12.511	4.997
12345	363	12.456	5.579
12345	358	8.863	6.801
12345	357	8.881	6.315
12345	367	11.202	8.444
12345	366	9.432	7.605
12345	364	9.195	4.271
12345	365	9.393	4.996
12351	362	12.922	5.097
12351	363	12.792	5.640
12351	358	9.150	6.784
12351	357	9.166	6.259
12351	367	11.202	8.444
12351	366	9.992	7.564
12351	364	9.805	4.254
12351	365	10.083	5.091
12357	363	13.229	5.543
12357	358	9.393	6.769
12357	357	9.410	6.246
12357	367	11.202	8.444
12357	366	10.582	7.521
12357	364	10.363	4.199
12357	365	10.681	5.187
12363	363	13.479	5.417
12363	358	9.675	6.751
12363	357	9.652	6.233
12363	367	11.202	8.444
12363	366	10.971	7.492
12363	364	10.910	4.065
12363	365	11.306	5.240
12369	358	9.915	6.737
12369	357	9.931	6.178
12369	367	11.202	8.444
12369	366	11.426	7.343
12369	364	11.416	4.092
12369	365	11.885	5.373
12375	358	10.156	6.761
12375	357	10.211	6.203
12375	367	11.202	8.444
12375	366	11.839	7.198
12375	364	11.913	4.080
12375	365	12.339	5.430
12381	358	10.392	6.747
12381	357	10.449	6.229
12381	367	11.202	8.444
12381	366	12.132	6.985
12381	364	12.369	4.146
12381	365	12.708	5.337
