# Standardized Official Benchmark Trajectories (Format: frame_id  ped_id  pos_x(m)  pos_y(m))
1	1	1.398	-5.743
1	2	0.518	-7.004
1	3	2.260	-4.547
1	4	2.740	-2.424
1	5	-1.586	0.928
1	6	-1.721	1.318
1	7	-2.445	2.279
1	8	-1.448	-0.756
1	9	1.164	-8.605
1	10	-0.106	-9.902
11	1	1.268	-6.415
11	2	0.557	-7.656
11	3	1.899	-4.072
11	4	2.761	-1.698
11	5	-1.586	0.928
11	6	-1.721	1.318
11	7	-2.432	2.484
11	8	-1.448	-0.756
11	9	1.186	-9.232
11	10	-0.105	-9.882
21	3	1.490	-3.429
21	4	2.726	-1.004
21	5	-1.586	0.928
21	6	-1.721	1.318
21	7	-2.425	2.606
21	8	-1.448	-0.756
31	3	1.105	-2.944
31	4	2.725	-0.355
31	5	-1.586	0.928
31	6	-1.721	1.318
31	7	-2.370	2.845
31	8	-1.448	-0.756
41	3	0.815	-2.408
41	4	2.713	0.414
41	5	-1.586	0.928
41	6	-1.721	1.318
41	7	-2.417	3.411
41	8	-1.448	-0.756
51	3	0.405	-1.954
51	4	2.617	0.999
51	5	-1.586	0.928
51	6	-1.721	1.318
51	7	-2.413	3.802
51	8	-1.448	-0.756
61	3	0.145	-1.476
61	4	2.586	1.751
61	5	-1.586	0.928
61	6	-1.721	1.318
61	8	-1.448	-0.756
71	3	-0.130	-0.913
71	4	2.524	2.292
71	5	-1.586	0.928
71	6	-1.721	1.318
71	8	-1.448	-0.756
81	3	-0.366	-0.333
81	5	-1.586	0.928
81	6	-1.721	1.318
81	8	-1.448	-0.756
91	3	-0.565	0.244
91	5	-1.586	0.928
91	6	-1.721	1.318
91	8	-1.448	-0.756
101	3	-0.787	0.786
101	5	-1.586	0.928
101	6	-1.721	1.318
101	8	-1.448	-0.756
111	3	-0.955	1.260
111	5	-1.586	0.928
111	6	-1.701	1.315
111	8	-1.448	-0.756
121	3	-1.214	1.853
121	5	-1.586	0.928
121	6	-1.701	1.315
121	8	-1.448	-0.756
131	3	-1.490	2.205
131	5	-1.586	0.928
131	6	-1.701	1.315
131	8	-1.448	-0.756
141	5	-1.586	0.928
141	6	-1.701	1.315
141	8	-1.448	-0.756
141	11	0.396	2.899
141	12	1.261	2.828
141	13	0.996	3.791
151	5	-1.586	0.928
151	6	-1.701	1.315
151	8	-1.448	-0.756
151	11	0.333	2.126
151	12	1.342	2.614
151	13	0.884	3.473
161	5	-1.586	0.928
161	6	-1.701	1.315
161	8	-1.448	-0.756
161	11	0.341	1.280
161	12	1.364	2.332
161	13	0.748	3.077
171	5	-1.586	0.928
171	6	-1.701	1.315
171	8	-1.448	-0.756
171	11	0.409	0.464
171	12	1.342	1.938
171	13	0.736	2.539
171	14	3.998	-2.346
171	15	3.129	-2.256
171	16	3.564	-5.854
181	5	-1.586	0.928
181	6	-1.701	1.315
181	8	-1.520	-0.643
181	11	0.418	-0.383
181	12	1.389	1.453
181	13	0.740	1.938
181	14	3.995	-1.743
181	15	3.138	-1.747
181	16	3.426	-5.096
191	5	-1.586	0.928
191	6	-1.701	1.315
191	8	-1.448	-0.756
191	11	0.503	-1.220
191	12	1.396	0.914
191	13	0.762	1.334
191	14	3.912	-1.304
191	15	3.129	-1.255
191	16	3.339	-4.361
201	5	-1.586	0.928
201	6	-1.701	1.315
201	8	-1.448	-0.756
201	11	0.532	-2.051
201	12	1.342	0.285
201	13	0.784	0.709
201	14	3.901	-0.836
201	15	3.083	-0.759
201	16	3.238	-3.565
211	5	-1.586	0.928
211	6	-1.701	1.315
211	8	-1.560	-0.638
211	11	0.580	-2.883
211	12	1.381	-0.359
211	13	0.764	0.030
211	14	3.891	-0.349
211	15	3.092	-0.270
211	16	3.137	-2.767
221	5	-1.586	0.928
221	6	-1.701	1.315
221	8	-1.518	-0.602
221	11	0.604	-3.794
221	12	1.309	-0.988
221	13	0.743	-0.670
221	14	3.810	0.130
221	15	3.116	0.176
221	16	3.127	-1.961
231	5	-1.586	0.928
231	6	-1.701	1.315
231	8	-1.448	-0.756
231	11	0.761	-4.718
231	12	1.287	-1.704
231	13	0.721	-1.390
231	14	3.801	0.617
231	15	3.106	0.667
231	16	2.990	-1.158
231	17	1.430	-8.197
231	18	3.287	-6.696
241	5	-1.605	0.931
241	6	-1.721	1.318
241	8	-1.448	-0.756
241	11	0.706	-5.683
241	12	1.302	-2.446
241	13	0.694	-2.212
241	14	3.791	1.104
241	15	3.133	1.171
241	16	2.857	-0.275
241	17	1.565	-7.443
241	18	3.290	-5.968
251	5	-1.605	0.931
251	6	-1.721	1.318
251	8	-1.448	-0.756
251	11	0.700	-6.471
251	12	1.260	-3.202
251	13	0.726	-2.981
251	14	3.777	1.513
251	15	3.122	1.622
251	16	2.731	0.411
251	17	1.666	-6.628
251	18	3.237	-5.274
261	11	0.745	-7.344
261	12	1.235	-3.982
261	13	0.690	-3.622
261	14	3.717	2.048
261	15	3.074	2.080
261	16	2.608	1.158
261	17	1.878	-5.805
261	18	3.256	-4.588
271	11	0.808	-8.240
271	12	1.230	-4.744
271	13	0.685	-4.388
271	14	3.705	2.496
271	15	3.097	2.505
271	16	2.467	1.908
271	17	1.940	-5.013
271	18	3.241	-3.859
281	11	0.835	-9.112
281	12	1.242	-5.529
281	13	0.678	-5.175
281	14	3.695	2.963
281	15	3.122	2.950
281	16	2.250	2.634
281	17	2.006	-4.143
281	18	3.277	-3.176
291	12	1.317	-6.198
291	13	0.710	-5.946
291	17	2.035	-3.290
291	18	3.259	-2.507
301	12	1.252	-7.038
301	13	0.726	-6.675
301	17	1.970	-2.448
301	18	3.207	-1.815
311	12	1.302	-7.807
311	13	0.778	-7.428
311	17	1.945	-1.571
311	18	3.224	-1.151
321	12	1.299	-8.552
321	13	0.787	-8.279
321	17	1.915	-0.773
321	18	3.225	-0.466
321	19	0.364	1.679
331	17	1.906	0.062
331	18	3.296	0.188
331	19	0.446	2.107
341	17	2.046	0.931
341	18	3.443	0.926
341	19	0.585	2.545
351	17	1.975	1.635
351	18	3.438	1.492
351	19	0.611	3.002
411	20	1.553	2.379
421	20	1.482	1.776
431	20	1.447	1.145
431	21	2.589	-6.224
441	20	1.355	0.502
441	21	2.558	-5.448
451	20	1.282	-0.125
451	21	2.526	-4.692
461	20	1.208	-0.774
461	21	2.438	-3.970
471	20	1.117	-1.402
471	21	2.441	-3.238
471	23	2.232	-7.410
481	20	1.098	-2.061
481	21	2.372	-2.497
481	23	2.181	-6.668
491	20	1.043	-2.716
491	21	2.280	-1.832
491	23	2.130	-5.907
501	20	1.081	-3.383
501	21	2.247	-1.096
501	23	2.172	-5.154
501	24	0.284	2.617
501	25	-0.652	2.757
501	26	3.517	-4.046
511	20	1.052	-4.224
511	21	2.175	-0.393
511	23	2.106	-4.332
511	24	0.457	2.306
511	25	-0.432	2.537
511	26	3.438	-3.528
521	20	1.040	-4.786
521	21	2.277	0.461
521	23	2.111	-3.577
521	24	0.597	2.082
521	25	-0.271	2.308
521	26	3.430	-2.998
531	20	1.076	-5.473
531	21	2.242	1.157
531	23	1.934	-2.782
531	24	0.717	1.862
531	25	-0.073	2.073
531	26	3.384	-2.523
531	27	2.388	-7.918
541	20	1.112	-6.181
541	21	2.188	1.837
541	23	1.846	-2.015
541	24	0.720	1.581
541	25	0.066	1.808
541	26	3.340	-2.008
541	27	2.423	-7.264
551	20	1.276	-6.939
551	21	2.207	2.504
551	23	1.869	-1.283
551	24	0.761	1.314
551	25	0.162	1.490
551	26	3.349	-1.501
551	27	2.494	-6.633
561	20	1.367	-7.650
561	23	1.855	-0.526
561	24	0.836	0.961
561	25	0.279	1.189
561	26	3.232	-1.015
561	27	2.439	-5.954
571	20	1.498	-8.322
571	23	1.949	0.174
571	24	0.818	0.644
571	25	0.261	0.870
571	26	3.184	-0.558
571	27	2.440	-5.279
581	20	1.609	-9.012
581	23	2.009	0.918
581	24	0.856	0.317
581	25	0.300	0.561
581	26	3.194	-0.051
581	27	2.436	-4.664
591	20	1.663	-9.719
591	23	2.033	1.685
591	24	1.006	-0.025
591	25	0.263	0.244
591	26	3.148	0.445
591	27	2.344	-4.019
591	28	0.743	3.658
601	23	2.256	2.397
601	24	1.082	-0.356
601	25	0.264	-0.078
601	26	3.192	0.927
601	27	2.434	-3.375
601	28	0.781	3.331
611	24	1.135	-0.744
611	25	0.301	-0.427
611	26	3.218	1.411
611	27	2.462	-2.844
611	28	0.876	2.995
621	24	1.226	-1.117
621	25	0.259	-0.825
621	26	3.172	1.887
621	27	2.437	-2.307
621	28	0.930	2.626
631	24	1.298	-1.506
631	25	0.351	-1.220
631	27	2.641	-1.899
631	28	0.967	2.280
641	24	1.335	-1.851
641	25	0.367	-1.606
641	27	2.859	-1.573
641	28	1.078	1.922
651	24	1.426	-2.222
651	25	0.421	-1.996
651	27	3.060	-1.187
651	28	1.116	1.597
661	24	1.500	-2.570
661	25	0.514	-2.371
661	28	1.095	1.221
671	24	1.498	-2.950
671	25	0.548	-2.779
671	28	1.151	0.873
681	24	1.550	-3.355
681	25	0.677	-3.177
681	28	1.206	0.525
691	24	1.653	-3.846
691	25	0.712	-3.564
691	28	1.205	0.165
701	24	1.664	-4.307
701	25	0.805	-3.936
701	28	1.223	-0.177
711	24	1.676	-4.768
711	25	0.897	-4.309
711	28	1.332	-0.572
721	24	1.706	-5.230
721	25	0.876	-4.689
721	28	1.345	-1.013
721	29	-1.050	-5.714
721	30	-1.294	-7.531
731	24	1.647	-5.625
731	25	0.947	-5.099
731	28	1.303	-1.427
731	29	-0.869	-5.976
731	30	-1.294	-7.531
741	24	1.588	-6.020
741	25	0.924	-5.500
741	28	1.294	-1.925
741	29	-0.691	-6.278
741	30	-1.294	-7.531
751	24	1.657	-6.447
751	25	0.977	-5.908
751	28	1.191	-2.413
751	29	-0.451	-6.482
751	30	-1.294	-7.531
761	24	1.693	-6.810
761	25	0.994	-6.272
761	28	1.126	-2.906
761	29	-0.315	-6.820
761	30	-1.294	-7.531
771	24	1.710	-7.172
771	25	0.973	-6.654
771	28	1.132	-3.469
771	29	-0.120	-7.120
771	30	-1.294	-7.531
781	24	1.805	-7.459
781	25	1.084	-7.026
781	28	1.083	-4.006
781	29	0.097	-7.360
781	30	-1.294	-7.531
791	24	1.883	-7.725
791	25	1.139	-7.372
791	28	1.076	-4.468
791	29	0.147	-7.832
791	30	-1.294	-7.531
801	24	1.851	-7.983
801	25	1.233	-7.701
801	28	1.084	-4.991
801	29	0.300	-8.168
801	30	-1.294	-7.531
811	28	1.040	-5.450
811	30	-1.294	-7.531
871	31	3.301	-2.395
871	32	2.213	3.625
881	31	3.284	-1.707
881	32	2.156	2.927
891	31	3.301	-1.064
891	32	2.158	2.295
901	31	3.316	-0.440
901	32	2.086	1.656
911	31	3.334	0.221
911	32	2.034	1.052
921	31	3.369	0.879
921	32	2.053	0.396
931	31	3.368	1.523
931	32	2.034	-0.294
941	31	3.435	2.115
941	32	2.110	-0.919
951	31	3.449	2.697
951	32	2.163	-1.619
951	33	0.767	-7.285
951	34	-1.311	-7.489
961	32	2.144	-2.311
961	33	0.608	-6.747
961	34	-1.311	-7.489
961	35	0.547	1.870
971	32	2.270	-3.020
971	33	0.563	-6.197
971	34	-1.311	-7.489
971	35	0.472	1.239
981	32	2.269	-3.714
981	33	0.441	-5.680
981	34	-1.311	-7.489
981	35	0.340	0.596
991	33	0.225	-5.113
991	35	0.264	-0.078
1001	36	0.171	-0.691
1001	37	0.021	-4.646
1001	38	-1.400	-7.317
1011	36	0.024	-1.258
1011	37	-0.246	-4.274
1011	38	-1.398	-7.296
1011	39	-2.737	-3.208
1021	36	-0.012	-1.882
1021	37	-0.553	-3.895
1021	38	-1.397	-7.276
1021	39	-2.706	-3.044
1031	36	-0.206	-2.568
1031	37	-0.801	-3.460
1031	38	-1.397	-7.276
1031	39	-2.748	-2.727
1041	36	-0.411	-3.115
1041	37	-1.075	-3.122
1041	38	-1.397	-7.276
1041	39	-2.693	-2.483
1051	36	-0.660	-3.720
1051	37	-1.253	-2.814
1051	38	-1.397	-7.276
1051	39	-2.620	-2.283
1051	40	-1.604	0.951
1051	41	-1.742	1.301
1061	36	-1.025	-4.277
1061	37	-1.378	-2.594
1061	38	-1.397	-7.276
1061	39	-2.645	-2.030
1061	40	-1.604	0.951
1061	41	-1.742	1.301
1071	36	-1.246	-4.708
1071	37	-1.591	-2.508
1071	38	-1.397	-7.276
1071	39	-2.661	-1.966
1071	40	-1.604	0.951
1071	41	-1.742	1.301
1081	36	-1.748	-5.157
1081	37	-1.672	-2.539
1081	38	-1.397	-7.276
1081	39	-2.584	-2.017
1081	41	-1.742	1.301
1081	42	-2.171	-8.578
1091	36	-2.194	-5.595
1091	38	-1.360	-7.320
1091	41	-1.742	1.301
1091	42	-2.179	-8.035
1101	36	-2.616	-5.914
1101	38	-1.324	-7.384
1101	41	-1.742	1.301
1101	42	-2.069	-7.541
1111	36	-2.907	-6.352
1111	38	-1.307	-7.427
1111	42	-2.016	-6.983
1121	36	-3.288	-6.575
1121	38	-1.307	-7.427
1121	42	-1.887	-6.494
1131	38	-1.307	-7.427
1131	42	-1.677	-5.971
1141	38	-1.307	-7.427
1141	42	-1.576	-5.607
1141	43	-1.693	-2.558
1141	44	-2.392	-2.185
1141	45	1.278	1.809
1151	38	-1.307	-7.427
1151	42	-1.478	-5.285
1151	43	-1.693	-2.558
1151	44	-2.392	-2.185
1151	45	1.315	1.126
1151	46	-1.647	0.896
1151	47	-1.724	1.277
1161	38	-1.307	-7.427
1161	42	-1.352	-4.822
1161	43	-1.693	-2.558
1161	44	-2.392	-2.185
1161	45	1.352	0.463
1161	46	-1.647	0.896
1161	47	-1.724	1.277
1161	48	2.926	-5.699
1171	38	-1.307	-7.427
1171	42	-1.666	-4.771
1171	43	-1.693	-2.558
1171	44	-2.392	-2.185
1171	45	1.369	-0.238
1171	46	-1.647	0.896
1171	47	-1.724	1.277
1171	48	2.744	-5.030
1181	38	-1.307	-7.427
1181	45	1.421	-0.983
1181	46	-1.647	0.896
1181	47	-1.724	1.277
1181	48	2.654	-4.349
1191	38	-1.307	-7.427
1191	45	1.434	-1.743
1191	46	-1.647	0.896
1191	47	-1.724	1.277
1191	48	2.525	-3.702
1201	38	-1.307	-7.427
1201	45	1.476	-2.667
1201	46	-1.647	0.896
1201	47	-1.724	1.277
1201	48	2.469	-3.063
1211	38	-1.373	-7.546
1211	45	1.591	-3.280
1211	46	-1.647	0.896
1211	47	-1.724	1.277
1211	48	2.396	-2.381
1211	49	-1.068	-3.677
1221	38	-1.434	-7.563
1221	45	1.696	-4.070
1221	46	-1.647	0.896
1221	47	-1.724	1.277
1221	48	2.289	-1.675
1221	49	-0.818	-4.093
1231	38	-1.307	-7.427
1231	45	1.662	-5.026
1231	46	-1.647	0.896
1231	47	-1.724	1.277
1231	48	2.268	-1.039
1231	49	-0.454	-4.518
1241	38	-1.307	-7.427
1241	45	1.840	-5.822
1241	46	-1.647	0.896
1241	47	-1.724	1.277
1241	48	2.193	-0.416
1241	49	-0.180	-4.810
1241	51	0.933	3.005
1251	38	-1.307	-7.427
1251	45	1.981	-6.613
1251	46	-1.647	0.896
1251	47	-1.724	1.277
1251	48	2.208	0.195
1251	49	0.060	-5.321
1251	51	1.013	2.432
1261	38	-1.307	-7.427
1261	45	2.086	-7.399
1261	46	-1.647	0.896
1261	47	-1.724	1.277
1261	48	2.131	0.800
1261	49	0.359	-5.774
1261	51	1.037	1.849
1271	38	-1.326	-7.405
1271	45	2.284	-8.131
1271	46	-1.647	0.896
1271	47	-1.724	1.277
1271	48	2.087	1.340
1271	49	0.535	-6.356
1271	51	1.023	1.272
1281	38	-1.343	-7.362
1281	46	-1.647	0.896
1281	47	-1.724	1.277
1281	48	2.026	1.903
1281	49	0.559	-6.946
1281	51	1.100	0.641
1291	38	-1.361	-7.340
1291	46	-1.647	0.896
1291	47	-1.724	1.277
1291	48	1.908	2.437
1291	49	0.677	-7.542
1291	51	1.083	0.004
1301	38	-1.359	-7.299
1301	46	-1.647	0.896
1301	47	-1.724	1.277
1301	49	0.664	-8.109
1301	51	1.125	-0.583
1311	38	-1.360	-7.320
1311	46	-1.647	0.896
1311	47	-1.724	1.277
1311	49	0.782	-8.704
1311	51	1.165	-1.208
1321	38	-1.324	-7.384
1321	46	-1.647	0.896
1321	47	-1.724	1.277
1321	51	1.185	-1.851
1331	38	-1.289	-7.449
1331	46	-1.647	0.896
1331	47	-1.724	1.277
1331	51	1.318	-2.488
1341	38	-1.270	-7.471
1341	46	-1.647	0.896
1341	47	-1.724	1.277
1341	51	1.538	-3.234
1351	38	-1.270	-7.471
1351	46	-1.647	0.896
1351	47	-1.724	1.277
1351	51	1.520	-3.892
1361	38	-1.270	-7.471
1361	46	-1.647	0.896
1361	47	-1.724	1.277
1361	51	1.620	-4.442
1371	38	-1.270	-7.471
1371	46	-1.647	0.896
1371	47	-1.724	1.277
1371	51	1.598	-5.160
1381	38	-1.317	-7.592
1381	46	-1.647	0.896
1381	47	-1.724	1.277
1381	51	1.635	-5.844
1391	38	-1.292	-7.511
1401	38	-1.270	-7.471
1411	38	-1.270	-7.471
1421	38	-1.270	-7.471
1431	38	-1.270	-7.471
1441	38	-1.270	-7.471
1451	38	-1.270	-7.471
1461	38	-1.270	-7.471
1471	38	-1.270	-7.471
1481	38	-1.270	-7.471
1481	52	2.172	-1.799
1481	53	3.010	-1.789
1481	54	3.805	-1.309
1491	38	-1.270	-7.471
1491	52	2.028	-1.066
1491	53	2.904	-1.068
1491	54	3.633	-0.525
1491	55	-0.576	2.724
1501	38	-1.290	-7.469
1501	52	1.938	-0.359
1501	53	2.725	-0.355
1501	54	3.603	0.239
1501	55	-0.329	2.641
1511	38	-1.386	-7.421
1511	52	1.978	0.368
1511	53	2.655	0.364
1511	54	3.601	0.881
1511	55	-0.183	2.495
1521	38	-1.480	-7.332
1521	52	1.924	1.050
1521	53	2.584	1.063
1521	54	3.474	1.505
1521	55	-0.043	2.249
1531	38	-1.515	-7.268
1531	52	2.016	1.727
1531	53	2.604	1.748
1531	54	3.385	2.182
1531	55	0.041	2.054
1541	38	-1.515	-7.268
1541	52	1.871	2.424
1541	53	2.549	2.405
1541	54	3.223	2.834
1541	55	0.204	1.886
1551	38	-1.515	-7.268
1551	52	1.816	3.106
1551	53	2.548	3.053
1551	54	3.206	3.519
1551	55	0.368	1.738
1561	38	-1.515	-7.268
1561	55	0.433	1.547
1571	38	-1.515	-7.268
1571	55	0.474	1.259
1581	38	-1.515	-7.268
1581	55	0.520	1.071
1591	38	-1.515	-7.268
1591	55	0.586	0.900
1601	38	-1.515	-7.268
1601	55	0.656	0.789
1611	38	-1.515	-7.268
1611	55	0.650	0.689
1621	38	-1.515	-7.268
1621	55	0.622	0.533
1631	38	-1.515	-7.268
1641	38	-1.515	-7.268
1651	38	-1.515	-7.268
1661	38	-1.515	-7.268
1671	38	-1.515	-7.268
1671	56	1.507	0.559
1671	57	3.134	-3.160
1681	38	-1.515	-7.268
1681	56	1.774	0.677
1681	57	3.058	-2.561
1691	38	-1.515	-7.268
1691	56	2.006	0.878
1691	57	2.945	-1.977
1701	38	-1.515	-7.268
1701	56	2.324	0.967
1701	57	2.974	-1.450
1711	38	-1.515	-7.268
1711	56	2.677	1.088
1711	57	2.933	-0.875
1721	38	-1.515	-7.268
1721	56	2.957	1.239
1721	57	2.764	-0.321
1731	38	-1.515	-7.268
1731	56	3.221	1.469
1731	57	2.682	0.183
1741	38	-1.515	-7.268
1741	56	3.514	1.577
1741	57	2.642	0.779
1751	38	-1.515	-7.268
1751	56	3.896	1.746
1751	57	2.566	1.400
1761	38	-1.515	-7.268
1771	38	-1.515	-7.268
1781	38	-1.515	-7.268
1791	38	-1.515	-7.268
1791	58	2.432	-4.068
1801	38	-1.515	-7.268
1801	58	2.444	-3.179
1811	38	-1.515	-7.268
1811	58	2.438	-2.288
1821	38	-1.515	-7.268
1821	58	2.468	-1.402
1831	38	-1.515	-7.268
1831	58	2.552	-0.526
1841	38	-1.515	-7.268
1841	58	2.564	0.358
1841	59	1.759	3.749
1841	60	1.027	4.005
1851	38	-1.515	-7.268
1851	58	2.648	1.230
1851	59	1.730	3.220
1851	60	0.939	3.443
1851	61	2.860	-5.239
1851	62	3.235	-3.623
1861	38	-1.515	-7.268
1861	58	2.676	2.069
1861	59	1.687	2.792
1861	60	1.007	2.992
1861	61	2.825	-4.544
1861	62	3.232	-3.014
1871	38	-1.515	-7.268
1871	58	2.729	3.040
1871	59	1.681	2.338
1871	60	1.041	2.587
1871	61	2.717	-3.862
1871	62	3.208	-2.462
1881	38	-1.515	-7.268
1881	59	1.648	2.086
1881	60	1.017	2.172
1881	61	2.625	-3.199
1881	62	3.202	-1.893
1891	38	-1.515	-7.268
1891	59	1.835	1.777
1891	60	1.074	1.843
1891	61	2.680	-2.535
1891	62	3.288	-1.297
1901	38	-1.515	-7.268
1901	59	2.073	1.421
1901	60	1.078	1.583
1901	61	2.624	-1.877
1901	62	3.317	-0.753
1901	63	1.179	3.698
1911	38	-1.515	-7.268
1911	59	1.962	1.083
1911	60	1.062	1.306
1911	61	2.676	-1.273
1911	62	3.348	-0.191
1911	63	1.207	3.195
1921	38	-1.515	-7.268
1921	59	1.798	0.792
1921	60	0.976	1.100
1921	61	2.780	-0.677
1921	62	3.467	0.377
1921	63	1.344	2.654
1931	38	-1.515	-7.268
1931	59	1.816	0.432
1931	60	0.982	0.879
1931	61	2.692	0.024
1931	62	3.496	0.918
1931	63	1.461	2.077
1941	38	-1.515	-7.268
1941	59	1.723	0.109
1941	60	0.983	0.559
1941	61	2.671	0.656
1941	62	3.525	1.458
1941	63	1.711	1.559
1951	38	-1.515	-7.268
1951	59	1.508	-0.098
1951	60	1.041	0.250
1951	61	2.618	1.352
1951	62	3.642	1.983
1951	63	1.996	1.019
1961	38	-1.515	-7.268
1961	59	1.401	-0.342
1961	60	0.928	-0.074
1961	61	2.380	2.002
1961	62	3.633	2.470
1961	63	2.224	0.489
1971	38	-1.515	-7.268
1971	59	1.364	-0.656
1971	60	0.874	-0.367
1971	61	2.343	2.657
1971	62	3.624	2.976
1971	63	2.464	-0.139
1981	38	-1.515	-7.268
1981	59	1.241	-0.859
1981	60	0.936	-0.596
1981	63	2.573	-0.825
1991	38	-1.515	-7.268
1991	59	1.100	-1.039
1991	60	0.814	-0.760
1991	63	2.610	-1.481
2001	64	1.015	-1.208
2001	65	0.693	-0.884
2001	66	2.620	-2.291
2011	64	0.982	-1.464
2011	65	0.660	-1.141
2011	66	2.563	-3.014
2021	64	0.859	-1.629
2021	65	0.536	-1.325
2021	66	2.598	-3.710
2031	64	0.645	-1.742
2031	65	0.590	-1.373
2031	66	2.557	-4.458
2041	64	0.560	-1.893
2041	65	0.485	-1.541
2041	66	2.465	-5.142
2051	64	0.432	-2.139
2051	65	0.488	-1.501
2051	66	2.446	-5.835
2061	64	0.136	-2.305
2061	65	0.488	-1.501
2061	66	2.316	-6.540
2101	67	3.141	-7.060
2111	67	3.220	-6.257
2121	67	3.208	-5.469
2131	67	3.162	-4.657
2131	68	3.042	-7.230
2131	69	3.067	-9.131
2141	67	3.097	-3.863
2141	68	2.980	-6.376
2141	69	3.035	-8.377
2151	67	2.976	-3.082
2151	68	2.964	-5.663
2151	69	2.933	-7.578
2161	67	2.906	-2.366
2161	68	2.951	-4.892
2161	69	2.704	-6.789
2171	67	2.766	-1.619
2171	68	2.919	-4.140
2171	69	2.529	-5.981
2181	67	2.755	-0.811
2181	68	3.048	-3.425
2181	69	2.263	-5.163
2191	67	2.596	-0.060
2191	68	3.087	-2.702
2191	69	2.103	-4.392
2201	67	2.527	0.679
2201	68	3.126	-1.981
2201	69	1.908	-3.575
2211	67	2.403	1.407
2211	68	3.267	-1.353
2211	69	1.823	-2.769
2221	67	2.355	2.203
2221	68	3.338	-0.697
2221	69	1.886	-1.961
2231	68	3.466	0.026
2231	69	1.894	-1.147
2241	69	1.993	-0.367
2301	70	2.854	0.687
2311	70	2.937	0.203
2321	70	3.163	-0.281
2331	70	3.370	-0.780
2341	70	3.575	-1.277
2351	70	3.825	-1.934
2771	71	2.665	3.208
2771	72	1.943	3.399
2771	73	3.654	0.873
2781	71	2.669	2.620
2781	72	1.855	2.802
2781	73	3.631	1.441
2791	71	2.691	2.008
2791	72	1.822	2.215
2791	73	3.610	2.046
2801	71	2.639	1.388
2801	72	1.791	1.665
2801	73	3.588	2.633
2811	71	2.625	0.801
2811	72	1.741	1.098
2821	71	2.628	0.191
2821	72	1.800	0.494
2831	71	2.596	-0.395
2831	72	1.803	-0.122
2841	71	2.618	-0.989
2841	72	1.789	-0.715
2841	75	2.296	-6.916
2841	76	2.873	-7.693
2841	77	3.444	-7.437
2841	78	3.589	-6.387
2841	79	1.226	-8.164
2841	80	1.480	-9.327
2851	71	2.550	-1.571
2851	72	1.792	-1.332
2851	75	2.319	-6.480
2851	76	2.769	-7.269
2851	77	3.340	-7.035
2851	78	3.630	-5.958
2851	79	1.226	-8.164
2851	80	1.480	-9.327
2861	71	2.443	-2.190
2861	72	1.682	-1.974
2861	75	2.361	-6.046
2861	76	2.829	-6.818
2861	78	3.708	-5.495
2861	79	1.226	-8.164
2861	80	1.480	-9.327
2871	71	2.339	-2.770
2871	72	1.592	-2.601
2871	75	2.588	-5.570
2871	76	2.925	-6.391
2871	78	3.770	-4.992
2871	79	1.226	-8.164
2871	80	1.480	-9.327
2871	81	3.844	-6.271
2881	71	2.179	-3.347
2881	72	1.483	-3.208
2881	75	2.703	-5.125
2881	76	2.967	-5.940
2881	78	3.795	-4.525
2881	79	1.226	-8.164
2881	80	1.480	-9.327
2881	81	3.918	-5.886
2891	71	2.126	-3.976
2891	72	1.337	-3.832
2891	75	2.728	-4.653
2891	76	3.152	-5.522
2891	78	3.879	-3.929
2891	79	1.226	-8.164
2891	80	1.480	-9.327
2891	81	4.052	-5.351
2901	71	2.054	-4.606
2901	72	1.281	-4.488
2901	75	2.809	-4.168
2901	76	3.262	-5.139
2901	78	3.872	-3.402
2901	79	1.226	-8.164
2901	80	1.480	-9.327
2901	81	4.036	-4.979
2901	82	3.096	-9.588
2911	71	2.020	-5.240
2911	72	1.190	-5.122
2911	75	2.867	-3.760
2911	76	3.298	-4.474
2911	78	3.861	-2.932
2911	79	1.226	-8.164
2911	80	1.480	-9.327
2911	81	4.098	-4.479
2911	82	3.131	-8.936
2921	71	2.096	-5.864
2921	72	1.077	-5.796
2921	75	2.783	-3.316
2921	76	3.395	-3.994
2921	78	3.853	-2.405
2921	79	1.226	-8.164
2921	80	1.480	-9.327
2921	81	4.126	-3.936
2921	82	3.145	-8.344
2931	71	2.152	-6.527
2931	72	0.982	-6.493
2931	79	1.226	-8.164
2931	80	1.480	-9.327
2931	82	3.320	-7.763
2941	71	2.299	-7.195
2941	72	0.812	-7.167
2941	79	1.226	-8.164
2941	80	1.480	-9.327
2941	82	3.437	-7.239
2951	71	2.392	-7.839
2951	72	0.756	-7.831
2951	79	1.226	-8.164
2951	80	1.480	-9.327
2951	82	3.537	-6.697
2961	71	2.429	-8.499
2961	72	0.747	-8.661
2961	79	1.246	-8.146
2961	80	1.480	-9.327
2971	71	2.485	-9.159
2971	72	0.689	-9.348
2971	79	1.228	-8.144
2971	80	1.480	-9.327
2981	71	2.450	-9.796
2981	72	0.863	-9.965
2981	79	1.228	-8.144
2981	80	1.498	-9.328
3101	83	1.660	2.639
3111	83	1.738	2.031
3111	84	3.401	-0.863
3121	83	1.724	1.458
3121	84	3.467	-0.306
3131	83	1.709	0.846
3131	84	3.550	0.247
3141	83	1.786	0.238
3141	84	3.545	0.832
3151	83	1.752	-0.372
3161	83	1.721	-0.944
3171	83	1.744	-1.525
3171	85	1.222	-8.245
3171	86	1.407	-9.283
3181	83	1.673	-2.133
3181	85	1.222	-8.245
3181	86	1.407	-9.283
3191	83	1.659	-2.729
3191	85	1.222	-8.245
3191	86	1.407	-9.283
3201	83	1.680	-3.350
3201	85	1.222	-8.245
3201	86	1.407	-9.283
3201	87	3.360	-8.693
3211	83	1.571	-3.977
3211	85	1.222	-8.245
3211	86	1.407	-9.283
3211	87	3.328	-7.941
3221	83	1.480	-4.608
3221	85	1.222	-8.245
3221	86	1.407	-9.283
3221	87	3.348	-7.233
3231	83	1.333	-5.236
3231	85	1.222	-8.245
3231	86	1.407	-9.283
3231	87	3.313	-6.541
3241	83	1.058	-5.794
3241	85	1.222	-8.245
3241	86	1.407	-9.283
3241	87	3.209	-5.803
3251	83	0.912	-6.387
3251	85	1.222	-8.245
3251	86	1.407	-9.283
3261	83	0.730	-6.939
3261	85	1.222	-8.245
3261	86	1.407	-9.283
3271	83	0.490	-7.489
3271	85	1.222	-8.245
3271	86	1.409	-9.263
3281	83	0.457	-8.076
3281	85	1.222	-8.245
3281	86	1.409	-9.263
3291	83	0.407	-8.622
3291	85	1.222	-8.245
3291	86	1.409	-9.263
3301	83	0.318	-9.187
3301	85	1.222	-8.245
3301	86	1.409	-9.263
3411	89	1.835	-0.543
3411	90	1.287	-0.705
3411	91	1.979	-3.961
3411	92	1.276	-8.289
3411	93	1.412	-9.203
3421	89	1.883	-1.026
3421	90	1.333	-1.211
3421	91	2.099	-4.471
3421	92	1.259	-8.247
3421	93	1.412	-9.203
3431	89	1.892	-1.524
3431	90	1.342	-1.731
3431	91	2.217	-4.999
3431	92	1.243	-8.206
3431	93	1.412	-9.203
3441	89	2.011	-2.036
3441	90	1.481	-2.248
3441	91	2.279	-5.542
3441	92	1.243	-8.206
3441	93	1.412	-9.203
3451	89	2.112	-2.545
3451	90	1.583	-2.760
3451	91	2.343	-6.045
3451	92	1.243	-8.206
3451	93	1.412	-9.203
3461	89	2.192	-3.110
3461	90	1.643	-3.346
3461	91	2.408	-6.527
3461	92	1.243	-8.206
3461	93	1.412	-9.203
3471	89	2.309	-3.639
3471	90	1.762	-3.878
3471	91	2.474	-6.990
3471	92	1.243	-8.206
3471	93	1.412	-9.203
3481	89	2.409	-4.165
3481	90	1.862	-4.407
3481	91	2.525	-7.411
3481	92	1.243	-8.206
3481	93	1.412	-9.203
3481	94	2.468	-10.135
3491	89	2.471	-4.707
3491	90	1.906	-4.950
3491	91	2.492	-8.005
3491	92	1.242	-8.226
3491	93	1.412	-9.203
3491	94	2.694	-10.006
3491	95	3.711	-10.149
3501	89	2.573	-5.172
3501	90	1.971	-5.454
3501	91	2.364	-8.355
3501	92	1.242	-8.226
3501	93	1.412	-9.203
3501	94	2.941	-9.798
3501	95	3.796	-9.543
3511	89	2.589	-5.550
3511	90	2.071	-5.982
3511	91	2.369	-8.934
3511	92	1.242	-8.226
3511	93	1.412	-9.203
3511	94	3.279	-9.537
3511	95	3.779	-8.855
3521	89	2.683	-6.173
3521	90	2.081	-6.481
3521	91	2.194	-9.464
3521	92	1.243	-8.206
3521	93	1.412	-9.203
3521	94	3.451	-9.329
3521	95	3.795	-8.227
3531	89	2.819	-6.679
3531	90	2.070	-7.019
3531	91	2.254	-10.046
3531	92	1.243	-8.206
3531	93	1.412	-9.203
3531	94	3.684	-8.987
3531	95	3.735	-7.673
3541	89	2.790	-7.212
3541	90	2.150	-7.563
3541	92	1.243	-8.206
3541	93	1.432	-9.184
3541	95	3.803	-7.051
3551	89	2.909	-7.695
3551	90	2.119	-8.140
3551	92	1.243	-8.206
3551	93	1.471	-9.146
3561	89	2.898	-8.230
3561	90	2.087	-8.718
3561	92	1.243	-8.206
3561	93	1.452	-9.145
3571	89	2.887	-8.784
3571	90	2.302	-9.150
3571	92	1.243	-8.206
3571	93	1.397	-9.142
3581	89	2.853	-9.417
3581	90	2.144	-9.701
3581	92	1.243	-8.206
3581	93	1.378	-9.141
4001	96	1.979	3.708
4001	97	1.228	3.251
4001	98	3.516	1.946
4001	99	3.535	-4.714
4001	100	3.192	-8.801
4001	101	1.265	-8.147
4001	102	1.375	-9.201
4011	96	1.963	3.415
4011	97	1.264	2.887
4011	98	3.531	1.574
4011	99	3.569	-4.071
4011	100	2.918	-8.191
4011	101	1.265	-8.147
4011	102	1.375	-9.201
4021	96	1.981	3.076
4021	97	1.338	2.536
4021	98	3.634	1.149
4021	99	3.417	-3.585
4021	100	2.625	-7.577
4021	101	1.247	-8.125
4021	102	1.375	-9.201
4031	96	1.851	2.744
4031	97	1.335	2.158
4031	98	3.719	0.746
4031	99	3.446	-3.039
4031	100	2.350	-6.920
4031	101	1.247	-8.125
4031	102	1.376	-9.181
4041	96	1.832	2.391
4041	97	1.315	1.803
4041	98	3.812	0.498
4041	99	3.402	-2.525
4041	100	2.055	-6.279
4041	101	1.317	-8.210
4041	102	1.376	-9.181
4051	96	1.867	2.029
4051	97	1.312	1.406
4051	98	3.826	0.419
4051	99	3.304	-2.004
4051	100	1.756	-5.675
4051	101	1.369	-8.294
4051	102	1.376	-9.181
4061	96	1.791	1.665
4061	97	1.233	0.999
4061	98	3.823	0.361
4061	99	3.278	-1.491
4061	100	1.494	-5.030
4061	101	1.368	-8.314
4061	102	1.376	-9.181
4071	96	1.807	1.286
4071	97	1.156	0.632
4071	98	3.822	0.342
4071	99	3.214	-1.012
4071	100	1.209	-4.441
4071	101	1.368	-8.314
4071	102	1.376	-9.181
4081	96	1.860	0.901
4081	97	1.055	0.168
4081	98	3.817	0.245
4081	99	3.133	-0.511
4081	100	0.942	-3.850
4081	101	1.368	-8.314
4081	102	1.376	-9.181
4091	96	1.834	0.429
4091	97	1.030	-0.269
4091	98	3.817	0.245
4091	99	3.128	0.077
4091	100	0.655	-3.235
4091	101	1.368	-8.314
4091	102	1.376	-9.181
4101	96	1.864	-0.031
4101	97	1.029	-0.629
4101	98	3.817	0.245
4101	99	3.102	0.589
4101	100	0.363	-2.676
4101	101	1.368	-8.314
4101	102	1.376	-9.181
4111	96	1.909	-0.554
4111	97	1.041	-1.072
4111	98	3.817	0.245
4111	99	3.182	1.066
4111	100	0.072	-2.095
4111	101	1.368	-8.314
4111	102	1.376	-9.181
4121	96	1.849	-0.962
4121	97	1.008	-1.668
4121	98	3.817	0.245
4121	99	3.225	1.527
4121	100	-0.244	-1.568
4121	101	1.386	-8.315
4121	102	1.376	-9.181
4131	96	1.910	-1.527
4131	97	1.058	-2.116
4131	98	3.819	0.284
4131	99	3.217	2.055
4131	100	-0.603	-1.073
4131	101	1.386	-8.315
4131	102	1.376	-9.181
4141	96	1.922	-1.985
4141	97	1.108	-2.563
4141	100	-0.909	-0.624
4141	101	1.386	-8.315
4141	102	1.376	-9.181
4151	96	1.859	-2.454
4151	97	1.175	-3.032
4151	100	-1.284	-0.327
4151	101	1.386	-8.315
4151	102	1.376	-9.181
4161	96	1.960	-2.964
4161	97	1.245	-3.461
4161	100	-1.576	0.084
4161	101	1.386	-8.315
4161	102	1.376	-9.181
4171	96	1.989	-3.444
4171	97	1.323	-4.071
4171	100	-1.867	0.538
4171	101	1.386	-8.315
4171	102	1.376	-9.181
4181	96	1.962	-3.939
4181	97	1.336	-4.514
4181	101	1.386	-8.315
4181	102	1.376	-9.181
4191	96	2.083	-4.429
4191	97	1.439	-5.005
4191	101	1.386	-8.315
4191	102	1.376	-9.181
4201	96	2.129	-4.931
4201	97	1.452	-5.447
4201	101	1.386	-8.315
4201	102	1.376	-9.181
4211	96	2.159	-5.392
4211	97	1.500	-5.933
4211	101	1.386	-8.315
4211	102	1.376	-9.181
4221	96	2.371	-5.868
4221	97	1.678	-6.408
4221	101	1.386	-8.315
4221	102	1.376	-9.181
4231	96	2.454	-6.352
4231	97	1.876	-6.844
4231	101	1.386	-8.315
4231	102	1.376	-9.181
4241	96	2.522	-6.794
4241	97	1.961	-7.310
4241	101	1.386	-8.315
4241	102	1.376	-9.181
4241	103	3.895	-8.351
4251	96	2.697	-7.244
4251	97	2.189	-7.865
4251	101	1.386	-8.315
4251	102	1.376	-9.181
4251	103	3.680	-7.709
4261	96	2.693	-7.661
4261	97	2.331	-8.293
4261	101	1.386	-8.315
4261	102	1.413	-9.183
4261	103	3.680	-7.022
4431	104	1.336	-9.219
4431	105	1.370	-8.274
4431	106	2.594	-9.503
4431	107	3.282	-9.478
4441	104	1.336	-9.219
4441	105	1.370	-8.274
4441	106	2.621	-9.346
4441	107	3.307	-9.341
4451	104	1.336	-9.219
4451	105	1.370	-8.274
4451	106	2.613	-9.146
4451	107	3.300	-9.143
4461	104	1.336	-9.219
4461	105	1.370	-8.274
4461	106	2.517	-8.902
4461	107	3.278	-8.885
4471	104	1.336	-9.219
4471	105	1.370	-8.274
4471	106	2.472	-8.720
4471	107	3.252	-8.686
4481	104	1.337	-9.199
4481	105	1.370	-8.274
4481	106	2.487	-8.442
4481	107	3.230	-8.428
4491	104	1.337	-9.199
4491	105	1.370	-8.274
4491	106	2.516	-8.245
4491	107	3.221	-8.270
4491	108	3.788	-3.646
4501	104	1.337	-9.199
4501	105	1.370	-8.274
4501	106	2.456	-8.003
4501	107	3.076	-7.944
4501	108	3.787	-4.329
4511	104	1.336	-9.219
4511	105	1.370	-8.274
4511	106	2.341	-7.756
4511	107	3.139	-7.770
4511	108	3.837	-5.057
4511	109	2.811	2.223
4521	104	1.336	-9.219
4521	105	1.370	-8.274
4521	106	2.298	-7.554
4521	107	3.114	-7.571
4521	108	3.795	-5.855
4521	109	2.911	1.736
4531	104	1.336	-9.219
4531	105	1.370	-8.274
4531	106	2.293	-7.294
4531	107	3.002	-7.306
4531	108	3.867	-6.507
4531	109	3.030	1.266
4541	104	1.336	-9.219
4541	105	1.370	-8.274
4541	106	2.286	-7.095
4541	107	2.960	-7.086
4541	108	3.867	-7.193
4541	109	3.134	0.839
4551	104	1.336	-9.219
4551	105	1.370	-8.274
4551	106	2.174	-6.787
4551	107	2.849	-6.780
4551	109	3.289	0.385
4561	104	1.336	-9.219
4561	105	1.370	-8.274
4561	106	2.042	-6.518
4561	107	2.790	-6.538
4561	109	3.432	0.050
4571	104	1.336	-9.219
4571	105	1.370	-8.274
4571	106	2.112	-6.244
4571	107	2.784	-6.320
4571	109	3.539	-0.297
4571	110	2.546	2.366
4581	104	1.336	-9.219
4581	105	1.370	-8.274
4581	106	2.159	-6.049
4581	107	2.810	-6.164
4581	110	2.441	1.775
4591	104	1.337	-9.199
4591	105	1.370	-8.274
4591	106	2.104	-5.725
4591	107	2.736	-5.860
4591	110	2.518	1.172
4601	104	1.319	-9.198
4601	105	1.370	-8.274
4601	106	2.026	-5.459
4601	107	2.676	-5.618
4601	110	2.539	0.559
4611	104	1.301	-9.177
4611	105	1.370	-8.274
4611	106	2.037	-5.261
4611	107	2.711	-5.304
4611	110	2.559	-0.074
4621	104	1.284	-9.156
4621	105	1.370	-8.274
4621	106	2.106	-5.009
4621	107	2.704	-5.106
4621	110	2.671	-0.681
4631	104	1.265	-9.155
4631	105	1.370	-8.274
4631	106	2.117	-4.811
4631	107	2.716	-4.889
4631	110	2.620	-1.285
4641	104	1.203	-9.253
4641	105	1.370	-8.274
4641	106	2.022	-4.523
4641	107	2.688	-4.728
4641	110	2.822	-1.922
4651	104	1.130	-9.229
4651	105	1.370	-8.274
4651	106	1.978	-4.319
4651	107	2.684	-4.471
4651	110	2.877	-2.579
4661	104	1.111	-9.228
4661	105	1.370	-8.274
4661	106	2.026	-4.125
4661	107	2.643	-4.209
4661	110	3.058	-3.230
4671	104	1.092	-9.227
4671	105	1.370	-8.274
4671	106	2.053	-3.969
4671	107	2.652	-4.052
4671	110	3.203	-3.895
4681	104	1.132	-9.189
4681	105	1.370	-8.274
4681	106	1.956	-3.719
4681	107	2.574	-3.807
4681	110	3.166	-4.579
4691	104	1.211	-9.112
4691	105	1.370	-8.274
4691	106	1.839	-3.487
4691	107	2.477	-3.578
4691	110	3.274	-5.258
4691	112	3.716	-8.713
4701	104	1.372	-9.241
4701	105	1.370	-8.274
4701	106	1.850	-3.289
4701	107	2.488	-3.382
4701	110	3.060	-5.889
4701	112	3.711	-8.124
4711	104	1.407	-9.283
4711	105	1.370	-8.274
4711	106	1.918	-3.058
4711	107	2.537	-3.150
4711	110	3.023	-6.577
4711	112	3.722	-7.574
4721	104	1.403	-9.364
4721	105	1.370	-8.274
4721	106	1.945	-2.902
4721	107	2.564	-2.995
4721	110	2.806	-7.252
4721	112	3.735	-7.006
4731	104	1.369	-9.302
4731	105	1.370	-8.274
4731	106	1.886	-2.637
4731	107	2.504	-2.750
4731	110	2.696	-7.939
4731	112	3.556	-6.344
4741	104	1.368	-9.322
4741	105	1.370	-8.274
4741	106	1.825	-2.410
4741	107	2.444	-2.506
4741	110	2.624	-8.610
4741	112	3.431	-5.666
4751	104	1.311	-9.339
4751	105	1.370	-8.274
4751	106	1.874	-2.178
4751	107	2.475	-2.273
4751	110	2.389	-9.234
4751	112	3.406	-5.133
4761	104	1.404	-9.344
4761	105	1.328	-8.352
4761	106	1.961	-1.950
4761	107	2.561	-2.046
4761	110	2.389	-9.912
4761	112	3.282	-4.433
4771	104	1.404	-9.344
4771	105	1.364	-8.374
4771	106	1.971	-1.773
4771	107	2.570	-1.870
4771	112	3.444	-3.744
4781	104	1.426	-9.284
4781	105	1.368	-8.314
4781	106	1.874	-1.522
4781	107	2.493	-1.623
4781	112	3.388	-3.111
4791	104	1.407	-9.283
4791	105	1.370	-8.274
4791	106	1.829	-1.337
4791	107	2.448	-1.439
4791	112	3.387	-2.465
4801	104	1.426	-9.284
4801	105	1.370	-8.274
4801	106	1.876	-1.145
4801	107	2.478	-1.226
4801	112	3.478	-1.772
4811	104	1.409	-9.263
4811	105	1.370	-8.274
4811	106	1.925	-0.933
4811	107	2.526	-1.016
4811	112	3.438	-1.180
4821	104	1.427	-9.264
4821	105	1.370	-8.274
4821	106	1.903	-0.652
4821	107	2.582	-0.649
4821	112	3.503	-0.623
4831	104	1.411	-9.223
4831	105	1.370	-8.274
4831	106	1.826	-0.383
4831	107	2.567	-0.588
4831	112	3.533	-0.062
4841	104	1.446	-9.265
4841	105	1.370	-8.274
4841	106	1.761	-0.215
4841	107	2.542	-0.387
4841	112	3.490	0.471
4851	104	1.428	-9.244
4851	105	1.351	-8.273
4851	106	1.771	-0.037
4851	107	2.499	-0.164
4851	112	3.534	0.951
4861	104	1.426	-9.284
4861	105	1.333	-8.272
4861	106	1.819	0.154
4861	107	2.506	-0.047
4861	112	3.554	1.337
4871	104	1.409	-9.263
4871	105	1.333	-8.272
4871	106	1.794	0.376
4871	107	2.499	0.171
4871	112	3.400	1.790
4881	104	1.372	-9.241
4881	105	1.328	-8.352
4881	106	1.767	0.559
4881	107	2.508	0.327
4881	112	3.409	2.295
4891	104	1.354	-9.240
4891	105	1.351	-8.273
4891	106	1.756	0.699
4891	107	2.465	0.550
4891	112	3.452	2.754
4901	104	1.279	-9.237
4901	105	1.351	-8.273
4901	106	1.822	0.887
4901	107	2.423	0.774
4901	112	3.411	3.326
4911	104	1.389	-9.283
4911	105	1.384	-8.356
4911	106	1.906	1.072
4911	107	2.397	0.975
4921	104	1.354	-9.240
4921	105	1.351	-8.273
4921	106	1.933	1.226
4921	107	2.376	1.254
4931	104	1.353	-9.260
4931	105	1.351	-8.273
4931	106	1.874	1.493
4931	107	2.333	1.478
4941	104	1.301	-9.177
4941	105	1.351	-8.273
4941	106	1.849	1.695
4941	107	2.307	1.659
4951	104	1.301	-9.177
4951	105	1.351	-8.273
4951	106	1.879	1.908
4951	107	2.337	1.871
4961	104	1.301	-9.177
4961	105	1.351	-8.273
4961	106	1.908	2.101
4961	107	2.365	2.063
4971	104	1.301	-9.177
4971	105	1.332	-8.292
4971	106	1.900	2.281
4971	107	2.357	2.242
4981	104	1.301	-9.177
4981	105	1.313	-8.291
4981	106	1.821	2.531
4981	107	2.459	2.440
4991	104	1.301	-9.177
4991	105	1.223	-8.225
4991	106	1.793	2.695
4991	107	2.469	2.616
5001	104	1.301	-9.177
5001	105	1.165	-8.262
5001	106	1.788	2.933
5001	107	2.464	2.852
5011	104	1.334	-9.260
5011	105	1.130	-8.219
5011	106	1.761	3.116
5011	107	2.455	3.031
5241	113	2.592	-4.145
5241	114	1.585	-4.059
5241	115	-0.428	0.610
5241	116	-1.972	0.450
5241	117	-1.470	-3.140
5251	113	2.556	-3.805
5251	114	1.510	-3.731
5251	115	-0.652	0.094
5251	116	-1.972	0.450
5251	117	-1.470	-3.140
5261	113	2.432	-3.395
5261	114	1.513	-3.351
5261	115	-0.913	-0.358
5261	116	-1.972	0.450
5261	117	-1.470	-3.140
5271	113	2.414	-3.056
5271	114	1.476	-3.007
5271	115	-1.141	-0.900
5271	116	-1.972	0.450
5271	117	-1.470	-3.140
5281	113	2.419	-2.641
5281	114	1.369	-2.575
5281	115	-1.345	-1.365
5281	116	-1.972	0.450
5281	117	-1.349	-3.092
5291	113	2.399	-2.342
5291	114	1.352	-2.213
5291	115	-1.635	-1.905
5291	116	-1.972	0.450
5291	117	-1.233	-3.146
5301	113	2.310	-1.955
5301	114	1.413	-1.801
5301	115	-1.807	-2.462
5301	116	-1.953	0.447
5301	117	-1.273	-3.141
5311	113	2.330	-1.582
5311	114	1.398	-1.399
5311	115	-1.901	-3.030
5311	116	-1.953	0.447
5311	117	-1.251	-3.103
5321	113	2.371	-1.172
5321	114	1.327	-0.990
5321	115	-1.874	-3.592
5321	116	-1.953	0.447
5321	117	-1.214	-3.148
5331	113	2.337	-0.792
5331	114	1.382	-0.678
5331	115	-2.146	-4.123
5331	116	-1.953	0.447
5331	117	-1.292	-3.139
5341	113	2.179	-0.335
5341	114	1.440	-0.308
5341	115	-2.303	-4.732
5341	116	-1.953	0.447
5341	117	-1.210	-3.086
5351	113	2.258	0.108
5351	114	1.405	0.076
5351	115	-2.054	-5.275
5351	116	-1.953	0.447
5351	117	-1.210	-3.086
5361	113	2.223	0.469
5361	114	1.313	0.429
5361	115	-2.089	-5.854
5361	116	-1.953	0.447
5361	117	-1.153	-3.113
5371	113	2.083	0.926
5371	114	1.333	0.784
5371	115	-2.046	-6.481
5371	116	-1.953	0.447
5371	117	-1.369	-3.110
5681	118	2.407	-0.506
5681	119	1.291	3.697
5681	120	0.587	3.246
5681	122	2.708	-8.059
5691	118	2.549	0.085
5691	119	1.223	3.153
5691	120	0.578	2.747
5691	122	2.786	-7.290
5701	118	2.584	0.729
5701	119	1.250	2.630
5701	120	0.508	2.197
5701	122	2.791	-6.518
5711	118	2.745	1.332
5711	119	1.238	2.095
5711	120	0.572	1.645
5711	122	2.762	-5.704
5721	118	2.830	1.906
5721	119	1.229	1.598
5721	120	0.581	1.142
5721	122	2.823	-4.919
5731	118	2.791	2.520
5731	119	1.212	0.963
5731	120	0.568	0.581
5731	122	2.830	-4.111
5741	119	1.234	0.361
5741	120	0.649	0.007
5741	122	2.893	-3.289
5751	119	1.302	-0.108
5751	120	0.641	-0.474
5751	122	2.881	-2.500
5761	119	1.326	-0.671
5761	120	0.612	-0.973
5761	122	2.784	-1.622
5771	119	1.388	-1.238
5771	120	0.697	-1.488
5771	122	2.811	-0.780
5781	119	1.480	-1.929
5781	120	0.796	-2.083
5781	122	2.743	-0.023
5791	119	1.540	-2.515
5791	120	0.801	-2.667
5791	122	2.731	0.745
5801	119	1.750	-3.099
5801	120	1.048	-3.299
5801	122	2.680	1.480
5811	119	1.843	-3.747
5811	120	1.070	-3.904
5811	122	2.684	2.225
5821	119	1.963	-4.258
5821	120	1.243	-4.504
5821	123	1.346	-8.373
5821	124	1.448	-9.225
5831	119	2.078	-4.847
5831	120	1.415	-5.103
5831	123	1.442	-8.319
5831	124	1.448	-9.225
5841	119	2.262	-5.521
5841	120	1.563	-5.798
5841	123	1.442	-8.319
5841	124	1.448	-9.225
5851	119	2.385	-5.949
5851	120	1.722	-6.292
5851	123	1.442	-8.319
5851	124	1.448	-9.225
5861	119	2.601	-6.682
5861	120	1.873	-6.904
5861	123	1.442	-8.319
5861	124	1.448	-9.225
5871	119	2.693	-7.323
5871	120	1.937	-7.429
5871	123	1.442	-8.319
5871	124	1.448	-9.225
5881	119	2.878	-7.931
5881	120	2.158	-8.103
5881	123	1.442	-8.319
5881	124	1.448	-9.225
5891	119	2.973	-8.531
5891	120	2.272	-8.689
5891	123	1.368	-8.314
5891	124	1.448	-9.225
5901	119	3.149	-9.274
5901	120	2.239	-9.306
5901	123	1.425	-8.298
5901	124	1.448	-9.225
6321	125	2.715	-5.581
6321	126	3.796	-4.838
6321	127	2.653	-1.348
6331	125	2.650	-5.100
6331	126	3.901	-4.185
6331	127	2.423	-1.219
6341	125	2.674	-4.648
6341	126	3.924	-3.408
6341	127	2.270	-1.020
6351	125	2.736	-4.180
6351	126	3.960	-2.730
6351	127	2.154	-0.786
6361	125	2.744	-3.687
6361	126	4.066	-2.063
6361	127	2.068	-0.675
6371	125	2.896	-3.231
6371	126	3.982	-1.313
6371	127	1.890	-0.551
6381	125	3.157	-2.731
6381	127	1.696	-0.384
6391	125	3.328	-2.222
6391	127	1.574	-0.247
6401	127	1.475	-0.014
6411	127	1.408	0.116
6421	127	1.303	0.251
6431	127	1.165	0.451
6441	127	1.077	0.564
6681	128	1.864	0.306
6691	128	1.863	-0.388
6701	128	1.970	-1.118
6711	128	2.004	-1.837
6711	129	3.688	-2.853
6711	130	3.568	-4.776
6711	131	0.285	1.631
6721	128	2.005	-2.492
6721	129	3.542	-2.581
6721	130	3.302	-4.062
6721	131	0.187	1.244
6731	128	2.129	-3.242
6731	129	3.488	-2.242
6731	130	3.089	-3.332
6731	131	0.032	0.885
6741	128	2.179	-4.002
6741	129	3.393	-2.015
6741	130	2.689	-2.694
6741	131	-0.105	0.521
6751	128	2.299	-4.829
6751	129	3.243	-1.800
6751	130	2.378	-2.043
6751	131	-0.200	0.211
6761	129	3.181	-1.615
6761	130	1.990	-1.418
6761	131	-0.259	-0.145
6761	132	1.829	2.015
6771	129	3.118	-1.450
6771	130	1.580	-0.806
6771	131	-0.298	-0.485
6771	132	1.776	1.390
6781	129	3.101	-1.428
6781	130	1.298	-0.168
6781	131	-0.297	-0.809
6781	132	1.887	0.719
6781	133	-1.348	-1.077
6781	134	-1.927	0.546
6791	130	1.033	0.451
6791	131	-0.242	-1.182
6791	132	1.926	0.098
6791	133	-1.319	-0.917
6791	134	-1.820	1.004
6791	136	3.138	-1.414
6801	130	0.972	1.040
6801	131	-0.223	-1.530
6801	132	1.945	-0.559
6801	133	-1.345	-0.688
6801	134	-1.695	1.417
6801	136	3.155	-1.435
6801	137	3.266	-3.057
6811	130	0.986	1.618
6811	131	-0.262	-1.870
6811	132	2.057	-1.209
6811	133	-1.390	-0.456
6811	134	-1.669	1.864
6811	136	3.172	-1.457
6811	137	3.061	-3.525
6821	131	-0.379	-2.222
6821	132	2.058	-1.863
6821	133	-1.366	-0.377
6821	134	-1.527	2.252
6821	136	3.170	-1.496
6821	137	2.838	-3.973
6831	131	-0.594	-2.584
6831	132	2.223	-2.538
6831	133	-1.222	-0.274
6831	136	3.187	-1.518
6831	137	2.579	-4.381
6841	131	-0.837	-2.739
6841	132	2.282	-3.140
6841	133	-1.078	-0.171
6841	136	3.204	-1.520
6841	137	2.409	-4.839
6841	138	1.405	-8.317
6841	139	1.237	-9.315
6851	131	-1.024	-2.923
6851	132	2.354	-3.822
6851	133	-1.050	-0.032
6851	136	3.203	-1.540
6851	137	2.239	-5.260
6851	138	1.424	-8.318
6851	139	1.276	-9.297
6861	131	-1.235	-3.166
6861	132	2.592	-4.481
6861	133	-1.057	0.194
6861	136	3.184	-1.557
6861	137	2.088	-5.664
6861	138	1.442	-8.319
6861	139	1.296	-9.278
6871	131	-1.402	-3.333
6871	132	2.738	-5.148
6871	136	3.184	-1.557
6871	137	2.082	-6.122
6871	138	1.442	-8.319
6871	139	1.277	-9.277
6871	140	1.995	2.007
6871	141	2.613	3.257
6881	132	2.982	-6.000
6881	136	3.184	-1.557
6881	137	2.132	-6.545
6881	138	1.442	-8.319
6881	139	1.276	-9.297
6881	140	1.940	1.344
6881	141	2.653	2.642
6891	132	3.181	-6.648
6891	136	3.185	-1.538
6891	137	2.106	-7.022
6891	138	1.484	-8.241
6891	139	1.258	-9.276
6891	140	1.970	0.547
6891	141	2.584	2.046
6891	142	0.597	-9.303
6891	143	0.090	-9.155
6891	144	0.006	-6.925
6901	132	3.267	-7.404
6901	136	3.169	-1.516
6901	137	2.173	-7.485
6901	138	1.483	-8.261
6901	139	1.184	-9.272
6901	140	2.064	-0.080
6901	141	2.480	1.493
6901	142	0.600	-8.917
6901	143	0.094	-8.747
6901	144	0.006	-6.925
6911	132	3.443	-8.146
6911	136	3.152	-1.494
6911	137	2.222	-7.928
6911	138	1.483	-8.261
6911	139	1.221	-9.274
6911	140	1.992	-0.724
6911	141	2.429	0.891
6911	142	0.588	-8.449
6911	143	0.102	-8.278
6911	144	0.006	-6.925
6921	132	3.420	-8.913
6921	136	3.152	-1.494
6921	137	2.228	-8.487
6921	138	1.407	-8.276
6921	139	1.257	-9.296
6921	140	2.101	-1.413
6921	141	2.306	0.318
6921	142	0.844	-7.938
6921	143	0.323	-7.762
6921	144	-0.161	-6.831
6931	132	3.485	-9.705
6931	136	3.170	-1.496
6931	137	2.334	-8.912
6931	138	1.386	-8.315
6931	139	1.295	-9.298
6931	140	2.048	-2.041
6931	141	2.286	-0.390
6931	142	1.003	-7.464
6931	143	0.464	-7.284
6931	144	-0.243	-6.907
6941	136	3.187	-1.518
6941	138	1.367	-8.334
6941	139	1.313	-9.299
6941	140	2.119	-2.764
6941	141	2.251	-1.017
6941	142	1.236	-6.976
6941	143	0.497	-6.698
6941	144	-0.294	-6.780
6951	136	3.184	-1.557
6951	138	1.386	-8.315
6951	139	1.313	-9.299
6951	140	2.247	-3.434
6951	141	2.238	-1.589
6951	142	1.320	-6.480
6951	143	0.580	-6.239
6951	144	-0.257	-6.824
6961	136	3.200	-1.598
6961	138	1.422	-8.338
6961	139	1.313	-9.299
6961	140	2.316	-4.195
6961	141	2.317	-2.154
6961	142	1.273	-5.974
6961	143	0.625	-5.777
6961	144	-0.256	-6.803
6971	136	3.218	-1.601
6971	138	1.405	-8.317
6971	139	1.313	-9.299
6971	140	2.462	-4.864
6971	141	2.394	-2.757
6971	142	1.331	-5.276
6971	143	0.657	-5.213
6971	144	-0.243	-6.907
6971	145	2.468	2.930
6971	146	2.207	-9.224
6981	136	3.236	-1.603
6981	138	1.385	-8.335
6981	139	1.313	-9.299
6981	140	2.515	-5.563
6981	141	2.426	-3.513
6981	142	1.375	-4.818
6981	143	0.665	-4.729
6981	144	-0.334	-6.818
6981	145	2.511	2.392
6981	146	2.215	-8.726
6981	147	3.729	-6.771
6991	136	3.254	-1.605
6991	138	1.347	-8.353
6991	139	1.313	-9.299
6991	140	2.627	-6.188
6991	141	2.534	-4.218
6991	142	1.312	-4.271
6991	143	0.735	-4.171
6991	144	-0.243	-6.907
6991	145	2.609	1.845
6991	146	2.100	-8.139
6991	147	3.722	-6.907
7001	136	3.253	-1.625
7001	138	1.364	-8.374
7001	139	1.313	-9.299
7001	140	2.808	-6.876
7001	141	2.588	-4.896
7001	142	1.365	-3.655
7001	143	0.765	-3.630
7001	144	-0.243	-6.907
7001	145	2.670	1.305
7001	146	1.987	-7.512
7001	147	3.728	-6.790
7011	136	3.198	-1.637
7011	138	1.405	-8.317
7011	139	1.313	-9.299
7011	140	2.898	-7.556
7011	141	2.625	-5.554
7011	142	1.321	-3.109
7011	143	0.791	-3.169
7011	144	-0.243	-6.907
7011	145	2.679	0.793
7011	146	1.799	-6.898
7011	147	3.658	-6.431
7021	136	3.091	-1.623
7021	138	1.401	-8.397
7021	139	1.313	-9.299
7021	140	3.023	-8.257
7021	141	2.735	-6.217
7021	142	1.240	-2.539
7021	143	0.858	-2.654
7021	144	-0.243	-6.907
7021	145	2.686	0.261
7021	146	1.670	-6.208
7021	148	2.095	-9.579
7021	149	3.735	-5.987
7031	138	1.482	-8.281
7031	139	1.313	-9.299
7031	140	3.096	-8.915
7031	141	2.770	-6.913
7031	142	1.346	-1.992
7031	143	0.870	-2.113
7031	144	-0.243	-6.907
7031	145	2.514	-0.225
7031	146	1.539	-5.555
7031	148	2.224	-8.906
7031	149	3.828	-5.565
7031	150	2.964	-1.626
7041	138	1.404	-8.337
7041	139	1.313	-9.299
7041	140	2.966	-9.661
7041	141	2.948	-7.639
7041	142	1.461	-1.607
7041	143	0.802	-1.642
7041	144	-0.243	-6.907
7041	145	2.344	-0.655
7041	146	1.539	-4.894
7041	148	2.197	-8.046
7041	149	3.722	-4.890
7041	150	2.887	-1.714
7051	138	1.348	-8.333
7051	139	1.313	-9.299
7051	141	3.036	-8.357
7051	142	1.435	-1.065
7051	143	0.796	-1.079
7051	144	-0.243	-6.907
7051	145	2.153	-1.142
7051	146	1.518	-4.252
7051	148	2.160	-7.385
7051	149	3.803	-4.370
7051	150	2.820	-1.961
7061	138	1.482	-8.281
7061	139	1.313	-9.299
7061	142	1.413	-0.463
7061	143	0.690	-0.602
7061	144	-0.243	-6.907
7061	145	1.924	-1.608
7061	146	1.461	-3.605
7061	148	2.109	-6.643
7061	149	3.886	-3.793
7061	150	2.720	-2.126
7071	138	1.482	-8.281
7071	139	1.313	-9.299
7071	142	1.453	-0.070
7071	143	0.739	-0.087
7071	144	-0.243	-6.907
7071	145	1.845	-2.035
7071	146	1.420	-3.001
7071	148	1.946	-5.911
7071	149	3.795	-3.178
7071	150	2.512	-2.277
7081	138	1.482	-8.281
7081	139	1.313	-9.299
7081	142	1.372	0.480
7081	143	0.804	0.405
7081	144	-0.243	-6.907
7081	145	1.852	-2.593
7081	146	1.212	-2.376
7081	148	1.818	-5.221
7081	149	3.786	-2.670
7081	150	2.486	-2.412
7091	138	1.482	-8.281
7091	139	1.313	-9.299
7091	142	1.380	0.956
7091	143	0.811	0.865
7091	144	-0.243	-6.907
7091	145	1.819	-3.186
7091	146	1.208	-1.774
7091	148	1.616	-4.502
7091	149	3.724	-2.175
7091	150	2.427	-2.484
7101	138	1.386	-8.315
7101	139	1.313	-9.299
7101	142	1.410	1.489
7101	143	0.786	1.410
7101	144	-0.260	-6.865
7101	145	2.011	-3.725
7101	146	1.260	-1.181
7101	148	1.376	-3.796
7101	149	3.802	-1.698
7101	150	2.459	-2.567
7111	138	1.482	-8.281
7111	139	1.313	-9.299
7111	142	1.409	2.146
7111	143	0.877	2.016
7111	144	-0.243	-6.907
7111	145	2.106	-4.332
7111	146	1.312	-0.589
7111	148	1.266	-3.083
7111	149	3.728	-1.084
7111	150	2.362	-2.674
7121	138	1.329	-8.332
7121	139	1.313	-9.299
7121	142	1.428	2.480
7121	143	0.822	2.385
7121	144	-0.238	-6.825
7121	145	2.289	-5.026
7121	146	1.402	0.017
7121	148	1.125	-2.265
7121	149	3.600	-0.481
7121	150	2.098	-2.801
7131	138	1.482	-8.281
7131	139	1.313	-9.299
7131	142	1.485	3.165
7131	143	0.814	2.906
7131	144	-0.243	-6.907
7131	145	2.460	-5.578
7131	146	1.496	0.700
7131	148	1.121	-1.663
7131	149	3.520	0.018
7131	150	1.906	-2.938
7141	138	1.482	-8.281
7141	139	1.313	-9.299
7141	142	1.512	3.636
7141	143	0.896	3.351
7141	144	-0.243	-6.907
7141	145	2.533	-6.240
7141	146	1.600	1.220
7141	148	1.235	-0.958
7141	150	1.654	-3.147
7151	138	1.482	-8.281
7151	139	1.313	-9.299
7151	144	-0.243	-6.907
7151	145	2.572	-6.878
7151	146	1.688	1.801
7151	148	1.276	-0.224
7151	150	1.404	-3.299
7161	138	1.482	-8.281
7161	139	1.313	-9.299
7161	144	-0.243	-6.907
7161	145	2.591	-7.534
7161	150	1.152	-3.451
7171	138	1.482	-8.281
7171	139	1.313	-9.299
7171	144	-0.243	-6.907
7171	145	2.555	-8.188
7171	150	0.954	-3.630
7181	138	1.482	-8.281
7181	139	1.313	-9.299
7181	144	-0.243	-6.907
7181	145	2.556	-8.845
7181	150	0.757	-3.770
7181	152	-1.807	-4.137
7181	153	-1.932	-9.613
7191	138	1.482	-8.281
7191	139	1.313	-9.299
7191	144	-0.243	-6.907
7191	145	2.523	-9.460
7191	150	0.527	-3.826
7191	152	-1.807	-4.137
7191	153	-1.833	-9.284
7201	138	1.482	-8.281
7201	139	1.313	-9.299
7201	144	-0.243	-6.907
7201	150	0.296	-3.862
7201	152	-1.807	-4.137
7201	153	-1.816	-8.993
7211	138	1.482	-8.281
7211	139	1.313	-9.299
7211	144	-0.243	-6.907
7211	150	0.080	-3.961
7211	152	-1.807	-4.137
7211	153	-1.825	-8.806
7221	138	1.482	-8.281
7221	139	1.313	-9.299
7221	144	-0.243	-6.907
7221	150	-0.178	-4.097
7221	152	-1.807	-4.137
7221	153	-1.837	-8.680
7231	138	1.482	-8.281
7231	139	1.313	-9.299
7231	144	-0.243	-6.907
7231	150	-0.472	-4.169
7231	152	-1.807	-4.137
7231	153	-1.833	-8.618
7241	138	1.463	-8.280
7241	139	1.313	-9.299
7241	144	-0.243	-6.907
7241	150	-0.712	-4.288
7241	152	-1.807	-4.137
7241	153	-1.833	-8.618
7251	138	1.373	-8.214
7251	139	1.313	-9.299
7251	144	-0.243	-6.907
7251	150	-0.824	-4.523
7251	152	-1.807	-4.137
7251	153	-1.833	-8.618
7261	138	1.302	-8.149
7261	139	1.313	-9.299
7261	144	-0.243	-6.907
7261	150	-1.112	-4.762
7261	152	-1.807	-4.137
7261	154	-1.833	-8.618
7271	138	1.320	-8.170
7271	139	1.313	-9.299
7271	150	-1.258	-4.913
7271	152	-1.807	-4.137
7271	154	-1.832	-8.597
7271	155	-0.414	-6.853
7281	138	1.356	-8.193
7281	139	1.313	-9.299
7281	150	-1.285	-5.034
7281	152	-1.807	-4.137
7281	154	-1.812	-8.598
7281	155	-0.414	-6.853
7291	138	1.337	-8.192
7291	139	1.313	-9.299
7291	150	-1.329	-5.112
7291	152	-1.807	-4.137
7291	154	-1.794	-8.620
7291	155	-0.643	-6.795
7301	138	1.319	-8.190
7301	139	1.313	-9.299
7301	150	-1.262	-5.304
7301	152	-1.807	-4.137
7301	154	-1.775	-8.642
7301	155	-0.643	-6.795
7311	138	1.300	-8.189
7311	139	1.313	-9.299
7321	138	1.300	-8.189
7321	139	1.313	-9.299
7331	138	1.300	-8.189
7331	139	1.313	-9.299
7341	138	1.300	-8.189
7341	139	1.313	-9.299
7351	138	1.300	-8.189
7351	139	1.313	-9.299
7361	138	1.300	-8.189
7361	139	1.313	-9.299
7371	138	1.281	-8.188
7371	139	1.314	-9.279
7481	156	1.424	-9.325
7481	157	2.242	-9.246
7481	158	3.347	-9.264
7481	159	2.084	-4.071
7491	156	1.457	-8.722
7491	157	2.167	-8.603
7491	158	3.437	-8.579
7491	159	2.081	-3.455
7501	156	1.458	-8.038
7501	157	2.111	-7.940
7501	158	3.477	-7.833
7501	159	2.021	-2.871
7511	156	1.327	-7.365
7511	157	2.037	-7.276
7511	158	3.590	-7.054
7511	159	1.923	-2.303
7521	156	1.365	-6.685
7521	157	2.055	-6.618
7521	158	3.538	-6.343
7521	159	1.918	-1.726
7521	160	2.275	-9.648
7531	156	1.483	-5.891
7531	157	2.111	-5.925
7531	158	3.448	-5.687
7531	159	1.839	-1.140
7531	160	2.293	-8.989
7541	156	1.446	-5.226
7541	157	2.059	-5.203
7541	158	3.362	-4.952
7541	159	1.778	-0.575
7541	160	2.307	-8.392
7551	156	1.447	-4.525
7551	157	2.078	-4.508
7551	158	3.291	-4.258
7551	159	1.755	0.005
7551	160	2.275	-7.632
7561	156	1.376	-3.796
7561	157	2.132	-3.858
7561	158	3.182	-3.617
7561	159	1.659	0.615
7561	160	2.391	-6.844
7571	156	1.338	-3.131
7571	157	2.188	-3.169
7571	158	3.218	-2.934
7571	159	1.635	1.195
7571	160	2.391	-6.168
7571	161	-0.097	2.319
7571	162	3.436	2.465
7571	163	3.685	1.451
7581	156	1.229	-2.418
7581	157	2.153	-2.470
7581	158	3.129	-2.256
7581	159	1.537	1.767
7581	160	2.413	-5.435
7581	161	-0.078	2.316
7581	162	3.392	1.967
7581	163	3.784	0.969
7591	156	1.191	-1.752
7591	157	1.991	-1.736
7591	158	3.090	-1.643
7591	159	1.402	2.346
7591	160	2.358	-4.755
7591	161	-0.058	2.333
7591	162	3.580	1.488
7591	163	3.724	0.512
7601	156	1.283	-1.104
7601	157	1.972	-1.078
7601	158	3.010	-0.788
7601	159	1.341	2.933
7601	160	2.344	-4.019
7601	161	-0.058	2.333
7601	162	3.666	1.085
7601	163	3.746	-0.074
7611	156	1.320	-0.450
7611	157	1.880	-0.411
7611	158	2.809	-0.151
7611	159	1.189	3.557
7611	160	2.401	-3.293
7611	161	-0.058	2.333
7611	162	3.678	0.655
7611	163	3.815	-0.454
7621	156	1.317	0.169
7621	157	1.876	0.185
7621	158	2.807	0.478
7621	160	2.332	-2.552
7621	161	-0.058	2.333
7621	162	3.955	0.185
7621	163	3.684	-0.902
7631	156	1.333	0.784
7631	157	1.892	0.817
7631	158	2.822	1.084
7631	160	2.354	-1.822
7631	161	-0.058	2.333
7631	162	3.959	-0.417
7631	163	3.695	-1.372
7641	156	1.219	1.420
7641	157	1.779	1.449
7641	158	2.929	1.733
7641	160	2.352	-1.189
7641	161	-0.001	2.323
7641	162	3.990	-0.829
7641	163	3.704	-1.880
7651	156	1.139	1.992
7651	157	1.834	2.094
7651	158	3.105	2.309
7651	160	2.331	-0.574
7651	161	-0.001	2.323
7661	156	1.081	2.640
7661	157	1.758	2.721
7661	158	3.195	2.976
7661	160	2.366	0.073
7661	161	-0.001	2.323
7671	156	1.003	3.252
7671	157	1.680	3.328
7671	160	2.347	0.726
7671	161	-0.001	2.323
8051	164	2.186	-7.925
8051	165	2.789	-8.242
8051	166	2.525	-5.049
8051	167	1.118	0.958
8061	164	2.215	-7.389
8061	165	2.841	-7.611
8061	166	2.609	-4.503
8061	167	1.116	0.259
8071	164	2.228	-6.811
8071	165	2.820	-6.996
8071	166	2.663	-3.856
8071	167	1.058	-0.433
8081	164	2.226	-6.174
8081	165	2.798	-6.380
8081	166	2.789	-3.199
8081	167	1.079	-1.077
8091	164	2.314	-5.565
8091	165	2.776	-5.785
8091	166	2.800	-2.668
8091	167	1.134	-1.765
8091	168	0.904	1.831
8091	169	-0.028	1.177
8091	170	-0.550	-0.490
8101	164	2.218	-4.980
8101	165	2.772	-5.191
8101	166	2.813	-2.078
8101	167	1.112	-2.484
8101	168	0.962	1.522
8101	169	-0.028	1.177
8101	170	-0.550	-0.490
8111	164	2.198	-4.342
8111	165	2.805	-4.582
8111	166	2.990	-1.492
8111	167	1.169	-3.152
8111	168	0.974	1.080
8111	169	-0.028	1.177
8111	170	-0.550	-0.490
8121	164	2.199	-3.647
8121	165	2.802	-3.969
8121	166	3.039	-0.910
8121	167	1.168	-3.834
8121	168	0.893	0.632
8121	169	-0.028	1.177
8121	170	-0.565	-0.407
8131	164	2.124	-3.003
8131	165	2.820	-3.301
8131	166	3.071	-0.326
8131	167	1.146	-4.555
8131	168	0.961	0.181
8131	169	-0.028	1.177
8131	170	-0.565	-0.407
8141	164	2.119	-2.427
8141	165	2.910	-2.642
8141	166	3.087	0.318
8141	167	1.218	-5.285
8141	168	0.939	-0.216
8141	169	-0.028	1.177
8141	170	-0.565	-0.407
8151	164	2.189	-1.821
8151	165	2.891	-1.990
8151	166	3.015	0.975
8151	169	-0.028	1.177
8151	170	-0.565	-0.407
9261	174	0.951	1.663
9261	175	1.640	1.948
9271	174	0.963	1.202
9271	175	1.631	1.453
9281	174	0.953	0.703
9281	175	1.622	0.958
9281	176	-0.409	-4.074
9281	177	-1.317	-1.225
9291	174	1.000	0.196
9291	175	1.612	0.443
9291	176	-0.425	-3.684
9291	177	-1.317	-1.225
9301	174	0.991	-0.303
9301	175	1.640	-0.058
9301	176	-0.422	-3.297
9301	177	-1.315	-1.184
9311	174	0.963	-0.800
9311	175	1.594	-0.549
9311	176	-0.484	-3.025
9311	177	-1.295	-1.187
9321	174	1.045	-1.333
9321	175	1.584	-1.065
9321	177	-1.276	-1.189
9321	178	-0.654	-2.944
9331	174	1.016	-1.850
9331	175	1.649	-1.572
9331	177	-1.257	-1.212
9331	178	-0.848	-2.922
9341	174	1.007	-2.350
9341	175	1.657	-2.091
9351	174	1.033	-2.896
9351	175	1.777	-2.604
9361	174	0.946	-3.428
9361	175	1.838	-3.169
9371	174	0.972	-3.974
9371	175	1.827	-3.705
9371	179	0.534	-7.390
9371	180	-1.089	-6.720
9381	174	0.997	-4.540
9381	175	1.907	-4.272
9381	179	0.467	-7.223
9381	180	-1.089	-6.720
9391	174	0.948	-5.079
9391	175	1.784	-4.818
9391	179	0.383	-7.034
9391	180	-1.089	-6.720
9401	174	0.992	-5.627
9401	175	1.756	-5.335
9401	179	0.353	-6.890
9401	180	-1.089	-6.720
9401	181	1.172	-9.817
9401	182	1.892	-9.589
9411	174	1.059	-6.116
9411	175	1.598	-5.841
9411	179	0.347	-6.666
9411	180	-1.089	-6.720
9411	181	1.209	-9.152
9411	182	1.925	-8.989
9411	183	-0.953	-4.736
9411	184	-1.060	-2.529
9411	185	-0.877	-1.078
9411	186	-0.086	-0.818
9421	174	0.995	-6.595
9421	175	1.575	-6.260
9421	179	0.298	-6.520
9421	180	-1.089	-6.720
9421	181	1.408	-8.599
9421	182	1.991	-8.452
9421	183	-0.507	-4.431
9421	184	-1.060	-2.529
9421	185	-0.855	-1.040
9421	186	0.153	-1.336
9421	187	1.714	2.609
9421	188	3.907	-5.416
9431	174	0.983	-7.139
9431	175	1.436	-6.750
9431	179	0.153	-6.366
9431	180	-1.089	-6.720
9431	181	1.604	-8.088
9431	182	2.167	-7.924
9431	183	0.174	-3.992
9431	184	-1.060	-2.529
9431	185	-0.852	-1.000
9431	186	0.414	-1.794
9431	187	1.754	1.988
9431	188	3.923	-5.124
9441	174	0.937	-7.621
9441	175	1.317	-7.204
9441	179	0.009	-6.212
9441	180	-1.089	-6.720
9441	181	1.537	-7.621
9441	182	2.170	-7.206
9441	183	0.696	-3.844
9441	184	-1.060	-2.529
9441	185	-0.852	-1.000
9441	186	0.555	-2.316
9441	187	1.815	1.424
9441	188	3.990	-4.857
9451	174	0.814	-8.139
9451	175	1.314	-7.606
9451	179	0.057	-6.033
9451	180	-1.089	-6.720
9451	181	1.587	-7.043
9451	182	2.215	-6.711
9451	183	1.231	-3.721
9451	184	-1.060	-2.529
9451	185	-0.874	-1.037
9451	186	0.561	-2.881
9451	187	1.894	0.856
9451	188	4.026	-4.510
9461	174	0.803	-8.665
9461	175	1.286	-8.108
9461	180	-1.089	-6.720
9461	181	1.747	-6.494
9461	182	2.286	-6.080
9461	183	1.781	-3.541
9461	184	-1.060	-2.529
9461	185	-0.915	-1.073
9461	186	0.644	-3.435
9461	187	1.898	0.261
9461	189	0.235	-5.946
9461	190	-1.056	-0.461
9461	192	2.075	3.789
9471	180	-1.089	-6.720
9471	181	1.801	-5.859
9471	182	2.398	-5.374
9471	183	2.335	-3.503
9471	184	-1.060	-2.529
9471	185	-0.936	-1.091
9471	186	0.630	-4.019
9471	187	1.920	-0.357
9471	189	0.065	-5.891
9471	190	-0.653	-0.598
9471	192	2.099	3.213
9481	180	-1.089	-6.720
9481	181	1.893	-5.188
9481	182	2.465	-4.805
9481	183	2.865	-3.464
9481	184	-1.060	-2.529
9481	185	-0.935	-1.070
9481	186	0.782	-4.680
9481	187	1.843	-1.080
9481	189	-0.005	-5.783
9481	190	-0.285	-0.933
9481	192	2.192	2.566
9481	193	0.457	3.630
9491	180	-1.089	-6.720
9491	181	1.999	-4.600
9491	182	2.516	-4.216
9491	183	3.424	-3.448
9491	184	-1.060	-2.529
9491	185	-0.914	-1.053
9491	186	0.824	-5.269
9491	187	1.681	-1.656
9491	189	0.096	-5.690
9491	190	-0.118	-1.381
9491	192	2.138	1.924
9491	193	0.570	2.949
9501	180	-1.089	-6.720
9501	181	2.065	-4.069
9501	182	2.550	-3.586
9501	183	3.899	-3.561
9501	184	-1.196	-2.513
9501	185	-0.874	-1.037
9501	186	0.806	-5.934
9501	187	1.608	-2.304
9501	189	0.001	-5.682
9501	190	-0.072	-1.915
9501	192	2.099	1.220
9501	193	0.565	2.188
9501	194	1.727	-8.878
9501	195	2.252	-9.067
9501	196	2.060	3.851
9511	180	-1.089	-6.720
9511	181	2.122	-3.380
9511	182	2.674	-2.968
9511	185	-0.855	-1.040
9511	187	1.498	-2.950
9511	189	-0.042	-5.760
9511	190	0.258	-2.522
9511	192	2.022	0.500
9511	193	0.636	1.434
9511	194	1.781	-8.239
9511	195	2.322	-8.452
9511	196	1.994	3.311
9511	197	0.789	-6.559
9511	198	-1.328	-2.415
9511	199	-1.413	-3.517
9521	180	-1.089	-6.720
9521	181	2.141	-2.687
9521	182	2.707	-2.361
9521	185	-0.835	-1.043
9521	187	1.461	-3.605
9521	189	-0.022	-5.741
9521	190	0.575	-2.963
9521	192	1.881	-0.054
9521	193	0.630	0.672
9521	194	1.807	-7.760
9521	195	2.352	-7.896
9521	196	2.052	2.708
9521	197	0.713	-7.241
9521	198	-1.500	-2.312
9521	199	-1.298	-3.570
9531	180	-1.089	-6.720
9531	181	2.118	-2.109
9531	182	2.707	-1.691
9531	185	-0.851	-0.979
9531	187	1.442	-4.284
9531	189	-0.022	-5.741
9531	190	0.580	-3.549
9531	192	1.757	-0.631
9531	193	0.626	-0.070
9531	194	1.893	-7.206
9531	195	2.436	-7.364
9531	196	1.959	2.013
9531	197	0.673	-7.947
9531	198	-1.548	-2.121
9531	199	-1.099	-3.530
9541	180	-1.113	-6.801
9541	181	2.228	-1.450
9541	182	2.814	-1.055
9541	185	-0.872	-0.997
9541	187	1.385	-4.980
9541	189	-0.022	-5.741
9541	190	0.725	-4.009
9541	192	1.628	-1.270
9541	193	0.584	-0.808
9541	194	1.964	-6.591
9541	195	2.484	-6.811
9541	196	1.889	1.431
9541	197	0.604	-8.511
9541	198	-1.720	-1.997
9541	199	-1.041	-3.557
9551	180	-1.089	-6.720
9551	181	2.211	-0.755
9551	182	2.811	-0.446
9551	185	-0.913	-1.032
9551	187	1.347	-5.658
9551	189	-0.022	-5.741
9551	190	0.846	-4.545
9551	192	1.606	-2.005
9551	193	0.502	-1.583
9551	194	1.978	-5.994
9551	195	2.466	-6.135
9551	196	1.800	0.812
9551	197	0.472	-9.154
9551	199	-0.969	-3.667
9551	200	2.012	-9.755
9551	201	2.773	-9.890
9561	180	-1.089	-6.720
9561	181	2.154	-0.113
9561	182	2.753	0.153
9561	185	-0.909	-0.971
9561	187	1.291	-6.337
9561	189	-0.022	-5.741
9561	190	0.871	-5.112
9561	192	1.518	-2.592
9561	193	0.476	-2.367
9561	194	2.049	-5.382
9561	195	2.535	-5.545
9561	196	1.639	0.260
9561	199	-0.716	-3.674
9561	200	1.986	-9.213
9561	201	2.731	-9.312
9571	180	-1.089	-6.720
9571	181	2.282	0.539
9571	182	2.847	0.884
9571	185	-0.911	-0.992
9571	187	1.218	-6.975
9571	189	-0.022	-5.741
9571	190	1.054	-5.532
9571	192	1.464	-3.226
9571	193	0.487	-3.175
9571	194	2.063	-4.786
9571	195	2.567	-4.954
9571	196	1.567	-0.366
9571	199	-0.602	-3.727
9571	200	2.072	-8.657
9571	201	2.778	-8.778
9581	180	-1.089	-6.720
9581	181	2.134	1.194
9581	182	2.810	1.537
9581	185	-0.894	-1.035
9581	187	1.249	-7.763
9581	189	-0.102	-5.795
9581	190	0.855	-6.059
9581	192	1.444	-3.924
9581	193	0.554	-4.011
9581	194	2.098	-4.152
9581	195	2.581	-4.361
9581	196	1.421	-0.983
9581	199	-0.476	-3.903
9581	200	2.137	-8.142
9581	201	2.843	-8.246
9591	180	-1.089	-6.720
9591	181	2.129	1.768
9591	182	2.805	2.106
9591	185	-0.895	-1.055
9591	187	1.269	-8.409
9591	190	0.800	-6.701
9591	192	1.426	-4.583
9591	193	0.629	-4.705
9591	194	2.167	-3.564
9591	195	2.612	-3.791
9591	196	1.333	-1.550
9591	199	-0.387	-4.035
9591	200	2.131	-7.582
9591	201	2.837	-7.690
9591	202	-0.039	-5.699
9591	203	0.951	3.999
9601	180	-1.089	-6.720
9601	181	2.129	2.439
9601	182	2.764	2.681
9601	185	-0.877	-1.078
9601	187	1.258	-8.953
9601	190	0.898	-7.315
9601	192	1.446	-5.226
9601	193	0.616	-5.594
9601	194	2.143	-2.985
9601	195	2.587	-3.235
9601	196	1.260	-2.181
9601	199	-0.300	-4.207
9601	200	2.146	-6.965
9601	201	2.814	-7.094
9601	202	-0.039	-5.699
9601	203	1.055	3.501
9611	180	-1.089	-6.720
9611	181	1.999	3.073
9611	182	2.760	3.289
9611	185	-0.857	-1.081
9611	187	1.401	-9.747
9611	190	0.882	-7.941
9611	192	1.504	-5.853
9611	193	0.630	-6.364
9611	194	2.136	-2.448
9611	195	2.544	-2.696
9611	196	1.150	-2.809
9611	199	-0.300	-4.207
9611	200	2.122	-6.404
9611	201	2.863	-6.524
9611	203	0.934	3.025
9611	204	-0.125	-5.855
9621	180	-1.089	-6.720
9621	185	-0.911	-0.992
9621	190	0.887	-8.528
9621	192	1.596	-6.542
9621	193	0.476	-7.062
9621	194	2.093	-1.888
9621	195	2.502	-2.118
9621	196	1.153	-3.431
9621	199	-0.300	-4.207
9621	200	2.134	-5.848
9621	201	2.856	-5.990
9621	203	0.908	2.570
9621	204	-0.125	-5.855
9631	180	-1.089	-6.720
9631	185	-0.915	-1.073
9631	190	1.023	-9.122
9631	192	1.631	-7.267
9631	193	0.526	-7.877
9631	194	1.977	-1.317
9631	195	2.424	-1.535
9631	196	1.186	-4.177
9631	199	-0.034	-4.275
9631	200	2.203	-5.257
9631	201	2.779	-5.390
9631	203	0.937	2.085
9631	204	-0.465	-6.051
9631	205	3.495	0.217
9641	180	-1.089	-6.720
9641	185	-0.937	-1.111
9641	190	1.103	-9.713
9641	192	1.722	-7.975
9641	193	0.464	-8.625
9641	194	1.915	-0.773
9641	195	2.419	-0.961
9641	196	1.231	-4.724
9641	199	-0.034	-4.275
9641	200	2.143	-4.674
9641	201	2.756	-4.814
9641	203	0.835	1.622
9641	204	-0.639	-6.036
9641	205	3.432	-0.281
9651	180	-1.107	-6.698
9651	185	-0.938	-1.131
9651	192	1.852	-8.624
9651	193	0.417	-9.457
9651	194	1.833	-0.245
9651	195	2.378	-0.383
9651	196	1.401	-5.362
9651	199	-0.034	-4.275
9651	200	2.027	-4.105
9651	201	2.641	-4.249
9651	203	0.826	1.123
9651	204	-0.924	-5.910
9651	205	3.320	-0.695
9661	180	-1.107	-6.698
9661	185	-0.918	-1.113
9661	194	1.790	0.297
9661	195	2.353	0.173
9661	196	1.441	-5.988
9661	199	-0.034	-4.275
9661	200	1.950	-3.480
9661	201	2.677	-3.581
9661	203	0.743	0.655
9661	204	-1.118	-5.873
9661	205	3.345	-1.246
9661	206	1.262	3.841
9671	180	-1.107	-6.698
9671	185	-0.877	-1.078
9671	194	1.750	0.918
9671	195	2.326	0.671
9671	196	1.517	-6.636
9671	199	-0.034	-4.275
9671	200	1.835	-2.889
9671	201	2.649	-3.103
9671	203	0.561	0.120
9671	204	-1.256	-5.882
9671	205	3.394	-1.663
9671	206	1.237	3.409
9671	207	-0.449	2.581
9671	208	-0.982	2.793
9681	180	-1.107	-6.698
9681	185	-0.890	-0.974
9681	194	1.680	1.326
9681	195	2.235	1.356
9681	196	1.517	-7.299
9681	199	-0.240	-4.172
9681	200	1.790	-2.366
9681	201	2.496	-2.572
9681	203	0.602	-0.489
9681	204	-1.369	-5.790
9681	205	3.402	-2.192
9681	206	1.152	2.887
9681	207	-0.163	2.835
9681	208	-0.732	3.055
9691	180	-1.107	-6.698
9691	185	-0.947	-0.946
9691	194	1.730	1.893
9691	195	2.226	1.850
9691	196	1.442	-7.977
9691	199	-0.190	-4.300
9691	200	1.784	-1.808
9691	201	2.548	-1.946
9691	203	0.534	-1.023
9691	204	-1.461	-5.679
9691	205	3.418	-2.547
9691	206	1.141	2.370
9691	207	0.064	3.118
9691	208	-0.463	3.332
9701	180	-1.107	-6.698
9701	185	-0.946	-0.926
9701	194	1.777	2.401
9701	195	2.233	2.322
9701	199	-0.104	-4.146
9701	200	1.673	-1.137
9701	201	2.596	-1.400
9701	203	0.596	-1.595
9701	204	-1.461	-5.679
9701	205	3.448	-3.000
9701	206	1.071	1.784
9711	180	-1.107	-6.698
9711	185	-0.894	-1.035
9711	194	1.830	3.024
9711	195	2.245	2.872
9711	199	-0.203	-4.197
9711	200	1.734	-0.708
9711	201	2.570	-0.864
9711	203	0.736	-2.136
9711	204	-1.461	-5.679
9711	205	3.512	-3.478
9711	206	1.112	1.178
9721	180	-1.107	-6.698
9721	185	-0.895	-1.055
9721	199	-0.078	-4.372
9721	200	1.872	-0.211
9721	201	2.637	-0.302
9721	203	0.757	-2.763
9721	204	-1.442	-5.680
9721	205	3.664	-3.964
9721	206	1.098	0.601
9731	180	-1.107	-6.698
9731	185	-0.897	-1.096
9731	199	-0.138	-4.407
9731	200	1.776	0.379
9731	201	2.631	0.250
9731	203	0.954	-3.288
9731	204	-1.442	-5.680
9731	206	1.134	-0.084
9731	211	3.716	2.688
9731	212	3.939	0.886
9741	180	-1.107	-6.698
9741	185	-0.898	-1.116
9741	199	-0.087	-4.534
9741	200	1.805	0.910
9741	201	2.532	0.776
9741	203	0.967	-3.732
9741	204	-1.442	-5.680
9741	206	1.275	-0.584
9741	211	3.655	2.544
9741	212	3.970	1.133
9751	180	-1.107	-6.698
9751	185	-0.918	-1.113
9751	199	0.075	-4.712
9751	200	1.752	1.295
9751	201	2.547	1.384
9751	203	0.984	-4.438
9751	204	-1.442	-5.680
9751	206	1.293	-1.265
9751	211	3.488	2.437
9751	212	4.134	1.570
9761	180	-1.107	-6.698
9761	185	-0.957	-1.108
9761	199	0.180	-4.885
9761	200	1.678	1.962
9761	201	2.586	1.751
9761	203	1.120	-5.035
9761	204	-1.442	-5.680
9761	206	1.464	-1.887
9761	211	3.373	2.282
9771	180	-1.107	-6.698
9771	185	-0.957	-1.108
9771	200	1.704	2.433
9771	201	2.383	2.375
9771	203	1.070	-5.594
9771	204	-1.442	-5.680
9771	206	1.560	-2.498
9771	211	3.273	2.085
9771	213	0.373	-5.187
9781	180	-1.107	-6.698
9781	185	-0.937	-1.111
9781	200	1.754	2.998
9781	201	2.504	2.924
9781	203	1.112	-6.181
9781	204	-1.442	-5.680
9781	206	1.713	-3.094
9781	211	3.204	1.804
9781	213	0.509	-5.483
9791	180	-1.107	-6.698
9791	185	-0.937	-1.111
9791	203	1.100	-6.724
9791	204	-1.442	-5.680
9791	206	1.884	-3.672
9791	211	3.191	1.572
9791	213	0.679	-5.498
9791	214	1.445	-9.950
9801	180	-1.107	-6.698
9801	185	-0.937	-1.111
9801	203	0.949	-7.419
9801	204	-1.442	-5.680
9801	206	2.013	-4.362
9801	211	3.249	1.309
9801	213	0.536	-5.668
9801	214	1.773	-9.403
9811	180	-1.107	-6.698
9811	185	-0.937	-1.111
9811	203	0.988	-8.069
9811	204	-1.442	-5.680
9811	206	2.292	-4.967
9811	211	3.257	1.132
9811	213	0.425	-5.962
9811	214	2.004	-8.894
9821	180	-1.107	-6.698
9821	185	-0.937	-1.111
9821	203	0.920	-8.611
9821	204	-1.442	-5.680
9821	206	2.631	-5.455
9821	211	3.211	0.944
9821	213	0.521	-6.274
9821	214	2.275	-8.310
9821	215	2.857	-10.013
9831	180	-1.107	-6.698
9831	185	-0.937	-1.111
9831	203	0.940	-9.260
9831	204	-1.442	-5.680
9831	206	3.069	-6.047
9831	211	3.148	0.778
9831	213	0.574	-6.684
9831	214	2.554	-7.870
9831	215	2.878	-9.617
9841	180	-1.107	-6.698
9841	185	-0.937	-1.111
9841	203	0.925	-9.867
9841	204	-1.442	-5.680
9841	206	3.440	-6.512
9841	211	3.142	0.661
9841	213	0.593	-7.009
9841	214	2.680	-7.223
9841	215	2.842	-9.278
9851	180	-1.107	-6.698
9851	185	-0.937	-1.111
9851	204	-1.442	-5.680
9851	206	4.058	-7.266
9851	211	3.167	0.462
9851	213	0.612	-7.355
9851	214	2.944	-6.709
9851	215	2.610	-8.867
9861	180	-1.107	-6.698
9861	185	-0.971	-1.025
9861	204	-1.442	-5.680
9861	211	3.198	0.359
9861	213	0.760	-7.750
9861	214	3.169	-6.214
9861	215	2.481	-8.562
9871	180	-1.107	-6.698
9871	185	-0.918	-1.113
9871	204	-1.442	-5.680
9871	211	3.179	0.343
9871	213	0.836	-8.079
9871	214	3.444	-5.765
9871	215	2.394	-8.138
9881	180	-1.107	-6.698
9881	185	-0.918	-1.113
9881	204	-1.442	-5.680
9881	211	3.160	0.326
9881	213	0.832	-8.484
9881	214	3.853	-5.430
9881	215	2.302	-7.813
9891	180	-1.107	-6.698
9891	185	-0.918	-1.113
9891	204	-1.442	-5.680
9891	211	3.034	0.326
9891	213	0.886	-8.872
9891	214	4.226	-5.056
9891	215	2.081	-7.479
9901	180	-1.107	-6.698
9901	185	-0.918	-1.113
9901	204	-1.442	-5.680
9901	213	0.956	-9.301
9901	215	1.896	-7.166
9901	216	2.932	0.439
9911	180	-1.107	-6.698
9911	185	-0.937	-1.111
9911	204	-1.442	-5.680
9911	215	1.845	-6.742
9911	216	2.756	0.545
9921	180	-1.107	-6.698
9921	185	-0.937	-1.111
9921	215	1.790	-6.397
9921	216	2.509	0.682
9921	217	-1.422	-5.682
9931	180	-1.107	-6.698
9931	185	-0.937	-1.111
9931	215	1.663	-6.007
9931	216	2.334	0.827
9931	217	-1.422	-5.682
9941	180	-1.107	-6.698
9941	185	-0.937	-1.111
9941	215	1.572	-5.638
9941	216	2.221	1.101
9941	217	-1.422	-5.682
9951	180	-1.107	-6.698
9951	185	-0.919	-1.134
9951	215	1.614	-5.222
9951	216	2.070	1.363
9951	217	-1.422	-5.682
9961	180	-1.107	-6.698
9961	185	-0.901	-1.157
9961	215	1.598	-4.840
9961	216	1.901	1.647
9961	217	-1.422	-5.682
9971	180	-1.107	-6.698
9971	185	-0.896	-1.075
9971	215	1.410	-4.521
9971	216	1.850	2.052
9971	217	-1.422	-5.682
9981	180	-1.107	-6.698
9981	185	-0.915	-1.073
9981	215	1.205	-4.179
9981	216	1.755	2.345
9981	217	-1.422	-5.682
9981	218	3.578	3.101
9991	180	-1.107	-6.698
9991	185	-0.953	-1.047
9991	215	1.152	-3.792
9991	216	1.696	2.613
9991	217	-1.422	-5.682
9991	218	3.507	2.453
10001	219	1.078	-3.423
10011	219	0.948	-3.067
10021	219	0.801	-2.667
10021	220	3.402	0.816
10031	219	0.841	-2.290
10031	220	3.404	0.191
10041	219	0.827	-1.866
10041	220	3.336	-0.404
10041	221	3.843	-5.957
10051	219	0.677	-1.505
10051	220	3.234	-0.976
10051	221	3.807	-5.289
10051	222	-0.948	-0.966
10061	219	0.527	-1.143
10061	220	3.238	-1.564
10061	221	3.925	-4.734
10061	222	-0.993	-1.063
10061	223	1.497	4.036
10071	219	0.512	-0.738
10071	220	3.133	-2.178
10071	221	3.933	-4.247
10071	222	-1.019	-1.162
10071	223	1.438	3.650
10071	224	0.505	4.142
10081	219	0.455	-0.408
10081	220	3.135	-2.806
10081	221	3.911	-3.659
10081	222	-1.021	-1.202
10081	223	1.653	3.175
10081	224	0.558	3.732
10081	225	3.922	-6.473
10081	226	1.634	-9.898
10091	219	0.302	-0.084
10091	220	3.159	-3.379
10091	221	3.921	-3.134
10091	222	-1.060	-1.197
10091	223	1.647	2.740
10091	224	0.726	3.361
10091	225	3.611	-5.976
10091	226	1.733	-9.461
10101	219	0.167	0.238
10101	220	3.235	-3.957
10101	221	3.998	-2.676
10101	222	-1.098	-1.172
10101	223	1.621	2.269
10101	224	0.740	2.939
10101	225	3.170	-5.524
10101	226	1.706	-8.937
10111	219	0.188	0.598
10111	220	3.495	-4.455
10111	221	3.996	-2.054
10111	222	-1.116	-1.149
10111	223	1.652	1.827
10111	224	0.734	2.500
10111	225	2.873	-5.003
10111	226	1.695	-8.455
10111	227	1.726	3.815
10121	219	0.194	1.041
10121	220	3.549	-5.127
10121	221	4.020	-1.590
10121	222	-1.115	-1.128
10121	223	1.721	1.399
10121	224	0.937	2.085
10121	225	2.614	-4.424
10121	226	1.629	-7.969
10121	227	1.806	3.266
10131	219	0.081	1.402
10131	220	3.607	-5.721
10131	221	4.051	-1.012
10131	222	-1.133	-1.106
10131	223	1.624	0.998
10131	224	0.950	1.644
10131	225	2.374	-3.805
10131	226	1.491	-7.437
10131	227	1.834	2.767
10141	219	0.065	1.788
10141	220	3.572	-6.385
10141	221	4.061	-0.490
10141	222	-1.151	-1.083
10141	223	1.671	0.494
10141	224	0.900	1.092
10141	225	2.410	-3.135
10141	226	1.445	-6.912
10141	227	2.046	2.256
10151	219	0.200	2.148
10151	220	3.379	-6.979
10151	221	4.071	0.032
10151	222	-1.151	-1.083
10151	223	1.681	0.015
10151	224	1.046	0.689
10151	225	2.421	-2.602
10151	226	1.399	-6.406
10151	227	2.093	1.774
10161	219	0.275	2.458
10161	220	3.311	-7.585
10161	221	4.062	0.537
10161	222	-1.151	-1.083
10161	223	1.597	-0.490
10161	224	1.078	0.244
10161	225	2.436	-1.991
10161	226	1.295	-5.915
10161	227	2.009	1.254
10171	219	0.256	2.783
10171	220	3.104	-8.104
10171	221	4.019	1.067
10171	222	-1.151	-1.083
10171	223	1.627	-0.952
10171	224	0.971	-0.321
10171	225	2.668	-1.409
10171	226	1.267	-5.410
10171	227	2.036	0.755
10181	219	0.235	3.088
10181	220	2.907	-8.745
10181	221	3.872	1.614
10181	222	-1.151	-1.083
10181	223	1.657	-1.414
10181	224	1.097	-0.759
10181	225	2.737	-0.809
10181	226	1.200	-4.942
10181	227	1.939	0.334
10191	220	2.805	-9.295
10191	221	3.885	2.193
10191	222	-1.151	-1.083
10191	223	1.648	-1.910
10191	224	1.203	-1.193
10191	225	2.771	-0.184
10191	226	1.114	-4.471
10191	227	1.843	-0.068
10201	221	3.764	2.602
10201	222	-1.151	-1.083
10201	223	1.733	-2.399
10201	224	1.129	-1.844
10201	225	2.753	0.486
10201	226	1.103	-3.988
10201	227	1.964	-0.561
10211	222	-1.153	-1.103
10211	223	1.840	-2.810
10211	224	1.200	-2.254
10211	225	2.549	1.088
10211	226	0.960	-3.530
10211	227	2.010	-1.064
10221	222	-1.217	-1.197
10221	223	1.888	-3.274
10221	224	1.421	-2.661
10221	225	2.563	1.676
10221	226	0.833	-3.094
10221	227	2.036	-1.583
10231	222	-1.343	-1.324
10231	223	1.937	-3.717
10231	224	1.414	-3.120
10231	225	2.450	2.265
10231	226	0.748	-2.601
10231	227	2.194	-2.059
10241	222	-1.343	-1.324
10241	223	2.021	-4.204
10241	224	1.407	-3.579
10241	225	2.281	2.865
10241	226	0.660	-2.147
10241	227	2.244	-2.482
10251	222	-1.729	-1.481
10251	223	2.011	-4.721
10251	224	1.565	-4.077
10251	226	0.666	-1.705
10251	227	2.183	-2.930
10261	222	-1.763	-1.394
10261	223	1.942	-5.312
10261	224	1.407	-4.581
10261	226	0.749	-1.233
10261	227	2.180	-3.327
10261	230	0.915	-9.704
10261	231	2.759	-9.472
10261	232	3.507	-9.963
10261	233	-1.111	-6.760
10271	223	1.897	-5.787
10271	224	1.228	-5.105
10271	226	0.817	-0.700
10271	227	2.154	-3.801
10271	230	0.738	-9.148
10271	231	2.868	-9.140
10271	232	3.424	-9.505
10271	233	-1.111	-6.760
10281	223	1.851	-6.302
10281	224	1.372	-5.540
10281	226	0.972	-0.301
10281	227	2.035	-4.285
10281	230	0.618	-8.593
10281	231	2.925	-8.746
10281	232	3.444	-9.131
10281	233	-1.111	-6.760
10291	223	1.914	-6.827
10291	224	1.365	-6.001
10291	226	1.136	0.276
10291	227	1.957	-4.695
10291	230	0.574	-8.022
10291	231	2.950	-8.272
10291	232	3.554	-8.743
10291	233	-1.111	-6.760
10301	223	1.926	-7.288
10301	224	1.165	-6.568
10301	226	1.258	0.776
10301	227	1.966	-5.215
10301	230	0.437	-7.424
10301	231	3.061	-7.884
10301	232	3.559	-8.310
10301	233	-1.091	-6.761
10311	223	1.844	-7.763
10311	224	1.195	-7.054
10311	226	1.472	1.260
10311	227	1.887	-5.646
10311	230	0.410	-6.894
10311	231	3.118	-7.492
10311	232	3.564	-7.878
10311	233	-1.091	-6.761
10321	223	1.836	-8.243
10321	224	1.301	-7.505
10321	226	1.591	1.738
10321	227	1.750	-6.114
10321	230	0.405	-6.305
10321	231	3.103	-7.096
10321	232	3.640	-7.451
10321	233	-1.091	-6.761
10331	223	1.863	-8.765
10331	224	1.140	-8.038
10331	227	1.783	-6.517
10331	230	0.345	-5.692
10331	231	3.140	-6.744
10331	232	3.589	-7.074
10331	233	-1.091	-6.761
10341	223	1.764	-9.221
10341	224	1.134	-8.482
10341	227	1.775	-6.997
10341	230	0.439	-5.031
10341	231	3.160	-6.371
10341	232	3.652	-6.549
10341	233	-1.091	-6.761
10351	227	1.635	-7.528
10351	230	0.527	-4.493
10351	231	3.095	-5.912
10351	232	3.634	-6.214
10351	233	-1.091	-6.761
10361	227	1.644	-8.030
10361	230	0.563	-3.850
10361	231	3.060	-5.554
10361	232	3.713	-5.731
10361	233	-1.091	-6.761
10371	227	1.686	-8.615
10371	230	0.745	-3.325
10371	231	3.098	-5.183
10371	232	3.628	-5.311
10371	233	-1.091	-6.761
10371	234	2.616	2.315
10371	235	4.006	-9.260
10371	236	3.411	-9.406
10381	230	0.796	-2.747
10381	231	3.047	-4.784
10381	232	3.627	-4.998
10381	233	-1.091	-6.761
10381	234	2.518	1.507
10381	235	4.027	-8.869
10381	236	3.376	-9.068
10391	230	0.845	-2.210
10391	231	2.976	-4.422
10391	232	3.628	-4.645
10391	233	-1.091	-6.761
10391	234	2.366	0.743
10391	235	4.045	-8.517
10391	236	3.322	-8.730
10401	230	0.952	-1.661
10401	231	3.086	-4.059
10401	232	3.647	-4.295
10401	233	-1.091	-6.761
10401	234	2.246	-0.107
10401	235	3.958	-8.159
10401	236	3.359	-8.377
10411	230	0.947	-1.079
10411	231	3.050	-3.721
10411	232	3.577	-3.935
10411	233	-1.091	-6.761
10411	234	2.013	-1.004
10411	235	3.921	-7.843
10411	236	3.341	-8.040
10421	230	1.033	-0.550
10421	231	2.998	-3.341
10421	232	3.467	-3.649
10421	233	-1.091	-6.761
10421	234	1.926	-1.906
10421	235	3.992	-7.515
10421	236	3.255	-7.620
10421	237	2.712	-9.668
10431	230	1.139	-0.005
10431	231	3.069	-3.034
10431	232	3.521	-3.303
10431	233	-1.091	-6.761
10431	234	1.734	-2.718
10431	235	3.938	-7.179
10431	236	3.237	-7.284
10431	237	2.574	-8.865
10441	230	1.191	0.587
10441	231	3.158	-2.711
10441	232	3.648	-2.926
10441	233	-1.091	-6.761
10441	234	1.665	-3.628
10441	235	3.867	-6.860
10441	236	3.297	-6.835
10441	237	2.561	-8.089
10441	238	0.665	4.272
10441	239	1.131	4.184
10451	230	1.352	1.120
10451	231	3.144	-2.317
10451	232	3.651	-2.536
10451	233	-1.091	-6.761
10451	234	1.592	-4.599
10451	235	3.959	-6.456
10451	236	3.206	-6.532
10451	237	2.474	-7.327
10451	238	0.666	4.292
10451	239	1.114	4.207
10461	230	1.457	1.661
10461	231	3.127	-1.961
10461	232	3.653	-2.166
10461	233	-1.091	-6.761
10461	234	1.488	-5.470
10461	235	3.887	-6.137
10461	236	3.140	-6.073
10461	237	2.353	-6.543
10461	238	0.647	4.296
10461	239	1.131	4.184
10471	230	1.506	2.209
10471	231	3.184	-1.557
10471	232	3.656	-1.776
10471	233	-1.091	-6.761
10471	234	1.438	-6.369
10471	235	3.799	-5.777
10471	236	3.214	-5.705
10471	237	2.342	-5.727
10471	238	0.647	4.296
10471	239	1.095	4.211
10481	230	1.665	2.717
10481	231	3.131	-1.217
10481	232	3.679	-1.330
10481	233	-1.072	-6.763
10481	234	1.352	-7.247
10481	235	3.821	-5.369
10481	236	3.183	-5.269
10481	237	2.204	-4.899
10481	238	0.647	4.296
10481	239	1.094	4.191
10491	230	1.732	3.260
10491	231	3.024	-0.849
10491	232	3.647	-0.936
10491	233	-1.072	-6.763
10491	234	1.432	-8.157
10491	235	3.828	-4.900
10491	236	3.096	-4.887
10491	237	2.121	-4.055
10491	238	0.684	4.288
10491	239	1.075	4.195
10501	230	1.763	3.808
10501	231	3.043	-0.499
10501	232	3.648	-0.586
10501	233	-1.072	-6.763
10501	235	3.761	-4.483
10501	236	3.115	-4.534
10501	237	2.054	-3.273
10501	238	0.703	4.285
10501	239	1.094	4.191
10511	231	3.064	-0.110
10511	232	3.639	-0.078
10511	233	-1.110	-6.739
10511	235	3.818	-4.079
10511	236	3.135	-4.162
10511	237	1.930	-2.503
10511	238	0.702	4.265
10511	239	1.151	4.200
10521	231	2.998	0.331
10521	232	3.550	0.247
10521	233	-1.205	-6.691
10521	235	3.837	-3.729
10521	236	3.066	-3.762
10521	237	1.935	-1.748
10521	238	0.684	4.288
10521	239	1.114	4.207
10521	240	3.040	-8.951
10531	231	2.968	0.786
10531	232	3.482	0.647
10531	235	3.803	-3.355
10531	236	3.014	-3.382
10531	237	1.864	-1.024
10531	238	0.684	4.288
10531	239	1.094	4.191
10531	240	3.089	-8.380
10541	231	3.007	1.172
10541	232	3.575	1.061
10541	235	3.823	-2.986
10541	236	3.071	-2.995
10541	237	1.818	-0.183
10541	238	0.684	4.288
10541	239	1.075	4.195
10541	240	3.085	-7.786
10551	231	3.010	1.563
10551	232	3.575	1.391
10551	235	3.825	-2.616
10551	236	3.054	-2.639
10551	237	1.864	0.643
10551	238	0.627	4.279
10551	239	0.978	4.133
10551	240	3.027	-7.170
10561	231	2.995	1.937
10561	232	3.399	1.771
10561	235	3.792	-2.222
10561	236	2.933	-2.212
10561	237	1.777	1.410
10561	240	3.078	-6.561
10571	231	3.087	2.312
10571	232	3.420	2.157
10571	235	3.741	-1.845
10571	236	3.008	-1.828
10571	237	1.889	2.085
10571	240	2.950	-5.919
10571	241	0.942	4.160
10571	243	2.732	-9.630
10581	231	3.087	2.644
10581	232	3.546	2.505
10581	235	3.746	-1.417
10581	236	3.081	-1.465
10581	237	1.890	2.776
10581	240	2.931	-5.265
10581	241	0.852	4.237
10581	243	2.736	-8.894
10591	231	3.515	2.937
10591	232	2.998	2.992
10591	235	3.676	-1.057
10591	236	3.012	-1.083
10591	237	1.824	3.579
10591	240	2.857	-4.626
10591	243	2.809	-8.204
10601	235	3.641	-0.721
10601	236	2.958	-0.741
10601	240	2.791	-4.166
10601	243	2.828	-7.511
10601	247	0.821	4.023
10611	235	3.666	-0.238
10611	236	3.050	-0.382
10611	240	2.865	-3.464
10611	243	2.773	-6.854
10611	247	0.793	3.869
10611	251	0.587	4.247
10621	235	3.609	0.024
10621	236	3.031	-0.066
10621	240	2.716	-2.874
10621	243	2.827	-6.185
10621	247	0.787	3.770
10621	251	0.587	4.247
10621	252	3.507	-8.957
10621	253	4.014	-9.103
10631	235	3.540	0.404
10631	236	3.017	0.348
10631	240	2.709	-2.321
10631	243	2.792	-5.490
10631	247	0.822	4.043
10631	252	3.441	-8.520
10631	253	3.986	-8.631
10641	235	3.578	0.769
10641	236	2.929	0.734
10641	240	2.759	-1.737
10641	243	2.932	-4.575
10641	247	0.846	4.138
10641	252	3.446	-8.087
10641	253	3.991	-8.200
10651	235	3.505	1.072
10651	236	2.947	1.064
10651	240	2.736	-1.163
10651	243	2.777	-4.085
10651	247	0.789	3.790
10651	252	3.346	-7.607
10651	253	3.998	-7.731
10661	235	3.377	1.366
10661	236	2.876	1.409
10661	240	2.761	-0.694
10661	243	2.883	-3.131
10661	247	0.822	4.043
10661	252	3.315	-7.171
10661	253	4.002	-7.320
10671	235	3.418	1.787
10671	236	2.876	1.742
10671	240	2.734	-0.198
10671	243	2.722	-2.422
10671	247	0.880	4.072
10671	252	3.393	-6.724
10671	253	3.899	-6.921
10681	235	3.438	2.154
10681	236	2.912	2.088
10681	240	2.668	0.264
10681	243	2.613	-1.757
10681	247	0.827	4.142
10681	252	3.362	-6.289
10681	253	3.904	-6.491
10691	235	3.403	2.510
10691	236	2.859	2.430
10691	240	2.643	0.798
10691	243	2.577	-1.082
10691	247	0.750	3.777
10691	252	3.339	-5.717
10691	253	3.875	-6.019
10701	235	3.476	2.867
10701	236	2.768	2.759
10701	240	2.613	1.255
10701	243	2.482	-0.477
10701	247	0.811	3.845
10701	252	3.453	-5.256
10701	253	3.950	-5.615
10711	235	3.513	3.229
10711	236	2.840	3.079
10711	240	2.493	1.727
10711	243	2.386	0.109
10711	247	0.754	3.856
10711	252	3.422	-4.821
10711	253	3.957	-5.147
10711	254	2.830	-9.833
10721	235	3.461	3.588
10721	236	2.880	3.482
10721	240	2.641	2.095
10721	243	2.434	0.654
10721	252	3.337	-4.400
10721	253	3.964	-4.679
10721	254	2.758	-9.154
10721	255	1.590	4.038
10731	235	3.522	3.732
10731	236	2.789	3.812
10731	240	2.603	2.396
10731	243	2.443	1.145
10731	252	3.575	-3.974
10731	253	4.042	-4.200
10731	254	2.777	-8.460
10731	255	1.445	3.450
10731	256	0.711	3.764
10741	240	2.553	2.817
10741	243	2.486	1.590
10741	252	3.595	-3.585
10741	253	4.115	-3.818
10741	254	2.775	-7.825
10741	255	1.461	2.733
10741	256	0.664	3.933
10751	240	2.650	3.270
10751	243	2.640	2.076
10751	252	3.656	-3.103
10751	253	4.123	-3.333
10751	254	2.755	-7.189
10751	255	1.382	1.991
10751	256	0.731	3.780
10761	252	3.826	-2.597
10761	253	4.380	-2.781
10761	254	2.809	-6.520
10761	255	1.383	1.334
10771	254	2.791	-5.845
10771	255	1.417	0.612
10781	254	2.806	-5.234
10781	255	1.430	-0.147
10781	257	-0.202	-2.833
10791	254	2.860	-4.568
10791	255	1.537	-0.899
10791	257	0.351	-2.897
10791	258	1.725	2.469
10801	254	2.880	-3.860
10801	255	1.569	-1.661
10801	257	0.909	-3.082
10801	258	1.709	1.857
10811	254	2.984	-3.280
10811	255	1.552	-2.317
10811	257	1.551	-3.335
10811	258	1.802	1.188
10821	254	2.999	-2.652
10821	255	1.595	-2.881
10821	257	2.187	-3.526
10821	258	1.843	0.587
10831	254	2.979	-2.021
10831	255	1.571	-3.637
10831	257	2.758	-3.767
10831	258	1.931	0.177
10841	254	2.996	-1.375
10841	255	1.604	-4.381
10841	257	3.328	-3.908
10841	258	2.038	-0.552
10851	254	2.922	-0.736
10851	255	1.686	-5.248
10851	257	4.004	-3.904
10851	258	2.099	-1.115
10851	259	3.567	2.908
10861	254	2.846	-0.136
10861	255	1.646	-5.985
10861	259	3.447	2.327
10861	260	2.409	-1.474
10871	254	2.755	0.525
10871	255	1.752	-6.755
10871	259	3.453	1.781
10871	260	2.769	-1.895
10881	254	2.625	1.135
10881	255	1.889	-7.625
10881	259	3.480	1.271
10881	260	3.219	-2.248
10891	254	2.604	1.748
10891	255	1.829	-8.383
10891	259	3.450	0.711
10891	260	3.707	-2.485
10901	254	2.581	2.341
10901	255	1.808	-9.103
10901	259	3.455	0.145
10901	260	4.206	-2.760
10901	261	1.281	3.858
10911	254	2.575	2.891
10911	259	3.425	-0.417
10911	261	1.356	3.188
10921	254	2.459	3.442
10921	259	3.394	-0.998
10921	261	1.417	2.621
10931	259	3.451	-1.593
10931	261	1.477	2.015
10941	259	3.454	-2.218
10941	261	1.703	1.402
10951	259	3.475	-2.828
10951	261	1.798	0.792
10961	259	3.444	-3.411
10961	261	1.895	0.202
10971	259	3.322	-4.025
10971	261	2.065	-0.397
10981	259	3.217	-4.643
10981	261	2.068	-1.012
10991	259	3.023	-5.235
10991	261	2.143	-1.656
11001	259	2.864	-5.832
11001	261	2.107	-2.306
11001	262	3.395	-9.385
11011	259	2.758	-6.456
11011	261	2.034	-2.972
11011	262	3.462	-8.797
11011	263	1.158	-10.079
11021	259	2.661	-7.242
11021	261	2.088	-3.654
11021	262	3.423	-8.184
11021	263	1.196	-9.394
11031	259	2.719	-7.861
11031	261	2.031	-4.364
11031	262	3.489	-7.597
11031	263	1.269	-8.752
11041	259	2.738	-8.517
11041	261	2.105	-5.028
11041	262	3.418	-6.923
11041	263	1.228	-8.144
11051	259	2.866	-9.160
11051	261	2.160	-5.710
11051	262	3.362	-6.289
11051	263	1.243	-7.521
11061	259	3.083	-9.845
11061	261	2.049	-6.379
11061	262	3.304	-5.694
11061	263	1.338	-6.823
11071	261	2.066	-7.078
11071	262	3.209	-5.114
11071	263	1.395	-6.144
11081	261	1.920	-7.728
11081	262	3.221	-4.565
11081	263	1.560	-5.517
11091	261	1.756	-8.358
11091	262	3.235	-3.957
11091	263	1.764	-4.856
11101	262	3.162	-3.320
11101	263	1.891	-4.230
11111	262	3.194	-2.715
11111	263	2.089	-3.635
11121	262	3.295	-2.179
11121	263	2.236	-2.976
11131	262	3.283	-1.394
11131	263	2.271	-2.326
11141	262	3.371	-0.761
11141	263	2.416	-1.692
11151	262	3.382	-0.215
11151	263	2.470	-1.028
11151	264	1.864	3.295
11161	262	3.361	0.393
11161	263	2.451	-0.374
11161	264	1.870	2.741
11171	262	3.358	0.998
11171	263	2.506	0.288
11171	264	1.727	2.171
11181	262	3.209	1.569
11181	263	2.469	0.944
11181	264	1.786	1.567
11191	262	3.162	2.026
11191	263	2.393	1.566
11191	264	1.661	0.992
11201	262	3.106	2.660
11201	263	2.406	2.135
11201	264	1.610	0.404
11211	262	2.991	3.208
11211	263	2.343	2.657
11211	264	1.651	-0.199
11221	264	1.542	-0.820
11231	264	1.655	-1.453
11241	264	1.640	-2.069
11251	264	1.604	-2.703
11261	264	1.698	-3.352
11271	264	1.569	-4.017
11281	264	1.625	-4.683
11291	264	1.641	-5.404
11301	264	1.528	-6.095
11311	264	1.639	-6.786
11321	264	1.529	-7.420
11331	264	1.605	-8.068
11341	264	1.661	-8.734
11351	265	0.779	2.952
11351	266	-0.831	2.361
11361	265	0.806	2.427
11361	266	-0.831	2.361
11361	267	1.574	3.427
11361	268	1.997	3.705
11361	269	2.557	3.895
11371	265	0.795	1.909
11371	266	-0.831	2.361
11371	267	1.613	2.786
11371	268	2.145	3.047
11371	269	2.614	3.277
11371	270	3.474	-5.199
11371	271	3.672	-7.846
11381	265	0.857	1.339
11381	266	-0.831	2.361
11381	267	1.739	2.050
11381	268	2.276	2.433
11381	269	2.632	2.607
11381	270	3.508	-4.555
11381	271	3.530	-7.168
11391	265	0.847	0.820
11391	266	-0.831	2.361
11391	267	1.746	1.514
11391	268	2.298	1.838
11391	269	2.705	1.947
11391	270	3.507	-3.908
11391	271	3.510	-6.537
11401	265	0.798	0.286
11401	266	-0.831	2.361
11401	267	1.748	0.879
11401	268	2.444	1.164
11401	269	2.783	1.365
11401	270	3.576	-3.270
11401	271	3.457	-5.845
11411	265	0.822	-0.279
11411	266	-0.831	2.361
11411	267	1.800	0.157
11411	268	2.386	0.444
11411	269	2.840	0.748
11411	270	3.575	-2.625
11411	271	3.439	-5.176
11421	265	0.794	-0.777
11421	266	-0.831	2.361
11421	267	1.839	-0.484
11421	268	2.454	-0.315
11421	269	2.912	0.070
11421	270	3.680	-1.993
11421	271	3.529	-4.498
11431	265	0.745	-1.313
11431	266	-0.831	2.361
11431	267	1.841	-1.120
11431	268	2.476	-0.930
11431	269	2.909	-0.636
11431	270	3.713	-1.374
11431	271	3.531	-3.793
11441	265	0.858	-1.991
11441	266	-0.831	2.361
11441	267	1.915	-1.785
11441	268	2.458	-1.579
11441	269	2.892	-1.302
11441	270	3.710	-0.750
11441	271	3.564	-3.171
11451	265	0.827	-2.530
11451	266	-0.831	2.361
11451	267	1.951	-2.466
11451	268	2.494	-2.275
11451	269	3.001	-1.945
11451	270	3.831	-0.145
11451	271	3.601	-2.471
11461	265	0.813	-3.112
11461	266	-0.831	2.361
11461	267	2.026	-3.111
11461	268	2.476	-2.925
11461	269	2.979	-2.689
11461	270	3.796	0.520
11461	271	3.602	-1.788
11471	265	0.762	-3.690
11471	266	-0.831	2.361
11471	267	2.097	-3.834
11471	268	2.543	-3.704
11471	269	3.123	-3.375
11471	270	3.813	1.178
11471	271	3.633	-1.207
11481	265	0.690	-4.288
11481	266	-0.831	2.361
11481	267	2.130	-4.573
11481	268	2.651	-4.408
11481	269	3.194	-4.051
11481	270	3.775	1.805
11481	271	3.581	-0.498
11491	265	0.622	-4.826
11491	266	-0.831	2.361
11491	267	2.204	-5.237
11491	268	2.721	-5.127
11491	269	3.299	-4.789
11501	265	0.678	-5.518
11501	266	-0.831	2.361
11501	267	2.219	-5.974
11501	268	2.918	-5.837
11501	269	3.439	-5.510
11511	265	0.603	-6.159
11511	266	-0.831	2.361
11511	267	2.184	-6.609
11511	268	2.897	-6.566
11511	269	3.524	-6.263
11521	265	0.475	-6.757
11521	266	-0.831	2.361
11521	267	2.141	-7.403
11521	268	2.894	-7.298
11521	269	3.664	-7.001
11531	265	0.498	-7.347
11531	266	-0.831	2.361
11531	267	2.051	-8.036
11531	268	2.945	-8.034
11531	269	3.771	-7.656
11541	265	0.469	-7.873
11541	266	-0.831	2.361
11541	267	2.141	-8.741
11541	268	2.949	-8.629
11541	269	3.735	-8.341
11611	272	1.574	2.753
11611	273	1.243	-9.881
11611	274	3.749	-8.087
11621	272	1.600	2.232
11621	273	1.249	-9.114
11621	274	3.748	-7.419
11631	272	1.591	1.738
11631	273	1.224	-8.548
11631	274	3.609	-6.683
11641	272	1.655	1.211
11641	273	1.334	-7.909
11641	274	3.609	-6.015
11651	272	1.647	0.736
11651	273	1.389	-7.249
11651	274	3.521	-5.321
11661	272	1.601	0.246
11661	273	1.533	-6.678
11661	274	3.455	-4.549
11671	272	1.591	-0.270
11671	273	1.723	-5.932
11671	274	3.453	-3.902
11681	272	1.527	-0.758
11681	273	1.792	-5.358
11681	274	3.331	-3.183
11691	272	1.462	-1.248
11691	273	1.920	-4.712
11691	274	3.347	-2.538
11701	272	1.469	-1.788
11701	273	1.975	-4.040
11701	274	3.385	-1.838
11711	272	1.458	-2.326
11711	273	2.047	-3.391
11711	274	3.225	-1.132
11721	272	1.465	-2.866
11721	273	2.106	-2.663
11721	274	3.275	-0.532
11731	272	1.543	-3.474
11731	273	2.050	-2.001
11731	274	3.241	0.157
11741	274	3.218	0.747
11771	275	3.067	2.608
11771	276	2.108	0.724
11771	277	0.274	1.432
11771	278	1.326	3.988
11771	279	1.419	-5.705
11771	280	2.885	-5.103
11771	281	3.443	-5.451
11781	275	3.047	3.237
11781	276	2.034	1.368
11781	277	0.223	0.875
11781	278	1.234	3.350
11781	279	1.575	-6.260
11781	280	2.880	-4.530
11781	281	3.438	-4.862
11791	275	2.843	3.802
11791	276	2.048	1.959
11791	277	0.210	0.313
11791	278	1.198	2.719
11791	279	1.640	-6.766
11791	280	2.896	-3.901
11791	281	3.381	-4.247
11791	282	3.506	-8.642
11801	276	2.023	2.516
11801	277	0.196	-0.250
11801	278	1.143	2.071
11801	279	1.648	-7.288
11801	280	2.858	-3.266
11801	281	3.326	-3.614
11801	282	3.519	-8.052
11811	276	1.983	3.116
11811	277	0.129	-0.766
11811	278	1.182	1.426
11811	279	1.751	-7.776
11811	280	2.800	-2.668
11811	281	3.287	-3.001
11811	282	3.570	-7.426
11821	276	2.109	3.724
11821	277	0.096	-1.328
11821	278	1.186	0.827
11821	279	1.853	-8.284
11821	280	2.778	-2.054
11821	281	3.264	-2.410
11821	282	3.624	-6.743
11831	277	0.216	-1.910
11831	278	1.168	0.171
11831	279	1.896	-8.847
11831	280	2.720	-1.456
11831	281	3.241	-1.839
11831	282	3.621	-6.134
11841	277	0.243	-2.439
11841	278	1.224	-0.496
11841	279	2.032	-9.396
11841	280	2.714	-0.904
11841	281	3.236	-1.270
11841	282	3.618	-5.506
11851	277	0.249	-3.007
11851	278	1.224	-1.156
11851	280	2.690	-0.330
11851	281	3.214	-0.680
11851	282	3.616	-4.879
11861	277	0.351	-3.565
11861	278	1.262	-1.821
11861	280	2.632	0.269
11861	281	3.155	-0.104
11861	282	3.628	-4.313
11871	277	0.426	-4.261
11871	278	1.318	-2.488
11871	280	2.627	0.840
11871	281	3.252	0.703
11871	282	3.414	-3.643
11881	277	0.267	-4.711
11881	278	1.336	-3.171
11881	280	2.604	1.414
11881	281	3.212	1.295
11881	282	3.338	-3.046
11891	277	0.327	-5.325
11891	278	1.427	-3.882
11891	280	2.527	2.016
11891	281	3.172	1.887
11891	282	3.208	-2.462
11901	277	0.274	-5.929
11901	278	1.426	-4.583
11901	280	2.539	2.564
11901	281	3.221	2.464
11901	282	3.095	-1.879
11911	277	0.183	-6.511
11911	278	1.405	-5.282
11911	281	3.215	3.011
11911	282	3.073	-1.287
11921	277	0.211	-7.042
11921	278	1.421	-6.006
11921	282	3.051	-0.696
11921	283	3.600	-9.218
11931	277	0.078	-7.685
11931	278	1.361	-6.745
11931	282	3.046	-0.107
11931	283	3.613	-8.629
11941	277	0.057	-8.397
11941	278	1.378	-7.450
11941	282	3.084	0.592
11941	283	3.574	-8.016
11951	277	0.101	-8.972
11951	278	1.316	-8.231
11951	282	3.080	1.180
11951	283	3.590	-7.388
11961	277	0.183	-9.547
11961	278	1.278	-8.914
11961	282	3.109	1.722
11961	283	3.552	-6.757
11971	282	3.122	2.286
11971	283	3.512	-6.164
11981	282	3.098	2.857
11981	283	3.456	-5.531
11991	282	3.089	3.346
11991	283	3.365	-4.894
12441	284	0.951	1.663
12441	285	1.439	1.683
12451	284	1.024	0.952
12451	285	1.512	0.976
12451	286	-0.260	-3.172
12451	287	3.653	-5.177
12451	288	3.091	-7.332
12461	284	1.020	0.213
12461	285	1.509	0.260
12461	286	-0.269	-2.663
12461	287	3.545	-4.539
12461	288	3.019	-6.655
12471	284	1.056	-0.473
12471	285	1.564	-0.425
12471	286	-0.256	-2.095
12471	287	3.539	-3.970
12471	288	2.946	-5.997
12481	284	1.016	-1.188
12481	285	1.524	-1.137
12481	286	-0.298	-1.500
12481	287	3.517	-3.380
12481	288	2.908	-5.362
12481	289	2.980	-7.048
12491	284	1.015	-1.870
12491	285	1.506	-1.793
12491	286	-0.248	-0.958
12491	287	3.529	-2.815
12491	288	2.905	-4.730
12491	289	2.977	-6.435
12501	284	0.935	-2.623
12501	285	1.482	-2.568
12501	286	-0.177	-0.400
12501	287	3.540	-2.269
12501	288	2.851	-4.054
12501	289	2.865	-5.812
12501	290	3.584	-7.506
12511	284	0.876	-3.340
12511	285	1.406	-3.259
12511	286	-0.165	0.145
12511	287	3.500	-1.697
12511	288	2.761	-3.373
12511	289	2.807	-5.214
12511	290	3.582	-6.857
12511	291	2.718	-8.556
12521	284	0.909	-4.088
12521	285	1.438	-4.023
12521	286	-0.077	0.659
12521	287	3.458	-1.144
12521	288	2.575	-2.779
12521	289	2.789	-4.541
12521	290	3.707	-6.181
12521	291	2.644	-7.896
12521	292	-0.851	2.364
12521	293	-0.811	4.044
12521	294	-0.388	4.289
12531	284	0.884	-4.871
12531	285	1.396	-4.780
12531	286	-0.027	1.197
12531	287	3.448	-0.654
12531	288	2.338	-2.117
12531	289	2.639	-3.952
12531	290	3.792	-5.581
12531	291	2.410	-7.164
12531	292	-0.851	2.364
12531	293	-0.811	4.044
12531	294	-0.397	4.130
12541	284	0.899	-5.619
12541	285	1.412	-5.504
12541	286	-0.085	1.853
12541	287	3.407	-0.082
12541	288	2.132	-1.516
12541	289	2.526	-3.346
12541	290	3.844	-4.941
12541	291	2.470	-6.393
12541	292	-0.851	2.364
12541	293	-0.811	4.044
12541	294	-0.402	4.050
12551	284	0.837	-6.381
12551	285	1.351	-6.261
12551	286	-0.017	2.366
12551	287	3.402	0.484
12551	288	1.868	-0.965
12551	289	2.376	-2.755
12551	290	4.007	-4.196
12551	291	2.362	-5.689
12551	292	-0.851	2.364
12551	293	-0.811	4.044
12551	294	-0.412	4.213
12561	284	0.758	-7.123
12561	285	1.288	-7.061
12561	286	0.031	2.862
12561	287	3.376	1.015
12561	288	1.658	-0.399
12561	289	2.130	-2.230
12561	290	4.039	-3.576
12561	291	2.309	-4.988
12561	292	-0.851	2.364
12561	293	-0.811	4.044
12561	294	-0.419	4.093
12571	284	0.728	-7.991
12571	285	1.318	-7.868
12571	286	0.021	3.367
12571	287	3.444	1.608
12571	288	1.464	0.127
12571	289	1.998	-1.617
12571	290	4.192	-3.011
12571	291	2.311	-4.274
12571	292	-0.851	2.364
12571	293	-0.811	4.044
12571	294	-0.422	4.033
12581	284	0.706	-8.720
12581	285	1.300	-8.532
12581	286	0.106	3.835
12581	287	3.476	2.206
12581	288	1.234	0.680
12581	289	1.844	-1.061
12581	291	2.315	-3.540
12581	292	-0.851	2.364
12581	293	-0.811	4.044
12581	294	-0.423	4.013
12591	284	0.835	-9.457
12591	285	1.401	-9.404
12591	286	0.114	4.316
12591	287	3.430	2.680
12591	288	1.056	1.187
12591	289	1.687	-0.542
12591	291	2.425	-2.860
12591	292	-0.851	2.364
12591	293	-0.811	4.044
12591	294	-0.468	4.244
12591	295	3.694	-2.737
12601	284	0.759	-10.123
12601	287	3.406	3.229
12601	288	0.818	1.645
12601	289	1.633	0.142
12601	291	2.411	-2.106
12601	292	-0.851	2.364
12601	293	-0.811	4.044
12601	294	-0.466	4.284
12601	295	3.480	-2.065
12611	287	3.393	3.659
12611	288	0.653	2.073
12611	289	1.515	0.697
12611	291	2.263	-1.474
12611	292	-0.851	2.364
12611	293	-0.811	4.044
12611	294	-0.412	4.213
12611	295	3.356	-1.365
12621	288	0.451	2.528
12621	289	1.527	1.252
12621	291	2.391	-0.800
12621	292	-0.851	2.364
12621	293	-0.811	4.044
12621	294	-0.456	4.120
12621	295	3.231	-0.682
12631	288	0.223	2.869
12631	289	1.520	1.789
12631	291	2.375	-0.106
12631	292	-0.851	2.364
12631	293	-0.811	4.044
12631	294	-0.434	4.157
12631	295	3.124	-0.001
12641	288	0.177	3.078
12641	289	1.401	2.326
12641	291	2.374	0.545
12641	292	-0.851	2.364
12641	293	-0.811	4.044
12641	294	-0.437	4.117
12641	295	3.107	0.686
12651	288	0.078	3.357
12651	289	1.358	2.890
12651	291	2.317	1.185
12651	292	-0.851	2.364
12651	293	-0.811	4.044
12651	294	-0.440	4.057
12651	295	3.092	1.412
12661	288	0.019	3.327
12661	289	1.200	3.415
12661	291	2.369	1.787
12661	292	-0.851	2.364
12661	293	-0.811	4.044
12661	294	-0.415	4.153
12661	295	3.161	2.006
12671	288	0.002	3.371
12671	289	0.892	3.950
12671	291	2.421	2.408
12671	292	-0.851	2.364
12671	293	-0.811	4.044
12671	294	-0.420	4.073
12671	295	3.177	2.647
12681	288	0.003	3.391
12681	292	-0.851	2.364
12681	293	-0.811	4.044
12681	294	-0.422	4.033
12691	288	0.003	3.391
12691	292	-0.851	2.364
12691	293	-0.811	4.044
12691	294	-0.423	4.013
12701	288	0.003	3.391
12701	292	-0.851	2.364
12701	293	-0.811	4.044
12701	294	-0.425	3.993
12701	296	1.280	3.162
12701	297	1.841	3.220
12711	288	0.003	3.391
12711	292	-0.851	2.364
12711	293	-0.811	4.044
12711	294	-0.425	3.993
12711	296	1.227	2.555
12711	297	1.789	2.616
12721	288	0.003	3.391
12721	292	-0.851	2.364
12721	293	-0.811	4.044
12721	294	-0.425	3.993
12721	296	1.155	1.949
12721	297	1.773	2.005
12731	288	0.003	3.391
12731	292	-0.851	2.364
12731	293	-0.811	4.044
12731	294	-0.425	3.993
12731	296	1.171	1.229
12731	297	1.807	1.286
12741	288	0.003	3.391
12741	292	-0.851	2.364
12741	293	-0.811	4.044
12741	294	-0.425	3.993
12741	296	1.115	0.578
12741	297	1.772	0.657
12741	298	3.567	-4.110
12751	288	0.144	3.506
12751	292	-0.851	2.364
12751	293	-0.811	4.044
12751	294	-0.425	3.993
12751	296	1.136	-0.064
12751	297	1.773	0.002
12751	298	3.618	-3.490
12761	296	1.061	-0.714
12761	297	1.841	-0.782
12761	298	3.614	-2.903
12771	296	1.007	-1.348
12771	297	1.787	-1.411
12771	298	3.608	-2.336
12781	296	1.044	-2.034
12781	297	1.788	-2.068
12781	298	3.839	-1.664
12791	296	0.967	-2.727
12791	297	1.732	-2.738
12791	298	3.854	-1.062
12791	299	3.462	-7.104
12791	300	2.366	-8.316
12791	301	3.014	-8.771
12801	296	1.022	-3.417
12801	297	1.769	-3.420
12801	298	3.812	-0.512
12801	299	3.504	-6.320
12801	300	2.408	-7.542
12801	301	3.054	-8.022
12811	296	1.001	-4.138
12811	297	1.656	-4.126
12811	298	3.840	0.028
12811	299	3.526	-5.557
12811	300	2.466	-6.810
12811	301	3.076	-7.272
12821	296	0.918	-4.935
12821	297	1.564	-4.777
12821	298	3.825	0.730
12821	299	3.512	-4.810
12821	300	2.537	-6.180
12821	301	3.104	-6.406
12831	296	0.953	-5.664
12831	297	1.502	-5.552
12831	298	3.919	1.180
12831	299	3.481	-4.062
12831	300	2.597	-5.393
12831	301	3.145	-5.640
12841	296	0.836	-6.401
12841	297	1.516	-6.315
12841	299	3.249	-3.369
12841	300	2.546	-4.655
12841	301	3.096	-4.887
12851	296	0.855	-7.069
12851	297	1.493	-7.056
12851	299	2.978	-2.709
12851	300	2.552	-3.883
12851	301	3.082	-4.137
12861	296	0.818	-7.734
12861	297	1.400	-7.733
12861	299	2.544	-2.024
12861	300	2.556	-3.132
12861	301	3.067	-3.408
12871	296	0.723	-8.417
12871	297	1.344	-8.414
12871	299	1.999	-1.598
12871	300	2.449	-2.427
12871	301	3.062	-2.503
12871	302	2.760	-10.128
12881	296	0.758	-9.129
12881	297	1.450	-9.185
12881	299	1.489	-1.092
12881	300	2.548	-1.610
12881	301	3.138	-1.747
12881	302	2.922	-9.480
12891	296	0.642	-9.854
12891	297	1.374	-9.887
12891	299	0.951	-0.678
12891	300	2.519	-0.798
12891	301	3.143	-0.983
12891	302	2.967	-8.630
12901	299	0.315	-0.187
12901	300	2.555	-0.152
12901	301	3.253	-0.275
12901	302	3.002	-7.979
12901	303	-1.987	0.205
12911	299	-0.332	0.251
12911	300	2.618	0.684
12911	301	3.237	0.432
12911	302	3.075	-7.292
12911	303	-1.878	0.024
12921	299	-0.971	0.651
12921	300	2.641	1.427
12921	301	3.258	1.151
12921	302	3.077	-6.581
12921	303	-1.817	-0.294
12931	299	-1.517	1.081
12931	300	2.714	2.102
12931	301	3.330	1.822
12931	302	3.114	-5.894
12931	303	-1.648	-0.461
12941	299	-2.050	1.493
12941	300	2.769	2.778
12941	301	3.383	2.475
12941	302	3.116	-5.184
12941	303	-1.433	-0.511
12951	299	-2.530	1.879
12951	302	3.083	-4.452
12951	303	-1.255	-0.495
12961	299	-3.118	2.243
12961	302	3.158	-3.732
12961	303	-1.213	-0.460
12971	302	3.143	-3.004
12971	303	-1.033	-0.403
12981	302	3.244	-2.447
12981	303	-1.032	-0.382
12981	304	2.265	3.557
12991	302	3.318	-1.751
12991	303	-1.090	-0.374
12991	304	2.286	2.943
13001	302	3.407	-1.078
13001	303	-1.149	-0.366
13001	304	2.387	2.453
13011	302	3.420	-0.514
13011	303	-1.185	-0.320
13011	304	2.389	1.823
13011	305	1.039	-6.478
13011	306	1.145	3.107
13021	302	3.540	0.073
13021	303	-1.221	-0.254
13021	304	2.447	1.223
13021	305	0.794	-5.812
13021	306	1.155	2.607
13031	302	3.470	0.766
13031	303	-1.219	-0.233
13031	304	2.538	0.539
13031	305	0.486	-5.218
13031	306	1.143	2.071
13041	302	3.710	1.253
13041	303	-1.219	-0.233
13041	304	2.565	0.043
13041	305	-0.162	-4.832
13041	306	1.170	1.548
13051	302	3.690	1.877
13051	303	-1.219	-0.233
13051	304	2.694	-0.606
13051	306	1.179	1.048
13061	303	-1.219	-0.233
13061	304	2.693	-1.295
13061	306	1.110	0.479
13061	307	2.586	-8.627
13071	303	-1.219	-0.233
13071	304	2.660	-1.901
13071	306	1.037	-0.150
13071	307	2.481	-8.223
13081	303	-1.219	-0.233
13081	304	2.607	-2.526
13081	306	0.969	-0.681
13081	307	2.473	-7.685
13091	303	-1.219	-0.233
13091	304	2.445	-3.159
13091	306	0.803	-1.280
13091	307	2.499	-7.210
13101	303	-1.219	-0.233
13101	304	2.319	-3.799
13101	306	0.805	-1.924
13101	307	2.470	-6.731
13101	308	3.136	-8.165
13111	303	-1.219	-0.233
13111	304	2.159	-4.377
13111	306	0.787	-2.565
13111	307	2.461	-6.233
13111	308	3.446	-7.398
13121	303	-1.219	-0.233
13121	304	1.998	-4.959
13121	306	0.738	-3.103
13121	307	2.541	-5.764
13121	308	3.579	-6.582
13131	303	-1.219	-0.233
13131	304	2.021	-5.559
13131	306	0.893	-3.704
13131	307	2.546	-5.328
13131	308	3.747	-5.753
13131	309	-1.543	-6.727
13131	310	-1.492	-8.222
13131	311	-1.364	-2.678
13131	312	-1.043	3.089
13131	313	-0.517	3.403
13141	303	-1.219	-0.233
13141	304	1.984	-6.234
13141	306	1.009	-4.320
13141	307	2.552	-4.893
13141	308	3.825	-4.958
13141	309	-1.543	-6.727
13141	310	-1.492	-8.222
13141	311	-1.364	-2.678
13141	312	-1.024	3.086
13141	313	-0.517	3.403
13151	303	-1.219	-0.233
13151	304	2.094	-6.901
13151	306	1.107	-4.933
13151	307	2.558	-4.438
13151	308	3.870	-4.104
13151	309	-1.543	-6.727
13151	310	-1.492	-8.222
13151	311	-1.364	-2.678
13151	312	-1.256	3.147
13151	313	-0.517	3.403
13161	303	-1.219	-0.233
13161	304	2.109	-7.641
13161	306	1.370	-5.580
13161	307	2.466	-4.112
13161	308	3.880	-3.246
13161	309	-1.561	-6.705
13161	310	-1.473	-8.224
13161	311	-1.364	-2.678
13161	313	-0.517	3.403
13161	314	-1.005	3.062
13171	303	-1.219	-0.233
13171	304	2.147	-8.302
13171	306	1.454	-6.089
13171	307	2.339	-3.761
13171	308	3.885	-2.487
13171	309	-1.561	-6.705
13171	310	-1.453	-8.225
13171	311	-1.364	-2.678
13171	313	-0.517	3.403
13171	315	1.126	-9.977
13171	316	1.736	3.338
13181	303	-1.219	-0.233
13181	304	2.201	-8.984
13181	306	1.547	-6.759
13181	307	2.287	-3.379
13181	308	3.880	-1.572
13181	309	-1.561	-6.705
13181	310	-1.450	-8.183
13181	311	-1.364	-2.678
13181	313	-0.517	3.403
13181	315	1.115	-9.491
13181	316	1.755	2.681
13181	317	0.648	-9.752
13191	303	-1.219	-0.233
13191	304	2.197	-9.744
13191	306	1.716	-7.393
13191	307	2.232	-3.035
13191	308	3.867	-0.811
13191	309	-1.580	-6.683
13191	310	-1.447	-8.121
13191	311	-1.364	-2.678
13191	313	-0.517	3.403
13191	315	0.992	-8.999
13191	316	1.685	2.079
13191	317	0.523	-9.279
13201	303	-1.219	-0.233
13201	304	2.188	-10.243
13201	306	1.751	-8.117
13201	307	2.104	-2.703
13201	309	-1.580	-6.683
13201	310	-1.447	-8.121
13201	311	-1.364	-2.678
13201	313	-0.517	3.403
13201	315	0.768	-8.622
13201	316	1.612	1.437
13201	317	0.550	-8.792
13211	303	-1.219	-0.233
13211	306	1.716	-8.757
13211	307	2.069	-2.321
13211	309	-1.580	-6.683
13211	310	-1.452	-8.204
13211	311	-1.364	-2.678
13211	313	-0.517	3.403
13211	315	0.773	-8.197
13211	316	1.521	0.815
13211	317	0.498	-8.363
13211	318	3.699	0.710
13221	303	-1.219	-0.233
13221	306	1.754	-9.402
13221	307	2.103	-2.048
13221	309	-1.580	-6.683
13221	310	-1.476	-8.285
13221	311	-1.364	-2.678
13221	313	-0.517	3.403
13221	315	0.837	-7.735
13221	316	1.392	0.178
13221	317	0.370	-7.928
13221	318	3.656	1.572
13231	303	-1.219	-0.233
13231	306	1.703	-10.002
13231	307	2.104	-1.691
13231	309	-1.580	-6.683
13231	310	-1.480	-8.347
13231	311	-1.364	-2.678
13231	313	-0.517	3.403
13231	315	0.788	-7.246
13231	316	1.374	-0.478
13231	317	0.358	-7.480
13231	318	3.657	2.252
13231	319	1.633	3.812
13241	303	-1.219	-0.233
13241	307	2.021	-1.521
13241	309	-1.600	-6.681
13241	310	-1.479	-8.327
13241	311	-1.364	-2.678
13241	313	-0.517	3.403
13241	315	0.678	-6.854
13241	316	1.391	-1.179
13241	317	0.324	-7.071
13241	318	3.641	2.953
13241	319	1.537	3.096
13251	303	-1.219	-0.233
13251	307	2.039	-1.206
13251	309	-1.619	-6.680
13251	310	-1.477	-8.306
13251	311	-1.364	-2.678
13251	313	-0.517	3.403
13251	315	0.741	-6.413
13251	316	1.390	-1.877
13251	317	0.234	-6.637
13251	319	1.380	2.290
13261	303	-1.219	-0.233
13261	307	2.026	-1.105
13261	309	-1.619	-6.680
13261	310	-1.456	-8.287
13261	311	-1.364	-2.678
13261	313	-0.517	3.403
13261	315	0.749	-5.929
13261	316	1.519	-2.573
13261	317	0.201	-6.207
13261	319	1.274	1.392
13271	303	-1.219	-0.233
13271	307	2.019	-1.223
13271	309	-1.619	-6.680
13271	310	-1.437	-8.288
13271	311	-1.364	-2.678
13271	313	-0.517	3.403
13271	315	0.602	-5.512
13271	316	1.518	-3.252
13271	317	0.227	-5.742
13271	319	1.141	0.694
13281	303	-1.219	-0.233
13281	307	2.020	-1.204
13281	309	-1.619	-6.680
13281	310	-1.437	-8.288
13281	311	-1.364	-2.678
13281	313	-0.517	3.403
13281	315	0.568	-5.104
13281	316	1.714	-4.072
13281	317	0.151	-5.390
13281	319	1.152	-0.106
13291	303	-1.219	-0.233
13291	307	2.020	-1.204
13291	309	-1.619	-6.680
13291	310	-1.437	-8.288
13291	311	-1.364	-2.678
13291	313	-0.517	3.403
13291	315	0.595	-4.621
13291	316	1.679	-4.708
13291	317	0.016	-5.073
13291	319	1.045	-1.012
13301	303	-1.219	-0.233
13301	307	2.007	-1.123
13301	309	-1.619	-6.680
13301	310	-1.437	-8.288
13301	311	-1.364	-2.678
13301	313	-0.517	3.403
13301	315	0.369	-4.255
13301	316	1.532	-5.354
13301	317	-0.104	-4.817
13301	319	1.148	-1.847
13311	303	-1.219	-0.233
13311	307	2.005	-1.142
13311	309	-1.619	-6.680
13311	310	-1.437	-8.288
13311	311	-1.364	-2.678
13311	313	-0.517	3.403
13311	315	0.139	-3.927
13311	316	1.637	-6.145
13311	317	-0.188	-4.605
13311	319	1.233	-2.678
13321	303	-1.219	-0.233
13321	307	2.004	-1.162
13321	309	-1.563	-6.726
13321	310	-1.317	-8.274
13321	311	-1.364	-2.678
13321	313	-0.517	3.403
13321	315	-0.067	-3.499
13321	316	1.636	-6.826
13321	317	-0.468	-4.435
13321	319	1.296	-3.547
13321	320	1.840	2.864
13331	303	-1.219	-0.233
13331	307	2.003	-1.182
13331	309	-1.563	-6.726
13331	310	-1.317	-8.274
13331	311	-1.364	-2.678
13331	313	-0.517	3.403
13331	315	-0.295	-3.454
13331	316	1.648	-7.629
13331	317	-0.671	-4.251
13331	319	1.377	-4.458
13331	320	1.992	2.284
13341	303	-1.219	-0.233
13341	307	1.983	-1.219
13341	309	-1.564	-6.746
13341	310	-1.319	-8.295
13341	311	-1.364	-2.678
13341	313	-0.517	3.403
13341	315	-0.472	-3.496
13341	316	1.656	-8.493
13341	317	-0.805	-4.197
13341	319	1.346	-5.337
13341	320	2.162	1.703
13351	303	-1.219	-0.233
13351	307	1.928	-1.211
13351	309	-1.564	-6.746
13351	310	-1.320	-8.316
13351	311	-1.358	-2.576
13351	313	-0.569	3.189
13351	315	-0.570	-3.505
13351	316	1.587	-9.071
13351	317	-0.999	-4.177
13351	319	1.391	-6.204
13351	320	2.294	1.090
13361	303	-1.219	-0.233
13361	307	1.788	-1.073
13361	309	-1.563	-6.726
13361	310	-1.359	-8.313
13361	311	-1.364	-2.678
13361	313	-0.569	3.189
13361	315	-0.570	-3.505
13361	316	1.691	-9.881
13361	317	-1.019	-4.175
13361	319	1.381	-7.068
13361	320	2.479	0.469
13371	303	-1.219	-0.233
13371	309	-1.563	-6.726
13371	310	-1.304	-8.379
13371	311	-1.364	-2.678
13371	313	-0.569	3.189
13371	315	-0.604	-3.420
13371	317	-0.843	-4.193
13371	319	1.312	-7.968
13371	320	2.637	-0.302
13381	303	-1.219	-0.233
13381	309	-1.563	-6.726
13381	310	-1.283	-8.359
13381	311	-1.364	-2.678
13381	313	-0.569	3.189
13381	319	1.248	-8.791
13381	320	2.706	-1.040
13381	321	1.376	-0.777
13381	322	-1.093	-4.106
13381	323	-0.734	-3.324
13391	303	-1.219	-0.233
13391	309	-1.543	-6.727
13391	310	-1.260	-8.298
13391	311	-1.364	-2.678
13391	313	-0.569	3.189
13391	319	1.181	-9.656
13391	320	2.690	-1.669
13391	321	1.195	-0.672
13391	322	-1.093	-4.106
13391	323	-0.806	-3.214
13401	303	-1.219	-0.233
13401	309	-1.543	-6.727
13401	310	-1.235	-8.217
13401	311	-1.364	-2.678
13401	313	-0.569	3.189
13401	320	2.600	-2.328
13401	322	-1.093	-4.106
13401	323	-0.884	-3.205
13411	320	2.489	-3.026
13421	320	2.325	-3.680
13431	320	2.192	-4.440
13441	320	2.062	-5.144
13451	320	1.987	-5.835
13461	320	1.948	-6.550
13471	320	1.874	-7.224
13481	320	1.908	-7.947
13491	320	1.888	-8.647
13491	324	1.682	1.028
13501	320	1.954	-9.472
13501	324	1.738	0.365
13511	324	1.717	-0.347
13521	324	1.682	-0.979
13531	324	1.716	-1.700
13541	324	1.659	-2.390
13551	324	1.695	-3.072
13561	324	1.824	-3.765
13571	324	1.639	-4.424
13581	324	1.709	-5.171
13591	324	1.669	-5.907
13731	325	3.066	-7.113
13741	325	3.007	-6.536
13741	326	1.916	-1.766
13751	325	3.063	-6.165
13751	326	1.870	-2.595
13751	327	0.629	0.311
13751	328	2.749	1.076
13761	325	3.141	-5.719
13761	326	1.823	-3.446
13761	327	0.712	1.121
13761	328	2.725	0.314
13771	325	3.183	-5.269
13771	326	1.720	-4.312
13771	327	0.755	1.876
13771	328	2.649	-0.422
13781	325	3.121	-4.751
13781	326	1.746	-5.174
13781	327	0.854	2.619
13781	328	2.626	-1.187
13791	325	3.361	-4.285
13791	326	1.734	-6.073
13791	328	2.491	-1.978
13801	325	3.330	-3.869
13801	326	1.813	-6.980
13801	328	2.441	-2.901
13811	325	3.268	-3.352
13811	326	1.878	-7.825
13811	328	2.361	-3.704
13821	325	3.232	-3.014
13821	326	1.867	-8.705
13821	328	2.371	-4.518
13831	325	3.215	-2.659
13831	326	1.909	-9.610
13831	328	2.362	-5.351
13841	325	3.050	-2.383
13841	328	2.467	-6.115
13851	325	3.050	-2.383
13851	328	2.531	-6.954
13861	325	2.980	-2.670
13861	328	2.636	-7.716
13871	328	2.809	-8.541
13881	328	3.030	-9.485
14161	329	2.404	-8.956
14161	330	0.799	-0.015
14161	331	1.914	1.546
14171	329	2.500	-8.204
14171	330	0.746	-0.630
14171	331	1.906	0.736
14181	329	2.598	-7.396
14181	330	0.713	-1.208
14181	331	1.861	-0.090
14181	332	-0.044	-6.799
14191	329	2.767	-6.635
14191	330	0.734	-1.834
14191	331	1.833	-0.920
14191	332	-0.044	-6.799
14201	329	2.860	-5.911
14201	330	0.717	-2.476
14201	331	1.767	-1.786
14201	332	-0.044	-6.799
14211	329	2.910	-4.987
14211	330	0.805	-3.252
14211	331	1.698	-2.694
14211	332	-0.044	-6.799
14221	329	2.968	-4.243
14221	330	0.812	-3.796
14221	331	1.702	-3.632
14221	332	-0.161	-6.831
14231	329	2.920	-3.450
14231	330	0.836	-4.383
14231	331	1.730	-4.453
14231	332	-0.044	-6.799
14241	329	2.924	-2.702
14241	330	0.929	-5.077
14241	331	1.806	-5.439
14241	332	-0.181	-6.830
14251	329	2.893	-1.951
14251	330	0.946	-5.784
14251	331	1.719	-6.332
14251	332	-0.140	-6.792
14261	329	2.861	-1.199
14261	330	0.803	-6.317
14261	331	1.761	-7.256
14261	332	-0.060	-6.737
14271	329	2.851	-0.373
14271	330	0.789	-6.903
14271	331	1.676	-8.132
14271	332	-0.074	-6.654
14281	329	2.820	0.378
14281	330	0.701	-7.463
14281	331	1.685	-8.976
14291	329	2.863	1.176
14291	330	0.664	-8.109
14341	333	0.506	-4.855
14341	334	0.654	1.090
14351	333	0.337	-4.474
14351	334	0.698	0.541
14361	333	0.337	-4.474
14361	334	0.763	0.010
14371	333	0.122	-4.230
14371	334	0.785	-0.595
14381	333	-0.052	-3.907
14381	334	0.940	-1.198
14391	333	-0.206	-3.585
14391	334	0.963	-1.803
14391	335	1.114	2.893
14401	333	-0.320	-3.553
14401	334	0.934	-2.301
14401	335	1.342	2.276
14401	336	3.153	-5.168
14411	333	-0.549	-3.487
14411	334	1.121	-3.006
14411	335	1.214	1.661
14411	336	3.151	-4.518
14421	333	-0.622	-3.398
14421	334	1.089	-3.565
14421	335	1.285	0.931
14421	336	3.148	-3.908
14431	333	-0.768	-3.238
14431	334	0.943	-4.152
14431	335	1.434	0.251
14431	336	3.202	-3.246
14441	333	-0.979	-2.825
14441	334	0.783	-4.660
14441	335	1.394	-0.461
14441	336	3.129	-2.590
14451	333	-1.168	-2.701
14451	334	0.396	-5.128
14451	335	1.599	-1.127
14451	336	3.107	-1.998
14451	337	1.341	2.595
14461	333	-1.336	-2.538
14461	334	0.032	-5.461
14461	335	1.527	-1.755
14461	336	3.122	-1.372
14461	337	1.344	1.978
14471	333	-1.407	-2.406
14471	334	-0.361	-5.937
14471	335	1.600	-2.443
14471	336	2.996	-0.708
14471	337	1.277	1.451
14471	338	-1.200	-0.236
14481	333	-1.368	-2.410
14481	334	-0.846	-6.245
14481	335	1.671	-3.169
14481	336	2.992	-0.119
14481	337	1.261	0.836
14481	338	-1.180	-0.239
14491	333	-1.264	-2.320
14491	334	-1.154	-6.488
14491	335	1.853	-3.907
14491	336	2.935	0.498
14491	337	1.282	0.214
14491	338	-1.182	-0.259
14501	333	-1.264	-2.320
14501	334	-1.735	-6.962
14501	335	1.936	-4.753
14501	336	2.835	1.337
14501	337	1.225	-0.477
14501	338	-1.182	-0.259
14511	333	-1.264	-2.320
14511	334	-2.134	-7.287
14511	335	1.932	-5.491
14511	336	2.796	1.951
14511	337	1.330	-0.931
14511	338	-1.182	-0.259
14521	333	-1.264	-2.320
14521	334	-2.458	-7.662
14521	335	2.189	-6.171
14521	336	2.715	2.455
14521	337	1.304	-1.747
14521	338	-1.182	-0.259
14531	333	-1.264	-2.320
14531	334	-2.810	-8.122
14531	335	2.279	-6.875
14531	336	2.638	3.037
14531	337	1.325	-2.369
14531	338	-1.182	-0.259
14541	335	2.565	-7.672
14541	336	2.653	3.642
14541	337	1.524	-3.153
14541	338	-1.182	-0.259
14551	335	2.673	-8.374
14551	337	1.582	-3.779
14561	337	1.740	-4.614
14571	337	1.901	-5.388
14581	337	1.852	-5.943
14591	337	1.946	-6.590
14601	337	1.989	-7.153
14801	340	2.414	-9.116
14801	341	1.604	-9.092
14811	340	2.342	-8.414
14811	341	1.624	-8.390
14821	340	2.380	-7.719
14821	341	1.624	-7.728
14821	342	3.800	-6.443
14831	340	2.470	-7.069
14831	341	1.700	-7.011
14831	342	3.675	-7.120
14841	340	2.401	-6.328
14841	341	1.649	-6.266
14841	342	3.639	-7.804
14851	340	2.438	-5.636
14851	341	1.904	-5.668
14861	340	2.384	-4.956
14861	341	1.778	-4.937
14871	340	2.549	-4.279
14871	341	1.780	-4.219
14881	340	2.566	-3.628
14881	341	1.931	-3.498
14881	343	1.598	3.185
14891	340	2.659	-2.907
14891	341	1.970	-2.786
14891	343	1.564	2.576
14901	340	2.878	-2.224
14901	341	2.008	-2.095
14901	343	1.529	1.947
14911	340	2.951	-1.546
14911	341	2.118	-1.435
14911	343	1.474	1.300
14921	340	3.057	-0.912
14921	341	2.207	-0.813
14921	343	1.494	0.660
14931	340	3.250	-0.333
14931	341	2.295	-0.213
14931	343	1.458	0.009
14941	340	3.233	0.354
14941	341	2.439	0.397
14941	343	1.495	-0.654
14951	340	3.321	0.985
14951	341	2.546	1.030
14951	343	1.477	-1.310
14951	344	1.662	4.005
14961	340	3.370	1.562
14961	341	2.595	1.592
14961	343	1.496	-1.971
14961	344	1.711	3.540
14961	345	2.073	-9.998
14971	340	3.387	2.221
14971	341	2.683	2.205
14971	343	1.535	-2.615
14971	344	1.706	3.126
14971	345	2.106	-9.379
14981	340	3.256	2.770
14981	341	2.726	2.982
14981	343	1.478	-3.307
14981	344	1.706	2.789
14981	345	2.197	-8.724
14991	343	1.398	-4.079
14991	344	1.721	2.390
14991	345	2.289	-8.052
15001	343	1.452	-4.786
15001	344	1.751	1.930
15001	345	2.363	-7.359
15011	343	1.432	-5.465
15011	344	1.715	1.618
15011	345	2.472	-6.691
15011	346	2.278	2.807
15021	343	1.476	-6.031
15021	344	1.838	1.162
15021	345	2.546	-6.003
15021	346	2.359	2.281
15031	343	1.357	-6.825
15031	344	1.720	0.705
15031	345	2.603	-5.294
15031	346	2.407	1.820
15041	344	1.698	0.311
15041	345	2.732	-4.594
15041	346	2.396	1.290
15051	344	1.709	-0.148
15051	345	2.805	-3.911
15051	346	2.440	0.751
15061	344	1.520	-0.538
15061	345	2.968	-3.239
15061	346	2.432	0.280
15071	344	1.407	-0.901
15071	345	3.074	-2.603
15071	346	2.473	-0.318
15081	344	1.286	-1.384
15081	345	3.167	-1.888
15081	346	2.427	-0.824
15091	344	1.129	-1.844
15091	345	3.307	-1.280
15091	346	2.378	-1.371
15101	344	1.048	-2.295
15101	345	3.379	-0.605
15101	346	2.348	-1.920
15101	347	3.773	-4.934
15101	348	3.837	-8.092
15101	349	3.029	-7.822
15101	350	2.516	-8.922
15111	344	0.982	-2.789
15111	345	3.414	0.053
15111	346	2.225	-2.499
15111	347	3.819	-4.391
15111	348	3.760	-7.538
15111	349	2.953	-7.204
15111	350	2.642	-8.611
15121	344	0.842	-3.276
15121	345	3.485	0.705
15121	346	2.230	-3.075
15121	347	3.675	-3.770
15121	348	3.596	-6.937
15121	349	2.842	-6.582
15121	350	2.728	-8.358
15131	344	0.968	-3.712
15131	345	3.575	1.391
15131	346	2.217	-3.649
15131	347	3.665	-3.280
15131	348	3.540	-6.304
15131	349	2.784	-5.983
15131	350	2.768	-7.963
15141	344	0.924	-4.170
15141	345	3.557	2.056
15141	346	2.148	-4.237
15141	347	3.751	-2.666
15141	348	3.466	-5.689
15141	349	2.725	-5.385
15141	350	2.855	-7.692
15141	351	0.817	3.285
15151	344	0.955	-4.616
15151	345	3.553	2.639
15151	346	2.096	-4.849
15151	347	3.744	-2.119
15151	348	3.410	-5.055
15151	349	2.723	-4.751
15151	350	3.090	-7.352
15151	351	0.815	2.586
15161	344	0.697	-5.177
15161	346	2.112	-5.567
15161	347	3.736	-1.611
15161	348	3.427	-4.390
15161	349	2.795	-4.087
15161	350	3.246	-7.127
15161	351	0.886	1.854
15171	344	0.772	-5.527
15171	346	1.977	-6.013
15171	347	3.733	-0.987
15171	348	3.357	-3.696
15171	349	2.607	-3.533
15171	350	3.370	-6.821
15171	351	0.882	1.114
15181	344	0.740	-6.090
15181	346	2.054	-6.638
15181	347	3.706	-0.497
15181	348	3.340	-3.007
15181	349	2.536	-2.833
15181	350	3.442	-6.473
15181	351	0.954	0.383
15191	344	0.867	-6.525
15191	346	1.906	-7.307
15191	347	3.696	-0.009
15191	348	3.268	-2.352
15191	349	2.439	-2.268
15191	350	3.542	-6.265
15191	351	0.943	-0.477
15201	347	3.850	0.551
15201	348	3.194	-1.715
15201	349	2.441	-1.557
15201	351	1.014	-1.228
15211	347	3.788	1.046
15211	348	3.176	-1.046
15211	349	2.311	-0.927
15211	351	1.063	-2.016
15221	347	3.724	1.503
15221	348	3.055	-0.285
15221	349	2.230	-0.401
15231	347	3.719	2.086
15231	348	3.020	0.406
15231	349	2.169	0.161
15241	347	3.691	2.557
15241	348	2.926	1.009
15241	349	2.165	0.755
15251	347	3.661	2.989
15251	348	2.869	1.625
15251	349	2.160	1.328
15811	354	1.601	-1.087
15821	354	1.543	-1.458
15821	355	1.187	2.841
15821	356	0.535	0.003
15831	354	1.484	-1.850
15831	355	1.154	2.268
15831	356	0.514	-0.034
15841	354	1.517	-2.273
15841	355	1.215	1.680
15841	356	0.514	-0.034
15851	354	1.474	-2.707
15851	355	1.328	1.024
15851	356	0.514	-0.034
15861	354	1.451	-3.124
15861	355	1.333	0.446
15861	356	0.514	-0.034
15861	357	1.275	3.084
15871	354	1.461	-3.605
15871	355	1.322	-0.411
15871	356	0.514	-0.034
15871	357	1.369	2.431
15881	354	1.398	-4.079
15881	355	1.323	-1.070
15881	356	0.514	-0.034
15881	357	1.389	1.791
15891	354	1.410	-4.521
15891	355	1.204	-1.854
15891	356	0.514	-0.034
15891	357	1.445	1.125
15901	354	1.402	-5.001
15901	355	1.099	-2.382
15901	356	0.514	-0.034
15901	357	1.446	0.468
15901	358	2.689	-10.105
15911	354	1.340	-5.457
15911	355	0.939	-3.226
15911	356	0.514	-0.034
15911	357	1.373	-0.178
15911	358	2.593	-9.523
15911	359	3.572	-9.749
15921	354	1.352	-5.900
15921	355	0.812	-3.796
15921	356	0.531	-0.077
15921	357	1.428	-0.864
15921	358	2.694	-8.991
15921	359	3.526	-9.274
15921	360	3.774	-6.931
15931	354	1.328	-6.340
15931	355	0.619	-4.543
15931	356	0.531	-0.077
15931	357	1.316	-1.528
15931	358	2.599	-8.390
15931	359	3.611	-8.668
15931	360	3.781	-6.461
15941	354	1.285	-6.779
15941	355	0.474	-5.419
15941	356	0.495	-0.031
15941	357	1.258	-2.221
15941	358	2.573	-7.871
15941	359	3.534	-8.112
15941	360	3.664	-5.981
15951	354	1.354	-7.206
15951	355	0.339	-6.117
15951	356	0.534	-0.017
15951	357	1.182	-2.913
15951	358	2.631	-7.120
15951	359	3.440	-7.515
15951	360	3.522	-5.635
15951	361	-0.892	-6.714
15961	354	1.351	-7.609
15961	355	0.296	-6.886
15961	356	0.531	-0.077
15961	357	1.105	-3.627
15961	358	2.511	-6.655
15961	359	3.536	-7.050
15961	360	3.547	-5.166
15961	361	-0.892	-6.714
15971	354	1.327	-8.030
15971	355	0.333	-7.580
15971	356	0.531	-0.077
15971	357	1.062	-4.386
15971	358	2.559	-6.103
15971	359	3.427	-6.412
15971	360	3.460	-4.785
15971	361	-0.892	-6.714
15981	354	1.415	-8.478
15981	355	0.256	-8.267
15981	356	0.534	-0.017
15981	357	0.984	-5.103
15981	358	2.535	-5.545
15981	359	3.363	-5.935
15981	360	3.505	-4.280
15981	361	-0.892	-6.714
15991	354	1.446	-8.923
15991	355	0.348	-9.005
15991	356	0.532	-0.057
15991	357	1.170	-5.804
15991	358	2.401	-4.977
15991	359	3.393	-5.368
15991	360	3.686	-3.888
15991	361	-0.892	-6.714
16001	355	0.500	-9.685
16001	356	0.457	-0.026
16001	357	1.188	-6.490
16001	358	2.487	-4.411
16001	359	3.317	-4.791
16001	360	3.885	-3.481
16001	361	-0.892	-6.714
16011	356	0.468	0.154
16011	357	1.089	-7.268
16011	358	2.539	-3.783
16011	359	3.289	-4.297
16011	360	4.035	-2.992
16011	361	-0.892	-6.714
16011	362	1.686	2.436
16011	363	2.258	2.436
16021	356	0.473	0.254
16021	358	2.534	-3.209
16021	359	3.358	-3.676
16021	360	4.035	-2.661
16021	361	-0.892	-6.714
16021	362	1.676	1.922
16021	363	2.302	1.916
16021	364	1.907	3.406
16031	356	0.469	0.174
16031	358	2.689	-2.694
16031	359	3.300	-3.081
16031	360	4.157	-2.346
16031	361	-0.892	-6.714
16031	362	1.607	1.358
16031	363	2.344	1.338
16031	364	1.780	2.796
16041	356	0.468	0.154
16041	358	2.771	-2.191
16041	359	3.365	-2.540
16041	360	4.113	-1.836
16041	361	-0.892	-6.714
16041	362	1.649	0.775
16041	363	2.296	0.794
16041	364	1.618	2.210
16041	365	1.287	3.956
16041	366	0.652	4.055
16051	356	0.465	0.114
16051	358	2.782	-1.661
16051	359	3.413	-1.979
16051	361	-0.892	-6.714
16051	362	1.655	0.218
16051	363	2.247	0.248
16051	364	1.586	1.639
16051	365	1.335	3.490
16051	366	0.793	3.529
16061	356	0.463	0.074
16061	358	2.882	-1.143
16061	359	3.350	-1.481
16061	361	-0.892	-6.714
16061	362	1.625	-0.334
16061	363	2.234	-0.323
16061	364	1.341	0.923
16061	365	1.415	2.920
16061	366	0.839	3.021
16071	356	0.516	0.006
16071	358	2.930	-0.600
16071	359	3.466	-0.989
16071	361	-0.892	-6.714
16071	362	1.684	-0.939
16071	363	2.202	-0.912
16071	364	1.237	0.081
16071	365	1.557	2.458
16071	366	0.879	2.395
16081	356	0.516	0.006
16081	358	2.902	-0.105
16081	359	3.512	-0.468
16081	361	-0.892	-6.714
16081	362	1.687	-1.557
16081	363	2.280	-1.496
16081	364	1.053	-0.532
16081	365	1.656	1.906
16081	366	0.980	1.839
16091	356	0.516	0.006
16091	358	3.038	0.404
16091	359	3.486	0.062
16091	361	-0.892	-6.714
16091	362	1.766	-2.125
16091	363	2.359	-2.060
16091	364	0.801	-1.320
16091	365	1.756	1.354
16091	366	1.064	1.326
16101	356	0.516	0.006
16101	358	3.063	0.869
16101	359	3.656	0.562
16101	361	-0.892	-6.714
16101	362	1.807	-2.727
16101	363	2.381	-2.657
16101	364	0.684	-2.049
16101	365	1.800	0.812
16101	366	1.180	0.728
16111	356	0.516	0.006
16111	361	-0.892	-6.714
16111	362	1.774	-3.321
16111	363	2.476	-3.261
16111	364	0.548	-2.779
16111	365	1.824	0.252
16111	366	1.291	0.033
16111	367	3.374	-6.743
16111	368	4.165	-6.903
16121	356	0.516	0.006
16121	361	-0.892	-6.714
16121	362	1.837	-3.866
16121	363	2.481	-3.836
16121	364	0.492	-3.439
16121	365	2.104	-0.363
16121	366	1.210	-0.415
16121	367	3.352	-6.150
16121	368	4.194	-6.339
16121	369	-0.590	2.828
16121	371	-0.657	3.346
16131	356	0.516	0.006
16131	361	-0.892	-6.714
16131	362	1.899	-4.411
16131	363	2.467	-4.429
16131	364	0.375	-4.154
16131	365	1.922	-0.992
16131	366	1.250	-1.040
16131	367	3.328	-5.578
16131	368	4.192	-5.715
16131	369	-0.590	2.828
16131	371	-0.657	3.346
16141	356	0.516	0.006
16141	361	-0.892	-6.714
16141	362	1.886	-4.988
16141	363	2.471	-5.044
16141	364	0.361	-5.064
16141	365	1.961	-1.613
16141	366	1.273	-1.623
16141	367	3.376	-5.013
16141	368	4.241	-5.116
16141	369	-0.590	2.828
16141	371	-0.657	3.346
16141	372	2.021	2.141
16141	373	2.564	2.363
16151	356	0.423	0.040
16151	361	-0.892	-6.714
16151	362	1.920	-5.709
16151	363	2.415	-5.733
16151	364	0.405	-5.636
16151	365	1.946	-2.226
16151	366	1.243	-2.159
16151	367	3.300	-4.435
16151	368	4.270	-4.555
16151	369	-0.590	2.828
16151	371	-0.657	3.346
16151	372	1.935	1.582
16151	373	2.439	1.736
16151	374	0.789	1.810
16161	356	0.423	0.040
16161	361	-0.892	-6.714
16161	362	1.886	-6.325
16161	363	2.403	-6.288
16161	364	0.496	-6.374
16161	365	1.930	-2.841
16161	366	1.222	-2.877
16161	367	3.312	-3.867
16161	368	4.073	-3.950
16161	369	-0.590	2.828
16161	371	-0.657	3.346
16161	372	1.983	0.783
16161	373	2.549	1.088
16161	374	0.856	0.978
16161	375	1.119	2.633
16161	376	1.837	2.825
16161	377	2.426	2.839
16171	356	0.326	0.013
16171	361	-0.892	-6.714
16171	362	1.872	-6.924
16171	363	2.478	-6.930
16171	364	0.572	-7.393
16171	365	1.950	-3.480
16171	366	1.191	-3.415
16171	367	3.324	-3.300
16171	368	3.858	-3.322
16171	369	-0.590	2.828
16171	371	-0.657	3.346
16171	372	1.859	0.208
16171	373	2.533	0.461
16171	374	0.901	0.110
16171	375	1.112	2.176
16171	376	1.830	2.352
16171	377	2.436	2.346
16171	378	-0.821	-2.475
16181	356	0.287	-0.001
16181	361	-0.892	-6.714
16181	362	1.949	-7.530
16181	363	2.495	-7.627
16181	364	0.701	-8.132
16181	365	1.934	-4.115
16181	366	1.173	-4.076
16181	367	3.284	-2.707
16181	368	3.694	-2.737
16181	369	-0.590	2.828
16181	371	-0.657	3.346
16181	372	1.824	-0.422
16181	373	2.604	-0.239
16181	374	0.832	-0.782
16181	375	1.143	1.732
16181	376	1.878	1.889
16181	377	2.447	1.892
16181	378	-0.821	-2.475
16191	356	0.313	0.116
16191	361	-0.892	-6.714
16191	362	1.979	-7.992
16191	363	2.576	-8.150
16191	364	0.789	-8.927
16191	365	1.990	-4.778
16191	366	1.155	-4.737
16191	367	3.369	-2.129
16191	368	3.713	-2.368
16191	369	-0.590	2.828
16191	371	-0.657	3.346
16191	372	1.753	-1.028
16191	373	2.568	-0.903
16191	374	0.710	-1.590
16191	375	1.157	1.311
16191	376	1.890	1.451
16191	377	2.547	1.384
16191	378	-1.084	-2.280
16201	356	0.282	0.242
16201	361	-0.892	-6.714
16201	362	1.942	-8.670
16201	363	2.582	-8.707
16201	364	1.006	-9.769
16201	365	1.990	-5.436
16201	366	1.184	-5.564
16201	367	3.346	-1.559
16201	368	3.814	-1.816
16201	369	-0.590	2.828
16201	371	-0.657	3.346
16201	372	1.774	-1.648
16201	373	2.530	-1.608
16201	374	0.681	-2.432
16201	375	1.147	0.813
16201	376	1.882	0.957
16201	377	2.519	0.857
16201	378	-1.098	-2.176
16211	356	0.355	0.190
16211	361	-0.892	-6.714
16211	362	1.926	-9.310
16211	363	2.568	-9.303
16211	365	2.011	-6.076
16211	366	1.235	-5.990
16211	367	3.338	-1.030
16211	368	3.864	-1.200
16211	369	-0.590	2.828
16211	371	-0.657	3.346
16211	372	1.723	-2.239
16211	373	2.454	-2.329
16211	374	0.676	-3.197
16211	375	1.267	0.276
16211	376	1.910	0.477
16211	377	2.491	0.350
16211	378	-1.143	-1.945
16211	379	3.867	-5.842
16221	356	0.157	0.401
16221	361	-0.892	-6.714
16221	362	1.944	-9.993
16221	363	2.625	-9.943
16221	365	2.047	-6.758
16221	366	1.240	-6.916
16221	367	3.366	-0.506
16221	368	3.965	-0.631
16221	369	-0.590	2.828
16221	371	-0.657	3.346
16221	372	1.723	-2.916
16221	373	2.394	-3.094
16221	374	0.723	-4.049
16221	375	1.275	-0.244
16221	376	1.899	-0.056
16221	377	2.480	-0.181
16221	378	-1.153	-1.779
16221	379	3.730	-5.066
16231	356	0.248	0.307
16231	361	-0.892	-6.714
16231	365	1.893	-7.546
16231	366	1.257	-7.622
16231	367	3.271	0.055
16231	368	3.910	-0.002
16231	369	-0.590	2.828
16231	371	-0.657	3.346
16231	372	1.757	-3.638
16231	373	2.465	-3.795
16231	374	0.555	-5.002
16231	375	1.225	-0.816
16231	376	1.853	-0.565
16231	377	2.415	-0.704
16231	378	-1.430	-1.457
16231	379	3.735	-4.304
16241	356	0.275	0.122
16241	361	-0.892	-6.714
16241	365	1.951	-8.170
16241	366	1.185	-8.243
16241	367	3.266	0.623
16241	368	3.870	0.586
16241	369	-0.590	2.828
16241	371	-0.657	3.346
16241	372	1.700	-4.330
16241	373	2.502	-4.472
16241	374	0.861	-5.616
16241	375	1.237	-1.258
16241	376	1.860	-1.103
16241	377	2.423	-1.219
16241	378	-1.601	-1.332
16241	379	3.739	-3.562
16251	356	0.331	0.093
16251	361	-0.892	-6.714
16251	365	1.953	-8.811
16251	366	1.142	-9.007
16251	367	3.204	1.140
16251	368	3.901	1.163
16251	369	-0.590	2.828
16251	371	-0.657	3.346
16251	372	1.736	-5.013
16251	373	2.519	-5.167
16251	374	1.072	-6.561
16251	375	1.259	-1.881
16251	376	1.794	-1.631
16251	377	2.466	-1.777
16251	378	-1.434	-1.189
16251	379	3.739	-2.898
16251	380	1.824	3.579
16251	381	-2.343	-1.050
16261	356	0.202	0.173
16261	361	-0.868	-6.634
16261	365	1.877	-9.528
16261	366	1.256	-9.659
16261	367	3.089	1.686
16261	368	3.911	1.685
16261	369	-0.590	2.828
16261	371	-0.657	3.346
16261	372	1.716	-5.711
16261	373	2.536	-5.863
16261	374	1.142	-7.332
16261	375	1.174	-2.391
16261	376	1.746	-2.162
16261	377	2.453	-2.349
16261	378	-1.402	-0.988
16261	379	3.778	-2.162
16261	380	1.906	3.070
16261	381	-2.285	-1.078
16271	356	0.238	0.147
16271	361	-0.849	-6.635
16271	367	3.065	2.238
16271	368	3.882	2.136
16271	369	-0.590	2.828
16271	371	-0.657	3.346
16271	372	1.661	-6.387
16271	373	2.462	-6.551
16271	374	1.290	-8.027
16271	375	1.181	-2.933
16271	376	1.770	-2.722
16271	377	2.497	-2.888
16271	378	-1.375	-0.868
16271	379	3.890	-1.379
16271	380	2.023	2.516
16271	381	-2.285	-1.078
16281	356	0.222	0.190
16281	361	-0.856	-6.758
16281	367	2.900	2.853
16281	368	3.934	2.784
16281	369	-0.590	2.828
16281	371	-0.657	3.346
16281	372	1.696	-7.091
16281	373	2.405	-7.263
16281	374	1.528	-8.787
16281	375	1.260	-3.523
16281	376	1.795	-3.283
16281	377	2.503	-3.443
16281	378	-1.689	-0.476
16281	379	4.108	-0.594
16281	380	2.102	1.950
16281	381	-2.365	-1.068
16291	356	0.218	0.130
16291	361	-0.861	-6.840
16291	367	2.910	3.379
16291	368	3.783	3.276
16291	369	-0.590	2.828
16291	371	-0.657	3.346
16291	372	1.657	-7.790
16291	373	2.367	-7.957
16291	375	1.171	-4.116
16291	376	1.821	-3.824
16291	377	2.474	-3.974
16291	378	-1.738	-0.305
16291	379	4.074	0.090
16291	380	2.183	1.404
16291	381	-2.285	-1.078
16291	382	3.290	-10.012
16291	383	3.848	-10.254
16301	356	0.219	0.150
16301	361	-0.844	-6.883
16301	369	-0.590	2.828
16301	371	-0.657	3.346
16301	372	1.634	-8.552
16301	373	2.448	-8.819
16301	375	1.158	-4.677
16301	376	1.845	-4.385
16301	377	2.534	-4.554
16301	378	-1.706	-0.103
16301	379	4.149	0.852
16301	380	2.243	0.841
16301	381	-2.285	-1.078
16301	382	3.254	-9.675
16301	383	3.929	-9.727
16311	356	0.237	0.127
16311	361	-0.697	-6.709
16311	369	-0.590	2.828
16311	371	-0.657	3.346
16311	372	1.599	-9.193
16311	373	2.412	-9.494
16311	375	1.239	-5.247
16311	376	1.870	-4.946
16311	377	2.540	-5.110
16311	378	-1.816	0.057
16311	380	2.268	0.285
16311	381	-2.285	-1.078
16311	382	3.239	-9.278
16311	383	3.935	-9.275
16321	356	0.240	0.167
16321	361	-0.653	-6.630
16321	369	-0.590	2.828
16321	371	-0.657	3.346
16321	375	1.346	-5.678
16321	376	1.839	-5.502
16321	377	2.546	-5.665
16321	378	-1.987	0.205
16321	380	2.309	-0.294
16321	381	-2.285	-1.078
16321	382	3.313	-8.907
16321	383	3.920	-8.882
16331	356	0.279	0.182
16331	361	-0.716	-6.707
16331	369	-0.608	2.851
16331	371	-0.657	3.346
16331	375	1.371	-6.243
16331	376	1.845	-6.062
16331	377	2.586	-6.284
16331	378	-2.121	0.307
16331	380	2.296	-0.865
16331	381	-2.285	-1.078
16331	382	3.415	-8.321
16331	383	3.927	-8.412
16341	356	0.279	0.182
16341	361	-0.716	-6.707
16341	369	-0.627	2.854
16341	371	-0.676	3.350
16341	375	1.338	-6.823
16341	376	1.849	-6.662
16341	377	2.571	-6.898
16341	378	-2.232	0.467
16341	380	2.266	-1.415
16341	381	-2.285	-1.078
16341	382	3.418	-7.927
16341	383	3.825	-7.994
16341	384	1.569	3.666
16351	356	0.298	0.179
16351	361	-0.716	-6.707
16351	369	-0.646	2.858
16351	371	-0.695	3.353
16351	375	1.291	-7.343
16351	376	1.871	-7.284
16351	377	2.648	-7.479
16351	378	-2.389	0.532
16351	380	2.216	-2.002
16351	381	-2.285	-1.078
16351	382	3.478	-7.479
16351	383	3.830	-7.562
16351	384	1.623	2.962
16361	356	0.256	0.124
16361	361	-0.716	-6.707
16361	369	-0.668	2.821
16361	371	-0.716	3.337
16361	375	1.288	-8.068
16361	376	1.988	-7.832
16361	377	2.706	-8.098
16361	378	-2.534	0.470
16361	380	2.165	-2.591
16361	381	-2.285	-1.078
16361	382	3.485	-7.007
16361	383	3.836	-7.112
16361	384	1.641	2.285
16371	356	0.219	0.150
16371	361	-0.716	-6.707
16371	369	-0.668	2.821
16371	371	-0.716	3.337
16371	375	1.275	-8.631
16371	376	2.015	-8.354
16371	377	2.690	-8.733
16371	378	-2.614	0.482
16371	380	2.153	-3.145
16371	381	-2.285	-1.078
16371	382	3.385	-6.527
16371	383	3.845	-6.603
16371	384	1.777	1.410
16381	356	0.238	0.147
16381	361	-0.716	-6.707
16381	369	-0.668	2.821
16381	371	-0.716	3.337
16381	375	1.473	-9.106
16381	376	2.075	-8.937
16381	378	-2.632	0.526
16381	380	2.157	-3.741
16381	381	-2.285	-1.078
16381	382	3.284	-6.066
16381	383	3.768	-6.029
16381	384	1.699	0.668
16381	385	0.893	3.970
16391	356	0.240	0.167
16391	361	-0.716	-6.707
16391	369	-0.668	2.821
16391	371	-0.784	3.166
16391	378	-2.631	0.546
16391	380	2.161	-4.338
16391	381	-2.285	-1.078
16391	382	3.148	-5.581
16391	383	3.820	-5.721
16391	384	1.804	-0.102
16391	385	1.118	3.291
16401	356	0.240	0.167
16401	361	-0.716	-6.707
16401	369	-0.647	2.838
16401	371	-0.743	3.199
16401	378	-2.630	0.567
16401	380	2.220	-4.940
16401	381	-2.285	-1.078
16401	382	3.028	-5.136
16401	383	3.759	-5.206
16401	384	1.764	-0.831
16401	385	1.196	2.680
16411	356	0.215	0.070
16411	361	-0.716	-6.707
16411	369	-0.647	2.838
16411	371	-0.716	3.337
16411	380	2.224	-5.537
16411	382	3.053	-4.666
16411	383	3.766	-4.737
16411	384	1.665	-1.614
16411	385	1.256	2.072
16411	386	3.417	2.780
16421	356	0.237	0.127
16421	361	-0.716	-6.707
16421	369	-0.647	2.838
16421	371	-0.716	3.337
16421	380	2.193	-6.112
16421	382	3.059	-4.233
16421	383	3.704	-4.223
16421	384	1.659	-2.390
16421	385	1.226	1.539
16421	386	3.183	2.763
16431	356	0.218	0.130
16431	361	-0.716	-6.707
16431	369	-0.593	2.767
16431	371	-0.660	3.286
16431	380	2.178	-6.708
16431	382	2.994	-3.754
16431	383	3.696	-3.694
16431	384	1.614	-3.203
16431	385	1.266	0.915
16431	386	2.984	2.740
16441	356	0.256	0.124
16441	361	-0.606	-6.818
16441	369	-0.714	2.707
16441	371	-0.605	3.236
16441	380	2.184	-7.287
16441	382	2.984	-3.280
16441	383	3.689	-3.166
16441	384	1.678	-4.049
16441	385	1.287	0.293
16441	386	2.876	2.740
16441	387	0.771	-9.575
16451	356	0.238	0.147
16451	361	-0.716	-6.707
16451	369	-0.716	2.667
16451	371	-0.605	3.236
16451	380	2.112	-7.920
16451	382	2.938	-2.783
16451	383	3.679	-2.676
16451	384	1.664	-4.986
16451	385	1.342	-0.393
16451	386	2.717	2.827
16451	387	0.777	-8.805
16461	356	0.218	0.130
16461	361	-0.645	-6.815
16461	369	-0.558	2.701
16461	371	-0.605	3.236
16461	380	2.138	-8.461
16461	382	2.857	-2.281
16461	383	3.436	-2.216
16461	384	1.675	-5.788
16461	385	1.436	-1.045
16461	386	2.543	2.976
16461	387	0.670	-8.008
16471	356	0.276	0.142
16471	361	-0.716	-6.707
16471	369	-0.558	2.701
16471	371	-0.605	3.236
16471	380	2.039	-9.256
16471	382	2.828	-1.805
16471	383	3.659	-1.718
16471	384	1.726	-6.552
16471	385	1.512	-1.694
16471	386	2.456	3.050
16471	387	0.695	-7.219
16481	356	0.238	0.147
16481	361	-0.641	-6.754
16481	369	-0.677	2.660
16481	371	-0.605	3.236
16481	380	1.971	-9.833
16481	382	2.797	-1.368
16481	383	3.399	-1.234
16481	384	1.679	-7.390
16481	385	1.568	-2.359
16481	386	2.255	3.047
16481	387	0.641	-6.507
16481	388	3.440	-9.881
16481	389	4.000	-10.064
16491	356	0.277	0.162
16491	361	-0.584	-6.779
16491	369	-0.679	2.640
16491	371	-0.681	3.270
16491	382	2.788	-0.875
16491	383	3.351	-0.797
16491	384	1.653	-8.211
16491	385	1.623	-3.044
16491	386	2.071	3.041
16491	387	0.570	-5.752
16491	388	3.326	-9.322
16491	389	4.027	-9.535
16501	356	0.295	0.139
16501	361	-0.716	-6.707
16501	369	-0.699	2.623
16501	371	-0.605	3.236
16501	382	2.828	-0.468
16501	383	3.358	-0.329
16501	384	1.575	-8.950
16501	385	1.524	-3.812
16501	386	1.959	3.021
16501	387	0.650	-4.990
16501	388	3.308	-8.650
16501	389	3.971	-8.924
16511	356	0.292	0.079
16511	361	-0.716	-6.707
16511	369	-0.558	2.701
16511	371	-0.605	3.236
16511	382	2.832	-0.056
16511	383	3.345	0.103
16511	384	1.532	-9.733
16511	385	1.524	-4.492
16511	386	1.813	3.047
16511	387	0.656	-4.223
16511	388	3.142	-8.067
16511	389	3.795	-8.227
16521	356	0.272	0.062
16521	361	-0.716	-6.707
16521	369	-0.558	2.701
16521	371	-0.605	3.236
16521	382	2.785	0.403
16521	383	3.298	0.559
16521	385	1.521	-5.213
16521	386	1.596	3.145
16521	387	0.737	-3.466
16521	388	3.139	-7.435
16521	389	3.806	-7.678
16531	356	0.271	0.042
16531	361	-0.716	-6.707
16531	369	-0.698	2.643
16531	371	-0.605	3.236
16531	382	2.789	0.815
16531	383	3.341	1.021
16531	385	1.462	-5.949
16531	386	1.486	3.185
16531	387	0.777	-2.745
16531	388	3.045	-6.835
16531	389	3.803	-7.051
16541	356	0.171	-0.025
16541	361	-0.716	-6.707
16541	369	-0.698	2.643
16541	371	-0.605	3.236
16541	382	2.777	1.268
16541	383	3.328	1.452
16541	385	1.514	-6.676
16541	386	1.448	3.172
16541	387	0.860	-1.951
16541	388	2.932	-6.253
16541	389	3.675	-6.452
16541	390	3.840	-2.657
16551	356	0.138	0.061
16551	361	-0.716	-6.707
16551	369	-0.698	2.643
16551	371	-0.605	3.236
16551	382	2.730	1.727
16551	383	3.406	1.906
16551	385	1.515	-7.339
16551	386	1.429	3.156
16551	387	0.905	-1.153
16551	388	2.874	-5.655
16551	389	3.546	-5.853
16551	390	3.828	-2.207
16561	356	0.071	0.232
16561	361	-0.716	-6.707
16561	369	-0.677	2.660
16561	371	-0.605	3.236
16561	382	2.788	2.129
16561	383	3.448	2.347
16561	385	1.533	-8.023
16561	386	1.429	3.156
16561	387	1.018	-0.487
16561	388	2.760	-5.071
16561	389	3.493	-5.181
16561	390	3.815	-1.797
16571	356	0.003	0.384
16571	361	-0.716	-6.707
16571	369	-0.697	2.663
16571	371	-0.605	3.236
16571	382	2.811	2.556
16571	383	3.434	2.758
16571	385	1.587	-8.730
16571	386	1.429	3.156
16571	387	1.004	0.275
16571	388	2.682	-4.510
16571	389	3.403	-4.505
16571	390	3.590	-1.338
16571	391	3.319	-10.132
16581	356	-0.164	0.490
16581	361	-0.716	-6.707
16581	369	-0.715	2.687
16581	371	-0.605	3.236
16581	382	2.750	3.095
16581	383	3.440	3.204
16581	385	1.545	-9.492
16581	386	1.429	3.156
16581	387	0.934	1.026
16581	388	2.658	-3.934
16581	389	3.288	-3.982
16581	390	3.700	-0.944
16581	391	3.096	-9.588
16591	361	-0.716	-6.707
16591	369	-0.717	2.646
16591	371	-0.605	3.236
16591	386	1.429	3.156
16591	387	0.861	1.738
16591	388	2.600	-3.335
16591	389	3.284	-3.393
16591	390	3.686	-0.533
16591	391	3.033	-9.089
16591	392	3.888	-4.106
16601	361	-0.716	-6.707
16601	369	-0.558	2.701
16601	371	-0.605	3.236
16601	386	1.429	3.156
16601	387	0.801	2.348
16601	388	2.598	-2.702
16601	389	3.247	-2.741
16601	390	3.602	-0.111
16601	391	2.896	-8.606
16601	392	3.524	-4.262
16601	393	0.752	-9.250
16601	394	0.255	-8.959
16611	361	-0.716	-6.707
16611	369	-0.697	2.663
16611	371	-0.679	3.290
16611	386	1.429	3.156
16611	387	0.751	3.137
16611	388	2.628	-2.153
16611	389	3.240	-2.191
16611	390	3.605	0.278
16611	391	2.670	-8.096
16611	392	3.116	-4.180
16611	393	0.736	-8.519
16611	394	0.258	-8.226
16611	395	2.061	3.535
16621	361	-0.716	-6.707
16621	369	-0.698	2.643
16621	371	-0.605	3.236
16621	386	1.429	3.156
16621	387	0.615	3.741
16621	388	2.604	-1.578
16621	389	3.267	-1.686
16621	390	3.608	0.666
16621	391	2.662	-7.559
16621	392	2.790	-4.185
16621	393	0.933	-7.701
16621	394	0.337	-7.499
16621	395	2.159	2.966
16631	361	-0.716	-6.707
16631	369	-0.558	2.701
16631	371	-0.605	3.236
16631	386	1.429	3.156
16631	388	2.671	-1.016
16631	389	3.354	-1.071
16631	390	3.595	1.096
16631	391	2.593	-7.157
16631	392	2.456	-4.309
16631	393	0.956	-6.955
16631	394	0.342	-6.747
16631	395	2.116	2.204
16641	361	-0.716	-6.707
16641	369	-0.558	2.701
16641	371	-0.605	3.236
16641	386	1.429	3.156
16641	388	2.651	-0.383
16641	389	3.340	-0.326
16641	390	3.596	1.446
16641	391	2.486	-6.772
16641	392	2.163	-4.298
16641	393	0.773	-6.173
16641	394	0.254	-5.948
16641	395	2.100	1.575
16651	361	-0.716	-6.707
16651	369	-0.558	2.701
16651	371	-0.605	3.236
16651	386	1.429	3.156
16651	388	2.647	0.208
16651	389	3.424	0.227
16651	390	3.763	1.904
16651	391	2.469	-6.413
16651	392	1.872	-4.228
16651	393	0.742	-5.383
16651	394	0.277	-5.199
16651	395	2.024	0.856
16661	361	-0.716	-6.707
16661	369	-0.697	2.663
16661	371	-0.605	3.236
16661	386	1.429	3.156
16661	388	2.658	0.737
16661	389	3.495	0.898
16661	390	3.749	2.314
16661	391	2.414	-6.090
16661	392	1.631	-4.243
16661	393	0.690	-4.631
16661	394	0.193	-4.318
16661	395	2.059	0.158
16671	361	-0.638	-6.693
16671	369	-0.659	2.637
16671	371	-0.605	3.236
16671	386	1.429	3.156
16671	388	2.681	1.166
16671	389	3.512	1.207
16671	390	3.788	2.714
16671	391	2.340	-5.766
16671	392	1.343	-4.394
16671	393	0.604	-3.794
16671	394	0.172	-3.687
16671	395	2.040	-0.513
16671	396	3.835	-5.448
16681	361	-0.638	-6.693
16681	369	-0.558	2.701
16681	371	-0.605	3.236
16681	386	1.428	3.136
16681	388	2.609	1.845
16681	389	3.480	1.952
16681	390	3.821	2.998
16681	391	2.391	-5.493
16681	392	1.022	-4.422
16681	393	0.477	-3.033
16681	394	0.062	-2.925
16681	395	1.911	-1.189
16681	396	3.748	-4.736
16691	361	-0.638	-6.693
16691	369	-0.558	2.701
16691	371	-0.605	3.236
16691	386	1.296	3.120
16691	391	2.498	-5.205
16691	392	0.687	-4.348
16691	393	0.564	-2.155
16691	394	0.068	-2.155
16691	395	1.921	-2.005
16691	396	3.856	-4.024
16701	361	-0.638	-6.693
16701	369	-0.662	2.596
16701	371	-0.605	3.236
16701	386	1.276	3.103
16701	391	2.607	-4.879
16701	392	0.363	-4.355
16701	393	0.551	-1.388
16701	394	0.054	-1.404
16701	395	1.789	-2.725
16701	396	3.718	-3.286
16711	361	-0.696	-6.688
16711	369	-0.697	2.663
16711	371	-0.605	3.236
16711	391	2.659	-4.587
16711	392	-0.143	-4.488
16711	393	0.586	-0.769
16711	394	0.061	-0.615
16711	395	1.799	-3.543
16711	396	3.718	-2.622
16721	361	-0.832	-6.678
16721	369	-0.721	2.586
16721	371	-0.605	3.236
16721	391	2.914	-4.238
16721	392	-0.384	-4.321
16721	393	0.607	-0.068
16721	394	0.116	0.024
16721	395	1.762	-4.217
16721	396	3.803	-2.009
16721	398	2.008	2.578
16721	399	0.889	2.893
16721	400	1.259	3.126
16731	361	-0.910	-6.672
16731	369	-0.558	2.701
16731	371	-0.605	3.236
16731	391	2.984	-3.950
16731	392	-0.678	-4.373
16731	393	0.606	0.576
16731	394	0.124	0.830
16731	395	1.710	-5.151
16731	396	3.695	-1.372
16731	398	1.933	1.879
16731	399	0.897	2.372
16731	400	1.173	3.261
16741	361	-0.910	-6.672
16741	369	-0.645	2.553
16741	371	-0.605	3.236
16741	391	2.948	-3.611
16741	392	-0.976	-4.446
16741	393	0.490	1.216
16741	394	0.032	1.551
16741	395	1.723	-5.932
16741	396	3.732	-0.676
16741	398	1.952	1.223
16741	399	1.055	1.846
16741	400	1.139	3.327
16751	361	-0.910	-6.672
16751	369	-0.577	2.704
16751	371	-0.605	3.236
16751	391	2.977	-3.397
16751	392	-1.231	-4.442
16751	393	0.505	1.816
16751	394	0.197	2.088
16751	395	1.679	-6.729
16751	396	3.764	-0.077
16751	398	1.973	0.606
16751	399	1.115	1.238
16751	400	1.097	3.255
16761	361	-0.918	-6.486
16761	369	-0.649	2.818
16761	371	-0.677	3.330
16761	391	3.011	-3.106
16761	392	-1.366	-4.387
16761	393	0.618	2.459
16761	394	0.110	2.909
16761	395	1.709	-7.533
16761	396	3.747	0.606
16761	398	1.995	0.009
16761	399	1.206	0.525
16761	400	1.113	3.192
16771	361	-0.980	-6.543
16771	369	-0.740	2.915
16771	371	-0.769	3.427
16771	391	2.968	-2.904
16771	392	-1.366	-4.387
16771	393	0.635	3.097
16771	394	0.122	3.450
16771	395	1.722	-8.296
16771	396	3.727	1.231
16771	398	2.069	-0.655
16771	399	1.258	-0.222
16771	400	1.130	3.169
16781	361	-0.998	-6.501
16781	369	-0.895	2.941
16781	371	-0.904	3.451
16781	391	2.957	-2.765
16781	392	-1.366	-4.387
16781	393	0.634	3.738
16781	394	0.106	4.177
16781	395	1.715	-9.098
16781	396	3.797	1.879
16781	398	2.013	-1.342
16781	399	1.236	-0.938
16781	400	1.093	3.176
16791	361	-1.245	-6.357
16791	391	2.986	-2.572
16791	396	3.670	2.502
16791	398	1.957	-2.029
16791	399	1.233	-1.677
16801	361	-1.458	-6.299
16801	396	3.662	3.008
16801	398	1.937	-2.722
16801	399	1.210	-2.415
16801	401	2.842	-2.220
16811	361	-1.371	-6.492
16811	398	1.933	-3.458
16811	399	1.222	-3.198
16811	401	2.419	-1.969
16821	398	2.003	-4.202
16821	399	1.237	-3.942
16821	401	1.959	-1.652
16831	398	2.053	-4.964
16831	399	1.288	-4.709
16841	398	2.186	-5.892
16841	399	1.223	-5.527
16851	398	2.331	-6.601
16851	399	1.375	-6.163
16861	398	2.352	-7.219
16861	399	1.426	-6.930
16871	398	2.479	-7.924
16871	399	1.459	-7.676
16881	398	2.513	-8.643
16881	399	1.528	-8.445
17261	402	2.231	-1.391
17261	403	3.024	-1.182
17261	404	1.925	-8.308
17261	405	1.419	-8.056
17271	402	2.238	-1.926
17271	403	3.066	-1.757
17271	404	1.974	-7.751
17271	405	1.376	-7.490
17281	402	2.267	-2.405
17281	403	3.131	-2.217
17281	404	1.915	-7.147
17281	405	1.533	-7.019
17291	402	2.422	-2.919
17291	403	3.121	-2.746
17291	404	2.073	-6.620
17291	405	1.450	-6.490
17301	402	2.523	-3.405
17301	403	3.129	-3.257
17301	404	2.102	-6.084
17301	405	1.390	-5.903
17311	402	2.529	-3.960
17311	403	3.172	-3.793
17311	404	1.947	-5.552
17311	405	1.458	-5.347
17321	402	2.590	-4.521
17321	403	3.227	-4.113
17321	404	1.920	-5.031
17321	405	1.266	-4.768
17551	408	0.989	-3.333
17551	409	2.484	3.222
17561	408	1.006	-2.712
17561	409	2.373	2.534
17571	408	1.041	-2.074
17571	409	2.350	1.790
17581	408	1.040	-1.432
17581	409	2.255	1.056
17591	408	1.035	-0.850
17591	409	2.271	0.343
17591	410	3.700	-1.957
17591	411	3.628	-5.664
17601	408	1.052	-0.212
17601	409	2.196	-0.357
17601	410	3.689	-1.488
17601	411	3.620	-5.134
17611	408	1.049	0.408
17611	409	2.065	-1.071
17611	410	3.691	-1.118
17611	411	3.615	-4.566
17621	408	1.082	0.983
17621	409	2.023	-1.819
17621	410	3.448	-0.654
17621	411	3.625	-4.038
17621	412	2.713	3.415
17631	408	1.137	1.633
17631	409	1.888	-2.597
17631	410	3.418	-0.221
17631	411	3.617	-3.509
17631	412	2.591	2.849
17641	408	1.152	2.229
17641	409	1.919	-3.377
17641	410	3.405	0.211
17641	411	3.610	-2.981
17641	412	2.431	2.249
17651	408	1.240	2.791
17651	409	1.896	-4.131
17651	410	3.359	0.686
17651	411	3.616	-2.532
17651	412	2.379	1.647
17661	409	1.891	-4.888
17661	410	3.363	1.095
17661	411	3.608	-2.004
17661	412	2.274	1.073
17671	409	1.942	-5.651
17671	410	3.330	1.490
17671	411	3.599	-1.495
17671	412	2.150	0.480
17681	409	1.936	-6.429
17681	410	3.170	1.849
17681	411	3.601	-1.125
17681	412	2.135	-0.130
17691	409	1.907	-7.287
17691	410	3.144	2.029
17691	411	3.705	-0.847
17691	412	2.083	-0.737
17701	409	1.963	-7.951
17701	412	2.051	-1.327
17711	409	1.921	-8.729
17711	412	2.055	-1.922
17721	412	1.947	-2.545
17731	412	1.879	-3.094
17741	412	1.827	-3.705
17751	412	1.754	-4.356
17751	413	0.669	-9.367
17761	412	1.793	-4.999
17761	413	0.705	-8.740
17771	412	1.699	-5.690
17771	413	0.739	-8.134
17771	414	2.783	-10.050
17781	412	1.648	-6.286
17781	413	0.810	-7.531
17781	414	2.685	-9.508
17791	412	1.691	-6.850
17791	413	0.899	-6.951
17791	414	2.627	-8.888
17801	412	1.620	-7.466
17801	413	1.009	-6.334
17801	414	2.665	-8.175
17801	415	2.187	1.482
17811	412	1.511	-8.082
17811	413	1.175	-5.724
17811	414	2.629	-7.497
17811	415	2.173	0.892
17821	412	1.477	-8.703
17821	413	1.357	-5.138
17821	414	2.684	-6.827
17821	415	2.105	0.329
17831	412	1.369	-9.302
17831	413	1.520	-4.552
17831	414	2.718	-6.195
17831	415	2.036	-0.255
17841	413	1.701	-3.971
17841	414	2.737	-5.504
17841	415	1.916	-0.753
17851	413	1.864	-3.371
17851	414	2.828	-4.821
17851	415	1.719	-1.302
17861	413	2.100	-2.762
17861	414	2.808	-4.187
17861	415	1.629	-1.928
17871	413	2.281	-2.149
17871	414	2.824	-3.558
17871	415	1.431	-2.482
17881	413	2.406	-1.533
17881	414	2.897	-2.876
17881	415	1.267	-3.063
17881	416	1.623	1.633
17891	413	2.533	-0.879
17891	414	2.831	-2.415
17891	415	1.197	-3.657
17891	416	1.577	1.144
17901	413	2.621	-0.261
17901	414	2.802	-1.959
17901	415	1.087	-4.268
17901	416	1.603	0.604
17911	413	2.746	0.350
17911	414	2.810	-1.468
17911	415	1.089	-4.911
17911	416	1.553	0.054
17921	413	2.887	0.956
17921	414	2.748	-0.948
17921	415	1.077	-5.453
17921	416	1.563	-0.445
17921	417	3.697	-1.002
17931	413	3.027	1.540
17931	414	2.746	-0.318
17931	415	1.061	-6.076
17931	416	1.550	-1.001
17931	417	3.528	-1.505
17931	418	3.693	-4.769
17941	413	3.238	2.110
17941	414	2.778	0.286
17941	415	1.158	-6.709
17941	416	1.501	-1.552
17941	417	3.342	-1.969
17941	418	3.557	-4.305
17941	419	3.363	-9.640
17951	413	3.508	2.803
17951	414	2.758	0.918
17951	415	1.124	-7.311
17951	416	1.507	-2.112
17951	417	3.069	-2.366
17951	418	3.515	-3.752
17951	419	3.344	-8.988
17961	414	2.827	1.515
17961	415	1.164	-7.939
17961	416	1.419	-2.681
17961	417	2.935	-2.841
17961	418	3.809	-3.238
17961	419	3.291	-8.294
17971	414	2.896	2.110
17971	415	1.207	-8.506
17971	416	1.372	-3.195
17971	417	2.835	-3.362
17971	418	3.936	-2.844
17971	419	3.329	-7.586
17981	416	1.339	-3.792
17981	417	2.680	-3.877
17981	418	3.967	-2.264
17981	419	3.329	-6.916
17991	416	1.269	-4.367
17991	417	2.614	-4.424
17991	418	3.935	-1.871
17991	419	3.329	-6.247
18001	416	1.277	-4.909
18001	417	2.567	-4.954
18001	419	3.346	-5.580
18011	416	1.264	-5.470
18011	417	2.484	-5.461
18011	419	3.293	-4.887
18011	420	3.505	-8.662
18021	416	1.216	-5.989
18021	417	2.510	-5.999
18021	419	3.294	-4.199
18021	420	3.519	-8.052
18031	416	1.222	-6.553
18031	417	2.553	-6.559
18031	419	3.295	-3.512
18031	420	3.588	-7.427
18041	416	1.155	-7.091
18041	417	2.542	-7.094
18041	419	3.279	-2.804
18041	420	3.603	-6.800
18051	416	1.147	-7.574
18051	417	2.617	-7.715
18051	419	3.352	-2.108
18051	420	3.617	-6.193
18061	416	1.133	-8.159
18061	417	2.695	-8.296
18061	419	3.353	-1.423
18061	420	3.615	-5.565
