# Standardized Official Benchmark Trajectories (Format: frame_id  ped_id  pos_x(m)  pos_y(m))
7	1	-2.648	5.080
17	1	-2.623	4.628
27	1	-2.599	4.175
37	1	-2.575	3.723
47	1	-2.551	3.270
57	1	-2.544	2.813
67	1	-2.544	2.354
77	1	-2.544	1.895
87	1	-2.544	1.435
97	1	-2.544	0.976
107	1	-2.512	0.622
117	1	-2.467	0.313
127	1	-2.435	-0.022
137	1	-2.423	-0.395
147	1	-2.419	-0.797
157	1	-2.442	-1.310
167	1	-2.466	-1.823
177	1	-2.489	-2.336
187	1	-2.539	-2.852
197	1	-2.590	-3.368
207	1	-2.642	-3.884
217	1	-2.659	-4.392
227	1	-2.623	-4.890
237	1	-2.587	-5.388
247	1	-2.551	-5.886
257	1	-2.574	-6.375
267	1	-2.612	-6.860
277	1	-2.651	-7.346
287	1	-2.665	-7.820
297	1	-2.643	-8.277
307	1	-2.622	-8.733
317	1	-2.600	-9.190
327	1	-2.492	-9.617
337	1	-2.362	-10.037
347	1	-2.232	-10.457
17	2	-2.080	4.959
27	2	-2.090	4.595
37	2	-2.099	4.231
47	2	-2.055	3.819
57	2	-1.977	3.376
67	2	-1.898	2.933
77	2	-1.831	2.476
87	2	-1.793	1.989
97	2	-1.754	1.501
107	2	-1.746	1.013
117	2	-1.756	0.525
127	2	-1.763	0.040
137	2	-1.754	-0.433
147	2	-1.744	-0.906
157	2	-1.736	-1.398
167	2	-1.729	-1.909
177	2	-1.722	-2.419
187	2	-1.716	-2.930
197	2	-1.735	-3.436
207	2	-1.772	-3.938
217	2	-1.810	-4.439
227	2	-1.847	-4.941
237	2	-1.875	-5.432
247	2	-1.891	-5.905
257	2	-1.907	-6.379
267	2	-1.916	-6.847
277	2	-1.867	-7.272
287	2	-1.818	-7.698
297	2	-1.769	-8.123
307	2	-1.720	-8.554
317	2	-1.672	-8.995
327	2	-1.625	-9.435
337	2	-1.577	-9.875
347	2	-1.529	-10.315
87	3	-7.740	-6.290
97	3	-6.910	-5.843
107	3	-6.289	-5.374
117	3	-5.669	-4.906
127	3	-5.106	-4.345
137	3	-4.550	-3.775
147	3	-4.162	-3.237
157	3	-3.816	-2.706
167	3	-3.530	-2.052
177	3	-3.264	-1.350
187	3	-2.982	-0.660
197	3	-2.699	0.030
207	3	-2.538	0.702
217	3	-2.377	1.374
227	3	-2.199	2.044
237	3	-1.861	2.709
247	3	-1.519	3.362
257	3	-1.138	3.920
267	3	-0.756	4.478
277	3	-0.374	5.035
227	4	-0.990	-10.088
237	4	-1.000	-9.514
247	4	-1.010	-8.939
257	4	-1.061	-8.335
267	4	-1.121	-7.724
277	4	-1.182	-7.113
287	4	-1.280	-6.486
297	4	-1.387	-5.856
307	4	-1.495	-5.225
317	4	-1.571	-4.600
327	4	-1.645	-3.975
337	4	-1.718	-3.351
347	4	-1.791	-2.726
357	4	-1.849	-2.079
367	4	-1.908	-1.431
377	4	-1.966	-0.784
387	4	-2.025	-0.136
397	4	-1.983	0.515
407	4	-1.942	1.167
417	4	-1.901	1.819
427	4	-1.859	2.470
437	4	-1.864	3.117
447	4	-1.899	3.759
457	4	-1.934	4.402
467	4	-1.969	5.044
217	5	-7.711	-3.387
227	5	-6.899	-3.691
237	5	-6.086	-4.026
247	5	-5.274	-4.407
257	5	-4.479	-4.783
267	5	-3.847	-5.123
277	5	-3.215	-5.464
287	5	-2.696	-5.893
297	5	-2.204	-6.345
307	5	-1.713	-6.796
317	5	-1.209	-7.195
327	5	-0.705	-7.594
337	5	-0.202	-7.994
347	5	0.237	-8.403
357	5	0.631	-8.820
367	5	1.027	-9.218
377	5	1.435	-9.448
387	5	1.843	-9.679
397	5	2.251	-9.909
217	6	-7.833	-4.029
227	6	-7.044	-4.371
237	6	-6.256	-4.713
247	6	-5.577	-5.082
257	6	-4.899	-5.452
267	6	-4.221	-5.822
277	6	-3.644	-6.206
287	6	-3.079	-6.593
297	6	-2.523	-6.985
307	6	-2.052	-7.430
317	6	-1.580	-7.876
327	6	-1.094	-8.302
337	6	-0.584	-8.699
347	6	-0.073	-9.095
357	6	0.403	-9.461
367	6	0.847	-9.794
377	6	1.288	-10.102
387	6	1.705	-10.188
397	6	2.123	-10.274
337	7	-0.222	-10.181
347	7	-0.517	-9.879
357	7	-0.795	-9.561
367	7	-1.009	-9.183
377	7	-1.222	-8.805
387	7	-1.391	-8.412
397	7	-1.493	-7.996
407	7	-1.595	-7.581
417	7	-1.688	-7.164
427	7	-1.696	-6.745
437	7	-1.704	-6.326
447	7	-1.712	-5.906
457	7	-1.724	-5.456
467	7	-1.737	-5.003
477	7	-1.749	-4.549
487	7	-1.761	-4.096
497	7	-1.794	-3.642
507	7	-1.835	-3.188
517	7	-1.853	-2.874
527	7	-1.865	-2.596
537	7	-1.936	-2.550
547	7	-2.033	-2.604
557	7	-2.129	-2.657
567	7	-2.299	-2.680
577	7	-2.760	-2.579
587	7	-3.233	-2.411
597	7	-3.723	-2.143
607	7	-4.264	-1.811
617	7	-4.837	-1.436
627	7	-5.426	-1.070
637	7	-6.021	-0.707
647	7	-6.609	-0.332
657	7	-7.184	0.071
667	7	-7.758	0.473
677	7	-8.332	0.876
387	8	-2.816	-10.214
397	8	-2.784	-9.759
407	8	-2.751	-9.304
417	8	-2.724	-8.850
427	8	-2.717	-8.399
437	8	-2.710	-7.948
447	8	-2.704	-7.498
457	8	-2.703	-7.059
467	8	-2.710	-6.640
477	8	-2.718	-6.220
487	8	-2.725	-5.794
497	8	-2.719	-5.309
507	8	-2.714	-4.825
517	8	-2.708	-4.341
527	8	-2.703	-3.857
537	8	-2.694	-3.381
547	8	-2.680	-2.919
557	8	-2.667	-2.456
567	8	-2.653	-1.994
577	8	-2.653	-1.513
587	8	-2.663	-1.018
597	8	-2.673	-0.524
607	8	-2.683	-0.030
617	8	-2.693	0.464
627	8	-2.706	0.945
637	8	-2.726	1.394
647	8	-2.746	1.844
657	8	-2.767	2.293
667	8	-2.787	2.743
677	8	-2.802	3.189
687	8	-2.796	3.622
697	8	-2.791	4.056
707	8	-2.785	4.489
717	8	-2.779	4.923
397	9	-3.903	-10.101
407	9	-3.804	-9.611
417	9	-3.706	-9.121
427	9	-3.608	-8.631
437	9	-3.567	-8.156
447	9	-3.526	-7.681
457	9	-3.485	-7.206
467	9	-3.451	-6.734
477	9	-3.445	-6.276
487	9	-3.439	-5.818
497	9	-3.433	-5.360
507	9	-3.427	-4.902
517	9	-3.434	-4.453
527	9	-3.445	-4.008
537	9	-3.455	-3.562
547	9	-3.465	-3.117
557	9	-3.475	-2.671
567	9	-3.501	-2.213
577	9	-3.533	-1.749
587	9	-3.566	-1.286
597	9	-3.598	-0.822
607	9	-3.631	-0.359
617	9	-3.613	0.167
627	9	-3.589	0.700
637	9	-3.565	1.232
647	9	-3.542	1.765
657	9	-3.530	2.272
667	9	-3.530	2.752
677	9	-3.530	3.232
687	9	-3.530	3.712
697	9	-3.522	4.194
707	9	-3.513	4.675
407	10	0.883	-10.131
417	10	0.623	-9.925
427	10	0.363	-9.719
437	10	0.181	-9.443
447	10	0.113	-9.059
457	10	0.041	-8.671
467	10	-0.070	-8.232
477	10	-0.182	-7.793
487	10	-0.261	-7.339
497	10	-0.340	-6.885
507	10	-0.420	-6.431
517	10	-0.497	-5.977
527	10	-0.570	-5.525
537	10	-0.643	-5.072
547	10	-0.716	-4.620
557	10	-0.753	-4.199
567	10	-0.753	-3.809
577	10	-0.753	-3.419
587	10	-0.769	-3.053
597	10	-0.801	-2.711
607	10	-0.844	-2.379
617	10	-0.979	-2.134
627	10	-1.114	-1.888
637	10	-1.267	-1.587
647	10	-1.432	-1.250
657	10	-1.568	-0.883
667	10	-1.658	-0.472
677	10	-1.742	-0.057
687	10	-1.766	0.395
697	10	-1.790	0.848
707	10	-1.815	1.300
717	10	-1.916	1.737
727	10	-2.026	2.173
737	10	-2.136	2.608
747	10	-2.286	3.008
757	10	-2.462	3.385
767	10	-2.638	3.762
777	10	-2.873	4.104
787	10	-3.169	4.410
797	10	-3.464	4.717
807	10	-3.760	5.023
437	11	-2.257	-10.068
447	11	-2.224	-9.634
457	11	-2.190	-9.199
467	11	-2.146	-8.752
477	11	-2.097	-8.299
487	11	-2.048	-7.846
497	11	-1.999	-7.393
507	11	-1.943	-6.943
517	11	-1.888	-6.494
527	11	-1.833	-6.044
537	11	-1.778	-5.595
547	11	-1.723	-5.154
557	11	-1.670	-4.731
567	11	-1.616	-4.308
577	11	-1.563	-3.885
587	11	-1.648	-3.392
597	11	-1.749	-2.890
607	11	-1.850	-2.389
617	11	-1.921	-1.880
627	11	-1.921	-1.351
637	11	-1.921	-0.823
647	11	-1.947	-0.285
657	11	-1.979	0.256
667	11	-2.012	0.796
677	11	-2.077	1.335
687	11	-2.163	1.873
697	11	-2.250	2.411
707	11	-2.336	2.949
717	11	-2.418	3.472
727	11	-2.492	3.975
737	11	-2.611	4.425
747	11	-2.837	4.755
757	11	-3.063	5.084
457	12	-3.655	-10.049
467	12	-3.560	-9.518
477	12	-3.464	-8.987
487	12	-3.402	-8.494
497	12	-3.362	-8.025
507	12	-3.322	-7.557
517	12	-3.283	-7.089
527	12	-3.275	-6.623
537	12	-3.281	-6.158
547	12	-3.288	-5.693
557	12	-3.294	-5.229
567	12	-3.276	-4.830
577	12	-3.241	-4.474
587	12	-3.206	-4.119
597	12	-3.186	-3.722
607	12	-3.174	-3.299
617	12	-3.207	-2.861
627	12	-3.309	-2.404
637	12	-3.412	-1.941
647	12	-3.527	-1.424
657	12	-3.643	-0.907
667	12	-3.773	-0.375
677	12	-3.927	0.180
687	12	-4.081	0.735
697	12	-4.163	1.306
707	12	-4.215	1.885
717	12	-4.253	2.466
727	12	-4.235	3.057
737	12	-4.217	3.648
747	12	-4.250	4.213
757	12	-4.400	4.720
457	13	-2.729	-10.178
467	13	-2.685	-9.662
477	13	-2.640	-9.147
487	13	-2.596	-8.631
497	13	-2.579	-8.075
507	13	-2.563	-7.519
517	13	-2.547	-6.964
527	13	-2.583	-6.484
537	13	-2.632	-6.024
547	13	-2.681	-5.563
557	13	-2.727	-5.106
567	13	-2.738	-4.683
577	13	-2.750	-4.260
587	13	-2.729	-3.785
597	13	-2.705	-3.303
607	13	-2.681	-2.821
617	13	-2.720	-2.336
627	13	-2.787	-1.850
637	13	-2.854	-1.364
647	13	-2.932	-0.865
657	13	-3.058	-0.312
667	13	-3.184	0.241
677	13	-3.310	0.794
687	13	-3.330	1.396
697	13	-3.338	2.003
707	13	-3.347	2.611
717	13	-3.379	3.200
727	13	-3.418	3.784
737	13	-3.473	4.361
747	13	-3.681	4.872
537	14	-2.439	4.601
547	14	-2.276	3.998
557	14	-2.114	3.401
567	14	-1.970	2.853
577	14	-1.826	2.306
587	14	-1.681	1.758
597	14	-1.510	1.207
607	14	-1.311	0.652
617	14	-1.112	0.097
627	14	-0.931	-0.470
637	14	-0.767	-1.048
647	14	-0.604	-1.627
657	14	-0.442	-2.168
667	14	-0.281	-2.699
677	14	-0.120	-3.230
687	14	0.054	-3.755
697	14	0.230	-4.278
707	14	0.406	-4.802
717	14	0.495	-5.335
727	14	0.562	-5.870
737	14	0.629	-6.406
747	14	0.638	-6.939
757	14	0.622	-7.471
767	14	0.606	-8.004
777	14	0.649	-8.520
787	14	0.779	-9.010
797	14	0.908	-9.501
807	14	1.206	-9.810
817	14	1.505	-10.118
567	15	-2.607	4.939
577	15	-2.405	4.450
587	15	-2.203	3.961
597	15	-2.028	3.454
607	15	-1.878	2.928
617	15	-1.729	2.403
627	15	-1.568	1.893
637	15	-1.362	1.443
647	15	-1.156	0.993
657	15	-0.950	0.542
667	15	-0.789	0.090
677	15	-0.639	-0.363
687	15	-0.490	-0.817
697	15	-0.368	-1.294
707	15	-0.273	-1.796
717	15	-0.177	-2.297
727	15	-0.063	-2.779
737	15	0.070	-3.242
747	15	0.203	-3.705
757	15	0.337	-4.168
767	15	0.402	-4.619
777	15	0.449	-5.067
787	15	0.497	-5.516
797	15	0.545	-5.964
807	15	0.537	-6.465
817	15	0.529	-6.967
827	15	0.521	-7.468
837	15	0.591	-7.917
847	15	0.680	-8.353
857	15	0.769	-8.790
867	15	0.925	-9.152
877	15	1.126	-9.465
887	15	1.327	-9.778
897	15	1.538	-9.957
907	15	1.759	-10.002
917	15	1.979	-10.047
927	15	2.200	-10.092
567	16	-3.296	4.966
577	16	-3.054	4.466
587	16	-2.811	3.966
597	16	-2.568	3.466
607	16	-2.374	2.963
617	16	-2.185	2.459
627	16	-1.996	1.955
637	16	-1.788	1.474
647	16	-1.567	1.010
657	16	-1.346	0.546
667	16	-1.195	0.082
677	16	-1.052	-0.383
687	16	-0.908	-0.847
697	16	-0.788	-1.314
707	16	-0.667	-1.781
717	16	-0.554	-2.249
727	16	-0.471	-2.721
737	16	-0.387	-3.192
747	16	-0.302	-3.661
757	16	-0.202	-4.103
767	16	-0.103	-4.545
777	16	-0.004	-4.987
787	16	0.041	-5.428
797	16	0.063	-5.870
807	16	0.078	-6.327
817	16	0.078	-6.824
827	16	0.078	-7.320
837	16	0.098	-7.818
847	16	0.198	-8.324
857	16	0.299	-8.830
867	16	0.410	-9.321
877	16	0.622	-9.681
887	16	0.833	-10.041
617	17	2.509	-10.073
627	17	2.159	-9.974
637	17	1.809	-9.876
647	17	1.522	-9.708
657	17	1.251	-9.523
667	17	1.028	-9.275
677	17	0.838	-8.987
687	17	0.647	-8.699
697	17	0.491	-8.328
707	17	0.357	-7.900
717	17	0.223	-7.472
727	17	0.089	-7.030
737	17	-0.046	-6.572
747	17	-0.180	-6.115
757	17	-0.311	-5.693
767	17	-0.441	-5.295
777	17	-0.531	-4.866
787	17	-0.560	-4.392
797	17	-0.588	-3.917
807	17	-0.617	-3.443
817	17	-0.623	-2.940
827	17	-0.623	-2.430
837	17	-0.623	-1.920
847	17	-0.648	-1.402
857	17	-0.684	-0.881
867	17	-0.720	-0.359
877	17	-0.695	0.146
887	17	-0.656	0.646
897	17	-0.617	1.147
907	17	-0.479	1.616
917	17	-0.242	2.052
927	17	-0.005	2.489
937	17	0.222	2.926
947	17	0.361	3.357
957	17	0.500	3.789
967	17	0.625	4.227
977	17	0.718	4.681
987	17	0.812	5.136
647	18	1.168	-10.159
657	18	0.908	-9.891
667	18	0.649	-9.624
677	18	0.426	-9.279
687	18	0.227	-8.883
697	18	0.028	-8.487
707	18	-0.116	-8.058
717	18	-0.224	-7.607
727	18	-0.331	-7.156
737	18	-0.457	-6.711
747	18	-0.592	-6.268
757	18	-0.726	-5.826
767	18	-0.838	-5.341
777	18	-0.944	-4.845
787	18	-1.051	-4.350
797	18	-1.157	-3.854
807	18	-1.196	-3.364
817	18	-1.226	-2.875
827	18	-1.257	-2.386
837	18	-1.268	-1.881
847	18	-1.259	-1.361
857	18	-1.250	-0.840
867	18	-1.222	-0.301
877	18	-1.173	0.256
887	18	-1.124	0.813
897	18	-1.036	1.348
907	18	-0.854	1.833
917	18	-0.672	2.317
927	18	-0.497	2.797
937	18	-0.337	3.269
947	18	-0.176	3.741
957	18	-0.016	4.213
967	18	0.112	4.647
977	18	0.236	5.076
997	19	-2.763	-9.771
1007	19	-2.718	-9.127
1017	19	-2.674	-8.483
1027	19	-2.662	-7.874
1037	19	-2.651	-7.265
1047	19	-2.640	-6.656
1057	19	-2.629	-6.047
1067	19	-2.619	-5.432
1077	19	-2.610	-4.801
1087	19	-2.600	-4.170
1097	19	-2.591	-3.539
1107	19	-2.582	-2.908
1117	19	-2.572	-2.277
1127	19	-2.637	-1.635
1137	19	-2.733	-0.989
1147	19	-2.829	-0.344
1157	19	-2.925	0.302
1167	19	-3.014	0.939
1177	19	-3.043	1.497
1187	19	-3.072	2.054
1197	19	-3.100	2.611
1207	19	-3.129	3.168
1217	19	-3.157	3.654
1227	19	-3.183	4.092
1237	19	-3.210	4.529
1247	19	-3.237	4.967
1167	20	6.182	3.486
1177	20	5.762	3.485
1187	20	5.343	3.484
1197	20	4.964	3.437
1207	20	4.602	3.369
1217	20	4.240	3.301
1227	20	3.880	3.219
1237	20	3.522	3.116
1247	20	3.165	3.013
1257	20	2.807	2.910
1267	20	2.415	2.822
1277	20	2.008	2.740
1287	20	1.602	2.658
1297	20	1.218	2.549
1307	20	0.844	2.429
1317	20	0.496	2.290
1327	20	0.249	2.074
1337	20	0.017	1.850
1347	20	-0.160	1.597
1357	20	-0.337	1.343
1367	20	-0.369	0.900
1377	20	-0.400	0.457
1387	20	-0.316	-0.055
1397	20	-0.119	-0.635
1407	20	0.048	-1.184
1417	20	0.168	-1.687
1427	20	0.288	-2.190
1437	20	0.370	-2.739
1447	20	0.442	-3.299
1457	20	0.496	-3.855
1467	20	0.504	-4.399
1477	20	0.512	-4.944
1487	20	0.511	-5.481
1497	20	0.473	-5.986
1507	20	0.435	-6.491
1517	20	0.397	-6.996
1527	20	0.312	-7.485
1537	20	0.216	-7.971
1547	20	0.120	-8.461
1557	20	0.022	-8.992
1567	20	-0.076	-9.523
1577	20	-0.175	-10.054
1217	21	4.435	3.883
1227	21	3.999	3.838
1237	21	3.549	3.769
1247	21	3.076	3.664
1257	21	2.603	3.559
1267	21	2.160	3.455
1277	21	1.736	3.350
1287	21	1.312	3.245
1297	21	0.906	3.086
1307	21	0.512	2.890
1317	21	0.118	2.694
1327	21	-0.245	2.441
1337	21	-0.595	2.162
1347	21	-0.881	1.818
1357	21	-1.073	1.377
1367	21	-1.244	0.929
1377	21	-1.221	0.421
1387	21	-1.199	-0.086
1397	21	-1.053	-0.605
1407	21	-0.876	-1.126
1417	21	-0.703	-1.630
1427	21	-0.539	-2.092
1437	21	-0.375	-2.554
1447	21	-0.249	-3.029
1457	21	-0.215	-3.533
1467	21	-0.180	-4.037
1477	21	-0.170	-4.545
1487	21	-0.217	-5.059
1497	21	-0.264	-5.573
1507	21	-0.311	-6.087
1517	21	-0.408	-6.642
1527	21	-0.504	-7.197
1537	21	-0.601	-7.752
1547	21	-0.691	-8.297
1557	21	-0.776	-8.833
1567	21	-0.861	-9.368
1577	21	-0.945	-9.904
1587	21	-1.030	-10.440
1167	22	-3.919	-10.442
1177	22	-3.910	-9.776
1187	22	-3.901	-9.110
1197	22	-3.889	-8.435
1207	22	-3.867	-7.722
1217	22	-3.845	-7.010
1227	22	-3.822	-6.297
1237	22	-3.694	-5.585
1247	22	-3.521	-4.874
1257	22	-3.348	-4.162
1267	22	-3.177	-3.456
1277	22	-3.016	-2.800
1287	22	-2.856	-2.143
1297	22	-2.696	-1.486
1307	22	-2.693	-0.806
1317	22	-2.758	-0.115
1327	22	-2.933	0.569
1337	22	-3.156	1.251
1347	22	-3.394	1.947
1357	22	-3.642	2.652
1367	22	-3.837	3.370
1377	22	-3.906	4.117
1387	22	-3.976	4.864
1197	23	-2.715	-10.130
1207	23	-2.611	-9.656
1217	23	-2.507	-9.181
1227	23	-2.402	-8.703
1237	23	-2.287	-8.201
1247	23	-2.172	-7.699
1257	23	-2.065	-7.217
1267	23	-1.971	-6.768
1277	23	-1.878	-6.319
1287	23	-1.784	-5.870
1297	23	-1.772	-5.439
1307	23	-1.780	-5.013
1317	23	-1.788	-4.586
1327	23	-1.801	-4.156
1337	23	-1.819	-3.724
1347	23	-1.836	-3.291
1357	23	-1.874	-2.907
1367	23	-1.926	-2.556
1377	23	-1.978	-2.204
1387	23	-2.024	-1.830
1397	23	-2.065	-1.442
1407	23	-2.100	-1.048
1417	23	-2.074	-0.599
1427	23	-2.048	-0.150
1437	23	-2.026	0.295
1447	23	-2.040	0.704
1457	23	-2.054	1.113
1467	23	-2.068	1.522
1477	23	-2.128	1.912
1487	23	-2.258	2.274
1497	23	-2.388	2.635
1507	23	-2.585	2.979
1517	23	-2.800	3.318
1527	23	-3.020	3.704
1537	23	-3.246	4.138
1547	23	-3.444	4.570
1557	23	-3.530	5.000
1207	24	1.410	-10.156
1217	24	1.091	-9.894
1227	24	0.783	-9.628
1237	24	0.564	-9.333
1247	24	0.345	-9.037
1257	24	0.126	-8.742
1267	24	0.049	-8.429
1277	24	-0.011	-8.113
1287	24	-0.072	-7.798
1297	24	-0.113	-7.402
1307	24	-0.153	-6.996
1317	24	-0.192	-6.591
1327	24	-0.236	-6.186
1337	24	-0.283	-5.781
1347	24	-0.330	-5.376
1357	24	-0.385	-4.988
1367	24	-0.458	-4.639
1377	24	-0.531	-4.290
1387	24	-0.609	-3.939
1397	24	-0.725	-3.570
1407	24	-0.842	-3.201
1417	24	-0.959	-2.832
1427	24	-1.073	-2.467
1437	24	-1.162	-2.133
1447	24	-1.250	-1.798
1457	24	-1.339	-1.464
1467	24	-1.428	-1.129
1477	24	-1.470	-0.778
1487	24	-1.512	-0.428
1497	24	-1.554	-0.077
1507	24	-1.597	0.274
1517	24	-1.711	0.598
1527	24	-1.856	0.911
1537	24	-2.001	1.223
1547	24	-2.151	1.541
1557	24	-2.312	1.870
1567	24	-2.473	2.199
1577	24	-2.580	2.549
1587	24	-2.605	2.928
1597	24	-2.630	3.308
1607	24	-2.656	3.687
1617	24	-2.645	4.051
1627	24	-2.552	4.380
1637	24	-2.458	4.709
1647	24	-2.364	5.038
1227	25	0.410	-10.059
1237	25	0.227	-9.770
1247	25	0.044	-9.481
1257	25	-0.095	-9.149
1267	25	-0.229	-8.812
1277	25	-0.363	-8.475
1287	25	-0.426	-8.085
1297	25	-0.471	-7.680
1307	25	-0.517	-7.276
1317	25	-0.562	-6.872
1327	25	-0.603	-6.463
1337	25	-0.643	-6.054
1347	25	-0.683	-5.645
1357	25	-0.723	-5.235
1367	25	-0.828	-4.861
1377	25	-0.940	-4.491
1387	25	-1.052	-4.121
1397	25	-1.169	-3.755
1407	25	-1.302	-3.401
1417	25	-1.436	-3.048
1427	25	-1.569	-2.695
1437	25	-1.679	-2.319
1447	25	-1.778	-1.935
1457	25	-1.877	-1.550
1467	25	-1.956	-1.184
1477	25	-1.986	-0.860
1487	25	-2.017	-0.537
1497	25	-2.048	-0.213
1507	25	-2.192	0.101
1517	25	-2.349	0.413
1527	25	-2.506	0.726
1537	25	-2.660	1.039
1547	25	-2.780	1.351
1557	25	-2.901	1.663
1567	25	-2.997	2.005
1577	25	-3.036	2.417
1587	25	-3.075	2.829
1597	25	-3.115	3.241
1607	25	-3.099	3.620
1617	25	-3.082	4.000
1627	25	-3.066	4.380
1637	25	-3.053	4.721
1647	25	-3.041	5.051
1227	26	-4.112	4.713
1237	26	-4.237	4.140
1247	26	-4.362	3.567
1257	26	-4.397	2.927
1267	26	-4.371	2.242
1277	26	-4.345	1.557
1287	26	-4.361	0.910
1297	26	-4.406	0.289
1307	26	-4.450	-0.332
1317	26	-4.488	-0.948
1327	26	-4.459	-1.524
1337	26	-4.430	-2.101
1347	26	-4.401	-2.677
1357	26	-4.393	-3.272
1367	26	-4.406	-3.886
1377	26	-4.418	-4.499
1387	26	-4.431	-5.113
1397	26	-4.431	-5.724
1407	26	-4.412	-6.331
1417	26	-4.393	-6.937
1427	26	-4.374	-7.544
1437	26	-4.359	-8.142
1447	26	-4.353	-8.720
1457	26	-4.347	-9.297
1467	26	-4.342	-9.875
1477	26	-4.336	-10.452
1227	27	-3.919	-10.098
1237	27	-3.919	-9.540
1247	27	-3.919	-8.982
1257	27	-3.914	-8.418
1267	27	-3.884	-7.828
1277	27	-3.854	-7.239
1287	27	-3.825	-6.650
1297	27	-3.752	-6.011
1307	27	-3.661	-5.351
1317	27	-3.569	-4.692
1327	27	-3.478	-4.032
1337	27	-3.376	-3.424
1347	27	-3.273	-2.815
1357	27	-3.171	-2.206
1367	27	-3.089	-1.589
1377	27	-3.089	-0.939
1387	27	-3.089	-0.290
1397	27	-3.093	0.359
1407	27	-3.140	0.990
1417	27	-3.187	1.621
1427	27	-3.233	2.252
1437	27	-3.297	2.870
1447	27	-3.430	3.436
1457	27	-3.563	4.001
1467	27	-3.696	4.566
1227	28	-3.041	-10.326
1237	28	-3.078	-9.755
1247	28	-3.115	-9.184
1257	28	-3.127	-8.619
1267	28	-3.081	-8.068
1277	28	-3.035	-7.517
1287	28	-2.988	-6.967
1297	28	-2.942	-6.416
1307	28	-2.885	-5.766
1317	28	-2.825	-5.091
1327	28	-2.765	-4.417
1337	28	-2.705	-3.742
1347	28	-2.598	-3.105
1357	28	-2.485	-2.473
1367	28	-2.371	-1.840
1377	28	-2.258	-1.208
1387	28	-2.258	-0.566
1397	28	-2.258	0.077
1407	28	-2.272	0.700
1417	28	-2.342	1.246
1427	28	-2.411	1.793
1437	28	-2.481	2.340
1447	28	-2.568	2.873
1457	28	-2.809	3.288
1467	28	-3.050	3.704
1477	28	-3.290	4.121
1487	28	-3.529	4.545
1497	28	-3.768	4.968
1237	29	-3.665	4.686
1247	29	-3.630	4.031
1257	29	-3.596	3.375
1267	29	-3.571	2.737
1277	29	-3.553	2.110
1287	29	-3.535	1.483
1297	29	-3.547	0.867
1307	29	-3.570	0.255
1317	29	-3.594	-0.356
1327	29	-3.657	-0.967
1337	29	-3.780	-1.576
1347	29	-3.849	-2.104
1357	29	-3.863	-2.550
1367	29	-3.826	-3.076
1377	29	-3.767	-3.637
1387	29	-3.707	-4.198
1397	29	-3.669	-4.770
1407	29	-3.712	-5.385
1417	29	-3.755	-6.001
1427	29	-3.740	-6.650
1437	29	-3.710	-7.307
1447	29	-3.675	-7.948
1457	29	-3.619	-8.526
1467	29	-3.563	-9.104
1477	29	-3.492	-9.677
1487	29	-3.396	-10.243
1347	30	-2.795	-10.336
1357	30	-2.711	-9.753
1367	30	-2.627	-9.169
1377	30	-2.544	-8.586
1387	30	-2.483	-7.998
1397	30	-2.423	-7.411
1407	30	-2.362	-6.823
1417	30	-2.336	-6.253
1427	30	-2.310	-5.684
1437	30	-2.284	-5.114
1447	30	-2.258	-4.544
1457	30	-2.328	-4.002
1467	30	-2.399	-3.461
1477	30	-2.469	-2.919
1487	30	-2.554	-2.390
1497	30	-2.674	-1.890
1507	30	-2.793	-1.389
1517	30	-2.913	-0.889
1527	30	-3.074	-0.376
1537	30	-3.296	0.157
1547	30	-3.519	0.689
1557	30	-3.661	1.285
1567	30	-3.751	1.925
1577	30	-3.840	2.564
1587	30	-3.853	3.215
1597	30	-3.753	3.883
1607	30	-3.652	4.551
1357	31	-3.451	-9.983
1367	31	-3.384	-9.405
1377	31	-3.317	-8.826
1387	31	-3.249	-8.240
1397	31	-3.177	-7.635
1407	31	-3.105	-7.030
1417	31	-3.033	-6.425
1427	31	-3.041	-5.824
1437	31	-3.084	-5.224
1447	31	-3.128	-4.624
1457	31	-3.171	-4.029
1467	31	-3.215	-3.476
1477	31	-3.260	-2.923
1487	31	-3.304	-2.370
1497	31	-3.348	-1.817
1507	31	-3.460	-1.306
1517	31	-3.571	-0.795
1527	31	-3.682	-0.284
1537	31	-3.793	0.228
1547	31	-3.907	0.797
1557	31	-4.021	1.382
1567	31	-4.115	1.974
1577	31	-4.161	2.583
1587	31	-4.208	3.192
1597	31	-4.189	3.793
1607	31	-4.106	4.386
1617	31	-4.023	4.979
1417	32	-2.375	-10.335
1427	32	-2.249	-9.915
1437	32	-2.123	-9.495
1447	32	-1.997	-9.075
1457	32	-1.943	-8.629
1467	32	-1.936	-8.166
1477	32	-1.928	-7.704
1487	32	-1.921	-7.241
1497	32	-1.921	-6.754
1507	32	-1.921	-6.264
1517	32	-1.921	-5.774
1527	32	-1.921	-5.284
1537	32	-1.936	-4.803
1547	32	-1.988	-4.341
1557	32	-2.040	-3.879
1567	32	-2.092	-3.417
1577	32	-2.158	-3.193
1587	32	-2.228	-3.030
1597	32	-2.302	-2.844
1607	32	-2.392	-2.573
1617	32	-2.482	-2.302
1627	32	-2.547	-1.891
1637	32	-2.595	-1.388
1647	32	-2.643	-0.885
1657	32	-2.635	-0.314
1667	32	-2.620	0.265
1677	32	-2.606	0.843
1687	32	-2.620	1.432
1697	32	-2.701	2.044
1707	32	-2.782	2.657
1717	32	-2.858	3.270
1727	32	-2.883	3.891
1737	32	-2.908	4.512
1747	32	-2.933	5.133
1487	33	-3.096	4.996
1497	33	-2.913	4.571
1507	33	-2.729	4.145
1517	33	-2.563	3.713
1527	33	-2.406	3.279
1537	33	-2.248	2.845
1547	33	-2.077	2.471
1557	33	-1.903	2.104
1567	33	-1.730	1.737
1577	33	-1.642	1.347
1587	33	-1.611	0.941
1597	33	-1.579	0.536
1607	33	-1.532	0.113
1617	33	-1.448	-0.348
1627	33	-1.364	-0.810
1637	33	-1.280	-1.272
1647	33	-1.181	-1.747
1657	33	-1.080	-2.224
1667	33	-0.979	-2.702
1677	33	-0.898	-3.172
1687	33	-0.862	-3.628
1697	33	-0.826	-4.084
1707	33	-0.790	-4.540
1717	33	-0.704	-4.984
1727	33	-0.598	-5.424
1737	33	-0.491	-5.864
1747	33	-0.385	-6.304
1757	33	-0.278	-6.801
1767	33	-0.171	-7.313
1777	33	-0.064	-7.825
1787	33	0.087	-8.293
1797	33	0.303	-8.695
1807	33	0.519	-9.098
1817	33	0.753	-9.437
1827	33	1.012	-9.682
1837	33	1.272	-9.926
1847	33	1.531	-10.171
1517	34	-2.802	4.809
1527	34	-2.453	4.373
1537	34	-2.103	3.938
1547	34	-1.859	3.411
1557	34	-1.659	2.845
1567	34	-1.468	2.295
1577	34	-1.351	1.899
1587	34	-1.235	1.498
1597	34	-1.128	1.043
1607	34	-1.031	0.599
1617	34	-0.948	0.169
1627	34	-0.865	-0.261
1637	34	-0.772	-0.731
1647	34	-0.677	-1.207
1657	34	-0.583	-1.682
1667	34	-0.498	-2.142
1677	34	-0.419	-2.591
1687	34	-0.341	-3.041
1697	34	-0.272	-3.480
1707	34	-0.226	-3.892
1717	34	-0.179	-4.304
1727	34	-0.133	-4.716
1737	34	-0.087	-5.128
1747	34	0.016	-5.579
1757	34	0.132	-6.040
1767	34	0.249	-6.501
1777	34	0.366	-6.961
1787	34	0.490	-7.386
1797	34	0.616	-7.800
1807	34	0.742	-8.215
1817	34	0.858	-8.576
1827	34	0.964	-8.883
1837	34	1.071	-9.189
1847	34	1.177	-9.496
1857	34	1.371	-9.688
1867	34	1.623	-9.805
1877	34	1.875	-9.922
1527	35	-1.614	4.927
1537	35	-1.459	4.420
1547	35	-1.303	3.914
1557	35	-1.149	3.389
1567	35	-0.999	2.821
1577	35	-0.850	2.252
1587	35	-0.695	1.613
1597	35	-0.537	0.943
1607	35	-0.380	0.274
1617	35	-0.246	-0.401
1627	35	-0.148	-1.084
1637	35	-0.049	-1.767
1647	35	0.072	-2.450
1657	35	0.215	-3.131
1667	35	0.358	-3.812
1677	35	0.470	-4.480
1687	35	0.562	-5.139
1697	35	0.653	-5.797
1707	35	0.749	-6.442
1717	35	0.860	-7.032
1727	35	0.972	-7.621
1737	35	1.083	-8.211
1747	35	1.197	-8.755
1757	35	1.312	-9.280
1767	35	1.428	-9.805
1777	35	1.759	-10.103
1567	36	-0.925	4.929
1577	36	-0.978	4.468
1587	36	-1.031	4.007
1597	36	-1.085	3.546
1607	36	-1.128	3.020
1617	36	-1.170	2.487
1627	36	-1.212	1.954
1637	36	-1.232	1.419
1647	36	-1.247	0.883
1657	36	-1.263	0.347
1667	36	-1.250	-0.181
1677	36	-1.195	-0.697
1687	36	-1.140	-1.214
1697	36	-1.085	-1.729
1707	36	-1.034	-2.230
1717	36	-0.984	-2.732
1727	36	-0.933	-3.234
1737	36	-0.882	-3.736
1747	36	-0.785	-4.212
1757	36	-0.641	-4.662
1767	36	-0.498	-5.112
1777	36	-0.355	-5.562
1787	36	-0.366	-6.043
1797	36	-0.444	-6.537
1807	36	-0.522	-7.031
1817	36	-0.627	-7.535
1827	36	-0.744	-8.044
1837	36	-0.862	-8.552
1847	36	-0.944	-9.063
1857	36	-1.002	-9.575
1867	36	-1.061	-10.088
1657	37	0.530	4.953
1667	37	0.395	4.426
1677	37	0.261	3.899
1687	37	0.069	3.386
1697	37	-0.137	2.877
1707	37	-0.343	2.368
1717	37	-0.397	1.779
1727	37	-0.434	1.182
1737	37	-0.466	0.586
1747	37	-0.451	0.005
1757	37	-0.436	-0.576
1767	37	-0.421	-1.157
1777	37	-0.386	-1.745
1787	37	-0.336	-2.336
1797	37	-0.287	-2.927
1807	37	-0.237	-3.518
1817	37	-0.173	-4.094
1827	37	-0.087	-4.647
1837	37	-0.000	-5.201
1847	37	0.087	-5.754
1857	37	0.119	-6.301
1867	37	-0.067	-6.819
1877	37	-0.252	-7.338
1887	37	-0.467	-7.862
1897	37	-0.727	-8.394
1907	37	-0.986	-8.927
1917	37	-1.170	-9.476
1927	37	-1.322	-10.033
1567	38	2.245	-10.036
1577	38	2.115	-9.991
1587	38	1.986	-9.945
1597	38	1.856	-9.900
1607	38	1.677	-9.878
1617	38	1.493	-9.858
1627	38	1.309	-9.838
1637	38	1.125	-9.818
1647	38	0.941	-9.798
1657	38	0.795	-9.773
1667	38	0.707	-9.740
1677	38	0.619	-9.707
1687	38	0.530	-9.674
1697	38	0.442	-9.641
1707	38	0.368	-9.575
1717	38	0.300	-9.495
1727	38	0.232	-9.416
1737	38	0.164	-9.336
1747	38	0.124	-9.289
1757	38	0.112	-9.275
1767	38	0.100	-9.260
1777	38	0.088	-9.246
1787	38	0.077	-9.232
1797	38	0.065	-9.218
1807	38	0.053	-9.203
1817	38	0.041	-9.189
1827	38	0.029	-9.175
1837	38	0.018	-9.160
1847	38	0.006	-9.146
1857	38	-0.006	-9.132
1867	38	-0.018	-9.118
1877	38	-0.029	-9.103
1887	38	-0.041	-9.089
1897	38	-0.053	-9.075
1907	38	-0.065	-9.061
1917	38	-0.077	-9.046
1927	38	-0.271	-8.972
1937	38	-0.486	-8.892
1947	38	-0.701	-8.811
1957	38	-1.072	-8.899
1967	38	-1.442	-8.987
1977	38	-1.830	-9.197
1987	38	-2.219	-9.421
1997	38	-2.637	-9.681
2007	38	-3.084	-9.977
2017	38	-3.532	-10.273
2027	38	-3.979	-10.568
1627	39	0.099	-10.220
1637	39	-0.019	-10.120
1647	39	-0.137	-10.020
1657	39	-0.229	-9.925
1667	39	-0.283	-9.837
1677	39	-0.337	-9.749
1687	39	-0.351	-9.740
1697	39	-0.366	-9.731
1707	39	-0.380	-9.722
1717	39	-0.394	-9.713
1727	39	-0.408	-9.704
1737	39	-0.422	-9.695
1747	39	-0.436	-9.686
1757	39	-0.450	-9.677
1767	39	-0.464	-9.668
1777	39	-0.478	-9.659
1787	39	-0.492	-9.650
1797	39	-0.506	-9.641
1807	39	-0.520	-9.632
1817	39	-0.534	-9.623
1827	39	-0.548	-9.614
1837	39	-0.562	-9.605
1847	39	-0.577	-9.596
1857	39	-0.591	-9.587
1867	39	-0.605	-9.578
1877	39	-0.619	-9.569
1887	39	-0.652	-9.564
1897	39	-0.693	-9.560
1907	39	-0.734	-9.557
1917	39	-0.775	-9.553
1927	39	-0.816	-9.549
1937	39	-0.858	-9.546
1947	39	-0.899	-9.542
1957	39	-0.940	-9.539
1967	39	-1.130	-9.572
1977	39	-1.468	-9.643
1987	39	-1.811	-9.752
1997	39	-2.171	-10.012
2007	39	-2.531	-10.271
1657	40	0.404	-10.220
1667	40	0.240	-10.141
1677	40	0.075	-10.061
1687	40	0.032	-10.017
1697	40	0.042	-9.989
1707	40	0.051	-9.960
1717	40	0.060	-9.932
1727	40	0.069	-9.903
1737	40	0.078	-9.875
1747	40	0.087	-9.847
1757	40	0.096	-9.818
1767	40	0.102	-9.790
1777	40	0.094	-9.765
1787	40	0.086	-9.740
1797	40	0.077	-9.715
1807	40	0.069	-9.690
1817	40	0.061	-9.665
1827	40	0.052	-9.640
1837	40	0.044	-9.615
1847	40	0.036	-9.590
1857	40	0.028	-9.565
1867	40	0.019	-9.540
1877	40	0.011	-9.515
1887	40	0.003	-9.490
1897	40	-0.006	-9.465
1907	40	-0.014	-9.440
1917	40	-0.022	-9.415
1927	40	-0.030	-9.390
1937	40	-0.039	-9.365
1947	40	-0.047	-9.340
1957	40	-0.113	-9.302
1967	40	-0.266	-9.245
1977	40	-0.418	-9.188
1987	40	-0.571	-9.131
1997	40	-0.831	-9.376
2007	40	-1.090	-9.622
2017	40	-1.436	-9.962
2027	40	-1.840	-10.364
1807	41	-3.371	-9.788
1817	41	-3.339	-9.159
1827	41	-3.306	-8.529
1837	41	-3.274	-7.899
1847	41	-3.259	-7.227
1857	41	-3.246	-6.550
1867	41	-3.234	-5.873
1877	41	-3.221	-5.197
1887	41	-3.065	-4.663
1897	41	-2.872	-4.166
1907	41	-2.679	-3.669
1917	41	-2.650	-3.225
1927	41	-2.691	-2.805
1937	41	-2.714	-2.699
1947	41	-2.733	-2.672
1957	41	-2.752	-2.644
1967	41	-2.770	-2.617
1977	41	-2.789	-2.589
1987	41	-2.808	-2.561
1997	41	-2.826	-2.534
2007	41	-2.845	-2.506
2017	41	-2.864	-2.479
2027	41	-2.882	-2.451
2037	41	-2.901	-2.424
2047	41	-2.920	-2.396
2057	41	-2.938	-2.369
2067	41	-2.957	-2.341
2077	41	-2.976	-2.314
2087	41	-3.009	-2.104
2097	41	-3.057	-1.713
2107	41	-3.105	-1.322
2117	41	-3.102	-0.918
2127	41	-3.086	-0.511
2137	41	-3.069	-0.105
2147	41	-3.068	0.334
2157	41	-3.075	0.793
2167	41	-3.083	1.252
2177	41	-3.041	1.693
2187	41	-2.881	2.091
2197	41	-2.721	2.490
2207	41	-2.449	2.807
2217	41	-2.127	3.088
2227	41	-1.733	3.304
2237	41	-1.289	3.477
2247	41	-0.844	3.631
2257	41	-0.392	3.714
2267	41	0.060	3.797
2277	41	0.537	3.870
2287	41	1.040	3.932
2297	41	1.543	3.994
2307	41	2.035	4.033
2317	41	2.500	4.021
2327	41	2.966	4.009
2337	41	3.432	3.997
2347	41	3.876	4.018
2357	41	4.318	4.042
2367	41	4.760	4.067
1937	42	-3.175	-9.890
1947	42	-3.185	-9.217
1957	42	-3.201	-8.544
1967	42	-3.243	-7.875
1977	42	-3.285	-7.206
1987	42	-3.341	-6.533
1997	42	-3.525	-5.820
2007	42	-3.709	-5.108
2017	42	-3.893	-4.396
2027	42	-4.060	-3.710
2037	42	-4.226	-3.024
2047	42	-4.330	-2.283
2057	42	-4.371	-1.488
2067	42	-4.413	-0.692
2077	42	-4.365	0.169
2087	42	-4.316	1.029
2097	42	-4.267	1.871
2107	42	-4.212	2.669
2117	42	-4.158	3.468
2127	42	-4.104	4.266
2137	42	-4.049	5.064
1967	43	-3.689	4.779
1977	43	-3.703	4.140
1987	43	-3.717	3.501
1997	43	-3.731	2.862
2007	43	-3.738	2.227
2017	43	-3.738	1.594
2027	43	-3.738	0.962
2037	43	-3.738	0.330
2047	43	-3.770	-0.242
2057	43	-3.811	-0.799
2067	43	-3.851	-1.356
2077	43	-3.903	-1.959
2087	43	-3.962	-2.591
2097	43	-3.987	-3.216
2107	43	-3.961	-3.829
2117	43	-3.935	-4.441
2127	43	-3.934	-5.014
2137	43	-3.970	-5.527
2147	43	-4.006	-6.040
2157	43	-4.042	-6.553
2167	43	-4.207	-6.894
2177	43	-4.405	-7.191
2187	43	-4.469	-7.342
2197	43	-4.475	-7.431
2207	43	-4.480	-7.520
2217	43	-4.486	-7.609
2227	43	-4.491	-7.676
2237	43	-4.493	-7.692
2247	43	-4.496	-7.709
2257	43	-4.498	-7.725
2267	43	-4.500	-7.741
2277	43	-4.503	-7.758
2287	43	-4.505	-7.774
2297	43	-4.507	-7.790
2307	43	-4.509	-7.807
2317	43	-4.512	-7.823
2327	43	-4.514	-7.839
2337	43	-4.516	-7.856
2347	43	-4.519	-7.872
2357	43	-4.521	-7.888
2367	43	-4.523	-7.905
2377	43	-4.525	-7.921
2387	43	-4.528	-7.937
2397	43	-4.530	-7.954
2407	43	-4.532	-7.970
2417	43	-4.535	-7.986
2427	43	-4.537	-8.003
2437	43	-4.539	-8.019
2447	43	-4.541	-8.035
2457	43	-4.544	-8.053
2467	43	-4.546	-8.072
2477	43	-4.549	-8.090
2487	43	-4.551	-8.109
2497	43	-4.554	-8.128
2507	43	-4.556	-8.147
2517	43	-4.559	-8.166
2527	43	-4.561	-8.184
2537	43	-4.564	-8.203
2547	43	-4.566	-8.222
2557	43	-4.569	-8.241
2567	43	-4.571	-8.259
2577	43	-4.574	-8.278
2587	43	-4.576	-8.297
2597	43	-4.579	-8.316
2607	43	-4.581	-8.334
2617	43	-4.584	-8.353
2627	43	-4.586	-8.372
2637	43	-4.589	-8.391
2647	43	-4.591	-8.409
2657	43	-4.594	-8.428
2667	43	-4.598	-8.510
2677	43	-4.603	-8.618
2687	43	-4.609	-8.727
2697	43	-4.614	-8.835
2707	43	-4.620	-8.944
2717	43	-4.814	-9.158
2727	43	-5.028	-9.384
2737	43	-5.243	-9.609
2747	43	-5.264	-9.619
2757	43	-5.285	-9.629
2767	43	-5.306	-9.639
2777	43	-5.328	-9.648
2787	43	-5.349	-9.658
2797	43	-5.370	-9.668
2807	43	-5.391	-9.677
2817	43	-5.412	-9.687
2827	43	-5.433	-9.697
2837	43	-5.454	-9.706
2847	43	-5.475	-9.716
2857	43	-5.496	-9.726
2867	43	-5.517	-9.735
2877	43	-5.538	-9.745
2887	43	-5.559	-9.755
2897	43	-5.581	-9.764
2907	43	-5.602	-9.774
2917	43	-5.623	-9.784
2927	43	-5.644	-9.794
2937	43	-5.840	-9.823
2947	43	-6.446	-9.901
2957	43	-7.060	-9.974
2967	43	-7.709	-10.031
2977	43	-8.358	-10.088
1967	44	-3.038	4.954
1977	44	-3.046	4.289
1987	44	-3.055	3.624
1997	44	-3.070	2.962
2007	44	-3.137	2.319
2017	44	-3.205	1.675
2027	44	-3.248	1.007
2037	44	-3.285	0.332
2047	44	-3.322	-0.343
2057	44	-3.440	-1.106
2067	44	-3.558	-1.869
2077	44	-3.523	-2.576
2087	44	-3.417	-3.214
2097	44	-3.263	-3.769
2107	44	-3.130	-4.299
2117	44	-3.075	-4.730
2127	44	-3.033	-5.179
2137	44	-3.022	-5.671
2147	44	-3.013	-6.152
2157	44	-3.033	-6.527
2167	44	-3.053	-6.903
2177	44	-3.162	-7.191
2187	44	-3.361	-7.390
2197	44	-3.631	-7.710
2207	44	-3.919	-8.059
2217	44	-4.160	-8.224
2227	44	-4.401	-8.389
2237	44	-4.594	-8.522
2247	44	-4.590	-8.530
2257	44	-4.587	-8.537
2267	44	-4.583	-8.545
2277	44	-4.579	-8.552
2287	44	-4.576	-8.560
2297	44	-4.572	-8.567
2307	44	-4.569	-8.575
2317	44	-4.565	-8.582
2327	44	-4.562	-8.590
2337	44	-4.558	-8.597
2347	44	-4.555	-8.605
2357	44	-4.551	-8.612
2367	44	-4.548	-8.620
2377	44	-4.544	-8.627
2387	44	-4.541	-8.635
2397	44	-4.537	-8.642
2407	44	-4.534	-8.650
2417	44	-4.530	-8.657
2427	44	-4.527	-8.665
2437	44	-4.523	-8.672
2447	44	-4.520	-8.680
2457	44	-4.516	-8.687
2467	44	-4.512	-8.695
2477	44	-4.509	-8.702
2487	44	-4.505	-8.710
2497	44	-4.502	-8.717
2507	44	-4.498	-8.725
2517	44	-4.495	-8.732
2527	44	-4.491	-8.740
2537	44	-4.488	-8.747
2547	44	-4.484	-8.755
2557	44	-4.481	-8.762
2567	44	-4.477	-8.770
2577	44	-4.474	-8.777
2587	44	-4.470	-8.785
2597	44	-4.467	-8.792
2607	44	-4.400	-8.769
2617	44	-4.240	-8.701
2627	44	-4.112	-8.597
2637	44	-4.063	-8.414
2647	44	-4.014	-8.230
2657	44	-3.965	-8.047
2667	44	-3.723	-7.902
2677	44	-3.352	-7.783
2687	44	-2.913	-7.661
2697	44	-2.405	-7.536
2707	44	-1.903	-7.428
2717	44	-1.428	-7.386
2727	44	-0.952	-7.344
2737	44	-0.492	-7.305
2747	44	-0.098	-7.273
2757	44	0.295	-7.241
2767	44	0.576	-7.218
2777	44	0.593	-7.212
2787	44	0.610	-7.206
2797	44	0.627	-7.200
2807	44	0.644	-7.194
2817	44	0.661	-7.188
2827	44	0.678	-7.182
2837	44	0.695	-7.176
2847	44	0.712	-7.171
2857	44	0.729	-7.165
2867	44	0.746	-7.159
2877	44	0.763	-7.153
2887	44	0.780	-7.147
2897	44	0.797	-7.141
2907	44	0.814	-7.135
2917	44	0.831	-7.129
2927	44	0.848	-7.124
2937	44	0.859	-7.116
2947	44	0.863	-7.107
2957	44	0.867	-7.097
2967	44	0.871	-7.088
2977	44	0.875	-7.078
2987	44	0.879	-7.069
2997	44	0.883	-7.059
3007	44	0.887	-7.050
3017	44	0.891	-7.041
3027	44	0.895	-7.031
3037	44	0.899	-7.022
3047	44	0.903	-7.012
3057	44	0.907	-7.003
3067	44	0.911	-6.994
3077	44	0.915	-6.984
3087	44	0.919	-6.975
3097	44	0.923	-6.965
3107	44	0.927	-6.956
3117	44	0.931	-6.947
3127	44	0.935	-6.937
3137	44	0.939	-6.928
3147	44	0.943	-6.918
3157	44	0.947	-6.909
3167	44	0.951	-6.900
3177	44	0.955	-6.890
3187	44	0.959	-6.881
3197	44	0.989	-6.825
3207	44	1.029	-6.748
3217	44	1.070	-6.672
3227	44	1.094	-6.644
3237	44	1.100	-6.664
3247	44	1.107	-6.684
3257	44	1.114	-6.703
3267	44	1.121	-6.723
3277	44	1.128	-6.743
3287	44	1.135	-6.763
3297	44	1.142	-6.783
3307	44	1.149	-6.802
3317	44	1.155	-6.822
3327	44	1.162	-6.842
3337	44	1.169	-6.862
3347	44	1.176	-6.882
3357	44	1.183	-6.901
3367	44	1.190	-6.921
3377	44	1.191	-6.944
3387	44	1.182	-6.972
3397	44	1.174	-7.000
3407	44	1.166	-7.028
3417	44	1.158	-7.056
3427	44	1.150	-7.083
3437	44	1.141	-7.111
3447	44	1.133	-7.139
3457	44	1.125	-7.167
3467	44	1.117	-7.195
3477	44	1.108	-7.223
3487	44	1.100	-7.251
3497	44	1.092	-7.278
3507	44	1.090	-7.287
3517	44	1.091	-7.290
3527	44	1.091	-7.293
3537	44	1.092	-7.297
3547	44	1.092	-7.300
3557	44	1.093	-7.303
3567	44	1.093	-7.307
3577	44	1.093	-7.310
3587	44	1.094	-7.313
3597	44	1.094	-7.317
3607	44	1.095	-7.320
3617	44	1.095	-7.323
3627	44	1.095	-7.327
3637	44	1.096	-7.330
3647	44	1.096	-7.333
3657	44	1.097	-7.337
3667	44	1.097	-7.340
3677	44	1.097	-7.343
3687	44	1.098	-7.347
3697	44	1.098	-7.350
3707	44	1.099	-7.353
3717	44	1.099	-7.357
3727	44	1.099	-7.360
3737	44	1.100	-7.363
3747	44	1.100	-7.367
3757	44	1.101	-7.370
3767	44	1.101	-7.373
3777	44	1.101	-7.377
3787	44	1.102	-7.380
3797	44	1.102	-7.383
3807	44	1.103	-7.387
3817	44	1.103	-7.390
3827	44	1.103	-7.394
3837	44	1.104	-7.397
3847	44	1.104	-7.400
3857	44	1.105	-7.404
3867	44	1.105	-7.407
3877	44	1.105	-7.410
3887	44	1.106	-7.414
3897	44	1.106	-7.417
3907	44	1.107	-7.420
3917	44	1.107	-7.424
3927	44	1.107	-7.427
3937	44	1.108	-7.430
3947	44	1.108	-7.434
3957	44	1.109	-7.437
3967	44	1.109	-7.440
3977	44	1.109	-7.444
3987	44	1.110	-7.447
3997	44	1.110	-7.450
4007	44	1.111	-7.454
4017	44	1.111	-7.457
4027	44	1.111	-7.460
4037	44	1.112	-7.464
4047	44	1.112	-7.467
4057	44	1.113	-7.470
4067	44	1.113	-7.474
4077	44	1.113	-7.477
4087	44	1.114	-7.480
4097	44	1.114	-7.484
4107	44	1.115	-7.487
4117	44	1.115	-7.490
4127	44	1.115	-7.494
4137	44	1.116	-7.497
4147	44	1.115	-7.491
4157	44	1.110	-7.449
4167	44	1.105	-7.408
4177	44	1.100	-7.366
4187	44	1.095	-7.324
4197	44	1.090	-7.282
4207	44	1.085	-7.240
4217	44	1.080	-7.198
4227	44	1.075	-7.156
4237	44	1.070	-7.115
4247	44	1.065	-7.073
4257	44	1.072	-7.100
4267	44	1.080	-7.135
4277	44	1.089	-7.170
4287	44	1.097	-7.205
4297	44	1.106	-7.239
4307	44	1.114	-7.274
4317	44	1.122	-7.309
4327	44	1.131	-7.344
4337	44	1.139	-7.379
4347	44	1.148	-7.414
4357	44	1.156	-7.449
4367	44	1.165	-7.483
4377	44	1.165	-7.507
4387	44	1.159	-7.523
4397	44	1.153	-7.539
4407	44	1.147	-7.556
4417	44	1.142	-7.572
4427	44	1.136	-7.588
4437	44	1.130	-7.604
4447	44	1.125	-7.620
4457	44	1.119	-7.636
4467	44	1.113	-7.653
4477	44	1.107	-7.669
4487	44	1.102	-7.685
4497	44	1.096	-7.701
4507	44	1.090	-7.717
4517	44	1.084	-7.734
4527	44	1.079	-7.750
4537	44	1.073	-7.766
4547	44	1.067	-7.782
4557	44	1.062	-7.798
4567	44	1.056	-7.814
4577	44	1.050	-7.831
4587	44	1.044	-7.847
4597	44	1.039	-7.863
4607	44	1.033	-7.879
4617	44	1.027	-7.895
4627	44	1.021	-7.911
4637	44	1.016	-7.928
4647	44	1.016	-7.930
4657	44	1.024	-7.910
4667	44	1.032	-7.891
4677	44	1.040	-7.872
4687	44	1.049	-7.853
4697	44	1.057	-7.833
4707	44	1.065	-7.814
4717	44	1.073	-7.795
4727	44	1.082	-7.775
4737	44	1.090	-7.756
4747	44	1.098	-7.737
4757	44	1.106	-7.718
4767	44	1.114	-7.698
4777	44	1.133	-7.649
4787	44	1.154	-7.592
4797	44	1.175	-7.536
4807	44	1.196	-7.479
4817	44	1.217	-7.422
4827	44	1.238	-7.365
4837	44	1.238	-7.341
4847	44	1.226	-7.339
4857	44	1.213	-7.337
4867	44	1.200	-7.335
4877	44	1.187	-7.333
4887	44	1.174	-7.331
4897	44	1.162	-7.330
4907	44	1.149	-7.328
4917	44	1.136	-7.326
4927	44	1.123	-7.324
4937	44	1.111	-7.322
4947	44	1.098	-7.320
4957	44	1.085	-7.318
4967	44	1.072	-7.316
4977	44	1.060	-7.314
4987	44	1.047	-7.312
4997	44	1.034	-7.310
5007	44	1.021	-7.308
5017	44	1.009	-7.306
5027	44	0.996	-7.304
5037	44	0.983	-7.302
5047	44	0.970	-7.300
5057	44	0.958	-7.298
5067	44	0.945	-7.296
5077	44	0.932	-7.294
5087	44	0.919	-7.292
5097	44	0.907	-7.290
5107	44	0.894	-7.288
5117	44	0.881	-7.286
5127	44	0.868	-7.284
5137	44	0.856	-7.282
5147	44	0.843	-7.280
5157	44	0.830	-7.278
5167	44	0.817	-7.276
5177	44	0.805	-7.274
5187	44	0.446	-7.362
5197	44	0.088	-7.449
5207	44	-0.126	-7.762
5217	44	-0.324	-8.101
5227	44	-0.452	-8.519
5237	44	-0.564	-8.957
5247	44	-0.632	-9.428
5257	44	-0.682	-9.914
2077	45	-2.492	4.679
2087	45	-2.492	4.197
2097	45	-2.447	3.695
2107	45	-2.371	3.181
2117	45	-2.296	2.667
2127	45	-2.212	2.182
2137	45	-2.120	1.724
2147	45	-2.028	1.267
2157	45	-1.978	0.805
2167	45	-1.992	0.337
2177	45	-2.005	-0.131
2187	45	-2.019	-0.599
2197	45	-1.995	-1.077
2207	45	-1.946	-1.560
2217	45	-1.897	-2.044
2227	45	-1.848	-2.528
2237	45	-1.837	-2.994
2247	45	-1.831	-3.458
2257	45	-1.825	-3.922
2267	45	-1.819	-4.386
2277	45	-1.850	-4.850
2287	45	-1.896	-5.313
2297	45	-1.943	-5.776
2307	45	-1.989	-6.239
2317	45	-2.064	-6.700
2327	45	-2.145	-7.162
2337	45	-2.227	-7.623
2347	45	-2.292	-8.093
2357	45	-2.317	-8.581
2367	45	-2.342	-9.070
2377	45	-2.367	-9.558
2387	45	-2.391	-10.047
2087	46	-2.204	4.903
2097	46	-2.110	4.326
2107	46	-2.016	3.749
2117	46	-1.925	3.168
2127	46	-1.835	2.588
2137	46	-1.692	2.089
2147	46	-1.537	1.611
2157	46	-1.401	1.117
2167	46	-1.311	0.587
2177	46	-1.221	0.058
2187	46	-1.171	-0.443
2197	46	-1.137	-0.930
2207	46	-1.104	-1.418
2217	46	-1.099	-1.911
2227	46	-1.114	-2.407
2237	46	-1.129	-2.902
2247	46	-1.147	-3.401
2257	46	-1.193	-3.919
2267	46	-1.240	-4.438
2277	46	-1.287	-4.956
2287	46	-1.330	-5.463
2297	46	-1.360	-5.923
2307	46	-1.390	-6.383
2317	46	-1.420	-6.842
2327	46	-1.451	-7.302
2337	46	-1.450	-7.755
2347	46	-1.446	-8.208
2357	46	-1.442	-8.660
2367	46	-1.438	-9.113
2377	46	-1.435	-9.565
2387	46	-1.431	-10.018
2087	47	-0.000	5.149
2097	47	-0.185	4.893
2107	47	-0.371	4.638
2117	47	-0.551	4.376
2127	47	-0.708	4.091
2137	47	-0.866	3.806
2147	47	-0.997	3.494
2157	47	-1.089	3.140
2167	47	-1.181	2.787
2177	47	-1.265	2.422
2187	47	-1.327	2.031
2197	47	-1.390	1.640
2207	47	-1.430	1.251
2217	47	-1.438	0.866
2227	47	-1.445	0.480
2237	47	-1.452	0.095
2247	47	-1.407	-0.292
2257	47	-1.348	-0.680
2267	47	-1.290	-1.067
2277	47	-1.232	-1.455
2287	47	-1.226	-1.850
2297	47	-1.233	-2.248
2307	47	-1.240	-2.645
2317	47	-1.251	-3.044
2327	47	-1.278	-3.451
2337	47	-1.304	-3.858
2347	47	-1.331	-4.264
2357	47	-1.358	-4.663
2367	47	-1.386	-5.042
2377	47	-1.413	-5.421
2387	47	-1.441	-5.800
2397	47	-1.468	-6.179
2407	47	-1.499	-6.584
2417	47	-1.530	-7.005
2427	47	-1.562	-7.427
2437	47	-1.594	-7.848
2447	47	-1.626	-8.269
2457	47	-1.648	-8.656
2467	47	-1.667	-9.028
2477	47	-1.685	-9.401
2487	47	-1.704	-9.773
2497	47	-1.722	-10.145
2187	48	-1.539	5.019
2197	48	-1.515	4.911
2207	48	-1.603	4.794
2217	48	-1.765	4.670
2227	48	-1.913	4.507
2237	48	-2.004	4.189
2247	48	-2.090	3.837
2257	48	-2.160	3.351
2267	48	-2.230	2.865
2277	48	-2.197	2.334
2287	48	-2.095	1.773
2297	48	-1.993	1.213
2307	48	-1.926	0.695
2317	48	-1.867	0.187
2327	48	-1.809	-0.321
2337	48	-1.742	-0.745
2347	48	-1.672	-1.134
2357	48	-1.612	-1.536
2367	48	-1.635	-2.059
2377	48	-1.659	-2.582
2387	48	-1.685	-3.153
2397	48	-1.712	-3.729
2407	48	-1.739	-4.305
2417	48	-1.617	-4.782
2427	48	-1.494	-5.258
2437	48	-1.371	-5.734
2447	48	-1.241	-6.180
2457	48	-1.100	-6.581
2467	48	-0.958	-6.983
2477	48	-0.825	-7.384
2487	48	-0.774	-7.786
2497	48	-0.722	-8.188
2507	48	-0.680	-8.598
2517	48	-0.727	-9.079
2527	48	-0.775	-9.560
2537	48	-0.823	-10.041
2187	49	-2.199	4.851
2197	49	-2.187	4.546
2207	49	-2.248	4.280
2217	49	-2.418	4.073
2227	49	-2.588	3.866
2237	49	-2.707	3.383
2247	49	-2.798	2.842
2257	49	-2.746	2.411
2267	49	-2.701	1.981
2277	49	-2.719	1.554
2287	49	-2.737	1.128
2297	49	-2.751	0.692
2307	49	-2.751	0.220
2317	49	-2.751	-0.251
2327	49	-2.751	-0.723
2337	49	-2.720	-1.210
2347	49	-2.681	-1.701
2357	49	-2.642	-2.192
2367	49	-2.603	-2.684
2377	49	-2.568	-3.109
2387	49	-2.534	-3.518
2397	49	-2.500	-3.927
2407	49	-2.466	-4.336
2417	49	-2.333	-4.787
2427	49	-2.199	-5.238
2437	49	-2.066	-5.689
2447	49	-1.950	-6.132
2457	49	-1.872	-6.557
2467	49	-1.795	-6.981
2477	49	-1.718	-7.405
2487	49	-1.649	-7.822
2497	49	-1.586	-8.235
2507	49	-1.523	-8.649
2517	49	-1.460	-9.062
2527	49	-1.500	-9.456
2537	49	-1.552	-9.848
2547	49	-1.604	-10.240
2327	50	-2.204	4.583
2337	50	-2.144	4.061
2347	50	-2.084	3.544
2357	50	-2.021	3.041
2367	50	-1.958	2.538
2377	50	-1.895	2.036
2387	50	-1.854	1.530
2397	50	-1.814	1.024
2407	50	-1.773	0.517
2417	50	-1.719	0.022
2427	50	-1.661	-0.472
2437	50	-1.604	-0.965
2447	50	-1.546	-1.459
2457	50	-1.492	-1.929
2467	50	-1.446	-2.344
2477	50	-1.401	-2.759
2487	50	-1.356	-3.174
2497	50	-1.304	-3.607
2507	50	-1.239	-4.081
2517	50	-1.175	-4.555
2527	50	-1.110	-5.028
2537	50	-1.068	-5.500
2547	50	-1.080	-5.964
2557	50	-1.093	-6.429
2567	50	-1.105	-6.894
2577	50	-1.118	-7.358
2587	50	-1.137	-7.813
2597	50	-1.156	-8.268
2607	50	-1.175	-8.723
2617	50	-1.194	-9.179
2627	50	-1.248	-9.629
2637	50	-1.301	-10.080
2327	51	-2.657	4.635
2337	51	-2.603	4.108
2347	51	-2.550	3.582
2357	51	-2.499	3.057
2367	51	-2.451	2.534
2377	51	-2.403	2.012
2387	51	-2.355	1.489
2397	51	-2.311	0.991
2407	51	-2.268	0.509
2417	51	-2.226	0.028
2427	51	-2.184	-0.454
2437	51	-2.134	-0.930
2447	51	-2.066	-1.391
2457	51	-1.998	-1.853
2467	51	-1.930	-2.314
2477	51	-1.861	-2.777
2487	51	-1.778	-3.255
2497	51	-1.696	-3.732
2507	51	-1.614	-4.209
2517	51	-1.531	-4.687
2527	51	-1.537	-5.130
2537	51	-1.543	-5.573
2547	51	-1.549	-6.017
2557	51	-1.555	-6.460
2567	51	-1.568	-6.913
2577	51	-1.586	-7.371
2587	51	-1.603	-7.830
2597	51	-1.621	-8.289
2607	51	-1.645	-8.747
2617	51	-1.693	-9.205
2627	51	-1.740	-9.663
2637	51	-1.788	-10.122
2347	52	-3.997	4.510
2357	52	-3.997	3.965
2367	52	-3.999	3.421
2377	52	-4.007	2.882
2387	52	-4.016	2.344
2397	52	-4.019	1.808
2407	52	-3.977	1.297
2417	52	-3.934	0.786
2427	52	-3.892	0.275
2437	52	-3.850	-0.236
2447	52	-3.812	-0.746
2457	52	-3.792	-1.251
2467	52	-3.772	-1.755
2477	52	-3.752	-2.260
2487	52	-3.739	-2.759
2497	52	-3.744	-3.243
2507	52	-3.749	-3.728
2517	52	-3.755	-4.212
2527	52	-3.760	-4.697
2537	52	-3.759	-5.178
2547	52	-3.735	-5.650
2557	52	-3.712	-6.122
2567	52	-3.688	-6.594
2577	52	-3.601	-7.045
2587	52	-3.506	-7.494
2597	52	-3.412	-7.943
2607	52	-3.318	-8.392
2617	52	-3.309	-8.848
2627	52	-3.384	-9.311
2637	52	-3.460	-9.774
2647	52	-3.536	-10.236
2387	53	-2.916	4.641
2397	53	-2.892	4.155
2407	53	-2.867	3.668
2417	53	-2.843	3.161
2427	53	-2.817	2.634
2437	53	-2.792	2.107
2447	53	-2.767	1.579
2457	53	-2.800	1.063
2467	53	-2.923	0.565
2477	53	-3.046	0.066
2487	53	-3.168	-0.432
2497	53	-3.215	-0.950
2507	53	-3.243	-1.472
2517	53	-3.271	-1.995
2527	53	-3.295	-2.512
2537	53	-3.283	-2.981
2547	53	-3.270	-3.451
2557	53	-3.257	-3.921
2567	53	-3.245	-4.391
2577	53	-3.250	-4.898
2587	53	-3.256	-5.405
2597	53	-3.262	-5.913
2607	53	-3.268	-6.420
2617	53	-3.262	-6.931
2627	53	-3.249	-7.443
2637	53	-3.235	-7.956
2647	53	-3.221	-8.468
2657	53	-3.197	-8.957
2667	53	-3.171	-9.439
2677	53	-3.144	-9.921
2687	53	-3.117	-10.403
2487	54	-2.837	-10.189
2497	54	-2.862	-9.714
2507	54	-2.887	-9.240
2517	54	-2.906	-8.763
2527	54	-2.900	-8.273
2537	54	-2.894	-7.782
2547	54	-2.887	-7.292
2557	54	-2.881	-6.802
2567	54	-2.795	-6.311
2577	54	-2.708	-5.820
2587	54	-2.622	-5.328
2597	54	-2.524	-4.846
2607	54	-2.409	-4.376
2617	54	-2.295	-3.906
2627	54	-2.180	-3.436
2637	54	-2.132	-2.915
2647	54	-2.084	-2.394
2657	54	-2.035	-1.873
2667	54	-1.987	-1.352
2677	54	-1.870	-0.868
2687	54	-1.722	-0.399
2697	54	-1.575	0.070
2707	54	-1.428	0.539
2717	54	-1.138	0.926
2727	54	-0.849	1.313
2737	54	-0.521	1.657
2747	54	-0.138	1.937
2757	54	0.249	2.213
2767	54	0.662	2.447
2777	54	1.076	2.681
2787	54	1.467	2.898
2797	54	1.823	3.089
2807	54	2.180	3.280
2817	54	2.547	3.449
2827	54	2.950	3.529
2837	54	3.353	3.610
2847	54	3.757	3.690
2857	54	4.160	3.770
2867	54	4.563	3.851
2877	54	4.966	3.931
2917	55	0.578	5.099
2927	55	0.388	4.349
2937	55	0.199	3.600
2947	55	-0.004	2.823
2957	55	-0.221	2.020
2967	55	-0.424	1.224
2977	55	-0.506	0.502
2987	55	-0.589	-0.220
2997	55	-0.667	-0.991
3007	55	-0.745	-1.767
3017	55	-0.823	-2.543
3027	55	-0.853	-3.292
3037	55	-0.877	-4.038
3047	55	-0.901	-4.783
3057	55	-0.823	-5.503
3067	55	-0.701	-6.211
3077	55	-0.579	-6.920
3087	55	-0.483	-7.582
3097	55	-0.448	-8.137
3107	55	-0.414	-8.691
3117	55	-0.368	-9.229
3127	55	-0.298	-9.726
3137	55	-0.229	-10.223
2977	56	-2.161	4.912
2987	56	-2.062	4.296
2997	56	-1.964	3.680
3007	56	-1.857	3.073
3017	56	-1.731	2.488
3027	56	-1.605	1.902
3037	56	-1.480	1.317
3047	56	-1.346	0.759
3057	56	-1.213	0.201
3067	56	-1.079	-0.356
3077	56	-0.959	-0.888
3087	56	-0.853	-1.395
3097	56	-0.746	-1.902
3107	56	-0.640	-2.408
3117	56	-0.503	-2.932
3127	56	-0.346	-3.467
3137	56	-0.189	-4.002
3147	56	-0.031	-4.537
3157	56	0.084	-5.079
3167	56	0.190	-5.623
3177	56	0.295	-6.167
3187	56	0.423	-6.670
3197	56	0.565	-7.146
3207	56	0.708	-7.622
3217	56	0.845	-8.077
3227	56	0.979	-8.511
3237	56	1.112	-8.945
3247	56	1.246	-9.379
3257	56	1.551	-9.611
3267	56	1.855	-9.843
3277	56	2.158	-9.952
3287	56	2.459	-10.009
2977	57	-2.661	4.875
2987	57	-2.598	4.287
2997	57	-2.536	3.700
3007	57	-2.462	3.099
3017	57	-2.363	2.466
3027	57	-2.264	1.833
3037	57	-2.164	1.200
3047	57	-2.038	0.627
3057	57	-1.908	0.061
3067	57	-1.778	-0.506
3077	57	-1.647	-1.071
3087	57	-1.514	-1.633
3097	57	-1.381	-2.195
3107	57	-1.247	-2.758
3117	57	-1.106	-3.292
3127	57	-0.960	-3.807
3137	57	-0.814	-4.322
3147	57	-0.676	-4.836
3157	57	-0.551	-5.350
3167	57	-0.425	-5.863
3177	57	-0.301	-6.377
3187	57	-0.200	-6.896
3197	57	-0.100	-7.416
3207	57	0.001	-7.935
3217	57	0.140	-8.450
3227	57	0.316	-8.961
3237	57	0.492	-9.472
3247	57	0.774	-9.853
3257	57	1.101	-10.178
3027	58	-0.880	-10.128
3037	58	-0.919	-9.749
3047	58	-0.959	-9.370
3057	58	-1.001	-8.988
3067	58	-1.051	-8.598
3077	58	-1.101	-8.209
3087	58	-1.179	-7.844
3097	58	-1.268	-7.489
3107	58	-1.357	-7.133
3117	58	-1.415	-6.748
3127	58	-1.442	-6.333
3137	58	-1.468	-5.917
3147	58	-1.495	-5.502
3157	58	-1.526	-5.079
3167	58	-1.561	-4.652
3177	58	-1.595	-4.225
3187	58	-1.630	-3.798
3197	58	-1.660	-3.371
3207	58	-1.643	-2.942
3217	58	-1.626	-2.512
3227	58	-1.610	-2.083
3237	58	-1.593	-1.653
3247	58	-1.601	-1.219
3257	58	-1.644	-0.777
3267	58	-1.687	-0.336
3277	58	-1.730	0.106
3287	58	-1.781	0.551
3297	58	-1.858	1.008
3307	58	-1.936	1.465
3317	58	-2.014	1.922
3327	58	-2.107	2.383
3337	58	-2.260	2.861
3347	58	-2.412	3.339
3357	58	-2.565	3.817
3367	58	-2.554	4.244
3377	58	-2.502	4.657
3387	58	-2.450	5.071
3037	59	-1.896	-10.293
3047	59	-1.911	-9.879
3057	59	-1.926	-9.465
3067	59	-1.941	-9.051
3077	59	-1.994	-8.642
3087	59	-2.074	-8.236
3097	59	-2.153	-7.830
3107	59	-2.232	-7.424
3117	59	-2.314	-6.994
3127	59	-2.395	-6.565
3137	59	-2.477	-6.135
3147	59	-2.508	-5.705
3157	59	-2.489	-5.277
3167	59	-2.470	-4.848
3177	59	-2.451	-4.419
3187	59	-2.437	-3.999
3197	59	-2.431	-3.591
3207	59	-2.425	-3.183
3217	59	-2.419	-2.775
3227	59	-2.413	-2.361
3237	59	-2.405	-1.922
3247	59	-2.398	-1.482
3257	59	-2.391	-1.042
3267	59	-2.478	-0.602
3277	59	-2.629	-0.161
3287	59	-2.780	0.280
3297	59	-2.910	0.729
3307	59	-3.018	1.185
3317	59	-3.127	1.642
3327	59	-3.198	2.113
3337	59	-3.213	2.606
3347	59	-3.227	3.099
3357	59	-3.242	3.592
3367	59	-3.226	4.032
3377	59	-3.203	4.460
3387	59	-3.180	4.888
3217	60	-1.017	-9.992
3227	60	-1.152	-9.508
3237	60	-1.233	-9.022
3247	60	-1.260	-8.535
3257	60	-1.287	-8.047
3267	60	-1.313	-7.559
3277	60	-1.329	-7.040
3287	60	-1.337	-6.498
3297	60	-1.345	-5.957
3307	60	-1.358	-5.429
3317	60	-1.380	-4.919
3327	60	-1.402	-4.410
3337	60	-1.423	-3.901
3347	60	-1.445	-3.392
3357	60	-1.514	-2.881
3367	60	-1.614	-2.368
3377	60	-1.714	-1.855
3387	60	-1.815	-1.343
3397	60	-1.928	-0.838
3407	60	-2.094	-0.363
3417	60	-2.260	0.111
3427	60	-2.425	0.586
3437	60	-2.590	1.109
3447	60	-2.753	1.666
3457	60	-2.916	2.222
3467	60	-3.068	2.782
3477	60	-3.119	3.372
3487	60	-3.169	3.961
3497	60	-3.220	4.551
3507	60	-3.271	5.141
3217	61	-0.140	-10.026
3227	61	-0.288	-9.570
3237	61	-0.435	-9.114
3247	61	-0.582	-8.657
3257	61	-0.650	-8.180
3267	61	-0.710	-7.699
3277	61	-0.769	-7.219
3287	61	-0.808	-6.728
3297	61	-0.815	-6.221
3307	61	-0.822	-5.713
3317	61	-0.830	-5.206
3327	61	-0.914	-4.684
3337	61	-1.008	-4.160
3347	61	-1.101	-3.636
3357	61	-1.194	-3.113
3367	61	-1.242	-2.565
3377	61	-1.291	-2.018
3387	61	-1.339	-1.471
3397	61	-1.387	-0.924
3407	61	-1.448	-0.389
3417	61	-1.515	0.142
3427	61	-1.581	0.672
3437	61	-1.648	1.203
3447	61	-1.765	1.716
3457	61	-1.895	2.225
3467	61	-2.025	2.734
3477	61	-2.154	3.243
3487	61	-2.276	3.739
3497	61	-2.395	4.232
3507	61	-2.514	4.725
3247	62	-0.631	-9.890
3257	62	-0.670	-9.433
3267	62	-0.708	-8.976
3277	62	-0.729	-8.520
3287	62	-0.735	-8.065
3297	62	-0.740	-7.609
3307	62	-0.745	-7.154
3317	62	-0.751	-6.699
3327	62	-0.770	-6.227
3337	62	-0.798	-5.743
3347	62	-0.826	-5.259
3357	62	-0.854	-4.775
3367	62	-0.883	-4.291
3377	62	-0.962	-3.777
3387	62	-1.041	-3.263
3397	62	-1.120	-2.748
3407	62	-1.191	-2.226
3417	62	-1.250	-1.693
3427	62	-1.308	-1.159
3437	62	-1.367	-0.625
3447	62	-1.428	-0.087
3457	62	-1.492	0.456
3467	62	-1.557	1.000
3477	62	-1.622	1.544
3487	62	-1.687	2.088
3497	62	-1.702	2.661
3507	62	-1.716	3.234
3517	62	-1.730	3.807
3527	62	-1.745	4.380
3537	62	-1.759	4.953
3247	63	-1.207	-10.055
3257	63	-1.262	-9.637
3267	63	-1.317	-9.219
3277	63	-1.366	-8.796
3287	63	-1.408	-8.364
3297	63	-1.450	-7.933
3307	63	-1.483	-7.481
3317	63	-1.496	-6.984
3327	63	-1.509	-6.486
3337	63	-1.522	-5.988
3347	63	-1.549	-5.490
3357	63	-1.608	-4.990
3367	63	-1.667	-4.491
3377	63	-1.726	-3.991
3387	63	-1.785	-3.491
3397	63	-1.840	-2.949
3407	63	-1.894	-2.402
3417	63	-1.949	-1.855
3427	63	-2.003	-1.308
3437	63	-2.069	-0.755
3447	63	-2.142	-0.197
3457	63	-2.215	0.361
3467	63	-2.288	0.919
3477	63	-2.315	1.456
3487	63	-2.321	1.984
3497	63	-2.327	2.512
3507	63	-2.334	3.041
3517	63	-2.369	3.573
3527	63	-2.424	4.109
3537	63	-2.479	4.645
3307	64	-2.546	-9.992
3317	64	-2.513	-9.368
3327	64	-2.479	-8.745
3337	64	-2.447	-8.118
3347	64	-2.415	-7.487
3357	64	-2.384	-6.857
3367	64	-2.352	-6.227
3377	64	-2.356	-5.616
3387	64	-2.396	-5.023
3397	64	-2.436	-4.430
3407	64	-2.476	-3.838
3417	64	-2.531	-3.209
3427	64	-2.596	-2.556
3437	64	-2.661	-1.902
3447	64	-2.725	-1.249
3457	64	-2.756	-0.606
3467	64	-2.787	0.038
3477	64	-2.818	0.681
3487	64	-2.849	1.325
3497	64	-2.874	1.957
3507	64	-2.898	2.586
3517	64	-2.921	3.215
3527	64	-2.933	3.797
3537	64	-2.933	4.332
3547	64	-2.933	4.867
3327	65	-3.807	-9.904
3337	65	-3.830	-9.292
3347	65	-3.852	-8.680
3357	65	-3.852	-8.065
3367	65	-3.800	-7.444
3377	65	-3.748	-6.823
3387	65	-3.696	-6.202
3397	65	-3.668	-5.507
3407	65	-3.646	-4.794
3417	65	-3.624	-4.082
3427	65	-3.601	-3.375
3437	65	-3.577	-2.684
3447	65	-3.552	-1.993
3457	65	-3.528	-1.302
3467	65	-3.504	-0.610
3477	65	-3.519	0.039
3487	65	-3.535	0.688
3497	65	-3.550	1.337
3507	65	-3.559	1.958
3517	65	-3.563	2.559
3527	65	-3.568	3.160
3537	65	-3.572	3.761
3547	65	-3.577	4.363
3557	65	-3.581	4.964
3327	66	-1.887	4.772
3337	66	-1.789	4.209
3347	66	-1.680	3.654
3357	66	-1.562	3.107
3367	66	-1.437	2.572
3377	66	-1.296	2.065
3387	66	-1.155	1.557
3397	66	-1.015	1.049
3407	66	-0.876	0.519
3417	66	-0.738	-0.017
3427	66	-0.600	-0.553
3437	66	-0.517	-1.086
3447	66	-0.471	-1.618
3457	66	-0.425	-2.150
3467	66	-0.388	-2.689
3477	66	-0.354	-3.229
3487	66	-0.320	-3.769
3497	66	-0.286	-4.309
3507	66	-0.255	-4.837
3517	66	-0.224	-5.364
3527	66	-0.194	-5.892
3537	66	-0.102	-6.402
3547	66	0.032	-6.900
3557	66	0.165	-7.397
3567	66	0.298	-7.895
3577	66	0.476	-8.335
3587	66	0.659	-8.769
3597	66	0.855	-9.174
3607	66	1.105	-9.462
3617	66	1.356	-9.750
3627	66	1.618	-9.969
3637	66	1.905	-10.027
3647	66	2.193	-10.086
3657	66	2.481	-10.144
3557	67	-4.179	4.972
3567	67	-4.153	4.053
3577	67	-4.127	3.133
3587	67	-4.023	2.209
3597	67	-3.919	1.285
3607	67	-3.816	0.361
3617	67	-3.764	-0.545
3627	67	-3.764	-1.431
3637	67	-3.764	-2.317
3647	67	-3.759	-3.198
3657	67	-3.737	-4.059
3667	67	-3.714	-4.920
3677	67	-3.691	-5.781
3687	67	-3.669	-6.642
3697	67	-3.682	-7.495
3707	67	-3.719	-8.342
3717	67	-3.756	-9.190
3727	67	-3.793	-10.037
3767	68	-2.607	-10.265
3777	68	-2.442	-9.792
3787	68	-2.277	-9.319
3797	68	-2.118	-8.849
3807	68	-2.011	-8.412
3817	68	-1.905	-7.974
3827	68	-1.798	-7.536
3837	68	-1.713	-7.093
3847	68	-1.713	-6.631
3857	68	-1.713	-6.168
3867	68	-1.713	-5.706
3877	68	-1.747	-5.245
3887	68	-1.816	-4.786
3897	68	-1.884	-4.327
3907	68	-1.952	-3.868
3917	68	-2.082	-3.406
3927	68	-2.237	-2.944
3937	68	-2.393	-2.481
3947	68	-2.553	-2.020
3957	68	-2.716	-1.559
3967	68	-2.878	-1.099
3977	68	-2.996	-0.607
3987	68	-3.070	-0.084
3997	68	-3.144	0.439
4007	68	-3.188	0.974
4017	68	-3.219	1.514
4027	68	-3.249	2.054
4037	68	-3.244	2.602
4047	68	-3.156	3.168
4057	68	-3.067	3.734
4067	68	-2.979	4.301
4077	68	-2.891	4.867
3917	69	-2.098	4.844
3927	69	-2.023	4.253
3937	69	-1.948	3.662
3947	69	-1.861	3.080
3957	69	-1.747	2.516
3967	69	-1.634	1.952
3977	69	-1.531	1.388
3987	69	-1.523	0.825
3997	69	-1.516	0.262
4007	69	-1.508	-0.301
4017	69	-1.510	-0.867
4027	69	-1.517	-1.435
4037	69	-1.524	-2.003
4047	69	-1.531	-2.572
4057	69	-1.531	-3.045
4067	69	-1.531	-3.509
4077	69	-1.531	-3.972
4087	69	-1.496	-4.177
4097	69	-1.461	-4.382
4107	69	-1.445	-4.495
4117	69	-1.434	-4.585
4127	69	-1.429	-4.637
4137	69	-1.434	-4.632
4147	69	-1.438	-4.627
4157	69	-1.442	-4.622
4167	69	-1.447	-4.617
4177	69	-1.451	-4.612
4187	69	-1.455	-4.607
4197	69	-1.460	-4.602
4207	69	-1.464	-4.597
4217	69	-1.468	-4.592
4227	69	-1.472	-4.587
4237	69	-1.477	-4.582
4247	69	-1.481	-4.577
4257	69	-1.485	-4.572
4267	69	-1.490	-4.567
4277	69	-1.494	-4.563
4287	69	-1.498	-4.558
4297	69	-1.503	-4.553
4307	69	-1.507	-4.548
4317	69	-1.511	-4.543
4327	69	-1.516	-4.538
4337	69	-1.520	-4.533
4347	69	-1.524	-4.528
4357	69	-1.529	-4.523
4367	69	-1.533	-4.518
4377	69	-1.537	-4.513
4387	69	-1.542	-4.508
4397	69	-1.546	-4.503
4407	69	-1.550	-4.498
4417	69	-1.554	-4.493
4427	69	-1.559	-4.488
4437	69	-1.563	-4.483
4447	69	-1.567	-4.478
4457	69	-1.572	-4.473
4467	69	-1.576	-4.468
4477	69	-1.580	-4.463
4487	69	-1.585	-4.458
4497	69	-1.589	-4.453
4507	69	-1.593	-4.448
4517	69	-1.598	-4.443
4527	69	-1.602	-4.438
4537	69	-1.606	-4.433
4547	69	-1.609	-4.430
4557	69	-1.610	-4.432
4567	69	-1.610	-4.434
4577	69	-1.610	-4.436
4587	69	-1.610	-4.437
4597	69	-1.610	-4.439
4607	69	-1.610	-4.441
4617	69	-1.610	-4.442
4627	69	-1.611	-4.444
4637	69	-1.611	-4.446
4647	69	-1.611	-4.447
4657	69	-1.611	-4.449
4667	69	-1.611	-4.451
4677	69	-1.611	-4.453
4687	69	-1.612	-4.454
4697	69	-1.612	-4.456
4707	69	-1.612	-4.458
4717	69	-1.612	-4.459
4727	69	-1.612	-4.461
4737	69	-1.612	-4.463
4747	69	-1.612	-4.465
4757	69	-1.613	-4.466
4767	69	-1.613	-4.468
4777	69	-1.613	-4.470
4787	69	-1.613	-4.471
4797	69	-1.613	-4.473
4807	69	-1.613	-4.475
4817	69	-1.614	-4.476
4827	69	-1.614	-4.478
4837	69	-1.614	-4.480
4847	69	-1.614	-4.482
4857	69	-1.614	-4.483
4867	69	-1.614	-4.485
4877	69	-1.615	-4.487
4887	69	-1.615	-4.488
4897	69	-1.615	-4.490
4907	69	-1.615	-4.492
4917	69	-1.615	-4.493
4927	69	-1.615	-4.495
4937	69	-1.615	-4.497
4947	69	-1.616	-4.499
4957	69	-1.616	-4.500
4967	69	-1.616	-4.502
4977	69	-1.616	-4.504
4987	69	-1.616	-4.505
4997	69	-1.616	-4.507
5007	69	-1.617	-4.509
5017	69	-1.617	-4.510
5027	69	-1.617	-4.512
5037	69	-1.617	-4.514
5047	69	-1.617	-4.516
5057	69	-1.617	-4.517
5067	69	-1.617	-4.519
5077	69	-1.618	-4.521
5087	69	-1.618	-4.522
5097	69	-1.618	-4.524
5107	69	-1.618	-4.526
5117	69	-1.618	-4.527
5127	69	-1.618	-4.529
5137	69	-1.619	-4.531
5147	69	-1.619	-4.533
5157	69	-1.619	-4.534
5167	69	-1.619	-4.536
5177	69	-1.619	-4.538
5187	69	-1.619	-4.539
5197	69	-1.620	-4.541
5207	69	-1.620	-4.543
5217	69	-1.620	-4.544
5227	69	-1.620	-4.546
5237	69	-1.620	-4.548
5247	69	-1.620	-4.550
5257	69	-1.620	-4.551
5267	69	-1.621	-4.553
5277	69	-1.621	-4.555
5287	69	-1.621	-4.556
5297	69	-1.621	-4.558
5307	69	-1.621	-4.560
5317	69	-1.621	-4.561
5327	69	-1.622	-4.563
5337	69	-1.622	-4.565
5347	69	-1.622	-4.567
5357	69	-1.622	-4.568
5367	69	-1.622	-4.570
5377	69	-1.622	-4.572
5387	69	-1.622	-4.573
5397	69	-1.623	-4.575
5407	69	-1.623	-4.577
5417	69	-1.623	-4.578
5427	69	-1.623	-4.580
5437	69	-1.623	-4.582
5447	69	-1.623	-4.584
5457	69	-1.624	-4.585
5467	69	-1.624	-4.587
5477	69	-1.624	-4.589
5487	69	-1.624	-4.590
5497	69	-1.624	-4.592
5507	69	-1.624	-4.594
5517	69	-1.625	-4.595
5527	69	-1.625	-4.597
5537	69	-1.625	-4.599
5547	69	-1.625	-4.601
5557	69	-1.625	-4.602
5567	69	-1.625	-4.604
5577	69	-1.625	-4.606
5587	69	-1.626	-4.607
5597	69	-1.626	-4.609
5607	69	-1.626	-4.611
5617	69	-1.626	-4.613
5627	69	-1.626	-4.614
5637	69	-1.626	-4.616
5647	69	-1.627	-4.618
5657	69	-1.627	-4.619
5667	69	-1.627	-4.621
5677	69	-1.627	-4.623
5687	69	-1.627	-4.624
5697	69	-1.627	-4.626
5707	69	-1.627	-4.628
5717	69	-1.628	-4.630
5727	69	-1.628	-4.631
5737	69	-1.628	-4.633
5747	69	-1.628	-4.635
5757	69	-1.628	-4.636
5767	69	-1.628	-4.638
5777	69	-1.629	-4.640
5787	69	-1.629	-4.641
5797	69	-1.629	-4.643
5807	69	-1.629	-4.645
5817	69	-1.629	-4.647
5827	69	-1.629	-4.648
5837	69	-1.629	-4.650
5847	69	-1.630	-4.652
5857	69	-1.630	-4.653
5867	69	-1.630	-4.655
5877	69	-1.630	-4.657
5887	69	-1.630	-4.658
5897	69	-1.630	-4.660
5907	69	-1.631	-4.662
5917	69	-1.631	-4.664
5927	69	-1.631	-4.665
5937	69	-1.631	-4.667
5947	69	-1.631	-4.669
5957	69	-1.631	-4.670
5967	69	-1.632	-4.672
5977	69	-1.632	-4.674
5987	69	-1.632	-4.675
5997	69	-1.632	-4.677
6007	69	-1.632	-4.679
6017	69	-1.632	-4.681
6027	69	-1.632	-4.682
6037	69	-1.633	-4.684
6047	69	-1.633	-4.686
6057	69	-1.633	-4.687
6067	69	-1.633	-4.689
6077	69	-1.633	-4.691
6087	69	-1.633	-4.692
6097	69	-1.634	-4.694
6107	69	-1.634	-4.696
6117	69	-1.634	-4.698
6127	69	-1.634	-4.699
6137	69	-1.634	-4.701
6147	69	-1.634	-4.703
6157	69	-1.634	-4.704
6167	69	-1.635	-4.706
6177	69	-1.635	-4.708
6187	69	-1.635	-4.709
6197	69	-1.635	-4.711
6207	69	-1.636	-4.710
6217	69	-1.642	-4.683
6227	69	-1.648	-4.656
6237	69	-1.654	-4.629
6247	69	-1.660	-4.602
6257	69	-1.667	-4.575
6267	69	-1.673	-4.548
6277	69	-1.679	-4.521
6287	69	-1.685	-4.494
6297	69	-1.691	-4.467
6307	69	-1.697	-4.440
6317	69	-1.703	-4.413
6327	69	-1.709	-4.386
6337	69	-1.725	-4.346
6347	69	-1.755	-4.287
6357	69	-1.786	-4.227
6367	69	-1.816	-4.168
6377	69	-1.848	-4.118
6387	69	-1.901	-4.146
6397	69	-1.954	-4.174
6407	69	-2.007	-4.201
6417	69	-2.059	-4.229
6427	69	-2.112	-4.257
6437	69	-2.182	-4.284
6447	69	-2.318	-4.305
6457	69	-2.454	-4.326
6467	69	-2.589	-4.348
6477	69	-2.725	-4.369
6487	69	-2.823	-4.380
6497	69	-2.920	-4.391
6507	69	-3.017	-4.401
6517	69	-3.018	-4.349
6527	69	-2.995	-4.280
6537	69	-2.972	-4.212
6547	69	-2.949	-4.144
6557	69	-2.934	-4.097
6567	69	-2.936	-4.101
6577	69	-2.939	-4.105
6587	69	-2.941	-4.109
6597	69	-2.944	-4.112
6607	69	-2.946	-4.116
6617	69	-2.948	-4.120
6627	69	-2.951	-4.124
6637	69	-2.953	-4.128
6647	69	-2.956	-4.132
6657	69	-2.958	-4.135
6667	69	-2.961	-4.139
6677	69	-2.963	-4.143
6687	69	-2.966	-4.147
6697	69	-2.968	-4.151
6707	69	-2.970	-4.155
6717	69	-2.973	-4.158
6727	69	-2.975	-4.162
6737	69	-2.978	-4.166
6747	69	-2.980	-4.170
6757	69	-2.983	-4.174
6767	69	-2.985	-4.178
6777	69	-2.988	-4.181
6787	69	-2.990	-4.185
6797	69	-2.992	-4.189
6807	69	-2.995	-4.193
6817	69	-2.997	-4.197
6827	69	-3.000	-4.201
6837	69	-3.002	-4.205
6847	69	-3.005	-4.208
6857	69	-3.007	-4.212
6867	69	-3.009	-4.216
6877	69	-3.012	-4.220
6887	69	-3.014	-4.224
6897	69	-3.017	-4.228
6907	69	-3.019	-4.231
6917	69	-3.022	-4.235
6927	69	-3.024	-4.239
6937	69	-3.027	-4.243
6947	69	-3.029	-4.247
6957	69	-3.031	-4.251
6967	69	-3.034	-4.254
6977	69	-3.036	-4.258
6987	69	-3.039	-4.262
6997	69	-3.041	-4.266
7007	69	-3.044	-4.270
7017	69	-3.046	-4.274
7027	69	-3.049	-4.277
7037	69	-3.051	-4.281
7047	69	-3.053	-4.285
7057	69	-3.056	-4.289
7067	69	-3.058	-4.293
7077	69	-3.061	-4.297
7087	69	-3.063	-4.300
7097	69	-3.066	-4.304
7107	69	-3.068	-4.308
7117	69	-3.071	-4.312
7127	69	-3.073	-4.316
7137	69	-3.075	-4.320
7147	69	-3.078	-4.323
7157	69	-3.080	-4.327
7167	69	-3.083	-4.331
7177	69	-3.085	-4.335
7187	69	-3.088	-4.339
7197	69	-3.059	-4.326
7207	69	-3.000	-4.296
7217	69	-2.940	-4.267
7227	69	-2.881	-4.237
7237	69	-2.821	-4.208
7247	69	-2.803	-4.199
7257	69	-2.803	-4.200
7267	69	-2.803	-4.200
7277	69	-2.803	-4.201
7287	69	-2.803	-4.201
7297	69	-2.803	-4.202
7307	69	-2.803	-4.202
7317	69	-2.802	-4.203
7327	69	-2.802	-4.204
7337	69	-2.802	-4.204
7347	69	-2.802	-4.205
7357	69	-2.802	-4.205
7367	69	-2.802	-4.206
7377	69	-2.802	-4.206
7387	69	-2.802	-4.207
7397	69	-2.802	-4.207
7407	69	-2.801	-4.208
7417	69	-2.801	-4.208
7427	69	-2.801	-4.209
7437	69	-2.801	-4.210
7447	69	-2.801	-4.210
7457	69	-2.801	-4.211
7467	69	-2.801	-4.211
7477	69	-2.801	-4.212
7487	69	-2.801	-4.212
7497	69	-2.800	-4.213
7507	69	-2.800	-4.213
7517	69	-2.800	-4.214
7527	69	-2.800	-4.215
7537	69	-2.800	-4.215
7547	69	-2.800	-4.216
7557	69	-2.800	-4.216
7567	69	-2.800	-4.217
7577	69	-2.800	-4.217
7587	69	-2.799	-4.218
7597	69	-2.799	-4.218
7607	69	-2.799	-4.219
7617	69	-2.799	-4.219
7627	69	-2.799	-4.220
7637	69	-2.799	-4.221
7647	69	-2.799	-4.221
7657	69	-2.799	-4.222
7667	69	-2.799	-4.222
7677	69	-2.798	-4.223
7687	69	-2.798	-4.223
7697	69	-2.798	-4.224
7707	69	-2.798	-4.224
7717	69	-2.798	-4.225
7727	69	-2.798	-4.226
7737	69	-2.798	-4.226
7747	69	-2.798	-4.227
7757	69	-2.798	-4.227
7767	69	-2.797	-4.228
7777	69	-2.797	-4.228
7787	69	-2.797	-4.229
7797	69	-2.797	-4.229
7807	69	-2.797	-4.230
7817	69	-2.797	-4.230
7827	69	-2.797	-4.231
7837	69	-2.797	-4.232
7847	69	-2.797	-4.232
7857	69	-2.796	-4.233
7867	69	-2.796	-4.233
7877	69	-2.796	-4.234
7887	69	-2.796	-4.234
7897	69	-2.796	-4.235
7907	69	-2.796	-4.235
7917	69	-2.796	-4.236
7927	69	-2.796	-4.237
7937	69	-2.796	-4.237
7947	69	-2.795	-4.238
7957	69	-2.795	-4.238
7967	69	-2.795	-4.239
7977	69	-2.795	-4.239
7987	69	-2.795	-4.240
7997	69	-2.795	-4.240
8007	69	-2.795	-4.241
8017	69	-2.795	-4.241
8027	69	-2.795	-4.242
8037	69	-2.794	-4.243
8047	69	-2.794	-4.243
8057	69	-2.794	-4.244
8067	69	-2.794	-4.244
8077	69	-2.794	-4.245
8087	69	-2.794	-4.245
8097	69	-2.794	-4.246
8107	69	-2.794	-4.246
8117	69	-2.794	-4.247
8127	69	-2.793	-4.247
8137	69	-2.793	-4.248
8147	69	-2.793	-4.249
8157	69	-2.793	-4.249
8167	69	-2.793	-4.250
8177	69	-2.793	-4.250
8187	69	-2.793	-4.251
8197	69	-2.793	-4.251
8207	69	-2.793	-4.252
8217	69	-2.792	-4.252
8227	69	-2.792	-4.253
8237	69	-2.792	-4.254
8247	69	-2.792	-4.254
8257	69	-2.792	-4.255
8267	69	-2.792	-4.255
8277	69	-2.792	-4.256
8287	69	-2.792	-4.256
8297	69	-2.792	-4.257
8307	69	-2.791	-4.257
8317	69	-2.791	-4.258
8327	69	-2.791	-4.258
8337	69	-2.791	-4.259
8347	69	-2.791	-4.260
8357	69	-2.791	-4.260
8367	69	-2.791	-4.261
8377	69	-2.791	-4.261
8387	69	-2.791	-4.262
8397	69	-2.790	-4.262
8407	69	-2.790	-4.263
8417	69	-2.790	-4.263
8427	69	-2.790	-4.264
8437	69	-2.790	-4.265
8447	69	-2.790	-4.265
8457	69	-2.790	-4.266
8467	69	-2.790	-4.266
8477	69	-2.790	-4.267
8487	69	-2.789	-4.267
8497	69	-2.789	-4.268
8507	69	-2.789	-4.268
8517	69	-2.789	-4.269
8527	69	-2.789	-4.269
8537	69	-2.789	-4.270
8547	69	-2.789	-4.271
8557	69	-2.789	-4.271
8567	69	-2.789	-4.272
8577	69	-2.788	-4.272
8587	69	-2.788	-4.273
8597	69	-2.788	-4.273
8607	69	-2.788	-4.274
8617	69	-2.788	-4.274
8627	69	-2.788	-4.275
8637	69	-2.788	-4.276
8647	69	-2.788	-4.276
8657	69	-2.788	-4.277
8667	69	-2.788	-4.277
8677	69	-2.787	-4.278
8687	69	-2.787	-4.278
8697	69	-2.787	-4.279
8707	69	-2.787	-4.279
8717	69	-2.787	-4.280
8727	69	-2.787	-4.280
8737	69	-2.787	-4.281
8747	69	-2.787	-4.282
8757	69	-2.787	-4.282
8767	69	-2.786	-4.283
8777	69	-2.786	-4.283
8787	69	-2.786	-4.284
8797	69	-2.786	-4.284
8807	69	-2.786	-4.285
8817	69	-2.786	-4.285
8827	69	-2.786	-4.286
8837	69	-2.786	-4.287
8847	69	-2.786	-4.287
8857	69	-2.785	-4.288
8867	69	-2.785	-4.288
8877	69	-2.785	-4.289
8887	69	-2.785	-4.289
8897	69	-2.785	-4.290
8907	69	-2.785	-4.290
8917	69	-2.785	-4.291
8927	69	-2.785	-4.291
8937	69	-2.785	-4.292
8947	69	-2.784	-4.293
8957	69	-2.784	-4.293
8967	69	-2.784	-4.294
8977	69	-2.784	-4.294
8987	69	-2.784	-4.295
8997	69	-2.784	-4.295
9007	69	-2.784	-4.296
9017	69	-2.784	-4.296
9027	69	-2.784	-4.297
9037	69	-2.783	-4.298
9047	69	-2.783	-4.298
9057	69	-2.783	-4.299
9067	69	-2.783	-4.299
9077	69	-2.783	-4.300
9087	69	-2.783	-4.300
9097	69	-2.783	-4.301
9107	69	-2.783	-4.301
9117	69	-2.783	-4.302
9127	69	-2.782	-4.302
9137	69	-2.782	-4.303
9147	69	-2.782	-4.304
9157	69	-2.782	-4.304
9167	69	-2.782	-4.305
9177	69	-2.782	-4.305
9187	69	-2.782	-4.306
9197	69	-2.782	-4.306
9207	69	-2.782	-4.307
9217	69	-2.781	-4.307
9227	69	-2.781	-4.308
9237	69	-2.781	-4.309
9247	69	-2.781	-4.309
9257	69	-2.781	-4.310
9267	69	-2.781	-4.310
9277	69	-2.781	-4.311
9287	69	-2.781	-4.311
9297	69	-2.781	-4.312
9307	69	-2.780	-4.312
9317	69	-2.780	-4.313
9327	69	-2.780	-4.313
9337	69	-2.780	-4.314
9347	69	-2.780	-4.315
9357	69	-2.780	-4.315
9367	69	-2.780	-4.316
9377	69	-2.780	-4.316
9387	69	-2.780	-4.317
9397	69	-2.779	-4.317
9407	69	-2.779	-4.318
9417	69	-2.779	-4.318
9427	69	-2.779	-4.319
9437	69	-2.779	-4.320
9447	69	-2.779	-4.320
9457	69	-2.779	-4.321
9467	69	-2.779	-4.321
9477	69	-2.779	-4.322
9487	69	-2.778	-4.322
9497	69	-2.778	-4.323
9507	69	-2.778	-4.323
9517	69	-2.778	-4.324
9527	69	-2.778	-4.324
9537	69	-2.778	-4.325
9547	69	-2.778	-4.326
9557	69	-2.778	-4.326
9567	69	-2.778	-4.327
9577	69	-2.777	-4.327
9587	69	-2.755	-4.429
9597	69	-2.681	-4.766
9607	69	-2.745	-5.066
9617	69	-2.824	-5.361
9627	69	-2.891	-5.723
9637	69	-2.950	-6.129
9647	69	-2.994	-6.574
9657	69	-3.018	-7.077
9667	69	-3.041	-7.562
9677	69	-3.062	-7.974
9687	69	-3.082	-8.385
9697	69	-3.102	-8.796
9707	69	-3.131	-9.190
9717	69	-3.172	-9.556
9727	69	-3.213	-9.923
9737	69	-3.254	-10.289
3917	70	-2.907	5.091
3927	70	-2.855	4.494
3937	70	-2.803	3.897
3947	70	-2.751	3.299
3957	70	-2.584	2.691
3967	70	-2.416	2.083
3977	70	-2.249	1.476
3987	70	-2.191	0.889
3997	70	-2.145	0.305
4007	70	-2.099	-0.280
4017	70	-2.102	-0.844
4027	70	-2.154	-1.387
4037	70	-2.206	-1.931
4047	70	-2.232	-2.450
4057	70	-2.232	-2.943
4067	70	-2.232	-3.436
4077	70	-2.180	-3.795
4087	70	-2.094	-4.064
4097	70	-2.007	-4.333
4107	70	-1.979	-4.245
4117	70	-1.958	-4.118
4127	70	-1.917	-4.051
4137	70	-1.858	-4.044
4147	70	-1.798	-4.037
4157	70	-1.739	-4.030
4167	70	-1.679	-4.023
4177	70	-1.662	-4.020
4187	70	-1.663	-4.018
4197	70	-1.664	-4.017
4207	70	-1.665	-4.016
4217	70	-1.666	-4.014
4227	70	-1.667	-4.013
4237	70	-1.668	-4.012
4247	70	-1.669	-4.010
4257	70	-1.670	-4.009
4267	70	-1.671	-4.007
4277	70	-1.672	-4.006
4287	70	-1.673	-4.005
4297	70	-1.674	-4.003
4307	70	-1.675	-4.002
4317	70	-1.676	-4.001
4327	70	-1.677	-3.999
4337	70	-1.678	-3.998
4347	70	-1.679	-3.997
4357	70	-1.680	-3.995
4367	70	-1.681	-3.994
4377	70	-1.682	-3.993
4387	70	-1.683	-3.991
4397	70	-1.684	-3.990
4407	70	-1.685	-3.989
4417	70	-1.686	-3.987
4427	70	-1.687	-3.986
4437	70	-1.688	-3.985
4447	70	-1.689	-3.983
4457	70	-1.690	-3.982
4467	70	-1.691	-3.980
4477	70	-1.692	-3.979
4487	70	-1.693	-3.978
4497	70	-1.694	-3.976
4507	70	-1.695	-3.975
4517	70	-1.696	-3.974
4527	70	-1.697	-3.972
4537	70	-1.698	-3.971
4547	70	-1.699	-3.970
4557	70	-1.700	-3.968
4567	70	-1.701	-3.967
4577	70	-1.702	-3.966
4587	70	-1.703	-3.964
4597	70	-1.704	-3.963
4607	70	-1.705	-3.962
4617	70	-1.706	-3.960
4627	70	-1.707	-3.959
4637	70	-1.708	-3.958
4647	70	-1.709	-3.956
4657	70	-1.710	-3.955
4667	70	-1.711	-3.953
4677	70	-1.712	-3.952
4687	70	-1.713	-3.951
4697	70	-1.714	-3.949
4707	70	-1.715	-3.948
4717	70	-1.716	-3.947
4727	70	-1.717	-3.945
4737	70	-1.718	-3.944
4747	70	-1.719	-3.943
4757	70	-1.720	-3.941
4767	70	-1.721	-3.940
4777	70	-1.722	-3.939
4787	70	-1.723	-3.937
4797	70	-1.724	-3.936
4807	70	-1.725	-3.935
4817	70	-1.726	-3.933
4827	70	-1.727	-3.932
4837	70	-1.728	-3.931
4847	70	-1.729	-3.929
4857	70	-1.730	-3.928
4867	70	-1.731	-3.927
4877	70	-1.732	-3.925
4887	70	-1.733	-3.924
4897	70	-1.734	-3.922
4907	70	-1.735	-3.921
4917	70	-1.736	-3.920
4927	70	-1.737	-3.918
4937	70	-1.738	-3.917
4947	70	-1.739	-3.916
4957	70	-1.740	-3.914
4967	70	-1.741	-3.913
4977	70	-1.742	-3.912
4987	70	-1.743	-3.910
4997	70	-1.744	-3.909
5007	70	-1.745	-3.908
5017	70	-1.746	-3.906
5027	70	-1.747	-3.905
5037	70	-1.748	-3.904
5047	70	-1.749	-3.902
5057	70	-1.750	-3.901
5067	70	-1.751	-3.900
5077	70	-1.752	-3.898
5087	70	-1.753	-3.897
5097	70	-1.754	-3.895
5107	70	-1.755	-3.894
5117	70	-1.756	-3.893
5127	70	-1.757	-3.891
5137	70	-1.758	-3.890
5147	70	-1.759	-3.889
5157	70	-1.760	-3.887
5167	70	-1.761	-3.886
5177	70	-1.762	-3.885
5187	70	-1.763	-3.883
5197	70	-1.764	-3.882
5207	70	-1.765	-3.881
5217	70	-1.766	-3.879
5227	70	-1.767	-3.878
5237	70	-1.768	-3.877
5247	70	-1.769	-3.875
5257	70	-1.770	-3.874
5267	70	-1.771	-3.873
5277	70	-1.772	-3.871
5287	70	-1.773	-3.870
5297	70	-1.774	-3.868
5307	70	-1.775	-3.867
5317	70	-1.776	-3.866
5327	70	-1.777	-3.864
5337	70	-1.778	-3.863
5347	70	-1.779	-3.862
5357	70	-1.780	-3.860
5367	70	-1.781	-3.859
5377	70	-1.782	-3.858
5387	70	-1.783	-3.856
5397	70	-1.784	-3.855
5407	70	-1.785	-3.854
5417	70	-1.786	-3.852
5427	70	-1.787	-3.851
5437	70	-1.788	-3.850
5447	70	-1.789	-3.848
5457	70	-1.790	-3.847
5467	70	-1.791	-3.846
5477	70	-1.792	-3.844
5487	70	-1.793	-3.843
5497	70	-1.794	-3.842
5507	70	-1.795	-3.840
5517	70	-1.796	-3.839
5527	70	-1.797	-3.837
5537	70	-1.798	-3.836
5547	70	-1.799	-3.835
5557	70	-1.800	-3.833
5567	70	-1.801	-3.832
5577	70	-1.802	-3.831
5587	70	-1.803	-3.829
5597	70	-1.804	-3.828
5607	70	-1.805	-3.827
5617	70	-1.806	-3.825
5627	70	-1.807	-3.824
5637	70	-1.808	-3.823
5647	70	-1.809	-3.821
5657	70	-1.810	-3.820
5667	70	-1.811	-3.819
5677	70	-1.812	-3.817
5687	70	-1.813	-3.816
5697	70	-1.814	-3.815
5707	70	-1.815	-3.813
5717	70	-1.816	-3.812
5727	70	-1.817	-3.810
5737	70	-2.051	-3.809
5747	70	-2.284	-3.809
5757	70	-2.450	-3.781
5767	70	-2.616	-3.753
5777	70	-2.792	-3.726
5787	70	-2.976	-3.699
5797	70	-3.160	-3.671
5807	70	-3.289	-3.660
5817	70	-3.334	-3.673
5827	70	-3.380	-3.686
5837	70	-3.425	-3.699
5847	70	-3.450	-3.706
5857	70	-3.445	-3.704
5867	70	-3.440	-3.703
5877	70	-3.435	-3.701
5887	70	-3.430	-3.700
5897	70	-3.425	-3.698
5907	70	-3.421	-3.697
5917	70	-3.416	-3.695
5927	70	-3.411	-3.694
5937	70	-3.406	-3.692
5947	70	-3.401	-3.691
5957	70	-3.396	-3.689
5967	70	-3.391	-3.688
5977	70	-3.386	-3.686
5987	70	-3.381	-3.685
5997	70	-3.376	-3.683
6007	70	-3.371	-3.682
6017	70	-3.366	-3.680
6027	70	-3.361	-3.679
6037	70	-3.356	-3.677
6047	70	-3.351	-3.676
6057	70	-3.346	-3.674
6067	70	-3.341	-3.673
6077	70	-3.336	-3.671
6087	70	-3.331	-3.670
6097	70	-3.326	-3.669
6107	70	-3.321	-3.667
6117	70	-3.316	-3.666
6127	70	-3.311	-3.664
6137	70	-3.307	-3.663
6147	70	-3.302	-3.661
6157	70	-3.297	-3.660
6167	70	-3.292	-3.658
6177	70	-3.287	-3.657
6187	70	-3.282	-3.655
6197	70	-3.277	-3.654
6207	70	-3.272	-3.652
6217	70	-3.267	-3.651
6227	70	-3.262	-3.649
6237	70	-3.257	-3.648
6247	70	-3.252	-3.646
6257	70	-3.247	-3.645
6267	70	-3.242	-3.643
6277	70	-3.237	-3.642
6287	70	-3.232	-3.640
6297	70	-3.227	-3.639
6307	70	-3.222	-3.637
6317	70	-3.217	-3.636
6327	70	-3.212	-3.634
6337	70	-3.207	-3.633
6347	70	-3.202	-3.631
6357	70	-3.198	-3.630
6367	70	-3.193	-3.629
6377	70	-3.188	-3.627
6387	70	-3.183	-3.626
6397	70	-3.178	-3.624
6407	70	-3.173	-3.623
6417	70	-3.168	-3.621
6427	70	-3.163	-3.620
6437	70	-3.158	-3.618
6447	70	-3.153	-3.617
6457	70	-3.148	-3.615
6467	70	-3.143	-3.614
6477	70	-3.138	-3.612
6487	70	-3.133	-3.611
6497	70	-3.128	-3.609
6507	70	-3.123	-3.608
6517	70	-3.118	-3.606
6527	70	-3.114	-3.606
6537	70	-3.111	-3.609
6547	70	-3.107	-3.612
6557	70	-3.104	-3.615
6567	70	-3.101	-3.618
6577	70	-3.097	-3.621
6587	70	-3.094	-3.624
6597	70	-3.091	-3.627
6607	70	-3.088	-3.631
6617	70	-3.084	-3.634
6627	70	-3.081	-3.637
6637	70	-3.078	-3.640
6647	70	-3.075	-3.643
6657	70	-3.071	-3.646
6667	70	-3.068	-3.649
6677	70	-3.065	-3.652
6687	70	-3.062	-3.655
6697	70	-3.058	-3.658
6707	70	-3.055	-3.661
6717	70	-3.052	-3.664
6727	70	-3.049	-3.667
6737	70	-3.045	-3.670
6747	70	-3.042	-3.673
6757	70	-3.039	-3.676
6767	70	-3.035	-3.679
6777	70	-3.032	-3.682
6787	70	-3.029	-3.685
6797	70	-3.026	-3.688
6807	70	-3.022	-3.691
6817	70	-3.019	-3.694
6827	70	-3.016	-3.697
6837	70	-3.013	-3.700
6847	70	-3.009	-3.704
6857	70	-3.006	-3.707
6867	70	-3.003	-3.710
6877	70	-3.000	-3.713
6887	70	-2.996	-3.716
6897	70	-2.993	-3.719
6907	70	-2.990	-3.722
6917	70	-2.986	-3.725
6927	70	-2.983	-3.728
6937	70	-2.980	-3.731
6947	70	-2.977	-3.734
6957	70	-2.973	-3.737
6967	70	-2.970	-3.740
6977	70	-2.967	-3.743
6987	70	-2.964	-3.746
6997	70	-2.960	-3.749
7007	70	-2.959	-3.751
7017	70	-2.959	-3.751
7027	70	-2.959	-3.752
7037	70	-2.959	-3.752
7047	70	-2.959	-3.753
7057	70	-2.959	-3.754
7067	70	-2.959	-3.754
7077	70	-2.959	-3.755
7087	70	-2.959	-3.755
7097	70	-2.959	-3.756
7107	70	-2.959	-3.757
7117	70	-2.959	-3.757
7127	70	-2.959	-3.758
7137	70	-2.959	-3.758
7147	70	-2.959	-3.759
7157	70	-2.959	-3.760
7167	70	-2.959	-3.760
7177	70	-2.959	-3.761
7187	70	-2.959	-3.761
7197	70	-2.959	-3.762
7207	70	-2.959	-3.763
7217	70	-2.959	-3.763
7227	70	-2.959	-3.764
7237	70	-2.959	-3.764
7247	70	-2.959	-3.765
7257	70	-2.959	-3.765
7267	70	-2.959	-3.766
7277	70	-2.959	-3.767
7287	70	-2.959	-3.767
7297	70	-2.959	-3.768
7307	70	-2.959	-3.768
7317	70	-2.959	-3.769
7327	70	-2.959	-3.770
7337	70	-2.959	-3.770
7347	70	-2.959	-3.771
7357	70	-2.959	-3.771
7367	70	-2.959	-3.772
7377	70	-2.959	-3.773
7387	70	-2.959	-3.773
7397	70	-2.959	-3.774
7407	70	-2.959	-3.774
7417	70	-2.959	-3.775
7427	70	-2.959	-3.775
7437	70	-2.959	-3.776
7447	70	-2.959	-3.777
7457	70	-2.959	-3.777
7467	70	-2.959	-3.778
7477	70	-2.959	-3.778
7487	70	-2.959	-3.779
7497	70	-2.959	-3.780
7507	70	-2.959	-3.780
7517	70	-2.959	-3.781
7527	70	-2.959	-3.781
7537	70	-2.959	-3.782
7547	70	-2.959	-3.783
7557	70	-2.959	-3.783
7567	70	-2.959	-3.784
7577	70	-2.959	-3.784
7587	70	-2.959	-3.785
7597	70	-2.959	-3.786
7607	70	-2.959	-3.786
7617	70	-2.959	-3.787
7627	70	-2.959	-3.787
7637	70	-2.959	-3.788
7647	70	-2.959	-3.788
7657	70	-2.959	-3.789
7667	70	-2.959	-3.790
7677	70	-2.959	-3.790
7687	70	-2.959	-3.791
7697	70	-2.959	-3.791
7707	70	-2.959	-3.792
7717	70	-2.959	-3.793
7727	70	-2.959	-3.793
7737	70	-2.959	-3.794
7747	70	-2.959	-3.794
7757	70	-2.959	-3.795
7767	70	-2.959	-3.796
7777	70	-2.959	-3.796
7787	70	-2.959	-3.797
7797	70	-2.959	-3.797
7807	70	-2.959	-3.798
7817	70	-2.959	-3.799
7827	70	-2.959	-3.799
7837	70	-2.959	-3.800
7847	70	-2.959	-3.800
7857	70	-2.959	-3.801
7867	70	-2.959	-3.801
7877	70	-2.959	-3.802
7887	70	-2.959	-3.803
7897	70	-2.959	-3.803
7907	70	-2.959	-3.804
7917	70	-2.959	-3.804
7927	70	-2.959	-3.805
7937	70	-2.959	-3.806
7947	70	-2.959	-3.806
7957	70	-2.959	-3.807
7967	70	-2.959	-3.807
7977	70	-2.959	-3.808
7987	70	-2.959	-3.809
7997	70	-2.959	-3.809
8007	70	-2.959	-3.810
8017	70	-2.959	-3.810
8027	70	-2.959	-3.811
8037	70	-2.959	-3.812
8047	70	-2.959	-3.812
8057	70	-2.959	-3.813
8067	70	-2.959	-3.813
8077	70	-2.959	-3.814
8087	70	-2.959	-3.814
8097	70	-2.959	-3.815
8107	70	-2.959	-3.816
8117	70	-2.959	-3.816
8127	70	-2.959	-3.817
8137	70	-2.959	-3.817
8147	70	-2.959	-3.818
8157	70	-2.959	-3.819
8167	70	-2.959	-3.819
8177	70	-2.959	-3.820
8187	70	-2.959	-3.820
8197	70	-2.959	-3.821
8207	70	-2.959	-3.822
8217	70	-2.959	-3.822
8227	70	-2.959	-3.823
8237	70	-2.959	-3.823
8247	70	-2.959	-3.824
8257	70	-2.959	-3.824
8267	70	-2.959	-3.825
8277	70	-2.959	-3.826
8287	70	-2.959	-3.826
8297	70	-2.959	-3.827
8307	70	-2.959	-3.827
8317	70	-2.959	-3.828
8327	70	-2.959	-3.829
8337	70	-2.959	-3.829
8347	70	-2.959	-3.830
8357	70	-2.959	-3.830
8367	70	-2.959	-3.831
8377	70	-2.959	-3.832
8387	70	-2.959	-3.832
8397	70	-2.959	-3.833
8407	70	-2.959	-3.833
8417	70	-2.959	-3.834
8427	70	-2.959	-3.835
8437	70	-2.959	-3.835
8447	70	-2.959	-3.836
8457	70	-2.959	-3.836
8467	70	-2.959	-3.837
8477	70	-2.959	-3.837
8487	70	-2.959	-3.838
8497	70	-2.959	-3.839
8507	70	-2.959	-3.839
8517	70	-2.959	-3.840
8527	70	-2.959	-3.840
8537	70	-2.959	-3.841
8547	70	-2.959	-3.842
8557	70	-2.959	-3.842
8567	70	-2.959	-3.843
8577	70	-2.959	-3.843
8587	70	-2.959	-3.844
8597	70	-2.959	-3.845
8607	70	-2.959	-3.845
8617	70	-2.959	-3.846
8627	70	-2.959	-3.846
8637	70	-2.959	-3.847
8647	70	-2.959	-3.848
8657	70	-2.959	-3.848
8667	70	-2.959	-3.849
8677	70	-2.959	-3.849
8687	70	-2.959	-3.850
8697	70	-2.959	-3.850
8707	70	-2.959	-3.851
8717	70	-2.959	-3.852
8727	70	-2.959	-3.852
8737	70	-2.959	-3.853
8747	70	-2.959	-3.853
8757	70	-2.959	-3.854
8767	70	-2.959	-3.855
8777	70	-2.959	-3.855
8787	70	-2.959	-3.856
8797	70	-2.959	-3.856
8807	70	-2.959	-3.857
8817	70	-2.959	-3.858
8827	70	-2.959	-3.858
8837	70	-2.959	-3.859
8847	70	-2.959	-3.859
8857	70	-2.959	-3.860
8867	70	-2.959	-3.860
8877	70	-2.959	-3.861
8887	70	-2.959	-3.862
8897	70	-2.959	-3.862
8907	70	-2.959	-3.863
8917	70	-2.959	-3.863
8927	70	-2.959	-3.864
8937	70	-2.959	-3.865
8947	70	-2.959	-3.865
8957	70	-2.959	-3.866
8967	70	-2.959	-3.866
8977	70	-2.959	-3.867
8987	70	-2.959	-3.868
8997	70	-2.959	-3.868
9007	70	-2.959	-3.869
9017	70	-2.959	-3.869
9027	70	-2.959	-3.870
9037	70	-2.959	-3.871
9047	70	-2.959	-3.871
9057	70	-2.959	-3.872
9067	70	-2.959	-3.872
9077	70	-2.959	-3.873
9087	70	-2.959	-3.873
9097	70	-2.959	-3.874
9107	70	-2.959	-3.875
9117	70	-2.959	-3.875
9127	70	-2.959	-3.876
9137	70	-2.959	-3.876
9147	70	-2.959	-3.877
9157	70	-2.959	-3.878
9167	70	-2.959	-3.878
9177	70	-2.959	-3.879
9187	70	-2.959	-3.879
9197	70	-2.959	-3.880
9207	70	-2.959	-3.881
9217	70	-2.959	-3.881
9227	70	-2.959	-3.882
9237	70	-2.959	-3.882
9247	70	-2.959	-3.883
9257	70	-2.959	-3.884
9267	70	-2.959	-3.884
9277	70	-2.959	-3.885
9287	70	-2.959	-3.885
9297	70	-2.959	-3.886
9307	70	-2.959	-3.886
9317	70	-2.959	-3.887
9327	70	-2.959	-3.888
9337	70	-2.959	-3.888
9347	70	-2.959	-3.889
9357	70	-2.959	-3.889
9367	70	-2.959	-3.890
9377	70	-2.959	-3.891
9387	70	-2.959	-3.891
9397	70	-2.959	-3.892
9407	70	-2.959	-3.892
9417	70	-2.959	-3.893
9427	70	-2.959	-3.894
9437	70	-2.959	-3.894
9447	70	-2.959	-3.895
9457	70	-2.959	-3.895
9467	70	-2.959	-3.896
9477	70	-2.959	-3.897
9487	70	-2.959	-3.897
9497	70	-2.959	-3.898
9507	70	-2.959	-3.898
9517	70	-2.959	-3.899
9527	70	-2.959	-3.899
9537	70	-2.959	-3.900
9547	70	-2.959	-3.901
9557	70	-2.959	-3.901
9567	70	-2.959	-3.902
9577	70	-3.062	-4.058
9587	70	-3.209	-4.281
9597	70	-3.356	-4.504
9607	70	-3.505	-4.896
9617	70	-3.655	-5.360
9627	70	-3.794	-5.823
9637	70	-3.842	-6.272
9647	70	-3.889	-6.720
9657	70	-3.936	-7.169
9667	70	-3.982	-7.596
9677	70	-4.028	-8.019
9687	70	-4.074	-8.441
9697	70	-4.113	-8.865
9707	70	-4.142	-9.289
9717	70	-4.172	-9.714
9727	70	-4.201	-10.139
9737	70	-4.231	-10.563
4007	71	-1.610	-10.243
4017	71	-1.744	-9.634
4027	71	-1.878	-9.024
4037	71	-2.012	-8.415
4047	71	-2.146	-7.811
4057	71	-2.279	-7.206
4067	71	-2.413	-6.601
4077	71	-2.519	-6.062
4087	71	-2.618	-5.540
4097	71	-2.594	-5.158
4107	71	-2.518	-4.837
4117	71	-2.345	-4.697
4127	71	-2.211	-4.579
4137	71	-2.236	-4.546
4147	71	-2.261	-4.514
4157	71	-2.286	-4.482
4167	71	-2.311	-4.450
4177	71	-2.336	-4.417
4187	71	-2.260	-4.478
4197	71	-2.183	-4.538
4207	71	-2.107	-4.599
4217	71	-2.087	-4.606
4227	71	-2.104	-4.578
4237	71	-2.121	-4.550
4247	71	-2.138	-4.523
4257	71	-2.155	-4.495
4267	71	-2.173	-4.467
4277	71	-2.190	-4.439
4287	71	-2.207	-4.411
4297	71	-2.224	-4.383
4307	71	-2.241	-4.355
4317	71	-2.258	-4.327
4327	71	-2.260	-4.330
4337	71	-2.262	-4.333
4347	71	-2.264	-4.336
4357	71	-2.265	-4.338
4367	71	-2.267	-4.341
4377	71	-2.269	-4.344
4387	71	-2.271	-4.347
4397	71	-2.273	-4.350
4407	71	-2.274	-4.352
4417	71	-2.276	-4.355
4427	71	-2.278	-4.358
4437	71	-2.280	-4.361
4447	71	-2.282	-4.363
4457	71	-2.283	-4.366
4467	71	-2.285	-4.369
4477	71	-2.287	-4.372
4487	71	-2.289	-4.374
4497	71	-2.290	-4.377
4507	71	-2.292	-4.380
4517	71	-2.294	-4.383
4527	71	-2.296	-4.386
4537	71	-2.298	-4.388
4547	71	-2.299	-4.391
4557	71	-2.301	-4.394
4567	71	-2.303	-4.397
4577	71	-2.305	-4.399
4587	71	-2.307	-4.402
4597	71	-2.308	-4.405
4607	71	-2.310	-4.408
4617	71	-2.312	-4.410
4627	71	-2.314	-4.413
4637	71	-2.316	-4.416
4647	71	-2.317	-4.419
4657	71	-2.319	-4.422
4667	71	-2.321	-4.424
4677	71	-2.323	-4.427
4687	71	-2.325	-4.430
4697	71	-2.326	-4.433
4707	71	-2.328	-4.435
4717	71	-2.330	-4.438
4727	71	-2.332	-4.441
4737	71	-2.334	-4.444
4747	71	-2.335	-4.446
4757	71	-2.337	-4.449
4767	71	-2.339	-4.452
4777	71	-2.341	-4.455
4787	71	-2.342	-4.458
4797	71	-2.344	-4.460
4807	71	-2.346	-4.463
4817	71	-2.348	-4.466
4827	71	-2.350	-4.469
4837	71	-2.351	-4.471
4847	71	-2.353	-4.474
4857	71	-2.355	-4.477
4867	71	-2.357	-4.480
4877	71	-2.359	-4.482
4887	71	-2.360	-4.485
4897	71	-2.362	-4.488
4907	71	-2.364	-4.491
4917	71	-2.366	-4.493
4927	71	-2.368	-4.496
4937	71	-2.369	-4.499
4947	71	-2.371	-4.502
4957	71	-2.373	-4.505
4967	71	-2.375	-4.507
4977	71	-2.377	-4.510
4987	71	-2.378	-4.513
4997	71	-2.380	-4.516
5007	71	-2.382	-4.518
5017	71	-2.384	-4.521
5027	71	-2.385	-4.524
5037	71	-2.387	-4.527
5047	71	-2.387	-4.529
5057	71	-2.385	-4.531
5067	71	-2.383	-4.534
5077	71	-2.381	-4.536
5087	71	-2.379	-4.538
5097	71	-2.377	-4.540
5107	71	-2.374	-4.542
5117	71	-2.372	-4.545
5127	71	-2.370	-4.547
5137	71	-2.368	-4.549
5147	71	-2.366	-4.551
5157	71	-2.364	-4.553
5167	71	-2.362	-4.555
5177	71	-2.360	-4.558
5187	71	-2.358	-4.560
5197	71	-2.356	-4.562
5207	71	-2.354	-4.564
5217	71	-2.352	-4.566
5227	71	-2.350	-4.569
5237	71	-2.348	-4.571
5247	71	-2.346	-4.573
5257	71	-2.344	-4.575
5267	71	-2.342	-4.577
5277	71	-2.340	-4.580
5287	71	-2.338	-4.582
5297	71	-2.336	-4.584
5307	71	-2.333	-4.586
5317	71	-2.331	-4.588
5327	71	-2.329	-4.591
5337	71	-2.327	-4.593
5347	71	-2.325	-4.595
5357	71	-2.323	-4.597
5367	71	-2.321	-4.599
5377	71	-2.319	-4.602
5387	71	-2.317	-4.604
5397	71	-2.315	-4.606
5407	71	-2.313	-4.608
5417	71	-2.311	-4.610
5427	71	-2.309	-4.613
5437	71	-2.307	-4.615
5447	71	-2.305	-4.617
5457	71	-2.303	-4.619
5467	71	-2.301	-4.621
5477	71	-2.299	-4.623
5487	71	-2.297	-4.626
5497	71	-2.295	-4.628
5507	71	-2.293	-4.630
5517	71	-2.290	-4.632
5527	71	-2.288	-4.634
5537	71	-2.286	-4.637
5547	71	-2.284	-4.639
5557	71	-2.282	-4.641
5567	71	-2.280	-4.643
5577	71	-2.278	-4.645
5587	71	-2.276	-4.648
5597	71	-2.274	-4.650
5607	71	-2.272	-4.652
5617	71	-2.270	-4.654
5627	71	-2.268	-4.656
5637	71	-2.266	-4.659
5647	71	-2.264	-4.661
5657	71	-2.262	-4.663
5667	71	-2.260	-4.665
5677	71	-2.258	-4.667
5687	71	-2.256	-4.670
5697	71	-2.254	-4.672
5707	71	-2.252	-4.674
5717	71	-2.249	-4.676
5727	71	-2.247	-4.678
5737	71	-2.245	-4.681
5747	71	-2.243	-4.683
5757	71	-2.241	-4.685
5767	71	-2.239	-4.687
5777	71	-2.237	-4.689
5787	71	-2.235	-4.691
5797	71	-2.233	-4.694
5807	71	-2.232	-4.697
5817	71	-2.231	-4.702
5827	71	-2.231	-4.707
5837	71	-2.230	-4.712
5847	71	-2.230	-4.716
5857	71	-2.229	-4.721
5867	71	-2.229	-4.726
5877	71	-2.228	-4.731
5887	71	-2.228	-4.735
5897	71	-2.227	-4.740
5907	71	-2.227	-4.745
5917	71	-2.226	-4.750
5927	71	-2.226	-4.754
5937	71	-2.225	-4.759
5947	71	-2.225	-4.764
5957	71	-2.224	-4.769
5967	71	-2.224	-4.773
5977	71	-2.223	-4.778
5987	71	-2.223	-4.783
5997	71	-2.222	-4.788
6007	71	-2.222	-4.792
6017	71	-2.221	-4.797
6027	71	-2.221	-4.802
6037	71	-2.220	-4.807
6047	71	-2.219	-4.811
6057	71	-2.219	-4.816
6067	71	-2.218	-4.821
6077	71	-2.218	-4.826
6087	71	-2.217	-4.830
6097	71	-2.217	-4.835
6107	71	-2.216	-4.840
6117	71	-2.216	-4.844
6127	71	-2.215	-4.849
6137	71	-2.215	-4.854
6147	71	-2.214	-4.859
6157	71	-2.214	-4.863
6167	71	-2.213	-4.868
6177	71	-2.213	-4.873
6187	71	-2.212	-4.878
6197	71	-2.212	-4.882
6207	71	-2.211	-4.887
6217	71	-2.211	-4.892
6227	71	-2.210	-4.897
6237	71	-2.210	-4.901
6247	71	-2.209	-4.906
6257	71	-2.209	-4.911
6267	71	-2.208	-4.916
6277	71	-2.208	-4.920
6287	71	-2.207	-4.925
6297	71	-2.207	-4.930
6307	71	-2.229	-4.851
6317	71	-2.268	-4.716
6327	71	-2.306	-4.581
6337	71	-2.285	-4.372
6347	71	-2.257	-4.154
6357	71	-2.223	-3.935
6367	71	-2.133	-3.706
6377	71	-2.044	-3.478
6387	71	-1.971	-3.292
6397	71	-1.915	-3.151
6407	71	-1.860	-3.009
6417	71	-1.910	-2.762
6427	71	-2.005	-2.470
6437	71	-2.078	-2.047
6447	71	-2.146	-1.593
6457	71	-2.214	-1.117
6467	71	-2.288	-0.447
6477	71	-2.362	0.223
6487	71	-2.472	0.920
6497	71	-2.667	1.679
6507	71	-2.862	2.438
6517	71	-3.082	3.204
6527	71	-3.306	3.971
6537	71	-3.529	4.738
4097	72	-3.307	-10.310
4107	72	-3.341	-9.741
4117	72	-3.376	-9.172
4127	72	-3.409	-8.592
4137	72	-3.439	-7.986
4147	72	-3.469	-7.381
4157	72	-3.498	-6.776
4167	72	-3.509	-6.195
4177	72	-3.515	-5.621
4187	72	-3.521	-5.047
4197	72	-3.527	-4.473
4207	72	-3.507	-3.891
4217	72	-3.460	-3.300
4227	72	-3.414	-2.709
4237	72	-3.367	-2.118
4247	72	-3.344	-1.502
4257	72	-3.337	-0.870
4267	72	-3.330	-0.237
4277	72	-3.323	0.396
4287	72	-3.352	1.032
4297	72	-3.384	1.668
4307	72	-3.417	2.305
4317	72	-3.449	2.941
4327	72	-3.481	3.578
4337	72	-3.514	4.214
4347	72	-3.546	4.851
4257	73	-3.167	-10.349
4267	73	-3.167	-9.824
4277	73	-3.167	-9.300
4287	73	-3.168	-8.775
4297	73	-3.181	-8.242
4307	73	-3.193	-7.709
4317	73	-3.206	-7.176
4327	73	-3.219	-6.643
4337	73	-3.219	-6.101
4347	73	-3.219	-5.559
4357	73	-3.219	-5.018
4367	73	-3.219	-4.476
4377	73	-3.219	-3.922
4387	73	-3.219	-3.364
4397	73	-3.219	-2.806
4407	73	-3.219	-2.248
4417	73	-3.206	-1.704
4427	73	-3.190	-1.164
4437	73	-3.174	-0.624
4447	73	-3.158	-0.084
4457	73	-3.142	0.456
4467	73	-3.186	1.030
4477	73	-3.236	1.608
4487	73	-3.286	2.186
4497	73	-3.305	2.746
4507	73	-3.315	3.302
4517	73	-3.325	3.858
4527	73	-3.335	4.414
4537	73	-3.345	4.970
4267	74	-3.654	-9.985
4277	74	-3.676	-9.491
4287	74	-3.698	-8.996
4297	74	-3.734	-8.480
4307	74	-3.788	-7.929
4317	74	-3.843	-7.378
4327	74	-3.898	-6.828
4337	74	-3.912	-6.272
4347	74	-3.901	-5.714
4357	74	-3.889	-5.155
4367	74	-3.877	-4.597
4377	74	-3.865	-4.038
4387	74	-3.853	-3.480
4397	74	-3.842	-2.921
4407	74	-3.851	-2.336
4417	74	-3.860	-1.751
4427	74	-3.869	-1.166
4437	74	-3.878	-0.581
4447	74	-3.887	0.004
4457	74	-3.896	0.584
4467	74	-3.906	1.154
4477	74	-3.915	1.725
4487	74	-3.925	2.295
4497	74	-3.934	2.865
4507	74	-3.944	3.436
4517	74	-3.953	4.006
4527	74	-3.963	4.576
4387	75	-2.222	4.687
4397	75	-2.204	4.037
4407	75	-2.186	3.388
4417	75	-2.171	2.782
4427	75	-2.158	2.193
4437	75	-2.144	1.605
4447	75	-2.131	1.017
4457	75	-2.276	0.423
4467	75	-2.460	-0.171
4477	75	-2.644	-0.766
4487	75	-2.833	-1.375
4497	75	-3.007	-1.994
4507	75	-3.115	-2.630
4517	75	-3.223	-3.267
4527	75	-3.216	-3.889
4537	75	-3.180	-4.507
4547	75	-3.144	-5.126
4557	75	-2.980	-5.732
4567	75	-2.801	-6.337
4577	75	-2.622	-6.942
4587	75	-2.503	-7.533
4597	75	-2.384	-8.124
4607	75	-2.316	-8.688
4617	75	-2.281	-9.234
4627	75	-2.247	-9.779
4637	75	-2.213	-10.325
4457	76	-2.758	4.689
4467	76	-2.693	4.139
4477	76	-2.650	3.580
4487	76	-2.616	3.016
4497	76	-2.599	2.458
4507	76	-2.609	1.908
4517	76	-2.618	1.358
4527	76	-2.661	0.828
4537	76	-2.725	0.311
4547	76	-2.790	-0.207
4557	76	-2.873	-0.685
4567	76	-2.983	-1.107
4577	76	-3.093	-1.528
4587	76	-3.072	-1.891
4597	76	-3.018	-2.240
4607	76	-2.964	-2.589
4617	76	-2.946	-2.981
4627	76	-2.939	-3.384
4637	76	-3.001	-3.851
4647	76	-3.063	-4.318
4657	76	-3.245	-4.705
4667	76	-3.426	-5.092
4677	76	-3.592	-5.454
4687	76	-3.759	-5.816
4697	76	-3.842	-6.171
4707	76	-3.842	-6.517
4717	76	-3.842	-6.864
4727	76	-3.861	-7.178
4737	76	-3.899	-7.461
4747	76	-3.938	-7.743
4757	76	-3.916	-7.947
4767	76	-3.879	-8.131
4777	76	-3.842	-8.315
4787	76	-3.906	-8.372
4797	76	-3.971	-8.429
4807	76	-4.036	-8.486
4817	76	-4.101	-8.543
4827	76	-4.159	-8.607
4837	76	-4.191	-8.698
4847	76	-4.223	-8.789
4857	76	-4.254	-8.880
4867	76	-4.281	-8.972
4877	76	-4.264	-9.065
4887	76	-4.247	-9.159
4897	76	-4.230	-9.252
4907	76	-4.213	-9.346
4917	76	-4.222	-9.466
4927	76	-4.255	-9.615
4937	76	-4.289	-9.763
4947	76	-4.325	-9.861
4957	76	-4.365	-9.885
4967	76	-4.405	-9.910
4977	76	-4.446	-9.934
4987	76	-4.486	-9.958
4997	76	-4.526	-9.982
5007	76	-4.547	-9.992
5017	76	-4.555	-9.992
5027	76	-4.563	-9.992
5037	76	-4.571	-9.993
5047	76	-4.579	-9.993
5057	76	-4.587	-9.993
5067	76	-4.595	-9.994
5077	76	-4.603	-9.994
5087	76	-4.611	-9.994
5097	76	-4.619	-9.995
5107	76	-4.627	-9.995
5117	76	-4.635	-9.995
5127	76	-4.643	-9.996
5137	76	-4.651	-9.996
5147	76	-4.659	-9.996
5157	76	-4.667	-9.997
5167	76	-4.675	-9.997
5177	76	-4.683	-9.997
5187	76	-4.691	-9.998
5197	76	-4.699	-9.998
5207	76	-4.707	-9.998
5217	76	-4.715	-9.999
5227	76	-4.722	-9.999
5237	76	-4.730	-9.999
5247	76	-4.738	-10.000
5257	76	-4.746	-10.000
5267	76	-4.754	-10.000
5277	76	-4.762	-10.001
5287	76	-4.770	-10.001
5297	76	-4.778	-10.001
5307	76	-4.786	-10.002
5317	76	-4.794	-10.002
5327	76	-4.802	-10.002
5337	76	-4.810	-10.003
5347	76	-4.818	-10.003
5357	76	-4.826	-10.003
5367	76	-4.834	-10.004
5377	76	-4.842	-10.004
5387	76	-4.850	-10.004
5397	76	-4.858	-10.005
5407	76	-4.866	-10.005
5417	76	-4.874	-10.005
5427	76	-4.882	-10.006
5437	76	-4.890	-10.006
5447	76	-4.898	-10.007
5457	76	-4.906	-10.007
5467	76	-5.326	-10.159
5477	76	-5.746	-10.311
5487	76	-6.198	-10.387
5497	76	-6.654	-10.456
5507	76	-7.109	-10.525
5517	76	-7.564	-10.593
5527	76	-8.020	-10.662
4467	77	-1.927	4.718
4477	77	-1.850	4.176
4487	77	-1.773	3.633
4497	77	-1.687	3.082
4507	77	-1.601	2.530
4517	77	-1.514	1.977
4527	77	-1.453	1.465
4537	77	-1.394	0.957
4547	77	-1.336	0.450
4557	77	-1.270	-0.052
4567	77	-1.203	-0.552
4577	77	-1.136	-1.053
4587	77	-1.099	-1.540
4597	77	-1.073	-2.021
4607	77	-1.048	-2.502
4617	77	-1.038	-3.011
4627	77	-1.038	-3.538
4637	77	-1.038	-4.065
4647	77	-1.096	-4.535
4657	77	-1.193	-4.966
4667	77	-1.289	-5.397
4677	77	-1.388	-5.830
4687	77	-1.513	-6.276
4697	77	-1.638	-6.723
4707	77	-1.730	-7.129
4717	77	-1.774	-7.474
4727	77	-1.817	-7.818
4737	77	-1.982	-7.963
4747	77	-2.147	-8.108
4757	77	-2.228	-8.218
4767	77	-2.287	-8.319
4777	77	-2.313	-8.400
4787	77	-2.318	-8.469
4797	77	-2.323	-8.537
4807	77	-2.327	-8.605
4817	77	-2.332	-8.674
4827	77	-2.336	-8.767
4837	77	-2.336	-8.958
4847	77	-2.336	-9.150
4857	77	-2.351	-9.324
4867	77	-2.376	-9.486
4877	77	-2.401	-9.647
4887	77	-2.537	-9.820
4897	77	-2.784	-10.004
4907	77	-3.059	-10.132
4917	77	-3.361	-10.205
4927	77	-3.641	-10.267
4937	77	-3.912	-10.323
4947	77	-4.104	-10.364
4957	77	-4.112	-10.369
4967	77	-4.120	-10.373
4977	77	-4.128	-10.378
4987	77	-4.136	-10.382
4997	77	-4.144	-10.387
5007	77	-4.152	-10.392
5017	77	-4.160	-10.396
5027	77	-4.168	-10.401
5037	77	-4.176	-10.405
5047	77	-4.184	-10.410
5057	77	-4.192	-10.414
5067	77	-4.201	-10.419
5077	77	-4.209	-10.423
5087	77	-4.217	-10.428
5097	77	-4.225	-10.433
5107	77	-4.233	-10.437
5117	77	-4.241	-10.442
5127	77	-4.249	-10.446
5137	77	-4.257	-10.451
5147	77	-4.265	-10.455
5157	77	-4.273	-10.460
5167	77	-4.281	-10.464
5177	77	-4.289	-10.469
5187	77	-4.297	-10.474
5197	77	-4.306	-10.478
5207	77	-4.316	-10.482
5217	77	-4.327	-10.484
5227	77	-4.339	-10.487
5237	77	-4.351	-10.489
5247	77	-4.363	-10.492
5257	77	-4.374	-10.495
5267	77	-4.386	-10.497
5277	77	-4.398	-10.500
5287	77	-4.409	-10.503
5297	77	-4.421	-10.505
5307	77	-4.433	-10.508
5317	77	-4.444	-10.511
5327	77	-4.456	-10.513
5337	77	-4.468	-10.516
5347	77	-4.479	-10.519
5357	77	-4.491	-10.521
5367	77	-4.503	-10.524
5377	77	-4.514	-10.527
5387	77	-4.526	-10.529
5397	77	-4.538	-10.532
5407	77	-4.561	-10.537
5417	77	-4.592	-10.544
5427	77	-4.622	-10.551
5437	77	-4.653	-10.558
5447	77	-4.684	-10.565
5457	77	-4.715	-10.572
5467	77	-4.745	-10.579
5477	77	-4.776	-10.586
4477	78	-2.444	4.706
4487	78	-2.365	4.145
4497	78	-2.287	3.568
4507	78	-2.209	2.958
4517	78	-2.131	2.347
4527	78	-2.064	1.757
4537	78	-2.022	1.213
4547	78	-1.980	0.670
4557	78	-1.935	0.141
4567	78	-1.876	-0.332
4577	78	-1.818	-0.805
4587	78	-1.759	-1.271
4597	78	-1.704	-1.679
4607	78	-1.648	-2.086
4617	78	-1.569	-2.478
4627	78	-1.433	-2.830
4637	78	-1.298	-3.182
4647	78	-1.100	-3.566
4657	78	-0.902	-3.949
4667	78	-0.776	-4.435
4677	78	-0.658	-4.932
4687	78	-0.648	-5.396
4697	78	-0.684	-5.846
4707	78	-0.720	-6.296
4717	78	-0.767	-6.641
4727	78	-0.817	-6.960
4737	78	-0.866	-7.271
4747	78	-0.911	-7.556
4757	78	-0.956	-7.840
4767	78	-0.992	-8.118
4777	78	-1.028	-8.396
4787	78	-1.059	-8.579
4797	78	-1.089	-8.722
4807	78	-1.119	-8.856
4817	78	-1.148	-8.915
4827	78	-1.177	-8.973
4837	78	-1.206	-9.031
4847	78	-1.234	-9.090
4857	78	-1.263	-9.148
4867	78	-1.292	-9.207
4877	78	-1.321	-9.265
4887	78	-1.494	-9.450
4897	78	-1.684	-9.650
4907	78	-1.898	-9.842
4917	78	-2.168	-10.016
4927	78	-2.439	-10.190
4937	78	-2.656	-10.300
4947	78	-2.867	-10.404
4957	78	-3.077	-10.508
4507	79	-2.496	4.861
4517	79	-2.508	4.295
4527	79	-2.529	3.721
4537	79	-2.642	3.076
4547	79	-2.755	2.431
4557	79	-2.827	1.800
4567	79	-2.889	1.174
4577	79	-2.933	0.561
4587	79	-2.933	-0.020
4597	79	-2.933	-0.600
4607	79	-3.008	-1.184
4617	79	-3.101	-1.768
4627	79	-3.174	-2.302
4637	79	-3.197	-2.717
4647	79	-3.213	-3.137
4657	79	-3.162	-3.612
4667	79	-3.109	-4.085
4677	79	-3.050	-4.545
4687	79	-2.991	-5.005
4697	79	-2.959	-5.599
4707	79	-2.930	-6.208
4717	79	-2.896	-6.822
4727	79	-2.839	-7.460
4737	79	-2.783	-8.098
4747	79	-2.710	-8.708
4757	79	-2.635	-9.315
4767	79	-2.559	-9.922
4517	80	-3.346	-10.302
4527	80	-3.422	-9.776
4537	80	-3.499	-9.249
4547	80	-3.552	-8.717
4557	80	-3.587	-8.181
4567	80	-3.623	-7.644
4577	80	-3.634	-7.121
4587	80	-3.634	-6.602
4597	80	-3.634	-6.084
4607	80	-3.627	-5.592
4617	80	-3.620	-5.102
4627	80	-3.612	-4.613
4637	80	-3.643	-4.119
4647	80	-3.729	-3.617
4657	80	-3.816	-3.115
4667	80	-3.800	-2.573
4677	80	-3.785	-2.030
4687	80	-3.770	-1.488
4697	80	-3.759	-0.912
4707	80	-3.751	-0.312
4717	80	-3.744	0.287
4727	80	-3.724	0.884
4737	80	-3.658	1.475
4747	80	-3.591	2.066
4757	80	-3.524	2.657
4767	80	-3.496	3.212
4777	80	-3.484	3.752
4787	80	-3.472	4.291
4797	80	-3.459	4.831
4517	81	-4.153	-10.452
4527	81	-4.162	-9.925
4537	81	-4.170	-9.398
4547	81	-4.179	-8.871
4557	81	-4.210	-8.376
4567	81	-4.240	-7.880
4577	81	-4.271	-7.384
4587	81	-4.271	-6.877
4597	81	-4.250	-6.363
4607	81	-4.230	-5.850
4617	81	-4.209	-5.336
4627	81	-4.221	-4.833
4637	81	-4.241	-4.334
4647	81	-4.261	-3.835
4657	81	-4.281	-3.336
4667	81	-4.295	-2.731
4677	81	-4.307	-2.114
4687	81	-4.320	-1.497
4697	81	-4.333	-0.880
4707	81	-4.324	-0.261
4717	81	-4.311	0.358
4727	81	-4.299	0.978
4737	81	-4.287	1.597
4747	81	-4.248	2.189
4757	81	-4.198	2.769
4767	81	-4.148	3.349
4777	81	-4.097	3.929
4787	81	-4.047	4.508
4797	81	-3.997	5.088
4547	82	-8.202	-2.823
4557	82	-7.575	-2.472
4567	82	-6.948	-2.121
4577	82	-6.379	-1.737
4587	82	-5.850	-1.331
4597	82	-5.321	-0.925
4607	82	-4.927	-0.498
4617	82	-4.533	-0.070
4627	82	-4.162	0.356
4637	82	-3.989	0.773
4647	82	-3.816	1.189
4657	82	-3.658	1.618
4667	82	-3.523	2.065
4677	82	-3.389	2.512
4687	82	-3.340	2.982
4697	82	-3.329	3.463
4707	82	-3.271	3.974
4717	82	-3.141	4.530
4727	82	-3.011	5.087
4567	83	-8.016	-1.394
4577	83	-7.292	-0.896
4587	83	-6.671	-0.488
4597	83	-6.152	-0.171
4607	83	-5.636	0.166
4617	83	-5.127	0.549
4627	83	-4.619	0.931
4637	83	-4.345	1.310
4647	83	-4.097	1.687
4657	83	-3.953	2.113
4667	83	-3.879	2.570
4677	83	-3.842	3.020
4687	83	-3.842	3.462
4697	83	-3.835	3.906
4707	83	-3.800	4.356
4717	83	-3.765	4.805
4567	84	-8.066	-2.263
4577	84	-6.998	-2.154
4587	84	-6.074	-1.918
4597	84	-5.295	-1.555
4607	84	-4.655	-1.150
4617	84	-4.107	-0.718
4627	84	-3.769	-0.301
4637	84	-3.483	0.112
4647	84	-3.357	0.631
4657	84	-3.271	1.176
4667	84	-3.196	1.695
4677	84	-3.122	2.214
4687	84	-3.009	2.696
4697	84	-2.891	3.173
4707	84	-2.781	3.646
4717	84	-2.674	4.117
4727	84	-2.568	4.589
4737	84	-2.461	5.060
4587	85	-7.240	1.075
4597	85	-6.174	1.404
4607	85	-5.384	1.595
4617	85	-4.614	1.798
4627	85	-4.033	2.111
4637	85	-3.452	2.425
4647	85	-3.133	2.905
4657	85	-2.834	3.397
4667	85	-2.544	3.893
4677	85	-2.401	4.332
4687	85	-2.257	4.772
4787	86	-2.549	4.755
4797	86	-2.559	4.139
4807	86	-2.570	3.524
4817	86	-2.665	2.870
4827	86	-2.760	2.216
4837	86	-2.855	1.562
4847	86	-2.942	0.868
4857	86	-3.028	0.174
4867	86	-3.119	-0.505
4877	86	-3.221	-1.152
4887	86	-3.323	-1.798
4897	86	-3.374	-2.418
4907	86	-3.374	-3.012
4917	86	-3.374	-3.606
4927	86	-3.291	-4.189
4937	86	-3.187	-4.770
4947	86	-2.996	-5.276
4957	86	-2.790	-5.760
4967	86	-2.653	-6.211
4977	86	-2.539	-6.677
4987	86	-2.518	-7.209
4997	86	-2.496	-7.741
5007	86	-2.459	-8.268
5017	86	-2.417	-8.795
5027	86	-2.421	-9.348
5037	86	-2.533	-9.961
4787	87	-1.758	5.003
4797	87	-1.691	4.290
4807	87	-1.623	3.577
4817	87	-1.663	2.899
4827	87	-1.730	2.230
4837	87	-1.802	1.559
4847	87	-1.917	0.870
4857	87	-2.031	0.181
4867	87	-2.152	-0.445
4877	87	-2.276	-1.028
4887	87	-2.401	-1.611
4897	87	-2.531	-2.214
4907	87	-2.661	-2.820
4917	87	-2.770	-3.396
4927	87	-2.832	-3.904
4937	87	-2.863	-4.399
4947	87	-2.771	-4.841
4957	87	-2.576	-5.262
4967	87	-2.278	-5.661
4977	87	-2.060	-6.148
4987	87	-1.924	-6.724
4997	87	-1.846	-7.317
5007	87	-1.807	-7.922
5017	87	-1.820	-8.538
5027	87	-1.868	-9.161
5037	87	-1.915	-9.785
5047	87	-1.963	-10.408
4787	88	0.821	-10.273
4797	88	0.725	-9.940
4807	88	0.629	-9.607
4817	88	0.515	-9.270
4827	88	0.376	-8.928
4837	88	0.237	-8.586
4847	88	0.170	-8.233
4857	88	0.151	-7.873
4867	88	0.132	-7.512
4877	88	0.064	-7.206
4887	88	-0.008	-6.906
4897	88	-0.120	-6.664
4907	88	-0.291	-6.510
4917	88	-0.461	-6.357
4927	88	-0.632	-6.203
4937	88	-0.934	-6.091
4947	88	-1.238	-5.981
4957	88	-1.420	-5.837
4967	88	-1.601	-5.702
4977	88	-1.778	-5.649
4987	88	-1.954	-5.595
4997	88	-2.167	-5.512
5007	88	-2.404	-5.409
5017	88	-2.609	-5.314
5027	88	-2.738	-5.239
5037	88	-2.868	-5.163
5047	88	-2.863	-5.178
5057	88	-2.844	-5.204
5067	88	-2.824	-5.229
5077	88	-2.804	-5.254
5087	88	-2.785	-5.280
5097	88	-2.765	-5.305
5107	88	-2.749	-5.326
5117	88	-2.741	-5.335
5127	88	-2.734	-5.345
5137	88	-2.726	-5.354
5147	88	-2.718	-5.363
5157	88	-2.710	-5.373
5167	88	-2.703	-5.382
5177	88	-2.695	-5.392
5187	88	-2.687	-5.401
5197	88	-2.679	-5.410
5207	88	-2.672	-5.420
5217	88	-2.664	-5.429
5227	88	-2.656	-5.438
5237	88	-2.648	-5.448
5247	88	-2.605	-5.544
5257	88	-2.558	-5.651
5267	88	-2.619	-5.812
5277	88	-2.728	-5.997
5287	88	-2.827	-6.225
5297	88	-2.905	-6.554
5307	88	-2.905	-6.911
5317	88	-2.724	-7.337
5327	88	-2.544	-7.762
5337	88	-2.406	-8.228
5347	88	-2.297	-8.716
5357	88	-2.254	-9.256
5367	88	-2.211	-9.796
5377	88	-2.245	-10.322
4837	89	-3.055	-10.053
4847	89	-3.044	-9.559
4857	89	-3.017	-9.080
4867	89	-2.950	-8.637
4877	89	-2.883	-8.194
4887	89	-2.820	-7.762
4897	89	-2.774	-7.373
4907	89	-2.727	-6.984
4917	89	-2.803	-6.674
4927	89	-3.063	-6.482
4937	89	-3.354	-6.240
4947	89	-3.535	-5.968
4957	89	-3.596	-5.677
4967	89	-3.587	-5.254
4977	89	-3.561	-4.798
4987	89	-3.492	-4.324
4997	89	-3.412	-3.846
5007	89	-3.326	-3.379
5017	89	-3.217	-2.958
5027	89	-3.107	-2.537
5037	89	-3.017	-2.095
5047	89	-2.941	-1.639
5057	89	-2.864	-1.184
5067	89	-2.797	-0.721
5077	89	-2.764	-0.233
5087	89	-2.732	0.256
5097	89	-2.699	0.745
5107	89	-2.677	1.288
5117	89	-2.654	1.830
5127	89	-2.631	2.373
5137	89	-2.574	2.824
5147	89	-2.496	3.215
5157	89	-2.417	3.606
5167	89	-2.352	3.983
5177	89	-2.317	4.332
5187	89	-2.310	4.777
5197	89	-2.310	5.246
4837	90	-3.880	-10.412
4847	90	-3.812	-10.051
4857	90	-3.745	-9.690
4867	90	-3.712	-9.285
4877	90	-3.683	-8.874
4887	90	-3.673	-8.454
4897	90	-3.741	-7.991
4907	90	-3.808	-7.528
4917	90	-3.868	-7.071
4927	90	-3.919	-6.618
4937	90	-3.981	-6.225
4947	90	-4.054	-5.891
4957	90	-4.097	-5.553
4967	90	-4.129	-5.212
4977	90	-4.160	-4.872
4987	90	-4.141	-4.493
4997	90	-4.047	-4.056
5007	90	-3.952	-3.619
5017	90	-3.860	-3.182
5027	90	-3.787	-2.753
5037	90	-3.714	-2.323
5047	90	-3.641	-1.894
5057	90	-3.634	-1.382
5067	90	-3.634	-0.860
5077	90	-3.634	-0.339
5087	90	-3.619	0.172
5097	90	-3.597	0.678
5107	90	-3.576	1.185
5117	90	-3.548	1.683
5127	90	-3.466	2.109
5137	90	-3.383	2.536
5147	90	-3.301	2.962
5157	90	-3.219	3.388
5167	90	-3.106	3.873
5177	90	-2.994	4.358
5187	90	-2.882	4.843
4897	91	-4.460	4.537
4907	91	-4.044	3.919
4917	91	-3.730	3.309
4927	91	-3.417	2.700
4937	91	-3.155	2.069
4947	91	-2.915	1.429
4957	91	-2.670	0.794
4967	91	-2.372	0.196
4977	91	-2.074	-0.401
4987	91	-1.783	-0.973
4997	91	-1.505	-1.506
5007	91	-1.226	-2.040
5017	91	-1.009	-2.568
5027	91	-0.820	-3.093
5037	91	-0.637	-3.630
5047	91	-0.519	-4.265
5057	91	-0.401	-4.900
5067	91	-0.389	-5.473
5077	91	-0.389	-6.040
5087	91	-0.380	-6.596
5097	91	-0.348	-7.126
5107	91	-0.317	-7.657
5117	91	-0.286	-8.187
5127	91	-0.180	-8.632
5137	91	-0.074	-9.077
5147	91	0.065	-9.471
5157	91	0.280	-9.747
5167	91	0.495	-10.022
5177	91	0.710	-10.298
4907	92	-3.556	4.475
4917	92	-3.210	3.933
4927	92	-2.943	3.288
4937	92	-2.696	2.618
4947	92	-2.463	1.994
4957	92	-2.236	1.389
4967	92	-2.002	0.777
4977	92	-1.752	0.146
4987	92	-1.502	-0.486
4997	92	-1.257	-1.040
5007	92	-1.017	-1.544
5017	92	-0.777	-2.047
5027	92	-0.631	-2.615
5037	92	-0.496	-3.190
5047	92	-0.387	-3.777
5057	92	-0.317	-4.382
5067	92	-0.248	-4.987
5077	92	-0.187	-5.549
5087	92	-0.130	-6.101
5097	92	-0.065	-6.649
5107	92	0.060	-7.167
5117	92	0.186	-7.686
5127	92	0.311	-8.205
5137	92	0.533	-8.637
5147	92	0.754	-9.069
5157	92	0.974	-9.452
5167	92	1.193	-9.720
5177	92	1.412	-9.989
4867	93	-2.863	-10.158
4877	93	-2.754	-9.663
4887	93	-2.722	-9.209
4897	93	-2.767	-8.797
4907	93	-2.810	-8.390
4917	93	-2.845	-8.009
4927	93	-2.879	-7.628
4937	93	-2.918	-7.261
4947	93	-2.974	-6.954
4957	93	-3.135	-6.784
4967	93	-3.322	-6.647
4977	93	-3.351	-6.371
4987	93	-3.361	-6.060
4997	93	-3.296	-5.606
5007	93	-3.232	-5.152
5017	93	-3.162	-4.641
5027	93	-3.091	-4.116
5037	93	-2.982	-3.653
5047	93	-2.848	-3.230
5057	93	-2.713	-2.807
5067	93	-2.639	-2.378
5077	93	-2.572	-1.949
5087	93	-2.505	-1.520
5097	93	-2.445	-1.019
5107	93	-2.386	-0.499
5117	93	-2.328	0.021
5127	93	-2.280	0.551
5137	93	-2.237	1.085
5147	93	-2.201	1.602
5157	93	-2.185	2.078
5167	93	-2.168	2.554
5177	93	-2.152	3.025
5187	93	-2.142	3.476
5197	93	-2.131	3.928
5207	93	-2.120	4.379
5217	93	-2.110	4.831
4877	94	-3.532	-10.100
4887	94	-3.502	-9.666
4897	94	-3.477	-9.232
4907	94	-3.452	-8.797
4917	94	-3.477	-8.386
4927	94	-3.502	-7.974
4937	94	-3.753	-7.709
4947	94	-3.912	-7.412
4957	94	-3.893	-7.039
4967	94	-3.970	-6.750
4977	94	-4.006	-6.474
4987	94	-3.948	-6.231
4997	94	-3.981	-5.863
5007	94	-4.103	-5.371
5017	94	-4.049	-4.872
5027	94	-3.952	-4.372
5037	94	-3.824	-3.875
5047	94	-3.651	-3.382
5057	94	-3.510	-2.893
5067	94	-3.443	-2.408
5077	94	-3.375	-1.924
5087	94	-3.308	-1.430
5097	94	-3.241	-0.930
5107	94	-3.173	-0.430
5117	94	-3.089	0.068
5127	94	-3.002	0.565
5137	94	-2.916	1.062
5147	94	-2.872	1.551
5157	94	-2.928	2.021
5167	94	-2.983	2.490
5177	94	-3.000	2.967
5187	94	-2.979	3.449
5197	94	-2.958	3.932
5207	94	-2.937	4.415
5217	94	-2.916	4.898
4977	95	0.937	5.130
4987	95	0.861	4.859
4997	95	0.898	4.685
5007	95	1.011	4.577
5017	95	1.132	4.578
5027	95	1.272	4.834
5037	95	1.327	5.087
5127	96	-7.666	-10.525
5137	96	-6.720	-10.166
5147	96	-5.796	-9.841
5157	96	-4.906	-9.566
5167	96	-4.071	-9.365
5177	96	-3.364	-9.335
5187	96	-2.661	-9.398
5197	96	-1.960	-9.552
5207	96	-1.316	-9.720
5217	96	-0.728	-9.900
5227	96	-0.080	-10.033
5237	96	0.607	-10.134
5247	96	1.241	-10.198
5257	96	1.838	-10.238
5147	97	-7.604	-9.312
5157	97	-6.713	-8.954
5167	97	-5.833	-8.669
5177	97	-4.972	-8.495
5187	97	-4.163	-8.364
5197	97	-3.565	-8.405
5207	97	-2.967	-8.445
5217	97	-2.619	-8.701
5227	97	-2.310	-8.982
5237	97	-2.051	-9.269
5247	97	-1.847	-9.639
5257	97	-1.681	-10.066
5187	98	2.604	4.980
5197	98	2.431	4.576
5207	98	2.194	4.159
5217	98	1.933	3.756
5227	98	1.605	3.411
5237	98	1.255	3.115
5247	98	0.851	2.929
5257	98	0.491	2.636
5267	98	0.175	2.237
5277	98	-0.100	1.828
5287	98	-0.211	1.379
5297	98	-0.317	0.920
5307	98	-0.369	0.366
5317	98	-0.409	-0.187
5327	98	-0.347	-0.721
5337	98	-0.286	-1.254
5347	98	-0.137	-1.764
5357	98	0.011	-2.274
5367	98	0.178	-2.767
5377	98	0.348	-3.259
5387	98	0.392	-3.771
5397	98	0.354	-4.295
5407	98	0.316	-4.819
5417	98	0.260	-5.336
5427	98	0.130	-5.825
5437	98	-0.000	-6.315
5447	98	-0.130	-6.801
5457	98	-0.260	-7.276
5467	98	-0.389	-7.751
5477	98	-0.519	-8.226
5487	98	-0.629	-8.690
5497	98	-0.726	-9.148
5507	98	-0.822	-9.605
5517	98	-0.919	-10.063
5197	99	1.531	5.235
5207	99	1.283	4.857
5217	99	1.035	4.479
5227	99	0.746	4.116
5237	99	0.439	3.758
5247	99	0.108	3.383
5257	99	-0.248	2.991
5267	99	-0.604	2.599
5277	99	-0.883	2.151
5287	99	-1.142	1.690
5297	99	-1.345	1.188
5307	99	-1.417	0.595
5317	99	-1.488	0.002
5327	99	-1.474	-0.578
5337	99	-1.332	-1.138
5347	99	-1.190	-1.698
5357	99	-1.031	-2.227
5367	99	-0.835	-2.685
5377	99	-0.638	-3.143
5387	99	-0.441	-3.601
5397	99	-0.397	-4.055
5407	99	-0.352	-4.508
5417	99	-0.327	-4.972
5427	99	-0.481	-5.527
5437	99	-0.635	-6.082
5447	99	-0.789	-6.637
5457	99	-0.931	-7.110
5467	99	-1.072	-7.574
5477	99	-1.213	-8.038
5487	99	-1.335	-8.493
5497	99	-1.429	-8.935
5507	99	-1.523	-9.377
5517	99	-1.617	-9.819
5527	99	-1.711	-10.261
5297	100	-3.434	-10.311
5307	100	-3.461	-9.871
5317	100	-3.488	-9.432
5327	100	-3.493	-8.996
5337	100	-3.466	-8.568
5347	100	-3.439	-8.139
5357	100	-3.411	-7.710
5367	100	-3.421	-7.282
5377	100	-3.456	-6.855
5387	100	-3.490	-6.428
5397	100	-3.525	-6.001
5407	100	-3.556	-5.576
5417	100	-3.556	-5.162
5427	100	-3.556	-4.748
5437	100	-3.556	-4.335
5447	100	-3.556	-3.921
5457	100	-3.509	-3.508
5467	100	-3.441	-3.096
5477	100	-3.373	-2.683
5487	100	-3.306	-2.271
5497	100	-3.238	-1.860
5507	100	-3.169	-1.463
5517	100	-3.101	-1.067
5527	100	-3.033	-0.671
5537	100	-2.964	-0.271
5547	100	-2.892	0.139
5557	100	-2.821	0.548
5567	100	-2.749	0.957
5577	100	-2.682	1.370
5587	100	-2.624	1.791
5597	100	-2.567	2.212
5607	100	-2.509	2.634
5617	100	-2.451	3.055
5627	100	-2.489	3.424
5637	100	-2.550	3.780
5647	100	-2.612	4.136
5657	100	-2.673	4.491
5667	100	-2.734	4.847
5297	101	-1.999	-10.256
5307	101	-1.739	-9.507
5317	101	-1.480	-8.757
5327	101	-1.285	-8.105
5337	101	-1.090	-7.453
5347	101	-0.895	-6.801
5357	101	-0.770	-6.171
5367	101	-0.748	-5.574
5377	101	-0.727	-4.978
5387	101	-0.818	-4.332
5397	101	-0.919	-3.672
5407	101	-1.042	-2.982
5417	101	-1.138	-2.284
5427	101	-1.194	-1.574
5437	101	-1.250	-0.865
5447	101	-1.324	-0.160
5457	101	-1.410	0.543
5467	101	-1.497	1.245
5477	101	-1.385	1.947
5487	101	-1.251	2.648
5497	101	-1.118	3.350
5507	101	-0.839	3.996
5517	101	-0.464	4.606
5527	101	-0.089	5.215
5307	102	-3.735	-10.282
5317	102	-3.727	-9.849
5327	102	-3.719	-9.415
5337	102	-3.713	-8.982
5347	102	-3.720	-8.549
5357	102	-3.728	-8.116
5367	102	-3.736	-7.683
5377	102	-3.757	-7.246
5387	102	-3.781	-6.809
5397	102	-3.805	-6.372
5407	102	-3.829	-5.934
5417	102	-3.832	-5.501
5427	102	-3.813	-5.073
5437	102	-3.794	-4.644
5447	102	-3.775	-4.215
5457	102	-3.749	-3.790
5467	102	-3.711	-3.371
5477	102	-3.673	-2.952
5487	102	-3.635	-2.533
5497	102	-3.593	-2.117
5507	102	-3.545	-1.706
5517	102	-3.497	-1.296
5527	102	-3.449	-0.886
5537	102	-3.400	-0.476
5547	102	-3.305	-0.065
5557	102	-3.210	0.346
5567	102	-3.115	0.757
5577	102	-3.020	1.168
5587	102	-2.962	1.570
5597	102	-2.907	1.971
5607	102	-2.852	2.373
5617	102	-2.810	2.769
5627	102	-2.877	3.119
5637	102	-2.943	3.469
5647	102	-3.010	3.819
5657	102	-3.082	4.175
5667	102	-3.157	4.535
5677	102	-3.233	4.895
5377	103	0.764	5.053
5387	103	0.689	4.736
5397	103	0.613	4.420
5407	103	0.538	4.103
5417	103	0.432	3.759
5427	103	0.277	3.373
5437	103	0.123	2.987
5447	103	-0.028	2.633
5457	103	-0.171	2.403
5467	103	-0.313	2.174
5477	103	-0.448	1.937
5487	103	-0.511	1.636
5497	103	-0.574	1.334
5507	103	-0.637	1.033
5517	103	-0.671	0.722
5527	103	-0.663	0.398
5537	103	-0.654	0.073
5547	103	-0.630	-0.251
5557	103	-0.583	-0.574
5567	103	-0.536	-0.897
5577	103	-0.488	-1.220
5587	103	-0.441	-1.543
5597	103	-0.370	-1.909
5607	103	-0.300	-2.275
5617	103	-0.229	-2.642
5627	103	-0.158	-3.008
5637	103	-0.109	-3.382
5647	103	-0.076	-3.762
5657	103	-0.042	-4.142
5667	103	-0.008	-4.523
5677	103	0.026	-4.903
5687	103	0.026	-5.285
5697	103	0.026	-5.668
5707	103	0.026	-6.050
5717	103	0.026	-6.433
5727	103	0.005	-6.812
5737	103	-0.064	-7.182
5747	103	-0.132	-7.551
5757	103	-0.201	-7.921
5767	103	-0.270	-8.291
5777	103	-0.321	-8.623
5787	103	-0.346	-8.898
5797	103	-0.370	-9.174
5807	103	-0.394	-9.449
5817	103	-0.419	-9.724
5827	103	-0.443	-9.999
5837	103	-0.467	-10.274
5397	104	0.126	5.074
5407	104	-0.012	4.816
5417	104	-0.151	4.557
5427	104	-0.264	4.289
5437	104	-0.340	4.006
5447	104	-0.416	3.722
5457	104	-0.492	3.439
5467	104	-0.569	3.141
5477	104	-0.650	2.809
5487	104	-0.730	2.477
5497	104	-0.822	2.136
5507	104	-0.930	1.783
5517	104	-1.038	1.429
5527	104	-1.146	1.075
5537	104	-1.168	0.762
5547	104	-1.168	0.459
5557	104	-1.168	0.155
5567	104	-1.153	-0.169
5577	104	-1.105	-0.541
5587	104	-1.056	-0.914
5597	104	-1.007	-1.286
5607	104	-0.959	-1.659
5617	104	-0.888	-2.044
5627	104	-0.795	-2.443
5637	104	-0.703	-2.841
5647	104	-0.610	-3.240
5657	104	-0.543	-3.627
5667	104	-0.537	-3.990
5677	104	-0.531	-4.352
5687	104	-0.525	-4.715
5697	104	-0.519	-5.077
5707	104	-0.529	-5.412
5717	104	-0.538	-5.748
5727	104	-0.547	-6.083
5737	104	-0.557	-6.418
5747	104	-0.566	-6.753
5757	104	-0.579	-7.102
5767	104	-0.594	-7.463
5777	104	-0.609	-7.825
5787	104	-0.624	-8.187
5797	104	-0.640	-8.549
5807	104	-0.646	-8.894
5817	104	-0.639	-9.216
5827	104	-0.631	-9.537
5837	104	-0.624	-9.859
5847	104	-0.514	-10.036
5857	104	-0.393	-10.197
5867	104	-0.272	-10.358
5417	105	0.588	4.966
5427	105	0.480	4.703
5437	105	0.372	4.440
5447	105	0.273	4.154
5457	105	0.212	3.781
5467	105	0.150	3.408
5477	105	0.089	3.035
5487	105	0.020	2.684
5497	105	-0.058	2.365
5507	105	-0.137	2.047
5517	105	-0.212	1.725
5527	105	-0.257	1.372
5537	105	-0.302	1.019
5547	105	-0.339	0.668
5557	105	-0.349	0.327
5567	105	-0.358	-0.013
5577	105	-0.342	-0.342
5587	105	-0.289	-0.652
5597	105	-0.235	-0.962
5607	105	-0.182	-1.272
5617	105	-0.144	-1.622
5627	105	-0.106	-1.973
5637	105	-0.068	-2.323
5647	105	-0.030	-2.674
5657	105	0.006	-3.026
5667	105	0.039	-3.388
5677	105	0.071	-3.749
5687	105	0.104	-4.111
5697	105	0.129	-4.488
5707	105	0.123	-4.926
5717	105	0.117	-5.364
5727	105	0.111	-5.803
5737	105	0.106	-6.241
5747	105	0.076	-6.638
5757	105	0.036	-7.017
5767	105	-0.004	-7.397
5777	105	-0.044	-7.776
5787	105	-0.039	-8.098
5797	105	-0.022	-8.404
5807	105	-0.005	-8.711
5817	105	0.059	-8.983
5827	105	0.143	-9.239
5837	105	0.228	-9.496
5847	105	0.312	-9.752
5857	105	0.432	-9.983
5867	105	0.567	-10.202
5507	106	-3.712	4.403
5517	106	-3.712	3.820
5527	106	-3.712	3.237
5537	106	-3.814	2.622
5547	106	-3.916	2.006
5557	106	-3.995	1.404
5567	106	-3.984	0.853
5577	106	-3.974	0.303
5587	106	-3.978	-0.182
5597	106	-3.986	-0.650
5607	106	-3.995	-1.119
5617	106	-3.943	-1.510
5627	106	-3.865	-1.868
5637	106	-3.787	-2.225
5647	106	-3.705	-2.590
5657	106	-3.621	-2.956
5667	106	-3.538	-3.323
5677	106	-3.540	-3.707
5687	106	-3.600	-4.101
5697	106	-3.660	-4.495
5707	106	-3.512	-4.829
5717	106	-3.363	-5.163
5727	106	-3.048	-5.407
5737	106	-2.714	-5.640
5747	106	-2.408	-5.817
5757	106	-2.108	-5.979
5767	106	-1.807	-6.125
5777	106	-1.497	-6.202
5787	106	-1.187	-6.280
5797	106	-0.883	-6.354
5807	106	-0.623	-6.392
5817	106	-0.363	-6.430
5827	106	-0.104	-6.468
5837	106	0.065	-6.555
5847	106	0.235	-6.642
5857	106	0.265	-6.671
5867	106	0.236	-6.675
5877	106	0.207	-6.680
5887	106	0.177	-6.684
5897	106	0.148	-6.688
5907	106	0.119	-6.693
5917	106	0.090	-6.697
5927	106	0.060	-6.701
5937	106	0.031	-6.705
5947	106	0.002	-6.710
5957	106	-0.027	-6.714
5967	106	-0.057	-6.718
5977	106	-0.086	-6.723
5987	106	-0.115	-6.727
5997	106	-0.192	-6.693
6007	106	-0.317	-6.620
6017	106	-0.441	-6.547
6027	106	-0.451	-6.636
6037	106	-0.460	-6.724
6047	106	-0.454	-6.842
6057	106	-0.409	-7.025
6067	106	-0.365	-7.209
6077	106	-0.320	-7.393
6087	106	-0.391	-7.813
6097	106	-0.489	-8.292
6107	106	-0.632	-8.792
6117	106	-0.793	-9.303
6127	106	-0.955	-9.813
6137	106	-1.116	-10.324
5567	107	-2.306	-10.135
5577	107	-2.245	-9.613
5587	107	-2.185	-9.090
5597	107	-2.131	-8.586
5607	107	-2.086	-8.100
5617	107	-2.040	-7.614
5627	107	-1.979	-7.135
5637	107	-1.785	-6.720
5647	107	-1.590	-6.306
5657	107	-1.395	-5.891
5667	107	-1.264	-5.447
5677	107	-1.140	-4.999
5687	107	-1.067	-4.535
5697	107	-1.029	-4.060
5707	107	-0.990	-3.585
5717	107	-1.099	-3.190
5727	107	-1.225	-2.804
5737	107	-1.351	-2.418
5747	107	-1.491	-1.986
5757	107	-1.635	-1.542
5767	107	-1.782	-1.095
5777	107	-1.949	-0.613
5787	107	-2.117	-0.131
5797	107	-2.284	0.351
5807	107	-2.526	0.819
5817	107	-2.768	1.287
5827	107	-3.001	1.758
5837	107	-3.162	2.259
5847	107	-3.323	2.760
5857	107	-3.467	3.273
5867	107	-3.544	3.830
5877	107	-3.620	4.388
5887	107	-3.697	4.945
5587	108	-3.055	-10.136
5597	108	-2.972	-9.623
5607	108	-2.888	-9.109
5617	108	-2.786	-8.614
5627	108	-2.642	-8.162
5637	108	-2.498	-7.711
5647	108	-2.353	-7.260
5657	108	-2.169	-6.866
5667	108	-1.967	-6.496
5677	108	-1.765	-6.126
5687	108	-1.569	-5.761
5697	108	-1.420	-5.438
5707	108	-1.272	-5.114
5717	108	-1.147	-4.757
5727	108	-1.077	-4.321
5737	108	-1.007	-3.885
5747	108	-1.105	-3.408
5757	108	-1.275	-2.915
5767	108	-1.446	-2.422
5777	108	-1.505	-1.904
5787	108	-1.536	-1.380
5797	108	-1.568	-0.856
5807	108	-1.614	-0.328
5817	108	-1.675	0.205
5827	108	-1.736	0.737
5837	108	-1.802	1.270
5847	108	-1.913	1.804
5857	108	-2.025	2.338
5867	108	-2.136	2.872
5877	108	-2.321	3.368
5887	108	-2.555	3.839
5897	108	-2.789	4.310
5907	108	-3.024	4.781
5577	109	-3.426	5.004
5587	109	-3.502	4.470
5597	109	-3.577	3.935
5607	109	-3.652	3.401
5617	109	-3.637	2.887
5627	109	-3.611	2.376
5637	109	-3.585	1.864
5647	109	-3.440	1.471
5657	109	-3.283	1.090
5667	109	-3.136	0.706
5677	109	-3.092	0.287
5687	109	-3.047	-0.132
5697	109	-3.003	-0.551
5707	109	-3.032	-1.008
5717	109	-3.111	-1.491
5727	109	-3.190	-1.973
5737	109	-3.256	-2.432
5747	109	-3.294	-2.835
5757	109	-3.332	-3.238
5767	109	-3.371	-3.641
5777	109	-3.313	-4.007
5787	109	-3.245	-4.369
5797	109	-3.176	-4.731
5807	109	-3.112	-5.101
5817	109	-3.082	-5.539
5827	109	-3.052	-5.977
5837	109	-3.023	-6.415
5847	109	-2.984	-6.885
5857	109	-2.938	-7.376
5867	109	-2.893	-7.867
5877	109	-2.847	-8.358
5887	109	-2.836	-8.809
5897	109	-2.847	-9.233
5907	109	-2.859	-9.658
5917	109	-2.870	-10.082
5927	109	-2.881	-10.506
5577	110	-3.790	4.924
5587	110	-3.842	4.428
5597	110	-3.893	3.931
5607	110	-3.910	3.432
5617	110	-3.892	2.930
5627	110	-3.873	2.428
5637	110	-3.780	1.941
5647	110	-3.656	1.461
5657	110	-3.539	0.988
5667	110	-3.452	0.544
5677	110	-3.366	0.100
5687	110	-3.307	-0.348
5697	110	-3.361	-0.813
5707	110	-3.415	-1.279
5717	110	-3.467	-1.732
5727	110	-3.518	-2.155
5737	110	-3.568	-2.579
5747	110	-3.619	-3.002
5757	110	-3.607	-3.381
5767	110	-3.569	-3.740
5777	110	-3.530	-4.099
5787	110	-3.478	-4.480
5797	110	-3.426	-4.861
5807	110	-3.374	-5.241
5817	110	-3.317	-5.726
5827	110	-3.259	-6.211
5837	110	-3.201	-6.696
5847	110	-3.163	-7.185
5857	110	-3.155	-7.681
5867	110	-3.147	-8.177
5877	110	-3.139	-8.663
5887	110	-3.133	-9.126
5897	110	-3.127	-9.588
5907	110	-3.121	-10.051
5917	110	-3.115	-10.513
5617	111	-3.558	-10.284
5627	111	-3.567	-9.736
5637	111	-3.575	-9.188
5647	111	-3.591	-8.644
5657	111	-3.683	-8.138
5667	111	-3.775	-7.631
5677	111	-3.868	-7.125
5687	111	-3.992	-6.763
5697	111	-4.116	-6.401
5707	111	-4.117	-6.124
5717	111	-4.065	-5.883
5727	111	-4.078	-5.558
5737	111	-4.120	-5.195
5747	111	-4.157	-4.854
5757	111	-4.178	-4.595
5767	111	-4.199	-4.336
5777	111	-4.171	-4.183
5787	111	-4.123	-4.077
5797	111	-4.075	-3.971
5807	111	-3.984	-3.826
5817	111	-3.893	-3.681
5827	111	-3.893	-3.670
5837	111	-3.893	-3.659
5847	111	-3.893	-3.647
5857	111	-3.893	-3.636
5867	111	-3.893	-3.624
5877	111	-3.893	-3.613
5887	111	-3.893	-3.602
5897	111	-3.893	-3.590
5907	111	-3.893	-3.579
5917	111	-3.893	-3.567
5927	111	-3.893	-3.556
5937	111	-3.893	-3.551
5947	111	-3.892	-3.549
5957	111	-3.891	-3.547
5967	111	-3.890	-3.546
5977	111	-3.889	-3.544
5987	111	-3.888	-3.543
5997	111	-3.888	-3.541
6007	111	-3.887	-3.540
6017	111	-3.886	-3.538
6027	111	-3.885	-3.537
6037	111	-3.884	-3.535
6047	111	-3.883	-3.534
6057	111	-3.882	-3.532
6067	111	-3.881	-3.531
6077	111	-3.880	-3.529
6087	111	-3.880	-3.528
6097	111	-3.879	-3.526
6107	111	-3.878	-3.525
6117	111	-3.877	-3.523
6127	111	-3.876	-3.521
6137	111	-3.875	-3.520
6147	111	-3.874	-3.518
6157	111	-3.873	-3.517
6167	111	-3.872	-3.515
6177	111	-3.871	-3.514
6187	111	-3.871	-3.512
6197	111	-3.870	-3.511
6207	111	-3.869	-3.509
6217	111	-3.868	-3.508
6227	111	-3.867	-3.506
6237	111	-3.866	-3.505
6247	111	-3.865	-3.503
6257	111	-3.864	-3.502
6267	111	-3.863	-3.500
6277	111	-3.863	-3.498
6287	111	-3.862	-3.497
6297	111	-3.861	-3.495
6307	111	-3.860	-3.494
6317	111	-3.859	-3.492
6327	111	-3.858	-3.491
6337	111	-3.857	-3.489
6347	111	-3.856	-3.488
6357	111	-3.855	-3.486
6367	111	-3.854	-3.485
6377	111	-3.854	-3.483
6387	111	-3.853	-3.482
6397	111	-3.852	-3.480
6407	111	-3.851	-3.479
6417	111	-3.850	-3.477
6427	111	-3.849	-3.475
6437	111	-3.848	-3.474
6447	111	-3.847	-3.472
6457	111	-3.846	-3.471
6467	111	-3.846	-3.469
6477	111	-3.845	-3.468
6487	111	-3.844	-3.466
6497	111	-3.843	-3.465
6507	111	-3.842	-3.463
6517	111	-3.841	-3.462
6527	111	-3.840	-3.460
6537	111	-3.839	-3.459
6547	111	-3.838	-3.457
6557	111	-3.837	-3.456
6567	111	-3.837	-3.454
6577	111	-3.836	-3.453
6587	111	-3.835	-3.451
6597	111	-3.834	-3.449
6607	111	-3.833	-3.448
6617	111	-3.832	-3.446
6627	111	-3.831	-3.445
6637	111	-3.830	-3.443
6647	111	-3.829	-3.442
6657	111	-3.828	-3.440
6667	111	-3.828	-3.439
6677	111	-3.827	-3.437
6687	111	-3.826	-3.436
6697	111	-3.825	-3.434
6707	111	-3.824	-3.433
6717	111	-3.823	-3.431
6727	111	-3.822	-3.430
6737	111	-3.821	-3.428
6747	111	-3.820	-3.426
6757	111	-3.820	-3.425
6767	111	-3.819	-3.423
6777	111	-3.818	-3.422
6787	111	-3.817	-3.420
6797	111	-3.816	-3.419
6807	111	-3.816	-3.418
6817	111	-3.816	-3.419
6827	111	-3.816	-3.419
6837	111	-3.816	-3.419
6847	111	-3.816	-3.420
6857	111	-3.816	-3.420
6867	111	-3.816	-3.420
6877	111	-3.816	-3.421
6887	111	-3.816	-3.421
6897	111	-3.816	-3.421
6907	111	-3.816	-3.422
6917	111	-3.816	-3.422
6927	111	-3.816	-3.422
6937	111	-3.816	-3.422
6947	111	-3.816	-3.423
6957	111	-3.816	-3.423
6967	111	-3.816	-3.423
6977	111	-3.816	-3.424
6987	111	-3.816	-3.424
6997	111	-3.816	-3.424
7007	111	-3.816	-3.425
7017	111	-3.816	-3.425
7027	111	-3.816	-3.425
7037	111	-3.816	-3.426
7047	111	-3.816	-3.426
7057	111	-3.816	-3.426
7067	111	-3.816	-3.427
7077	111	-3.816	-3.427
7087	111	-3.816	-3.427
7097	111	-3.816	-3.427
7107	111	-3.816	-3.428
7117	111	-3.816	-3.428
7127	111	-3.816	-3.428
7137	111	-3.816	-3.429
7147	111	-3.816	-3.429
7157	111	-3.816	-3.429
7167	111	-3.816	-3.430
7177	111	-3.816	-3.430
7187	111	-3.816	-3.430
7197	111	-3.816	-3.431
7207	111	-3.816	-3.431
7217	111	-3.816	-3.431
7227	111	-3.816	-3.432
7237	111	-3.816	-3.432
7247	111	-3.816	-3.432
7257	111	-3.816	-3.432
7267	111	-3.816	-3.433
7277	111	-3.816	-3.433
7287	111	-3.816	-3.433
7297	111	-3.816	-3.434
7307	111	-3.816	-3.434
7317	111	-3.816	-3.434
7327	111	-3.816	-3.435
7337	111	-3.816	-3.435
7347	111	-3.816	-3.435
7357	111	-3.816	-3.436
7367	111	-3.816	-3.436
7377	111	-3.816	-3.436
7387	111	-3.816	-3.437
7397	111	-3.816	-3.437
7407	111	-3.816	-3.437
7417	111	-3.816	-3.437
7427	111	-3.816	-3.438
7437	111	-3.816	-3.438
7447	111	-3.816	-3.438
7457	111	-3.816	-3.439
7467	111	-3.816	-3.439
7477	111	-3.816	-3.439
7487	111	-3.816	-3.440
7497	111	-3.816	-3.440
7507	111	-3.816	-3.440
7517	111	-3.816	-3.441
7527	111	-3.816	-3.441
7537	111	-3.816	-3.441
7547	111	-3.816	-3.442
7557	111	-3.816	-3.442
7567	111	-3.816	-3.442
7577	111	-3.816	-3.442
7587	111	-3.816	-3.443
7597	111	-3.816	-3.443
7607	111	-3.816	-3.443
7617	111	-3.816	-3.444
7627	111	-3.816	-3.444
7637	111	-3.816	-3.444
7647	111	-3.816	-3.445
7657	111	-3.816	-3.445
7667	111	-3.816	-3.445
7677	111	-3.816	-3.446
7687	111	-3.816	-3.446
7697	111	-3.816	-3.446
7707	111	-3.816	-3.447
7717	111	-3.816	-3.447
7727	111	-3.816	-3.447
7737	111	-3.816	-3.447
7747	111	-3.816	-3.448
7757	111	-3.816	-3.448
7767	111	-3.816	-3.448
7777	111	-3.816	-3.449
7787	111	-3.816	-3.449
7797	111	-3.816	-3.449
7807	111	-3.816	-3.450
7817	111	-3.816	-3.450
7827	111	-3.816	-3.450
7837	111	-3.816	-3.451
7847	111	-3.816	-3.451
7857	111	-3.816	-3.451
7867	111	-3.816	-3.452
7877	111	-3.816	-3.452
7887	111	-3.816	-3.452
7897	111	-3.816	-3.453
7907	111	-3.816	-3.453
7917	111	-3.816	-3.453
7927	111	-3.816	-3.453
7937	111	-3.816	-3.454
7947	111	-3.816	-3.454
7957	111	-3.816	-3.454
7967	111	-3.816	-3.455
7977	111	-3.816	-3.455
7987	111	-3.816	-3.455
7997	111	-3.816	-3.456
8007	111	-3.816	-3.456
8017	111	-3.816	-3.456
8027	111	-3.816	-3.457
8037	111	-3.816	-3.457
8047	111	-3.816	-3.457
8057	111	-3.816	-3.458
8067	111	-3.816	-3.458
8077	111	-3.816	-3.458
8087	111	-3.816	-3.458
8097	111	-3.816	-3.459
8107	111	-3.816	-3.459
8117	111	-3.816	-3.459
8127	111	-3.816	-3.460
8137	111	-3.816	-3.460
8147	111	-3.816	-3.460
8157	111	-3.816	-3.461
8167	111	-3.816	-3.461
8177	111	-3.816	-3.461
8187	111	-3.816	-3.462
8197	111	-3.816	-3.462
8207	111	-3.816	-3.462
8217	111	-3.816	-3.463
8227	111	-3.816	-3.463
8237	111	-3.816	-3.463
8247	111	-3.816	-3.463
8257	111	-3.816	-3.464
8267	111	-3.816	-3.464
8277	111	-3.816	-3.464
8287	111	-3.816	-3.465
8297	111	-3.816	-3.465
8307	111	-3.816	-3.465
8317	111	-3.816	-3.466
8327	111	-3.816	-3.466
8337	111	-3.816	-3.466
8347	111	-3.816	-3.467
8357	111	-3.816	-3.467
8367	111	-3.816	-3.467
8377	111	-3.816	-3.468
8387	111	-3.816	-3.468
8397	111	-3.816	-3.468
8407	111	-3.816	-3.468
8417	111	-3.816	-3.469
8427	111	-3.816	-3.469
8437	111	-3.816	-3.469
8447	111	-3.816	-3.470
8457	111	-3.816	-3.470
8467	111	-3.816	-3.470
8477	111	-3.816	-3.471
8487	111	-3.816	-3.471
8497	111	-3.816	-3.471
8507	111	-3.816	-3.472
8517	111	-3.816	-3.472
8527	111	-3.816	-3.472
8537	111	-3.816	-3.473
8547	111	-3.816	-3.473
8557	111	-3.816	-3.473
8567	111	-3.816	-3.473
8577	111	-3.816	-3.474
8587	111	-3.816	-3.474
8597	111	-3.816	-3.474
8607	111	-3.816	-3.475
8617	111	-3.816	-3.475
8627	111	-3.816	-3.475
8637	111	-3.816	-3.476
8647	111	-3.816	-3.476
8657	111	-3.816	-3.476
8667	111	-3.816	-3.477
8677	111	-3.816	-3.477
8687	111	-3.816	-3.477
8697	111	-3.816	-3.478
8707	111	-3.816	-3.478
8717	111	-3.816	-3.478
8727	111	-3.816	-3.478
8737	111	-3.816	-3.479
8747	111	-3.816	-3.479
8757	111	-3.816	-3.479
8767	111	-3.816	-3.480
8777	111	-3.816	-3.480
8787	111	-3.816	-3.480
8797	111	-3.816	-3.481
8807	111	-3.816	-3.481
8817	111	-3.816	-3.481
8827	111	-3.816	-3.482
8837	111	-3.816	-3.482
8847	111	-3.816	-3.482
8857	111	-3.816	-3.483
8867	111	-3.816	-3.483
8877	111	-3.816	-3.483
8887	111	-3.816	-3.483
8897	111	-3.816	-3.484
8907	111	-3.816	-3.484
8917	111	-3.816	-3.484
8927	111	-3.816	-3.485
8937	111	-3.816	-3.485
8947	111	-3.816	-3.485
8957	111	-3.816	-3.486
8967	111	-3.816	-3.486
8977	111	-3.816	-3.486
8987	111	-3.816	-3.487
8997	111	-3.816	-3.487
9007	111	-3.816	-3.487
9017	111	-3.816	-3.488
9027	111	-3.816	-3.488
9037	111	-3.816	-3.488
9047	111	-3.816	-3.488
9057	111	-3.816	-3.489
9067	111	-3.816	-3.489
9077	111	-3.816	-3.489
9087	111	-3.816	-3.490
9097	111	-3.816	-3.490
9107	111	-3.816	-3.490
9117	111	-3.816	-3.491
9127	111	-3.816	-3.491
9137	111	-3.816	-3.491
9147	111	-3.816	-3.492
9157	111	-3.816	-3.492
9167	111	-3.816	-3.492
9177	111	-3.816	-3.493
9187	111	-3.816	-3.493
9197	111	-3.816	-3.493
9207	111	-3.816	-3.493
9217	111	-3.816	-3.494
9227	111	-3.816	-3.494
9237	111	-3.816	-3.494
9247	111	-3.816	-3.495
9257	111	-3.816	-3.495
9267	111	-3.816	-3.495
9277	111	-3.816	-3.496
9287	111	-3.816	-3.496
9297	111	-3.816	-3.496
9307	111	-3.816	-3.497
9317	111	-3.816	-3.497
9327	111	-3.816	-3.497
9337	111	-3.816	-3.498
9347	111	-3.816	-3.498
9357	111	-3.816	-3.498
9367	111	-3.816	-3.499
9377	111	-3.816	-3.499
9387	111	-3.816	-3.499
9397	111	-3.816	-3.499
9407	111	-3.816	-3.500
9417	111	-3.816	-3.500
9427	111	-3.816	-3.500
9437	111	-3.816	-3.501
9447	111	-3.816	-3.501
9457	111	-3.816	-3.501
9467	111	-3.816	-3.502
9477	111	-3.816	-3.502
9487	111	-3.816	-3.502
9497	111	-3.816	-3.503
9507	111	-3.816	-3.503
9517	111	-3.816	-3.503
9527	111	-3.816	-3.504
9537	111	-3.816	-3.504
9547	111	-3.816	-3.504
9557	111	-3.816	-3.504
9567	111	-3.816	-3.505
9577	111	-3.816	-3.258
9587	111	-3.799	-2.897
9597	111	-3.629	-2.447
9607	111	-3.460	-1.997
9617	111	-3.405	-1.446
9627	111	-3.378	-0.869
9637	111	-3.351	-0.293
9647	111	-3.214	0.273
9657	111	-3.064	0.837
9667	111	-2.861	1.367
9677	111	-2.533	1.814
9687	111	-2.321	2.308
9697	111	-2.282	2.873
9707	111	-2.265	3.458
9717	111	-2.280	4.075
9727	111	-2.296	4.691
5627	112	-2.725	-10.370
5637	112	-2.779	-9.834
5647	112	-2.833	-9.299
5657	112	-2.898	-8.773
5667	112	-3.072	-8.339
5677	112	-3.245	-7.905
5687	112	-3.403	-7.496
5697	112	-3.538	-7.125
5707	112	-3.667	-6.759
5717	112	-3.739	-6.437
5727	112	-3.765	-6.116
5737	112	-3.682	-5.798
5747	112	-3.613	-5.481
5757	112	-3.665	-5.180
5767	112	-3.715	-4.893
5777	112	-3.751	-4.737
5787	112	-3.786	-4.581
5797	112	-3.790	-4.492
5807	112	-3.790	-4.411
5817	112	-3.790	-4.330
5827	112	-3.786	-4.283
5837	112	-3.780	-4.251
5847	112	-3.775	-4.219
5857	112	-3.770	-4.188
5867	112	-3.764	-4.156
5877	112	-3.763	-4.153
5887	112	-3.763	-4.154
5897	112	-3.763	-4.155
5907	112	-3.762	-4.155
5917	112	-3.762	-4.156
5927	112	-3.762	-4.157
5937	112	-3.761	-4.157
5947	112	-3.761	-4.158
5957	112	-3.760	-4.159
5967	112	-3.760	-4.159
5977	112	-3.760	-4.160
5987	112	-3.759	-4.161
5997	112	-3.759	-4.162
6007	112	-3.759	-4.162
6017	112	-3.758	-4.163
6027	112	-3.758	-4.164
6037	112	-3.758	-4.164
6047	112	-3.757	-4.165
6057	112	-3.757	-4.166
6067	112	-3.756	-4.166
6077	112	-3.756	-4.167
6087	112	-3.756	-4.168
6097	112	-3.755	-4.169
6107	112	-3.755	-4.169
6117	112	-3.755	-4.170
6127	112	-3.754	-4.171
6137	112	-3.754	-4.171
6147	112	-3.754	-4.172
6157	112	-3.753	-4.173
6167	112	-3.753	-4.173
6177	112	-3.752	-4.174
6187	112	-3.752	-4.175
6197	112	-3.752	-4.175
6207	112	-3.751	-4.176
6217	112	-3.751	-4.177
6227	112	-3.751	-4.178
6237	112	-3.750	-4.178
6247	112	-3.750	-4.179
6257	112	-3.749	-4.180
6267	112	-3.749	-4.180
6277	112	-3.749	-4.181
6287	112	-3.748	-4.182
6297	112	-3.748	-4.182
6307	112	-3.748	-4.183
6317	112	-3.747	-4.184
6327	112	-3.747	-4.185
6337	112	-3.747	-4.185
6347	112	-3.746	-4.186
6357	112	-3.746	-4.187
6367	112	-3.745	-4.187
6377	112	-3.745	-4.188
6387	112	-3.745	-4.189
6397	112	-3.744	-4.189
6407	112	-3.744	-4.190
6417	112	-3.744	-4.191
6427	112	-3.743	-4.191
6437	112	-3.743	-4.192
6447	112	-3.743	-4.193
6457	112	-3.742	-4.194
6467	112	-3.742	-4.194
6477	112	-3.741	-4.195
6487	112	-3.741	-4.196
6497	112	-3.741	-4.196
6507	112	-3.740	-4.197
6517	112	-3.740	-4.198
6527	112	-3.740	-4.198
6537	112	-3.739	-4.199
6547	112	-3.739	-4.200
6557	112	-3.739	-4.201
6567	112	-3.738	-4.201
6577	112	-3.738	-4.202
6587	112	-3.737	-4.203
6597	112	-3.737	-4.203
6607	112	-3.737	-4.204
6617	112	-3.736	-4.205
6627	112	-3.736	-4.205
6637	112	-3.736	-4.206
6647	112	-3.735	-4.207
6657	112	-3.735	-4.207
6667	112	-3.735	-4.208
6677	112	-3.734	-4.209
6687	112	-3.734	-4.210
6697	112	-3.733	-4.210
6707	112	-3.733	-4.211
6717	112	-3.733	-4.212
6727	112	-3.732	-4.212
6737	112	-3.732	-4.213
6747	112	-3.732	-4.214
6757	112	-3.731	-4.214
6767	112	-3.731	-4.215
6777	112	-3.731	-4.216
6787	112	-3.730	-4.217
6797	112	-3.730	-4.217
6807	112	-3.729	-4.218
6817	112	-3.729	-4.219
6827	112	-3.729	-4.219
6837	112	-3.728	-4.220
6847	112	-3.728	-4.221
6857	112	-3.728	-4.221
6867	112	-3.727	-4.222
6877	112	-3.727	-4.223
6887	112	-3.726	-4.223
6897	112	-3.726	-4.224
6907	112	-3.726	-4.225
6917	112	-3.725	-4.226
6927	112	-3.725	-4.226
6937	112	-3.725	-4.227
6947	112	-3.724	-4.228
6957	112	-3.724	-4.228
6967	112	-3.724	-4.229
6977	112	-3.723	-4.230
6987	112	-3.723	-4.230
6997	112	-3.722	-4.231
7007	112	-3.722	-4.232
7017	112	-3.722	-4.233
7027	112	-3.721	-4.233
7037	112	-3.721	-4.234
7047	112	-3.721	-4.235
7057	112	-3.720	-4.235
7067	112	-3.720	-4.236
7077	112	-3.720	-4.237
7087	112	-3.719	-4.237
7097	112	-3.719	-4.238
7107	112	-3.718	-4.239
7117	112	-3.718	-4.239
7127	112	-3.718	-4.240
7137	112	-3.717	-4.241
7147	112	-3.717	-4.242
7157	112	-3.717	-4.242
7167	112	-3.716	-4.243
7177	112	-3.716	-4.244
7187	112	-3.716	-4.244
7197	112	-3.715	-4.245
7207	112	-3.715	-4.246
7217	112	-3.714	-4.246
7227	112	-3.714	-4.247
7237	112	-3.714	-4.248
7247	112	-3.713	-4.249
7257	112	-3.713	-4.249
7267	112	-3.713	-4.250
7277	112	-3.712	-4.251
7287	112	-3.712	-4.251
7297	112	-3.712	-4.252
7307	112	-3.711	-4.253
7317	112	-3.711	-4.253
7327	112	-3.710	-4.254
7337	112	-3.710	-4.255
7347	112	-3.710	-4.255
7357	112	-3.709	-4.256
7367	112	-3.709	-4.257
7377	112	-3.709	-4.258
7387	112	-3.708	-4.258
7397	112	-3.708	-4.259
7407	112	-3.708	-4.260
7417	112	-3.707	-4.260
7427	112	-3.707	-4.261
7437	112	-3.706	-4.262
7447	112	-3.706	-4.262
7457	112	-3.706	-4.263
7467	112	-3.705	-4.264
7477	112	-3.705	-4.265
7487	112	-3.705	-4.265
7497	112	-3.704	-4.266
7507	112	-3.704	-4.267
7517	112	-3.703	-4.267
7527	112	-3.703	-4.268
7537	112	-3.703	-4.269
7547	112	-3.702	-4.269
7557	112	-3.702	-4.270
7567	112	-3.702	-4.271
7577	112	-3.701	-4.271
7587	112	-3.701	-4.272
7597	112	-3.701	-4.273
7607	112	-3.700	-4.274
7617	112	-3.700	-4.274
7627	112	-3.699	-4.275
7637	112	-3.699	-4.276
7647	112	-3.699	-4.276
7657	112	-3.698	-4.277
7667	112	-3.698	-4.278
7677	112	-3.698	-4.278
7687	112	-3.697	-4.279
7697	112	-3.697	-4.280
7707	112	-3.697	-4.281
7717	112	-3.696	-4.281
7727	112	-3.696	-4.282
7737	112	-3.695	-4.283
7747	112	-3.695	-4.283
7757	112	-3.695	-4.284
7767	112	-3.694	-4.285
7777	112	-3.694	-4.285
7787	112	-3.694	-4.286
7797	112	-3.693	-4.287
7807	112	-3.693	-4.287
7817	112	-3.693	-4.288
7827	112	-3.692	-4.289
7837	112	-3.692	-4.290
7847	112	-3.691	-4.290
7857	112	-3.691	-4.291
7867	112	-3.691	-4.292
7877	112	-3.690	-4.292
7887	112	-3.690	-4.293
7897	112	-3.690	-4.294
7907	112	-3.689	-4.294
7917	112	-3.689	-4.295
7927	112	-3.689	-4.296
7937	112	-3.688	-4.297
7947	112	-3.688	-4.297
7957	112	-3.687	-4.298
7967	112	-3.687	-4.299
7977	112	-3.687	-4.299
7987	112	-3.686	-4.300
7997	112	-3.686	-4.301
8007	112	-3.686	-4.301
8017	112	-3.686	-4.302
8027	112	-3.686	-4.302
8037	112	-3.686	-4.303
8047	112	-3.686	-4.303
8057	112	-3.686	-4.303
8067	112	-3.686	-4.304
8077	112	-3.686	-4.304
8087	112	-3.686	-4.305
8097	112	-3.686	-4.305
8107	112	-3.686	-4.306
8117	112	-3.686	-4.306
8127	112	-3.686	-4.306
8137	112	-3.686	-4.307
8147	112	-3.686	-4.307
8157	112	-3.686	-4.308
8167	112	-3.686	-4.308
8177	112	-3.686	-4.309
8187	112	-3.686	-4.309
8197	112	-3.686	-4.309
8207	112	-3.686	-4.310
8217	112	-3.686	-4.310
8227	112	-3.686	-4.311
8237	112	-3.686	-4.311
8247	112	-3.686	-4.312
8257	112	-3.686	-4.312
8267	112	-3.686	-4.312
8277	112	-3.686	-4.313
8287	112	-3.686	-4.313
8297	112	-3.686	-4.314
8307	112	-3.686	-4.314
8317	112	-3.686	-4.315
8327	112	-3.686	-4.315
8337	112	-3.686	-4.316
8347	112	-3.686	-4.316
8357	112	-3.686	-4.316
8367	112	-3.686	-4.317
8377	112	-3.686	-4.317
8387	112	-3.686	-4.318
8397	112	-3.686	-4.318
8407	112	-3.686	-4.319
8417	112	-3.686	-4.319
8427	112	-3.686	-4.319
8437	112	-3.686	-4.320
8447	112	-3.686	-4.320
8457	112	-3.686	-4.321
8467	112	-3.686	-4.321
8477	112	-3.686	-4.322
8487	112	-3.686	-4.322
8497	112	-3.686	-4.322
8507	112	-3.686	-4.323
8517	112	-3.686	-4.323
8527	112	-3.686	-4.324
8537	112	-3.686	-4.324
8547	112	-3.686	-4.325
8557	112	-3.686	-4.325
8567	112	-3.686	-4.325
8577	112	-3.686	-4.326
8587	112	-3.686	-4.326
8597	112	-3.686	-4.327
8607	112	-3.686	-4.327
8617	112	-3.686	-4.328
8627	112	-3.686	-4.328
8637	112	-3.686	-4.329
8647	112	-3.686	-4.329
8657	112	-3.686	-4.329
8667	112	-3.686	-4.330
8677	112	-3.686	-4.330
8687	112	-3.686	-4.331
8697	112	-3.686	-4.331
8707	112	-3.686	-4.332
8717	112	-3.686	-4.332
8727	112	-3.686	-4.332
8737	112	-3.686	-4.333
8747	112	-3.686	-4.333
8757	112	-3.686	-4.334
8767	112	-3.686	-4.334
8777	112	-3.686	-4.335
8787	112	-3.686	-4.335
8797	112	-3.686	-4.335
8807	112	-3.686	-4.336
8817	112	-3.686	-4.336
8827	112	-3.686	-4.337
8837	112	-3.686	-4.337
8847	112	-3.686	-4.338
8857	112	-3.686	-4.338
8867	112	-3.686	-4.338
8877	112	-3.686	-4.339
8887	112	-3.686	-4.339
8897	112	-3.686	-4.340
8907	112	-3.686	-4.340
8917	112	-3.686	-4.341
8927	112	-3.686	-4.341
8937	112	-3.686	-4.342
8947	112	-3.686	-4.342
8957	112	-3.686	-4.342
8967	112	-3.686	-4.343
8977	112	-3.686	-4.343
8987	112	-3.686	-4.344
8997	112	-3.686	-4.344
9007	112	-3.686	-4.345
9017	112	-3.686	-4.345
9027	112	-3.686	-4.345
9037	112	-3.686	-4.346
9047	112	-3.686	-4.346
9057	112	-3.686	-4.347
9067	112	-3.686	-4.347
9077	112	-3.686	-4.348
9087	112	-3.686	-4.348
9097	112	-3.686	-4.348
9107	112	-3.686	-4.349
9117	112	-3.686	-4.349
9127	112	-3.686	-4.350
9137	112	-3.686	-4.350
9147	112	-3.686	-4.351
9157	112	-3.686	-4.351
9167	112	-3.686	-4.351
9177	112	-3.686	-4.352
9187	112	-3.686	-4.352
9197	112	-3.686	-4.353
9207	112	-3.686	-4.353
9217	112	-3.686	-4.354
9227	112	-3.686	-4.354
9237	112	-3.686	-4.355
9247	112	-3.686	-4.355
9257	112	-3.686	-4.355
9267	112	-3.686	-4.356
9277	112	-3.686	-4.356
9287	112	-3.686	-4.357
9297	112	-3.686	-4.357
9307	112	-3.686	-4.358
9317	112	-3.686	-4.358
9327	112	-3.686	-4.358
9337	112	-3.686	-4.359
9347	112	-3.686	-4.359
9357	112	-3.686	-4.360
9367	112	-3.686	-4.360
9377	112	-3.686	-4.361
9387	112	-3.686	-4.361
9397	112	-3.686	-4.361
9407	112	-3.686	-4.362
9417	112	-3.686	-4.362
9427	112	-3.686	-4.363
9437	112	-3.686	-4.363
9447	112	-3.686	-4.364
9457	112	-3.686	-4.364
9467	112	-3.686	-4.364
9477	112	-3.686	-4.365
9487	112	-3.686	-4.365
9497	112	-3.686	-4.366
9507	112	-3.686	-4.340
9517	112	-3.686	-4.297
9527	112	-3.686	-4.253
9537	112	-3.686	-4.210
9547	112	-3.686	-4.167
9557	112	-3.686	-4.103
9567	112	-3.686	-4.026
9577	112	-3.686	-3.948
9587	112	-3.437	-3.766
9597	112	-3.125	-3.558
9607	112	-2.798	-3.091
9617	112	-2.466	-2.560
9627	112	-2.374	-1.906
9637	112	-2.310	-1.248
9647	112	-2.310	-0.581
9657	112	-2.310	0.086
9667	112	-2.202	0.692
9677	112	-2.066	1.281
9687	112	-1.888	1.890
9697	112	-1.668	2.516
9707	112	-1.545	3.160
9717	112	-1.520	3.822
9727	112	-1.560	4.440
9737	112	-1.698	4.995
5647	113	1.870	5.042
5657	113	1.549	4.564
5667	113	1.234	4.101
5677	113	0.934	3.672
5687	113	0.635	3.242
5697	113	0.356	2.809
5707	113	0.085	2.373
5717	113	-0.129	1.916
5727	113	-0.212	1.409
5737	113	-0.296	0.903
5747	113	-0.267	0.387
5757	113	-0.125	-0.139
5767	113	0.006	-0.660
5777	113	0.115	-1.170
5787	113	0.223	-1.680
5797	113	0.243	-2.225
5807	113	0.253	-2.775
5817	113	0.253	-3.315
5827	113	0.230	-3.834
5837	113	0.208	-4.353
5847	113	0.104	-4.886
5857	113	-0.000	-5.419
5867	113	-0.124	-5.978
5877	113	-0.268	-6.561
5887	113	-0.412	-7.145
5897	113	-0.501	-7.754
5907	113	-0.575	-8.368
5917	113	-0.649	-8.982
5927	113	-0.739	-9.570
5937	113	-0.829	-10.158
5837	114	-3.423	-9.913
5847	114	-3.581	-9.204
5857	114	-3.722	-8.466
5867	114	-3.847	-7.700
5877	114	-3.971	-6.934
5887	114	-4.155	-6.184
5897	114	-4.339	-5.433
5907	114	-4.516	-4.661
5917	114	-4.689	-3.874
5927	114	-4.815	-3.082
5937	114	-4.748	-2.268
5947	114	-4.681	-1.455
5957	114	-4.602	-0.641
5967	114	-4.420	0.176
5977	114	-4.239	0.992
5987	114	-4.076	1.808
5997	114	-4.082	2.617
6007	114	-4.088	3.427
6017	114	-4.094	4.237
6027	114	-4.101	5.046
5837	115	2.425	-10.094
5847	115	2.147	-9.951
5857	115	1.869	-9.808
5867	115	1.593	-9.616
5877	115	1.317	-9.425
5887	115	1.042	-9.233
5897	115	0.795	-8.963
5907	115	0.555	-8.673
5917	115	0.317	-8.364
5927	115	0.082	-7.975
5937	115	-0.152	-7.587
5947	115	-0.367	-7.189
5957	115	-0.399	-6.710
5967	115	-0.432	-6.231
5977	115	-0.464	-5.751
5987	115	-0.548	-5.249
5997	115	-0.638	-4.745
6007	115	-0.732	-4.247
6017	115	-0.834	-3.766
6027	115	-0.936	-3.284
6037	115	-1.038	-2.803
6047	115	-1.168	-2.321
6057	115	-1.298	-1.839
6067	115	-1.428	-1.357
6077	115	-1.538	-0.850
6087	115	-1.619	-0.305
6097	115	-1.700	0.240
6107	115	-1.772	0.794
6117	115	-1.807	1.384
6127	115	-1.842	1.974
6137	115	-1.877	2.564
6147	115	-1.977	3.138
6157	115	-2.142	3.697
6167	115	-2.306	4.255
6177	115	-2.471	4.813
5897	116	-3.513	-10.338
5907	116	-3.599	-9.692
5917	116	-3.686	-9.045
5927	116	-3.666	-8.378
5937	116	-3.601	-7.703
5947	116	-3.537	-7.027
5957	116	-3.355	-6.360
5967	116	-3.160	-5.694
5977	116	-2.960	-5.029
5987	116	-2.710	-4.368
5997	116	-2.461	-3.708
6007	116	-2.297	-3.056
6017	116	-2.218	-2.412
6027	116	-2.144	-1.762
6037	116	-2.094	-1.089
6047	116	-2.044	-0.416
6057	116	-2.000	0.256
6067	116	-2.016	0.918
6077	116	-2.032	1.581
6087	116	-2.047	2.243
6097	116	-2.135	2.892
6107	116	-2.240	3.538
6117	116	-2.345	4.183
6127	116	-2.450	4.829
6017	117	0.242	5.053
6027	117	0.065	4.422
6037	117	-0.111	3.790
6047	117	-0.260	3.109
6057	117	-0.389	2.395
6067	117	-0.436	1.691
6077	117	-0.360	1.004
6087	117	-0.283	0.318
6097	117	-0.223	-0.425
6107	117	-0.171	-1.192
6117	117	-0.177	-1.913
6127	117	-0.207	-2.614
6137	117	-0.239	-3.314
6147	117	-0.297	-3.998
6157	117	-0.355	-4.683
6167	117	-0.331	-5.362
6177	117	-0.183	-6.035
6187	117	-0.036	-6.708
6197	117	0.125	-7.336
6207	117	0.308	-7.898
6217	117	0.490	-8.460
6227	117	0.809	-8.907
6237	117	1.187	-9.305
6247	117	1.625	-9.593
6257	117	2.123	-9.771
6267	117	2.622	-9.949
6007	118	2.483	-9.909
6017	118	2.133	-9.895
6027	118	1.783	-9.882
6037	118	1.547	-9.794
6047	118	1.339	-9.687
6057	118	1.132	-9.580
6067	118	1.042	-9.334
6077	118	0.982	-9.053
6087	118	0.938	-8.750
6097	118	0.955	-8.358
6107	118	0.971	-7.966
6117	118	0.987	-7.573
6127	118	0.994	-7.174
6137	118	1.001	-6.775
6147	118	1.008	-6.375
6157	118	0.988	-5.971
6167	118	0.907	-5.555
6177	118	0.826	-5.138
6187	118	0.745	-4.723
6197	118	0.670	-4.322
6207	118	0.595	-3.920
6217	118	0.520	-3.519
6227	118	0.427	-3.109
6237	118	0.293	-2.682
6247	118	0.160	-2.254
6257	118	0.026	-1.826
6267	118	-0.096	-1.411
6277	118	-0.218	-0.995
6287	118	-0.340	-0.580
6297	118	-0.455	-0.173
6307	118	-0.564	0.227
6317	118	-0.672	0.628
6327	118	-0.796	1.064
6337	118	-0.934	1.535
6347	118	-1.073	2.005
6357	118	-1.242	2.465
6367	118	-1.442	2.915
6377	118	-1.643	3.365
6387	118	-1.843	3.814
6397	118	-2.040	4.269
6407	118	-2.237	4.724
6067	119	0.671	-10.097
6077	119	0.595	-9.723
6087	119	0.520	-9.349
6097	119	0.467	-8.967
6107	119	0.467	-8.569
6117	119	0.467	-8.171
6127	119	0.467	-7.773
6137	119	0.456	-7.332
6147	119	0.439	-6.862
6157	119	0.421	-6.392
6167	119	0.382	-5.933
6177	119	0.334	-5.479
6187	119	0.286	-5.025
6197	119	0.238	-4.571
6207	119	0.169	-4.138
6217	119	0.098	-3.708
6227	119	0.027	-3.278
6237	119	-0.045	-2.847
6247	119	-0.163	-2.429
6257	119	-0.286	-2.013
6267	119	-0.408	-1.596
6277	119	-0.535	-1.178
6287	119	-0.689	-0.745
6297	119	-0.843	-0.312
6307	119	-0.998	0.120
6317	119	-1.160	0.548
6327	119	-1.335	0.969
6337	119	-1.510	1.391
6347	119	-1.685	1.812
6357	119	-1.860	2.233
6367	119	-2.046	2.714
6377	119	-2.235	3.210
6387	119	-2.423	3.707
6397	119	-2.612	4.203
6407	119	-2.801	4.699
6147	120	-3.644	4.825
6157	120	-3.605	4.347
6167	120	-3.565	3.870
6177	120	-3.525	3.389
6187	120	-3.473	2.886
6197	120	-3.421	2.383
6207	120	-3.365	1.885
6217	120	-3.266	1.432
6227	120	-3.168	0.979
6237	120	-3.070	0.527
6247	120	-2.951	0.066
6257	120	-2.802	-0.407
6267	120	-2.652	-0.880
6277	120	-2.494	-1.345
6287	120	-2.254	-1.741
6297	120	-2.014	-2.137
6307	120	-1.773	-2.533
6317	120	-1.539	-2.927
6327	120	-1.353	-3.298
6337	120	-1.168	-3.669
6347	120	-1.017	-4.041
6357	120	-0.947	-4.413
6367	120	-0.878	-4.785
6377	120	-0.811	-5.177
6387	120	-0.746	-5.577
6397	120	-0.681	-5.978
6407	120	-0.632	-6.387
6417	120	-0.718	-6.874
6427	120	-0.805	-7.362
6437	120	-0.896	-7.847
6447	120	-1.031	-8.310
6457	120	-1.165	-8.773
6467	120	-1.292	-9.235
6477	120	-1.409	-9.696
6487	120	-1.525	-10.156
6177	121	-3.149	4.502
6187	121	-2.984	3.939
6197	121	-2.820	3.375
6207	121	-2.718	2.862
6217	121	-2.624	2.353
6227	121	-2.530	1.845
6237	121	-2.449	1.337
6247	121	-2.379	0.828
6257	121	-2.308	0.319
6267	121	-2.219	-0.168
6277	121	-2.090	-0.603
6287	121	-1.960	-1.038
6297	121	-1.816	-1.457
6307	121	-1.640	-1.836
6317	121	-1.464	-2.216
6327	121	-1.286	-2.627
6337	121	-1.106	-3.069
6347	121	-0.926	-3.511
6357	121	-0.743	-3.987
6367	121	-0.559	-4.467
6377	121	-0.422	-4.925
6387	121	-0.333	-5.362
6397	121	-0.243	-5.799
6407	121	-0.222	-6.276
6417	121	-0.245	-6.779
6427	121	-0.320	-7.286
6437	121	-0.472	-7.798
6447	121	-0.623	-8.310
6457	121	-0.727	-8.767
6467	121	-0.831	-9.223
6477	121	-0.934	-9.680
6487	121	-1.038	-10.137
6247	122	1.144	-10.212
6257	122	0.908	-10.065
6267	122	0.673	-9.917
6277	122	0.437	-9.770
6287	122	0.282	-9.539
6297	122	0.147	-9.288
6307	122	0.018	-9.037
6317	122	-0.058	-8.785
6327	122	-0.134	-8.534
6337	122	-0.211	-8.282
6347	122	-0.388	-8.050
6357	122	-0.609	-7.827
6367	122	-0.831	-7.603
6377	122	-0.975	-7.393
6387	122	-1.119	-7.182
6397	122	-1.222	-6.958
6407	122	-1.230	-6.703
6417	122	-1.238	-6.447
6427	122	-1.246	-6.191
6437	122	-1.181	-5.850
6447	122	-1.116	-5.509
6457	122	-1.051	-5.167
6467	122	-0.947	-4.784
6477	122	-0.832	-4.391
6487	122	-0.718	-3.997
6497	122	-0.672	-3.602
6507	122	-0.728	-3.205
6517	122	-0.785	-2.808
6527	122	-0.854	-2.408
6537	122	-0.970	-1.995
6547	122	-1.087	-1.581
6557	122	-1.195	-1.168
6567	122	-1.287	-0.756
6577	122	-1.378	-0.344
6587	122	-1.469	0.067
6597	122	-1.585	0.459
6607	122	-1.718	0.837
6617	122	-1.852	1.214
6627	122	-1.985	1.592
6637	122	-2.120	2.012
6647	122	-2.257	2.451
6657	122	-2.393	2.890
6667	122	-2.530	3.329
6677	122	-2.677	3.748
6687	122	-2.826	4.165
6697	122	-2.974	4.582
6707	122	-3.122	4.998
6277	123	-0.170	-9.986
6287	123	-0.415	-9.705
6297	123	-0.659	-9.425
6307	123	-0.872	-9.136
6317	123	-1.009	-8.830
6327	123	-1.147	-8.523
6337	123	-1.284	-8.217
6347	123	-1.356	-7.882
6357	123	-1.421	-7.545
6367	123	-1.486	-7.210
6377	123	-1.551	-6.901
6387	123	-1.616	-6.593
6397	123	-1.681	-6.284
6407	123	-1.623	-5.984
6417	123	-1.553	-5.686
6427	123	-1.482	-5.388
6437	123	-1.423	-5.078
6447	123	-1.373	-4.762
6457	123	-1.323	-4.445
6467	123	-1.330	-4.116
6477	123	-1.395	-3.773
6487	123	-1.460	-3.431
6497	123	-1.524	-3.088
6507	123	-1.588	-2.745
6517	123	-1.651	-2.402
6527	123	-1.714	-2.060
6537	123	-1.821	-1.722
6547	123	-1.957	-1.387
6557	123	-2.093	-1.052
6567	123	-2.229	-0.717
6577	123	-2.365	-0.377
6587	123	-2.502	-0.028
6597	123	-2.639	0.322
6607	123	-2.776	0.671
6617	123	-2.902	1.091
6627	123	-3.026	1.530
6637	123	-3.149	1.968
6647	123	-3.273	2.407
6657	123	-3.405	2.855
6667	123	-3.541	3.310
6677	123	-3.678	3.765
6687	123	-3.815	4.220
6697	123	-3.952	4.675
6397	124	2.258	5.179
6407	124	2.258	4.746
6417	124	2.255	4.338
6427	124	2.240	4.031
6437	124	2.384	3.749
6447	124	2.686	3.517
6457	124	2.986	3.348
6467	124	3.297	3.245
6477	124	3.624	3.243
6487	124	3.951	3.240
6497	124	4.352	3.236
6507	124	4.785	3.230
6517	124	5.217	3.224
6527	124	5.584	3.176
6537	124	5.950	3.127
6547	124	6.317	3.079
6417	125	0.852	5.135
6427	125	1.089	4.787
6437	125	1.326	4.439
6447	125	1.749	4.177
6457	125	2.192	3.925
6467	125	2.633	3.741
6477	125	3.072	3.625
6487	125	3.510	3.509
6497	125	3.961	3.489
6507	125	4.421	3.534
6517	125	4.880	3.578
6527	125	5.306	3.613
6537	125	5.732	3.647
6547	125	6.158	3.682
6457	126	1.291	4.873
6467	126	1.600	4.520
6477	126	1.944	4.203
6487	126	2.367	3.972
6497	126	2.790	3.741
6507	126	3.211	3.583
6517	126	3.632	3.474
6527	126	4.053	3.365
6537	126	4.470	3.329
6547	126	4.885	3.325
6557	126	5.300	3.321
6567	126	5.685	3.295
6577	126	6.057	3.260
6587	126	6.429	3.225
6537	127	-2.853	-9.891
6547	127	-2.688	-9.307
6557	127	-2.523	-8.722
6567	127	-2.364	-8.149
6577	127	-2.211	-7.588
6587	127	-2.058	-7.028
6597	127	-1.911	-6.465
6607	127	-1.813	-5.887
6617	127	-1.715	-5.309
6627	127	-1.616	-4.731
6637	127	-1.568	-4.161
6647	127	-1.596	-3.604
6657	127	-1.623	-3.046
6667	127	-1.650	-2.489
6677	127	-1.737	-1.921
6687	127	-1.863	-1.347
6697	127	-1.990	-0.772
6707	127	-2.116	-0.198
6717	127	-2.280	0.359
6727	127	-2.448	0.914
6737	127	-2.617	1.469
6747	127	-2.766	2.035
6757	127	-2.840	2.645
6767	127	-2.913	3.255
6777	127	-2.986	3.865
6787	127	-3.060	4.475
6797	127	-3.133	5.085
6537	128	-3.755	-10.050
6547	128	-3.595	-9.432
6557	128	-3.435	-8.813
6567	128	-3.269	-8.210
6577	128	-3.089	-7.641
6587	128	-2.909	-7.072
6597	128	-2.729	-6.504
6607	128	-2.581	-5.940
6617	128	-2.478	-5.384
6627	128	-2.376	-4.829
6637	128	-2.289	-4.273
6647	128	-2.337	-3.722
6657	128	-2.385	-3.171
6667	128	-2.432	-2.620
6677	128	-2.523	-2.075
6687	128	-2.713	-1.541
6697	128	-2.904	-1.007
6707	128	-3.084	-0.455
6717	128	-3.241	0.143
6727	128	-3.399	0.740
6737	128	-3.556	1.337
6747	128	-3.694	1.927
6757	128	-3.832	2.517
6767	128	-3.970	3.107
6777	128	-4.058	3.681
6787	128	-4.133	4.251
6797	128	-4.208	4.821
6577	129	-2.264	-10.078
6587	129	-1.888	-9.383
6597	129	-1.512	-8.687
6607	129	-1.156	-7.971
6617	129	-0.819	-7.235
6627	129	-0.483	-6.498
6637	129	-0.327	-5.794
6647	129	-0.218	-5.098
6657	129	-0.136	-4.400
6667	129	-0.169	-3.698
6677	129	-0.201	-2.995
6687	129	-0.262	-2.299
6697	129	-0.330	-1.605
6707	129	-0.387	-0.890
6717	129	-0.435	-0.153
6727	129	-0.484	0.583
6737	129	-0.410	1.337
6747	129	-0.306	2.095
6757	129	-0.177	2.823
6767	129	0.011	3.481
6777	129	0.199	4.139
6787	129	0.387	4.797
6757	130	1.710	-10.173
6767	130	1.403	-10.025
6777	130	1.095	-9.878
6787	130	0.929	-9.649
6797	130	0.778	-9.411
6807	130	0.627	-9.172
6817	130	0.459	-8.856
6827	130	0.286	-8.520
6837	130	0.159	-8.208
6847	130	0.104	-7.932
6857	130	0.048	-7.656
6867	130	-0.010	-7.378
6877	130	-0.071	-7.099
6887	130	-0.132	-6.820
6897	130	-0.204	-6.552
6907	130	-0.286	-6.291
6917	130	-0.367	-6.031
6927	130	-0.430	-5.764
6937	130	-0.465	-5.490
6947	130	-0.501	-5.215
6957	130	-0.514	-4.945
6967	130	-0.505	-4.682
6977	130	-0.496	-4.419
6987	130	-0.475	-4.157
6997	130	-0.449	-3.896
7007	130	-0.423	-3.635
7017	130	-0.415	-3.367
7027	130	-0.415	-3.096
7037	130	-0.415	-2.825
7047	130	-0.456	-2.618
7057	130	-0.500	-2.418
7067	130	-0.545	-2.219
7077	130	-0.397	-2.078
7087	130	-0.248	-1.938
7097	130	-0.236	-1.922
7107	130	-0.238	-1.920
7117	130	-0.240	-1.919
7127	130	-0.242	-1.917
7137	130	-0.245	-1.915
7147	130	-0.247	-1.913
7157	130	-0.249	-1.911
7167	130	-0.252	-1.910
7177	130	-0.254	-1.908
7187	130	-0.256	-1.906
7197	130	-0.258	-1.904
7207	130	-0.261	-1.902
7217	130	-0.263	-1.901
7227	130	-0.265	-1.899
7237	130	-0.267	-1.897
7247	130	-0.270	-1.895
7257	130	-0.272	-1.893
7267	130	-0.274	-1.892
7277	130	-0.277	-1.890
7287	130	-0.279	-1.888
7297	130	-0.281	-1.886
7307	130	-0.283	-1.884
7317	130	-0.286	-1.883
7327	130	-0.288	-1.881
7337	130	-0.290	-1.879
7347	130	-0.292	-1.877
7357	130	-0.295	-1.875
7367	130	-0.297	-1.874
7377	130	-0.299	-1.872
7387	130	-0.302	-1.870
7397	130	-0.304	-1.868
7407	130	-0.306	-1.866
7417	130	-0.308	-1.865
7427	130	-0.311	-1.863
7437	130	-0.313	-1.861
7447	130	-0.315	-1.859
7457	130	-0.317	-1.857
7467	130	-0.320	-1.856
7477	130	-0.322	-1.854
7487	130	-0.324	-1.852
7497	130	-0.327	-1.850
7507	130	-0.329	-1.848
7517	130	-0.331	-1.847
7527	130	-0.333	-1.845
7537	130	-0.336	-1.843
7547	130	-0.363	-1.818
7557	130	-0.493	-1.698
7567	130	-0.623	-1.579
7577	130	-0.698	-1.392
7587	130	-0.736	-1.161
7597	130	-0.775	-0.930
7607	130	-0.834	-0.800
7617	130	-0.895	-0.682
7627	130	-0.956	-0.563
7637	130	-1.100	-0.459
7647	130	-1.327	-0.370
7657	130	-1.541	-0.259
7667	130	-1.640	0.036
7677	130	-1.739	0.331
7687	130	-1.668	0.737
7697	130	-1.598	1.144
7707	130	-1.499	1.595
7717	130	-1.393	2.057
7727	130	-1.297	2.523
7737	130	-1.288	3.029
7747	130	-1.280	3.535
7757	130	-1.282	4.032
7767	130	-1.384	4.453
7777	130	-1.486	4.875
6767	131	0.494	-10.251
6777	131	0.245	-9.994
6787	131	-0.005	-9.738
6797	131	-0.197	-9.445
6807	131	-0.331	-9.115
6817	131	-0.465	-8.784
6827	131	-0.537	-8.468
6837	131	-0.567	-8.161
6847	131	-0.597	-7.854
6857	131	-0.690	-7.572
6867	131	-0.784	-7.289
6877	131	-0.870	-6.991
6887	131	-0.947	-6.677
6897	131	-1.025	-6.362
6907	131	-1.078	-6.051
6917	131	-1.106	-5.743
6927	131	-1.134	-5.434
6937	131	-1.068	-5.166
6947	131	-0.962	-4.916
6957	131	-0.898	-4.677
6967	131	-0.876	-4.450
6977	131	-0.862	-4.225
6987	131	-0.916	-4.011
6997	131	-0.969	-3.796
7007	131	-1.014	-3.571
7017	131	-1.022	-3.300
7027	131	-1.030	-3.030
7037	131	-1.038	-2.759
7047	131	-1.050	-2.506
7057	131	-1.061	-2.252
7067	131	-1.072	-2.052
7077	131	-1.084	-1.875
7087	131	-1.052	-1.767
7097	131	-0.974	-1.729
7107	131	-0.897	-1.691
7117	131	-0.820	-1.652
7127	131	-0.805	-1.593
7137	131	-0.805	-1.528
7147	131	-0.805	-1.463
7157	131	-0.815	-1.472
7167	131	-0.827	-1.501
7177	131	-0.840	-1.529
7187	131	-0.852	-1.558
7197	131	-0.865	-1.586
7207	131	-0.877	-1.615
7217	131	-0.886	-1.615
7227	131	-0.892	-1.596
7237	131	-0.898	-1.576
7247	131	-0.903	-1.557
7257	131	-0.909	-1.538
7267	131	-0.915	-1.519
7277	131	-0.921	-1.500
7287	131	-0.927	-1.481
7297	131	-0.932	-1.462
7307	131	-0.938	-1.442
7317	131	-0.944	-1.423
7327	131	-0.950	-1.404
7337	131	-0.956	-1.385
7347	131	-0.951	-1.367
7357	131	-0.901	-1.354
7367	131	-0.852	-1.340
7377	131	-0.803	-1.327
7387	131	-0.754	-1.314
7397	131	-0.704	-1.301
7407	131	-0.686	-1.304
7417	131	-0.714	-1.334
7427	131	-0.742	-1.363
7437	131	-0.769	-1.393
7447	131	-0.797	-1.423
7457	131	-0.825	-1.452
7467	131	-0.853	-1.482
7477	131	-0.881	-1.511
7487	131	-0.908	-1.541
7497	131	-1.002	-1.406
7507	131	-1.095	-1.271
7517	131	-1.158	-1.182
7527	131	-1.191	-1.138
7537	131	-1.223	-1.095
7547	131	-1.256	-1.051
7557	131	-1.288	-1.007
7567	131	-1.325	-0.911
7577	131	-1.363	-0.792
7587	131	-1.402	-0.673
7597	131	-1.458	-0.611
7607	131	-1.514	-0.549
7617	131	-1.570	-0.487
7627	131	-1.684	-0.374
7637	131	-1.933	-0.142
7647	131	-2.182	0.090
7657	131	-2.309	0.448
7667	131	-2.405	0.837
7677	131	-2.478	1.218
7687	131	-2.343	1.527
7697	131	-2.208	1.836
7707	131	-2.102	2.169
7717	131	-2.016	2.518
7727	131	-1.929	2.866
7737	131	-2.016	3.303
7747	131	-2.122	3.749
7757	131	-2.228	4.196
7767	131	-2.334	4.642
7777	131	-2.440	5.089
6927	132	-2.154	5.079
6937	132	-2.142	4.461
6947	132	-2.130	3.842
6957	132	-2.117	3.149
6967	132	-2.104	2.446
6977	132	-2.092	1.744
6987	132	-2.079	1.042
6997	132	-2.021	0.388
7007	132	-1.951	-0.254
7017	132	-1.882	-0.895
7027	132	-1.812	-1.537
7037	132	-1.862	-2.174
7047	132	-1.964	-2.810
7057	132	-2.056	-3.433
7067	132	-2.135	-4.040
7077	132	-2.208	-4.652
7087	132	-2.225	-5.325
7097	132	-2.243	-5.997
7107	132	-2.266	-6.667
7117	132	-2.341	-7.313
7127	132	-2.416	-7.959
7137	132	-2.492	-8.605
7147	132	-2.635	-9.261
7157	132	-2.778	-9.917
6957	133	-2.886	-10.061
6967	133	-2.764	-9.494
6977	133	-2.643	-8.927
6987	133	-2.535	-8.344
6997	133	-2.449	-7.736
7007	133	-2.362	-7.128
7017	133	-2.277	-6.527
7027	133	-2.201	-5.978
7037	133	-2.126	-5.430
7047	133	-2.051	-4.882
7057	133	-1.887	-4.362
7067	133	-1.741	-3.839
7077	133	-1.756	-3.292
7087	133	-1.803	-2.711
7097	133	-1.900	-2.082
7107	133	-1.996	-1.452
7117	133	-2.105	-0.845
7127	133	-2.221	-0.248
7137	133	-2.336	0.349
7147	133	-2.445	0.947
7157	133	-2.492	1.555
7167	133	-2.539	2.164
7177	133	-2.586	2.773
7187	133	-2.606	3.338
7197	133	-2.620	3.893
7207	133	-2.633	4.448
7217	133	-2.646	5.003
6957	134	-1.905	-10.239
6967	134	-1.823	-9.647
6977	134	-1.742	-9.054
6987	134	-1.661	-8.462
6997	134	-1.626	-7.863
7007	134	-1.591	-7.264
7017	134	-1.556	-6.666
7027	134	-1.516	-6.084
7037	134	-1.464	-5.544
7047	134	-1.412	-5.003
7057	134	-1.360	-4.462
7067	134	-1.341	-3.917
7077	134	-1.331	-3.371
7087	134	-1.343	-2.826
7097	134	-1.408	-2.288
7107	134	-1.473	-1.749
7117	134	-1.541	-1.203
7127	134	-1.637	-0.594
7137	134	-1.734	0.015
7147	134	-1.830	0.623
7157	134	-1.913	1.221
7167	134	-1.988	1.813
7177	134	-2.062	2.404
7187	134	-2.130	2.991
7197	134	-2.142	3.545
7207	134	-2.155	4.100
7217	134	-2.168	4.654
7227	134	-2.180	5.208
7007	135	-2.200	-9.967
7017	135	-2.265	-9.518
7027	135	-2.290	-9.056
7037	135	-2.223	-8.564
7047	135	-2.156	-8.072
7057	135	-2.065	-7.577
7067	135	-1.879	-7.068
7077	135	-1.692	-6.559
7087	135	-1.505	-6.050
7097	135	-1.505	-5.532
7107	135	-1.505	-5.014
7117	135	-1.613	-4.503
7127	135	-1.767	-3.995
7137	135	-1.922	-3.487
7147	135	-2.047	-2.963
7157	135	-2.143	-2.422
7167	135	-2.240	-1.882
7177	135	-2.336	-1.341
7187	135	-2.336	-0.747
7197	135	-2.336	-0.153
7207	135	-2.336	0.442
7217	135	-2.330	1.017
7227	135	-2.319	1.573
7237	135	-2.308	2.129
7247	135	-2.297	2.686
7257	135	-2.285	3.242
7267	135	-2.382	3.748
7277	135	-2.490	4.249
7287	135	-2.598	4.750
7037	136	0.072	4.916
7047	136	-0.085	4.510
7057	136	-0.242	4.104
7067	136	-0.400	3.698
7077	136	-0.505	3.218
7087	136	-0.604	2.730
7097	136	-0.703	2.241
7107	136	-0.748	1.750
7117	136	-0.739	1.255
7127	136	-0.730	0.760
7137	136	-0.586	0.287
7147	136	-0.386	-0.177
7157	136	-0.196	-0.622
7167	136	-0.016	-1.048
7177	136	0.164	-1.474
7187	136	0.174	-1.957
7197	136	0.166	-2.447
7207	136	0.157	-2.936
7217	136	0.087	-3.398
7227	136	-0.000	-3.853
7237	136	-0.087	-4.308
7247	136	-0.188	-4.773
7257	136	-0.347	-5.277
7267	136	-0.506	-5.781
7277	136	-0.665	-6.285
7287	136	-0.825	-6.789
7297	136	-0.926	-7.288
7307	136	-1.012	-7.786
7317	136	-1.099	-8.284
7327	136	-1.185	-8.782
7337	136	-1.233	-9.245
7347	136	-1.276	-9.704
7357	136	-1.319	-10.164
7137	137	-3.676	-10.431
7147	137	-3.583	-9.988
7157	137	-3.489	-9.544
7167	137	-3.395	-9.101
7177	137	-3.230	-8.697
7187	137	-2.994	-8.333
7197	137	-2.786	-7.920
7207	137	-2.644	-7.394
7217	137	-2.512	-6.858
7227	137	-2.406	-6.300
7237	137	-2.301	-5.742
7247	137	-2.198	-5.177
7257	137	-2.097	-4.606
7267	137	-1.997	-4.036
7277	137	-1.993	-3.493
7287	137	-2.087	-2.977
7297	137	-2.180	-2.461
7307	137	-2.440	-1.891
7317	137	-2.699	-1.322
7327	137	-2.938	-0.748
7337	137	-3.156	-0.170
7347	137	-3.374	0.408
7357	137	-3.542	1.001
7367	137	-3.637	1.618
7377	137	-3.733	2.235
7387	137	-3.795	2.854
7397	137	-3.808	3.476
7407	137	-3.822	4.097
7417	137	-3.835	4.719
7157	138	-2.284	-10.351
7167	138	-2.247	-9.769
7177	138	-2.210	-9.187
7187	138	-2.166	-8.619
7197	138	-2.091	-8.105
7207	138	-2.017	-7.592
7217	138	-1.952	-7.063
7227	138	-1.900	-6.512
7237	138	-1.848	-5.961
7247	138	-1.782	-5.421
7257	138	-1.696	-4.899
7267	138	-1.609	-4.377
7277	138	-1.541	-3.848
7287	138	-1.639	-3.256
7297	138	-1.736	-2.664
7307	138	-1.871	-2.110
7317	138	-2.021	-1.571
7327	138	-2.172	-1.032
7337	138	-2.303	-0.457
7347	138	-2.421	0.142
7357	138	-2.539	0.741
7367	138	-2.657	1.332
7377	138	-2.777	1.907
7387	138	-2.896	2.482
7397	138	-3.015	3.056
7407	138	-3.104	3.644
7417	138	-3.174	4.241
7427	138	-3.243	4.837
7177	139	4.555	4.231
7187	139	4.116	4.153
7197	139	3.678	4.075
7207	139	3.230	3.950
7217	139	2.782	3.819
7227	139	2.334	3.689
7237	139	1.913	3.513
7247	139	1.511	3.307
7257	139	1.109	3.102
7267	139	0.753	2.862
7277	139	0.441	2.589
7287	139	0.130	2.316
7297	139	-0.178	1.997
7307	139	-0.482	1.634
7317	139	-0.787	1.270
7327	139	-1.016	0.880
7337	139	-1.194	0.473
7347	139	-1.372	0.066
7357	139	-1.515	-0.362
7367	139	-1.605	-0.822
7377	139	-1.694	-1.281
7387	139	-1.672	-1.717
7397	139	-1.538	-2.130
7407	139	-1.403	-2.542
7417	139	-1.232	-2.963
7427	139	-1.035	-3.388
7437	139	-0.838	-3.813
7447	139	-0.673	-4.235
7457	139	-0.580	-4.654
7467	139	-0.487	-5.072
7477	139	-0.393	-5.490
7487	139	-0.323	-5.931
7497	139	-0.287	-6.405
7507	139	-0.251	-6.878
7517	139	-0.215	-7.352
7527	139	-0.182	-7.717
7537	139	-0.149	-8.054
7547	139	-0.117	-8.391
7557	139	-0.083	-8.667
7567	139	-0.047	-8.902
7577	139	0.028	-9.085
7587	139	0.162	-9.192
7597	139	0.297	-9.299
7607	139	0.445	-9.440
7617	139	0.599	-9.596
7627	139	0.754	-9.752
7637	139	0.947	-9.901
7647	139	1.181	-10.042
7657	139	1.415	-10.184
7207	140	4.559	4.210
7217	140	4.146	4.044
7227	140	3.732	3.878
7237	140	3.328	3.711
7247	140	2.929	3.544
7257	140	2.530	3.377
7267	140	2.130	3.210
7277	140	1.717	3.081
7287	140	1.301	2.961
7297	140	0.884	2.840
7307	140	0.467	2.720
7317	140	0.143	2.389
7327	140	-0.182	2.058
7337	140	-0.457	1.706
7347	140	-0.537	1.270
7357	140	-0.617	0.833
7367	140	-0.534	0.418
7377	140	-0.341	0.017
7387	140	-0.149	-0.385
7397	140	0.050	-0.807
7407	140	0.250	-1.232
7417	140	0.375	-1.677
7427	140	0.327	-2.168
7437	140	0.279	-2.660
7447	140	0.221	-3.158
7457	140	0.156	-3.660
7467	140	0.091	-4.162
7477	140	0.026	-4.664
7487	140	0.064	-5.153
7497	140	0.102	-5.642
7507	140	0.140	-6.131
7517	140	0.202	-6.608
7527	140	0.280	-7.076
7537	140	0.358	-7.544
7547	140	0.436	-8.011
7557	140	0.467	-8.403
7567	140	0.467	-8.743
7577	140	0.467	-9.084
7587	140	0.608	-9.276
7597	140	0.784	-9.431
7607	140	0.960	-9.586
7617	140	1.274	-9.734
7627	140	1.588	-9.882
7637	140	1.902	-10.030
7647	140	2.216	-10.178
7347	141	-3.115	-10.430
7357	141	-3.023	-9.788
7367	141	-2.932	-9.147
7377	141	-2.840	-8.506
7387	141	-2.749	-7.879
7397	141	-2.657	-7.260
7407	141	-2.566	-6.641
7417	141	-2.475	-6.023
7427	141	-2.383	-5.367
7437	141	-2.292	-4.707
7447	141	-2.200	-4.046
7457	141	-2.221	-3.416
7467	141	-2.354	-2.817
7477	141	-2.487	-2.217
7487	141	-2.620	-1.617
7497	141	-2.751	-0.994
7507	141	-2.881	-0.356
7517	141	-3.011	0.282
7527	141	-3.124	0.926
7537	141	-3.170	1.593
7547	141	-3.216	2.260
7557	141	-3.261	2.927
7567	141	-3.277	3.598
7577	141	-3.286	4.269
7587	141	-3.295	4.940
7367	142	-2.366	-10.196
7377	142	-2.257	-9.507
7387	142	-2.149	-8.817
7397	142	-2.038	-8.130
7407	142	-1.912	-7.460
7417	142	-1.787	-6.791
7427	142	-1.661	-6.122
7437	142	-1.653	-5.444
7447	142	-1.644	-4.766
7457	142	-1.636	-4.087
7467	142	-1.679	-3.436
7477	142	-1.729	-2.789
7487	142	-1.778	-2.141
7497	142	-1.831	-1.485
7507	142	-1.903	-0.796
7517	142	-1.976	-0.107
7527	142	-2.048	0.582
7537	142	-2.085	1.248
7547	142	-2.100	1.897
7557	142	-2.114	2.546
7567	142	-2.128	3.196
7577	142	-2.179	3.815
7587	142	-2.229	4.435
7597	142	-2.279	5.055
7437	143	0.065	5.073
7447	143	-0.149	4.586
7457	143	-0.364	4.099
7467	143	-0.540	3.625
7477	143	-0.656	3.172
7487	143	-0.772	2.719
7497	143	-0.835	2.225
7507	143	-0.843	1.689
7517	143	-0.851	1.154
7527	143	-0.769	0.643
7537	143	-0.479	0.187
7547	143	-0.188	-0.268
7557	143	-0.026	-0.758
7567	143	0.104	-1.255
7577	143	0.234	-1.752
7587	143	0.303	-2.255
7597	143	0.372	-2.758
7607	143	0.441	-3.260
7617	143	0.420	-3.806
7627	143	0.399	-4.351
7637	143	0.378	-4.896
7647	143	0.387	-5.432
7657	143	0.464	-5.944
7667	143	0.541	-6.456
7677	143	0.618	-6.968
7687	143	0.707	-7.471
7697	143	0.805	-7.968
7707	143	0.902	-8.465
7717	143	1.016	-8.904
7727	143	1.156	-9.256
7737	143	1.296	-9.608
7747	143	1.620	-9.827
7757	143	1.991	-10.013
7767	143	2.362	-10.198
7487	144	-3.404	-10.277
7497	144	-3.328	-9.799
7507	144	-3.253	-9.321
7517	144	-3.175	-8.845
7527	144	-3.086	-8.381
7537	144	-2.996	-7.917
7547	144	-2.907	-7.453
7557	144	-2.704	-6.999
7567	144	-2.500	-6.546
7577	144	-2.297	-6.092
7587	144	-2.122	-5.660
7597	144	-2.013	-5.278
7607	144	-1.904	-4.896
7617	144	-1.817	-4.513
7627	144	-1.817	-4.127
7637	144	-1.817	-3.741
7647	144	-1.817	-3.356
7657	144	-1.789	-3.076
7667	144	-1.761	-2.796
7677	144	-1.748	-2.539
7687	144	-1.791	-2.372
7697	144	-1.853	-2.146
7707	144	-1.943	-1.829
7717	144	-2.029	-1.506
7727	144	-2.074	-1.119
7737	144	-2.119	-0.733
7747	144	-2.153	-0.343
7757	144	-2.145	0.058
7767	144	-2.137	0.458
7777	144	-2.129	0.859
7787	144	-2.170	1.001
7797	144	-2.204	1.076
7807	144	-2.195	0.999
7817	144	-2.186	0.922
7827	144	-2.188	0.916
7837	144	-2.208	1.018
7847	144	-2.227	1.120
7857	144	-2.247	1.222
7867	144	-2.262	1.476
7877	144	-2.272	1.957
7887	144	-2.281	2.438
7897	144	-2.324	2.957
7907	144	-2.380	3.491
7917	144	-2.437	4.026
7927	144	-2.493	4.560
7497	145	-2.318	-9.978
7507	145	-2.256	-9.534
7517	145	-2.180	-9.082
7527	145	-2.051	-8.601
7537	145	-1.921	-8.121
7547	145	-1.831	-7.636
7557	145	-1.769	-7.148
7567	145	-1.697	-6.667
7577	145	-1.540	-6.242
7587	145	-1.382	-5.818
7597	145	-1.257	-5.390
7607	145	-1.207	-4.955
7617	145	-1.157	-4.519
7627	145	-1.142	-4.214
7637	145	-1.142	-3.966
7647	145	-1.142	-3.717
7657	145	-1.152	-3.483
7667	145	-1.163	-3.250
7677	145	-1.183	-2.980
7687	145	-1.213	-2.673
7697	145	-1.243	-2.366
7707	145	-1.347	-2.047
7717	145	-1.460	-1.726
7727	145	-1.572	-1.406
7737	145	-1.570	-0.995
7747	145	-1.557	-0.602
7757	145	-1.557	-0.479
7767	145	-1.557	-0.355
7777	145	-1.509	-0.302
7787	145	-1.461	-0.250
7797	145	-1.413	-0.198
7807	145	-1.364	-0.145
7817	145	-1.350	-0.032
7827	145	-1.350	0.107
7837	145	-1.350	0.247
7847	145	-1.461	0.646
7857	145	-1.586	1.074
7867	145	-1.601	1.523
7877	145	-1.545	1.987
7887	145	-1.523	2.471
7897	145	-1.583	3.002
7907	145	-1.643	3.533
7917	145	-1.716	4.028
7927	145	-1.794	4.509
7937	145	-1.871	4.989
7487	146	0.252	5.121
7497	146	0.175	4.741
7507	146	0.098	4.361
7517	146	0.006	3.996
7527	146	-0.110	3.654
7537	146	-0.225	3.312
7547	146	-0.309	2.945
7557	146	-0.380	2.568
7567	146	-0.457	2.270
7577	146	-0.539	2.049
7587	146	-0.587	1.831
7597	146	-0.552	1.616
7607	146	-0.539	1.532
7617	146	-0.531	1.481
7627	146	-0.524	1.431
7637	146	-0.524	1.301
7647	146	-0.537	1.051
7657	146	-0.512	0.788
7667	146	-0.429	0.506
7677	146	-0.346	0.223
7687	146	-0.249	-0.117
7697	146	-0.150	-0.464
7707	146	-0.052	-0.811
7717	146	0.029	-1.196
7727	146	0.109	-1.581
7737	146	0.185	-1.969
7747	146	0.219	-2.378
7757	146	0.253	-2.787
7767	146	0.288	-3.196
7777	146	0.311	-3.609
7787	146	0.311	-4.030
7797	146	0.311	-4.451
7807	146	0.311	-4.872
7817	146	0.291	-5.282
7827	146	0.261	-5.687
7837	146	0.232	-6.092
7847	146	0.202	-6.497
7857	146	0.175	-6.911
7867	146	0.151	-7.345
7877	146	0.127	-7.780
7887	146	0.104	-8.214
7897	146	0.080	-8.648
7907	146	0.016	-9.001
7917	146	-0.053	-9.344
7927	146	-0.122	-9.687
7937	146	-0.191	-10.031
7947	146	-0.260	-10.374
7517	147	-3.832	-9.920
7527	147	-3.792	-9.318
7537	147	-3.733	-8.724
7547	147	-3.631	-8.147
7557	147	-3.529	-7.570
7567	147	-3.382	-7.040
7577	147	-3.189	-6.557
7587	147	-2.997	-6.074
7597	147	-2.801	-5.591
7607	147	-2.600	-5.110
7617	147	-2.411	-4.639
7627	147	-2.269	-4.211
7637	147	-2.195	-3.792
7647	147	-2.399	-3.414
7657	147	-2.486	-2.917
7667	147	-2.544	-2.390
7677	147	-2.630	-1.843
7687	147	-2.717	-1.296
7697	147	-2.702	-0.690
7707	147	-2.618	-0.045
7717	147	-2.529	0.594
7727	147	-2.379	1.184
7737	147	-2.229	1.773
7747	147	-2.198	2.349
7757	147	-2.284	2.911
7767	147	-2.454	3.521
7777	147	-2.658	4.150
7787	147	-2.988	4.630
7797	147	-3.348	5.072
7527	148	-0.086	4.872
7537	148	-0.319	4.472
7547	148	-0.500	4.033
7557	148	-0.657	3.578
7567	148	-0.815	3.123
7577	148	-0.908	2.637
7587	148	-0.995	2.149
7597	148	-1.073	1.855
7607	148	-1.135	1.611
7617	148	-1.068	1.378
7627	148	-1.000	1.146
7637	148	-0.924	0.888
7647	148	-0.846	0.624
7657	148	-0.768	0.360
7667	148	-0.682	0.003
7677	148	-0.593	-0.377
7687	148	-0.504	-0.757
7697	148	-0.451	-1.155
7707	148	-0.482	-1.596
7717	148	-0.514	-2.037
7727	148	-0.545	-2.479
7737	148	-0.524	-2.929
7747	148	-0.503	-3.379
7757	148	-0.482	-3.828
7767	148	-0.486	-4.265
7777	148	-0.549	-4.672
7787	148	-0.612	-5.079
7797	148	-0.676	-5.485
7807	148	-0.697	-5.869
7817	148	-0.690	-6.237
7827	148	-0.684	-6.605
7837	148	-0.677	-6.973
7847	148	-0.693	-7.347
7857	148	-0.724	-7.725
7867	148	-0.755	-8.103
7877	148	-0.786	-8.481
7887	148	-0.819	-8.838
7897	148	-0.854	-9.164
7907	148	-0.889	-9.491
7917	148	-0.923	-9.817
7927	148	-0.958	-10.144
7547	149	1.978	-10.094
7557	149	1.833	-10.075
7567	149	1.688	-10.056
7577	149	1.544	-10.036
7587	149	1.337	-10.058
7597	149	0.883	-10.239
7637	150	-2.431	-10.134
7647	150	-2.329	-9.650
7657	150	-2.227	-9.166
7667	150	-2.145	-8.720
7677	150	-2.069	-8.284
7687	150	-1.993	-7.847
7697	150	-1.918	-7.411
7707	150	-1.847	-6.975
7717	150	-1.775	-6.538
7727	150	-1.704	-6.102
7737	150	-1.634	-5.654
7747	150	-1.566	-5.186
7757	150	-1.498	-4.719
7767	150	-1.430	-4.252
7777	150	-1.365	-3.783
7787	150	-1.313	-3.304
7797	150	-1.261	-2.825
7807	150	-1.210	-2.346
7817	150	-1.082	-1.886
7827	150	-0.921	-1.433
7837	150	-0.761	-0.980
7847	150	-0.644	-0.552
7857	150	-0.629	-0.182
7867	150	-0.640	0.258
7877	150	-0.667	0.744
7887	150	-0.695	1.230
7897	150	-0.773	1.667
7907	150	-0.864	2.092
7917	150	-0.954	2.516
7927	150	-1.045	2.941
7937	150	-1.133	3.346
7947	150	-1.220	3.734
7957	150	-1.306	4.121
7967	150	-1.393	4.508
7977	150	-1.480	4.895
7627	151	-3.245	-10.348
7637	151	-3.083	-9.886
7647	151	-2.922	-9.423
7657	151	-2.769	-8.961
7667	151	-2.682	-8.495
7677	151	-2.596	-8.029
7687	151	-2.508	-7.568
7697	151	-2.411	-7.152
7707	151	-2.313	-6.737
7717	151	-2.216	-6.321
7727	151	-2.125	-5.901
7737	151	-2.093	-5.439
7747	151	-2.060	-4.977
7757	151	-2.028	-4.515
7767	151	-1.989	-4.068
7777	151	-1.949	-3.622
7787	151	-1.909	-3.176
7797	151	-1.869	-2.729
7807	151	-1.799	-2.305
7817	151	-1.729	-1.880
7827	151	-1.658	-1.456
7837	151	-1.561	-1.048
7847	151	-1.398	-0.680
7857	151	-1.236	-0.312
7867	151	-1.138	0.129
7877	151	-1.076	0.574
7887	151	-1.132	0.998
7897	151	-1.189	1.422
7907	151	-1.246	1.846
7917	151	-1.410	2.273
7927	151	-1.575	2.699
7937	151	-1.739	3.125
7947	151	-1.898	3.562
7957	151	-2.058	3.998
7967	151	-2.217	4.435
7977	151	-2.376	4.871
7687	152	-3.907	4.763
7697	152	-3.883	4.236
7707	152	-3.859	3.709
7717	152	-3.818	3.201
7727	152	-3.739	2.738
7737	152	-3.661	2.276
7747	152	-3.582	1.813
7757	152	-3.553	1.375
7767	152	-3.524	0.937
7777	152	-3.495	0.498
7787	152	-3.450	0.107
7797	152	-3.381	-0.215
7807	152	-3.312	-0.537
7817	152	-3.257	-0.845
7827	152	-3.222	-1.133
7837	152	-3.187	-1.420
7847	152	-3.087	-1.713
7857	152	-2.887	-2.013
7867	152	-2.687	-2.312
7877	152	-2.509	-2.569
7887	152	-2.336	-2.814
7897	152	-2.163	-3.060
7907	152	-2.085	-3.352
7917	152	-2.031	-3.657
7927	152	-2.021	-3.993
7937	152	-2.077	-4.376
7947	152	-2.133	-4.759
7957	152	-2.189	-5.142
7967	152	-2.234	-5.579
7977	152	-2.274	-6.039
7987	152	-2.295	-6.501
7997	152	-2.139	-6.986
8007	152	-1.983	-7.470
8017	152	-1.831	-7.952
8027	152	-1.717	-8.406
8037	152	-1.603	-8.860
8047	152	-1.444	-9.268
8057	152	-1.255	-9.644
8067	152	-1.038	-9.968
8077	152	-0.779	-10.215
7697	153	-3.082	4.618
7707	153	-3.042	4.091
7717	153	-3.001	3.565
7727	153	-2.979	3.045
7737	153	-2.969	2.529
7747	153	-2.959	2.012
7757	153	-2.917	1.602
7767	153	-2.875	1.191
7777	153	-2.833	0.781
7787	153	-2.751	0.398
7797	153	-2.665	0.019
7807	153	-2.578	-0.360
7817	153	-2.586	-0.667
7827	153	-2.604	-0.967
7837	153	-2.622	-1.266
7847	153	-2.504	-1.517
7857	153	-2.386	-1.768
7867	153	-2.252	-1.978
7877	153	-2.115	-2.177
7887	153	-1.978	-2.375
7897	153	-1.850	-2.597
7907	153	-1.758	-2.907
7917	153	-1.666	-3.218
7927	153	-1.581	-3.533
7937	153	-1.561	-3.887
7947	153	-1.540	-4.242
7957	153	-1.484	-4.635
7967	153	-1.404	-5.053
7977	153	-1.324	-5.472
7987	153	-1.244	-5.891
7997	153	-1.134	-6.276
8007	153	-1.011	-6.648
8017	153	-0.888	-7.019
8027	153	-0.765	-7.390
8037	153	-0.591	-7.723
8047	153	-0.410	-8.053
8057	153	-0.230	-8.382
8067	153	-0.020	-8.686
8077	153	0.260	-8.930
8087	153	0.539	-9.173
8097	153	0.819	-9.417
8107	153	1.078	-9.601
8117	153	1.306	-9.694
8127	153	1.535	-9.788
8137	153	1.764	-9.881
7727	154	-3.042	-10.147
7737	154	-2.938	-9.398
7747	154	-2.834	-8.648
7757	154	-2.678	-7.932
7767	154	-2.499	-7.229
7777	154	-2.320	-6.527
7787	154	-2.160	-5.815
7797	154	-2.004	-5.101
7807	154	-1.848	-4.387
7817	154	-1.782	-3.787
7827	154	-1.739	-3.217
7837	154	-1.731	-2.657
7847	154	-1.776	-2.114
7857	154	-1.821	-1.570
7867	154	-1.989	-0.962
7877	154	-2.281	-0.288
7887	154	-2.573	0.385
7897	154	-2.862	1.047
7907	154	-3.152	1.710
7917	154	-3.400	2.432
7927	154	-3.608	3.214
7937	154	-3.732	3.992
7947	154	-3.773	4.766
7727	155	-3.388	4.920
7737	155	-3.455	4.379
7747	155	-3.522	3.839
7757	155	-3.614	3.286
7767	155	-3.729	2.722
7777	155	-3.844	2.157
7787	155	-3.960	1.593
7797	155	-4.044	1.015
7807	155	-4.125	0.436
7817	155	-4.207	-0.142
7827	155	-4.367	-0.714
7837	155	-4.562	-1.281
7847	155	-4.737	-1.870
7857	155	-4.867	-2.508
7867	155	-4.997	-3.145
7877	155	-5.002	-3.709
7887	155	-4.993	-4.264
7897	155	-4.985	-4.820
7907	155	-4.808	-5.356
7917	155	-4.614	-5.889
7927	155	-4.469	-6.415
7937	155	-4.375	-6.933
7947	155	-4.282	-7.479
7957	155	-4.192	-8.092
7967	155	-4.102	-8.705
7977	155	-4.033	-9.342
7987	155	-3.973	-9.989
7787	156	-2.153	-10.078
7797	156	-2.064	-9.627
7807	156	-1.974	-9.176
7817	156	-1.894	-8.718
7827	156	-1.827	-8.246
7837	156	-1.760	-7.775
7847	156	-1.672	-7.300
7857	156	-1.534	-6.813
7867	156	-1.396	-6.327
7877	156	-1.251	-5.849
7887	156	-1.043	-5.450
7897	156	-0.836	-5.052
7907	156	-0.628	-4.653
7917	156	-0.497	-4.254
7927	156	-0.416	-3.854
7937	156	-0.336	-3.455
7947	156	-0.298	-3.031
7957	156	-0.279	-2.597
7967	156	-0.260	-2.163
7977	156	-0.321	-1.803
7987	156	-0.382	-1.442
7997	156	-0.443	-1.081
8007	156	-0.532	-0.684
8017	156	-0.639	-0.263
8027	156	-0.746	0.158
8037	156	-0.856	0.589
8047	156	-0.966	1.024
8057	156	-1.076	1.460
8067	156	-1.200	1.894
8077	156	-1.344	2.327
8087	156	-1.488	2.760
8097	156	-1.632	3.194
8107	156	-1.787	3.618
8117	156	-1.944	4.039
8127	156	-2.101	4.461
8137	156	-2.258	4.883
7787	157	-3.318	-10.291
7797	157	-3.219	-9.795
7807	157	-3.119	-9.299
7817	157	-3.001	-8.826
7827	157	-2.876	-8.364
7837	157	-2.751	-7.901
7847	157	-2.694	-7.473
7857	157	-2.636	-7.046
7867	157	-2.540	-6.591
7877	157	-2.353	-6.071
7887	157	-2.166	-5.552
7897	157	-1.929	-5.086
7907	157	-1.680	-4.634
7917	157	-1.457	-4.181
7927	157	-1.295	-3.727
7937	157	-1.256	-3.314
7947	157	-1.270	-2.917
7957	157	-1.350	-2.528
7967	157	-1.436	-2.140
7977	157	-1.531	-1.751
7987	157	-1.629	-1.363
7997	157	-1.726	-0.974
8007	157	-1.803	-0.588
8017	157	-1.866	-0.205
8027	157	-1.929	0.179
8037	157	-1.992	0.563
8047	157	-2.054	0.989
8057	157	-2.115	1.420
8067	157	-2.176	1.850
8077	157	-2.293	2.293
8087	157	-2.466	2.748
8097	157	-2.639	3.203
8107	157	-2.792	3.633
8117	157	-2.925	4.039
8127	157	-3.058	4.444
8137	157	-3.191	4.849
7787	158	-3.074	-9.988
7797	158	-2.926	-9.487
7807	158	-2.777	-8.985
7817	158	-2.735	-8.543
7827	158	-2.694	-8.101
7837	158	-2.652	-7.659
7847	158	-2.537	-7.204
7857	158	-2.415	-6.748
7867	158	-2.292	-6.291
7877	158	-2.138	-5.835
7887	158	-1.912	-5.378
7897	158	-1.686	-4.921
7907	158	-1.477	-4.474
7917	158	-1.336	-4.066
7927	158	-1.195	-3.657
7937	158	-1.055	-3.249
7947	158	-1.033	-2.885
7957	158	-1.063	-2.539
7967	158	-1.092	-2.194
7977	158	-1.134	-1.846
7987	158	-1.226	-1.487
7997	158	-1.318	-1.127
8007	158	-1.409	-0.768
8017	158	-1.493	-0.362
8027	158	-1.574	0.055
8037	158	-1.656	0.473
8047	158	-1.741	0.887
8057	158	-1.835	1.292
8067	158	-1.929	1.697
8077	158	-2.022	2.102
8087	158	-2.175	2.508
8097	158	-2.354	2.913
8107	158	-2.532	3.319
8117	158	-2.681	3.730
8127	158	-2.800	4.146
8137	158	-2.920	4.563
8147	158	-3.039	4.979
7907	159	-3.009	4.595
7917	159	-3.040	4.033
7927	159	-3.071	3.471
7937	159	-3.043	2.925
7947	159	-2.927	2.406
7957	159	-2.812	1.886
7967	159	-2.697	1.366
7977	159	-2.581	0.846
7987	159	-2.477	0.367
7997	159	-2.375	-0.108
8007	159	-2.273	-0.582
8017	159	-2.170	-1.056
8027	159	-2.064	-1.519
8037	159	-1.957	-1.982
8047	159	-1.851	-2.446
8057	159	-1.745	-2.909
8067	159	-1.738	-3.386
8077	159	-1.774	-3.869
8087	159	-1.810	-4.352
8097	159	-1.851	-4.836
8107	159	-1.931	-5.334
8117	159	-2.011	-5.832
8127	159	-2.090	-6.330
8137	159	-2.171	-6.829
8147	159	-2.255	-7.336
8157	159	-2.340	-7.843
8167	159	-2.424	-8.350
8177	159	-2.493	-8.856
8187	159	-2.548	-9.360
8197	159	-2.602	-9.864
8207	159	-2.657	-10.368
7997	160	-3.072	4.450
8007	160	-2.996	3.797
8017	160	-2.919	3.144
8027	160	-2.842	2.514
8037	160	-2.763	1.908
8047	160	-2.685	1.301
8057	160	-2.607	0.695
8067	160	-2.500	0.104
8077	160	-2.278	-0.424
8087	160	-2.057	-0.952
8097	160	-1.848	-1.455
8107	160	-1.651	-1.932
8117	160	-1.454	-2.409
8127	160	-1.251	-2.859
8137	160	-1.043	-3.289
8147	160	-0.836	-3.720
8157	160	-0.635	-4.153
8167	160	-0.501	-4.603
8177	160	-0.367	-5.053
8187	160	-0.228	-5.497
8197	160	-0.070	-5.916
8207	160	0.087	-6.334
8217	160	0.207	-6.753
8227	160	0.270	-7.172
8237	160	0.333	-7.591
8247	160	0.396	-8.010
8257	160	0.436	-8.351
8267	160	0.466	-8.658
8277	160	0.510	-8.958
8287	160	0.681	-9.194
8297	160	0.851	-9.431
8307	160	1.021	-9.667
8317	160	1.046	-9.775
8327	160	1.055	-9.869
8337	160	1.063	-9.962
8347	160	1.042	-10.070
8357	160	1.018	-10.179
8367	160	0.994	-10.289
8157	161	4.674	-0.167
8167	161	4.185	-0.175
8177	161	3.697	-0.183
8187	161	3.208	-0.191
8197	161	2.719	-0.199
8207	161	2.178	-0.243
8217	161	1.623	-0.295
8227	161	1.138	-0.578
8237	161	0.757	-1.035
8247	161	0.513	-1.542
8257	161	0.333	-2.123
8267	161	0.195	-2.753
8277	161	0.148	-3.416
8287	161	0.111	-4.083
8297	161	0.071	-4.750
8307	161	-0.001	-5.410
8317	161	-0.072	-6.071
8327	161	-0.096	-6.721
8337	161	0.071	-7.328
8347	161	0.239	-7.936
8357	161	0.412	-8.522
8367	161	0.638	-8.908
8377	161	0.863	-9.294
8387	161	1.220	-9.515
8397	161	1.609	-9.695
8407	161	1.999	-9.875
8187	162	-3.726	-9.988
8197	162	-3.634	-9.347
8207	162	-3.542	-8.706
8217	162	-3.422	-8.078
8227	162	-3.236	-7.481
8237	162	-3.049	-6.884
8247	162	-2.862	-6.283
8257	162	-2.673	-5.651
8267	162	-2.483	-5.018
8277	162	-2.379	-4.413
8287	162	-2.361	-3.837
8297	162	-2.343	-3.261
8307	162	-2.447	-2.724
8317	162	-2.633	-2.211
8327	162	-2.818	-1.699
8337	162	-2.998	-1.179
8347	162	-3.124	-0.591
8357	162	-3.250	-0.002
8367	162	-3.376	0.587
8377	162	-3.405	1.192
8387	162	-3.371	1.807
8397	162	-3.336	2.423
8407	162	-3.335	3.038
8417	162	-3.355	3.652
8427	162	-3.376	4.267
8437	162	-3.396	4.882
8187	163	-3.235	-10.371
8197	163	-3.137	-9.735
8207	163	-3.040	-9.099
8217	163	-2.881	-8.470
8227	163	-2.696	-7.843
8237	163	-2.510	-7.216
8247	163	-2.319	-6.624
8257	163	-2.126	-6.036
8267	163	-1.933	-5.448
8277	163	-1.836	-4.867
8287	163	-1.763	-4.289
8297	163	-1.690	-3.710
8307	163	-1.711	-3.133
8317	163	-1.795	-2.556
8327	163	-1.878	-1.979
8337	163	-2.065	-1.395
8347	163	-2.279	-0.808
8357	163	-2.492	-0.221
8367	163	-2.549	0.379
8377	163	-2.605	0.979
8387	163	-2.662	1.579
8397	163	-2.651	2.195
8407	163	-2.623	2.815
8417	163	-2.594	3.434
8427	163	-2.566	4.054
8437	163	-2.538	4.674
8247	164	-1.973	5.044
8257	164	-1.924	4.513
8267	164	-1.874	3.982
8277	164	-1.825	3.451
8287	164	-1.716	2.936
8297	164	-1.465	2.455
8307	164	-1.214	1.975
8317	164	-0.985	1.500
8327	164	-0.809	1.040
8337	164	-0.632	0.579
8347	164	-0.468	0.182
8357	164	-0.307	-0.200
8367	164	-0.146	-0.581
8377	164	-0.113	-1.044
8387	164	-0.095	-1.515
8397	164	-0.077	-1.985
8407	164	-0.069	-2.444
8417	164	-0.061	-2.903
8427	164	-0.053	-3.363
8437	164	-0.046	-3.759
8447	164	-0.039	-4.139
8457	164	-0.032	-4.519
8467	164	-0.027	-4.905
8477	164	-0.035	-5.346
8487	164	-0.044	-5.787
8497	164	-0.052	-6.227
8507	164	-0.079	-6.690
8517	164	-0.107	-7.153
8527	164	-0.134	-7.616
8537	164	-0.190	-8.077
8547	164	-0.361	-8.530
8557	164	-0.533	-8.983
8567	164	-0.704	-9.435
8577	164	-0.876	-9.888
8587	164	-1.047	-10.341
8277	165	-5.180	4.521
8287	165	-4.485	4.094
8297	165	-3.790	3.667
8307	165	-3.400	3.061
8317	165	-3.011	2.454
8327	165	-2.640	1.885
8337	165	-2.282	1.339
8347	165	-1.924	0.794
8357	165	-1.730	0.204
8367	165	-1.605	-0.406
8377	165	-1.467	-1.016
8387	165	-1.272	-1.624
8397	165	-1.077	-2.232
8407	165	-0.883	-2.839
8417	165	-0.715	-3.406
8427	165	-0.547	-3.972
8437	165	-0.379	-4.539
8447	165	-0.238	-5.091
8457	165	-0.115	-5.633
8467	165	0.007	-6.176
8477	165	0.130	-6.718
8487	165	0.271	-7.232
8497	165	0.412	-7.746
8507	165	0.553	-8.260
8517	165	0.712	-8.711
8527	165	0.891	-9.100
8537	165	1.070	-9.488
8547	165	1.298	-9.851
8557	165	1.557	-10.198
8307	166	6.002	3.338
8317	166	5.589	3.395
8327	166	5.175	3.452
8337	166	4.759	3.484
8347	166	4.343	3.500
8357	166	3.926	3.515
8367	166	3.509	3.516
8377	166	3.094	3.487
8387	166	2.679	3.457
8397	166	2.263	3.427
8407	166	1.876	3.310
8417	166	1.495	3.171
8427	166	1.114	3.032
8437	166	0.690	2.827
8447	166	0.255	2.606
8457	166	-0.181	2.385
8467	166	-0.609	2.114
8477	166	-1.034	1.820
8487	166	-1.501	1.547
8497	166	-2.012	1.295
8507	166	-2.523	1.044
8517	166	-3.015	0.788
8527	166	-3.463	0.522
8537	166	-3.910	0.257
8547	166	-4.229	0.035
8557	166	-4.353	-0.121
8567	166	-4.472	-0.262
8577	166	-4.548	-0.274
8587	166	-4.625	-0.286
8597	166	-4.701	-0.297
8607	166	-4.778	-0.309
8617	166	-4.854	-0.321
8627	166	-5.317	-0.453
8637	166	-5.779	-0.586
8647	166	-6.270	-0.686
8657	166	-6.772	-0.771
8667	166	-7.275	-0.857
8677	166	-7.778	-0.943
8687	166	-8.280	-1.029
8317	167	4.694	4.419
8327	167	4.210	4.369
8337	167	3.727	4.318
8347	167	3.231	4.248
8357	167	2.729	4.169
8367	167	2.227	4.090
8377	167	1.713	3.998
8387	167	1.194	3.900
8397	167	0.675	3.802
8407	167	0.156	3.704
8417	167	-0.399	3.548
8427	167	-0.955	3.392
8437	167	-1.510	3.236
8447	167	-2.063	3.055
8457	167	-2.614	2.834
8467	167	-3.164	2.614
8477	167	-3.697	2.394
8487	167	-4.066	2.173
8497	167	-4.380	1.981
8507	167	-4.475	1.905
8517	167	-4.570	1.829
8527	167	-4.646	1.730
8537	167	-4.646	1.539
8547	167	-4.646	1.349
8557	167	-4.646	1.159
8567	167	-4.738	0.924
8577	167	-4.839	0.684
8587	167	-4.874	0.540
8597	167	-4.864	0.460
8607	167	-4.855	0.381
8617	167	-5.087	0.310
8627	167	-5.347	0.241
8637	167	-5.681	0.180
8647	167	-6.187	0.137
8657	167	-6.752	0.087
8667	167	-7.455	0.021
8677	167	-8.158	-0.045
8317	168	0.171	4.907
8327	168	0.045	4.515
8337	168	-0.081	4.123
8347	168	-0.208	3.732
8357	168	-0.308	3.301
8367	168	-0.409	2.871
8377	168	-0.509	2.440
8387	168	-0.581	2.024
8397	168	-0.651	1.609
8407	168	-0.720	1.195
8417	168	-0.701	0.757
8427	168	-0.672	0.317
8437	168	-0.619	-0.113
8447	168	-0.472	-0.505
8457	168	-0.325	-0.897
8467	168	-0.177	-1.289
8477	168	-0.037	-1.682
8487	168	0.097	-2.077
8497	168	0.230	-2.472
8507	168	0.342	-2.863
8517	168	0.364	-3.240
8527	168	0.386	-3.617
8537	168	0.409	-3.993
8547	168	0.405	-4.383
8557	168	0.389	-4.779
8567	168	0.374	-5.175
8577	168	0.372	-5.578
8587	168	0.401	-5.998
8597	168	0.430	-6.418
8607	168	0.459	-6.838
8617	168	0.467	-7.271
8627	168	0.467	-7.710
8637	168	0.467	-8.149
8647	168	0.467	-8.589
8657	168	0.640	-8.934
8667	168	0.813	-9.280
8677	168	1.028	-9.568
8687	168	1.339	-9.722
8697	168	1.651	-9.876
8707	168	1.962	-10.030
8307	169	-4.061	4.692
8317	169	-3.702	4.157
8327	169	-3.342	3.623
8337	169	-2.987	3.089
8347	169	-2.632	2.555
8357	169	-2.277	2.021
8367	169	-1.982	1.511
8377	169	-1.701	1.008
8387	169	-1.421	0.505
8397	169	-1.157	0.002
8407	169	-1.048	-0.489
8417	169	-0.939	-0.981
8427	169	-0.831	-1.472
8437	169	-0.653	-1.904
8447	169	-0.475	-2.336
8457	169	-0.297	-2.768
8467	169	-0.114	-3.191
8477	169	0.074	-3.604
8487	169	0.261	-4.018
8497	169	0.448	-4.431
8507	169	0.542	-4.866
8517	169	0.626	-5.304
8527	169	0.710	-5.730
8537	169	0.800	-6.056
8547	169	0.890	-6.382
8557	169	0.980	-6.709
8567	169	1.069	-7.037
8577	169	1.158	-7.365
8587	169	1.155	-7.666
8597	169	1.090	-7.948
8607	169	1.049	-8.192
8617	169	1.103	-8.279
8627	169	1.156	-8.367
8637	169	1.197	-8.437
8647	169	1.206	-8.466
8657	169	1.215	-8.496
8667	169	1.224	-8.525
8677	169	1.232	-8.555
8687	169	1.241	-8.584
8697	169	1.163	-8.706
8707	169	0.998	-8.920
8717	169	0.890	-9.124
8727	169	0.916	-9.307
8737	169	0.930	-9.416
8747	169	0.914	-9.351
8757	169	0.898	-9.286
8767	169	0.883	-9.221
8777	169	0.880	-9.226
8787	169	0.878	-9.230
8797	169	0.875	-9.235
8807	169	0.873	-9.240
8817	169	0.870	-9.244
8827	169	0.868	-9.249
8837	169	0.865	-9.254
8847	169	0.863	-9.258
8857	169	0.861	-9.263
8867	169	0.858	-9.268
8877	169	0.856	-9.272
8887	169	0.853	-9.277
8897	169	0.851	-9.282
8907	169	0.848	-9.286
8917	169	0.846	-9.291
8927	169	0.844	-9.296
8937	169	0.841	-9.301
8947	169	0.839	-9.305
8957	169	0.836	-9.310
8967	169	0.834	-9.315
8977	169	0.831	-9.319
8987	169	0.829	-9.324
8997	169	0.826	-9.329
9007	169	0.824	-9.333
9017	169	0.822	-9.338
9027	169	0.819	-9.343
9037	169	0.817	-9.347
9047	169	0.814	-9.352
9057	169	0.812	-9.357
9067	169	0.809	-9.361
9077	169	0.807	-9.366
9087	169	0.805	-9.371
9097	169	0.802	-9.375
9107	169	0.800	-9.380
9117	169	0.797	-9.385
9127	169	0.795	-9.389
9137	169	0.792	-9.394
9147	169	0.790	-9.399
9157	169	0.787	-9.403
9167	169	0.785	-9.408
9177	169	0.783	-9.413
9187	169	0.780	-9.418
9197	169	0.781	-9.419
9207	169	0.788	-9.414
9217	169	0.794	-9.410
9227	169	0.801	-9.406
9237	169	0.807	-9.401
9247	169	0.814	-9.397
9257	169	0.820	-9.392
9267	169	0.827	-9.388
9277	169	0.833	-9.384
9287	169	0.840	-9.379
9297	169	0.846	-9.375
9307	169	0.853	-9.371
9317	169	0.859	-9.366
9327	169	0.866	-9.362
9337	169	0.872	-9.358
9347	169	0.879	-9.353
9357	169	0.885	-9.349
9367	169	0.892	-9.345
9377	169	0.898	-9.340
9387	169	0.905	-9.336
9397	169	0.911	-9.332
9407	169	0.918	-9.327
9417	169	0.925	-9.323
9427	169	0.931	-9.319
9437	169	0.938	-9.314
9447	169	0.944	-9.310
9457	169	0.951	-9.305
9467	169	0.957	-9.301
9477	169	0.964	-9.297
9487	169	0.970	-9.292
9497	169	0.977	-9.288
9507	169	0.983	-9.284
9517	169	0.988	-9.282
9527	169	0.990	-9.284
9537	169	0.992	-9.286
9547	169	0.995	-9.288
9557	169	0.997	-9.290
9567	169	0.999	-9.292
9577	169	1.002	-9.294
9587	169	1.004	-9.295
9597	169	1.006	-9.297
9607	169	1.009	-9.299
9617	169	1.011	-9.301
9627	169	1.013	-9.303
9637	169	1.016	-9.305
9647	169	1.018	-9.307
9657	169	1.020	-9.308
9667	169	1.023	-9.310
9677	169	1.025	-9.312
9687	169	1.027	-9.314
9697	169	1.030	-9.316
9707	169	1.032	-9.318
9717	169	1.034	-9.320
9727	169	1.037	-9.321
9737	169	1.039	-9.323
9747	169	1.041	-9.325
9757	169	1.044	-9.327
9767	169	1.046	-9.329
9777	169	1.048	-9.331
9787	169	1.051	-9.332
9797	169	1.053	-9.334
9807	169	1.055	-9.336
9817	169	1.058	-9.338
9827	169	1.060	-9.340
9837	169	1.062	-9.342
9847	169	1.065	-9.344
9857	169	1.067	-9.345
9867	169	1.069	-9.347
9877	169	1.072	-9.349
9887	169	1.074	-9.351
9897	169	1.076	-9.353
9907	169	1.079	-9.355
9917	169	1.081	-9.357
9927	169	1.083	-9.358
9937	169	1.086	-9.360
9947	169	1.088	-9.362
9957	169	1.090	-9.364
9967	169	1.093	-9.366
9977	169	1.095	-9.368
9987	169	1.097	-9.369
9997	169	1.100	-9.371
10007	169	1.102	-9.373
10017	169	1.104	-9.375
10027	169	1.107	-9.377
10037	169	1.109	-9.379
10047	169	1.111	-9.381
10057	169	1.114	-9.382
10067	169	1.116	-9.384
10077	169	1.118	-9.386
10087	169	1.121	-9.388
10097	169	1.123	-9.390
10107	169	1.125	-9.392
10117	169	1.128	-9.394
10127	169	1.130	-9.395
10137	169	1.132	-9.397
10147	169	1.135	-9.399
10157	169	1.137	-9.401
10167	169	1.139	-9.403
10177	169	1.142	-9.405
10187	169	1.144	-9.406
10197	169	1.146	-9.408
10207	169	1.149	-9.410
10217	169	1.151	-9.412
10227	169	1.153	-9.414
10237	169	1.156	-9.416
10247	169	1.158	-9.418
10257	169	1.160	-9.419
10267	169	1.163	-9.421
10277	169	1.165	-9.423
10287	169	1.167	-9.425
10297	169	1.161	-9.560
10307	169	1.151	-9.752
10317	169	1.157	-9.941
10327	169	1.302	-10.099
10337	169	1.447	-10.258
8317	170	-2.384	-10.250
8327	170	-2.199	-9.747
8337	170	-2.013	-9.244
8347	170	-1.828	-8.741
8357	170	-1.704	-8.245
8367	170	-1.595	-7.752
8377	170	-1.486	-7.258
8387	170	-1.465	-6.752
8397	170	-1.480	-6.240
8407	170	-1.496	-5.729
8417	170	-1.535	-5.245
8427	170	-1.608	-4.801
8437	170	-1.681	-4.357
8447	170	-1.762	-3.906
8457	170	-1.875	-3.428
8467	170	-1.988	-2.949
8477	170	-2.101	-2.471
8487	170	-2.200	-1.977
8497	170	-2.265	-1.446
8507	170	-2.330	-0.914
8517	170	-2.322	-0.380
8527	170	-2.242	0.156
8537	170	-2.162	0.693
8547	170	-2.083	1.229
8557	170	-2.067	1.791
8567	170	-2.095	2.370
8577	170	-2.124	2.948
8587	170	-2.152	3.527
8597	170	-2.204	4.105
8607	170	-2.260	4.683
8347	171	-0.332	4.849
8357	171	-0.581	4.353
8367	171	-0.831	3.857
8377	171	-1.036	3.310
8387	171	-1.242	2.764
8397	171	-1.436	2.217
8407	171	-1.523	1.664
8417	171	-1.609	1.112
8427	171	-1.675	0.564
8437	171	-1.558	0.059
8447	171	-1.441	-0.446
8457	171	-1.324	-0.952
8467	171	-1.228	-1.421
8477	171	-1.133	-1.890
8487	171	-1.037	-2.359
8497	171	-0.934	-2.821
8507	171	-0.801	-3.254
8517	171	-0.668	-3.688
8527	171	-0.534	-4.121
8537	171	-0.432	-4.552
8547	171	-0.399	-4.978
8557	171	-0.367	-5.405
8567	171	-0.334	-5.831
8577	171	-0.313	-6.239
8587	171	-0.319	-6.604
8597	171	-0.325	-6.969
8607	171	-0.331	-7.333
8617	171	-0.337	-7.698
8627	171	-0.268	-8.137
8637	171	-0.191	-8.585
8647	171	-0.114	-9.032
8657	171	0.008	-9.460
8667	171	0.306	-9.809
8677	171	0.604	-10.157
8477	172	-0.514	-10.117
8487	172	-0.630	-9.723
8497	172	-0.746	-9.328
8507	172	-0.862	-8.934
8517	172	-0.940	-8.518
8527	172	-0.993	-8.087
8537	172	-1.047	-7.656
8547	172	-1.100	-7.225
8557	172	-1.129	-6.781
8567	172	-1.066	-6.288
8577	172	-1.002	-5.794
8587	172	-0.939	-5.300
8597	172	-0.876	-4.806
8607	172	-0.865	-4.267
8617	172	-0.877	-3.708
8627	172	-0.889	-3.150
8637	172	-0.901	-2.591
8647	172	-0.933	-2.034
8657	172	-0.995	-1.479
8667	172	-1.057	-0.925
8677	172	-1.119	-0.370
8687	172	-1.172	0.153
8697	172	-1.190	0.555
8707	172	-1.209	0.957
8717	172	-1.194	1.290
8727	172	-1.129	1.520
8737	172	-1.145	1.705
8747	172	-1.281	1.823
8757	172	-1.424	2.018
8767	172	-1.585	2.393
8777	172	-1.724	2.814
8787	172	-1.780	3.421
8797	172	-1.835	4.027
8807	172	-1.891	4.633
8817	172	-1.947	5.240
8477	173	-1.317	-10.294
8487	173	-1.510	-9.925
8497	173	-1.702	-9.556
8507	173	-1.895	-9.187
8517	173	-2.021	-8.752
8527	173	-2.147	-8.318
8537	173	-2.273	-7.884
8547	173	-2.313	-7.422
8557	173	-2.266	-6.931
8567	173	-2.220	-6.440
8577	173	-2.173	-5.949
8587	173	-2.102	-5.440
8597	173	-2.016	-4.919
8607	173	-1.929	-4.398
8617	173	-1.843	-3.877
8627	173	-1.843	-3.359
8637	173	-1.843	-2.841
8647	173	-1.843	-2.324
8657	173	-1.886	-1.796
8667	173	-1.993	-1.253
8677	173	-2.099	-0.709
8687	173	-2.206	-0.166
8697	173	-2.269	0.295
8707	173	-2.332	0.755
8717	173	-2.387	1.191
8727	173	-2.374	1.397
8737	173	-2.362	1.604
8747	173	-2.330	1.831
8757	173	-2.297	2.058
8767	173	-2.384	2.509
8777	173	-2.550	3.109
8787	173	-2.696	3.705
8797	173	-2.667	4.273
8807	173	-2.637	4.841
8717	174	-0.519	-10.195
8727	174	-0.649	-10.045
8737	174	-0.779	-9.895
8747	174	-0.831	-9.827
8757	174	-0.831	-9.813
8767	174	-0.831	-9.800
8777	174	-0.831	-9.786
8787	174	-0.831	-9.773
8797	174	-0.831	-9.760
8807	174	-0.831	-9.746
8817	174	-0.831	-9.733
8827	174	-0.831	-9.719
8837	174	-0.831	-9.706
8847	174	-0.831	-9.692
8857	174	-0.831	-9.679
8867	174	-0.831	-9.665
8877	174	-0.831	-9.652
8887	174	-0.832	-9.640
8897	174	-0.841	-9.640
8907	174	-0.850	-9.641
8917	174	-0.860	-9.641
8927	174	-0.869	-9.642
8937	174	-0.878	-9.642
8947	174	-0.888	-9.642
8957	174	-0.897	-9.643
8967	174	-0.907	-9.643
8977	174	-0.916	-9.643
8987	174	-0.925	-9.644
8997	174	-0.935	-9.644
9007	174	-0.944	-9.645
9017	174	-0.954	-9.645
9027	174	-0.963	-9.645
9037	174	-0.972	-9.646
9047	174	-0.982	-9.646
9057	174	-0.991	-9.647
9067	174	-1.000	-9.647
9077	174	-1.010	-9.647
9087	174	-1.019	-9.648
9097	174	-1.029	-9.648
9107	174	-1.038	-9.649
9117	174	-1.047	-9.649
9127	174	-1.057	-9.649
9137	174	-1.095	-9.697
9147	174	-1.251	-9.935
9157	174	-1.407	-10.173
8807	175	-3.108	-10.183
8817	175	-3.200	-9.695
8827	175	-3.291	-9.207
8837	175	-3.382	-8.719
8847	175	-3.333	-8.191
8857	175	-3.249	-7.652
8867	175	-3.165	-7.113
8877	175	-3.043	-6.589
8887	175	-2.862	-6.088
8897	175	-2.682	-5.587
8907	175	-2.502	-5.086
8917	175	-2.383	-4.549
8927	175	-2.279	-4.003
8937	175	-2.175	-3.457
8947	175	-2.099	-2.936
8957	175	-2.029	-2.420
8967	175	-1.959	-1.905
8977	175	-1.890	-1.389
8987	175	-1.882	-0.883
8997	175	-1.900	-0.381
9007	175	-1.919	0.121
9017	175	-1.836	0.612
9027	175	-1.741	1.102
9037	175	-1.647	1.592
9047	175	-1.428	2.093
9057	175	-1.125	2.602
9067	175	-0.885	3.102
9077	175	-0.895	3.562
9087	175	-0.906	4.022
9097	175	-1.044	4.492
9107	175	-1.213	4.966
8817	176	-2.543	-9.822
8827	176	-2.639	-9.232
8837	176	-2.719	-8.647
8847	176	-2.654	-8.103
8857	176	-2.589	-7.558
8867	176	-2.524	-7.014
8877	176	-2.356	-6.433
8887	176	-2.175	-5.848
8897	176	-1.995	-5.262
8907	176	-1.839	-4.696
8917	176	-1.738	-4.174
8927	176	-1.637	-3.652
8937	176	-1.536	-3.131
8947	176	-1.480	-2.609
8957	176	-1.442	-2.088
8967	176	-1.405	-1.566
8977	176	-1.361	-1.054
8987	176	-1.287	-0.581
8997	176	-1.213	-0.107
9007	176	-1.138	0.367
9017	176	-0.953	0.866
9027	176	-0.721	1.376
9037	176	-0.488	1.887
9047	176	-0.303	2.370
9057	176	-0.130	2.847
9067	176	0.043	3.323
9077	176	0.145	3.798
9087	176	-0.039	4.266
9097	176	-0.224	4.733
8877	177	-3.938	4.902
8887	177	-3.864	4.317
8897	177	-3.790	3.732
8907	177	-3.715	3.147
8917	177	-3.641	2.562
8927	177	-3.533	2.066
8937	177	-3.420	1.580
8947	177	-3.308	1.094
8957	177	-3.231	0.652
8967	177	-3.158	0.215
8977	177	-3.085	-0.222
8987	177	-3.083	-0.649
8997	177	-3.112	-1.072
9007	177	-2.959	-1.449
9017	177	-2.786	-1.820
9027	177	-2.600	-2.144
9037	177	-2.400	-2.419
9047	177	-2.200	-2.693
9057	177	-2.137	-3.015
9067	177	-2.089	-3.342
9077	177	-2.047	-3.665
9087	177	-2.027	-3.969
9097	177	-2.008	-4.273
9107	177	-2.007	-4.566
9117	177	-2.022	-4.849
9127	177	-2.038	-5.132
9137	177	-2.056	-5.389
9147	177	-2.082	-5.542
9157	177	-2.108	-5.695
9167	177	-2.132	-5.829
9177	177	-2.148	-5.889
9187	177	-2.165	-5.950
9197	177	-2.181	-6.011
9207	177	-2.198	-6.071
9217	177	-2.204	-6.118
9227	177	-2.201	-6.149
9237	177	-2.197	-6.181
9247	177	-2.193	-6.213
9257	177	-2.189	-6.244
9267	177	-2.185	-6.276
9277	177	-2.181	-6.308
9287	177	-2.193	-6.300
9297	177	-2.212	-6.274
9307	177	-2.231	-6.249
9317	177	-2.249	-6.224
9327	177	-2.268	-6.199
9337	177	-2.287	-6.174
9347	177	-2.306	-6.148
9357	177	-2.324	-6.123
9367	177	-2.343	-6.098
9377	177	-2.362	-6.073
9387	177	-2.380	-6.047
9397	177	-2.399	-6.022
9407	177	-2.415	-6.005
9417	177	-2.420	-6.021
9427	177	-2.426	-6.037
9437	177	-2.431	-6.053
9447	177	-2.437	-6.069
9457	177	-2.442	-6.085
9467	177	-2.447	-6.101
9477	177	-2.453	-6.117
9487	177	-2.458	-6.134
9497	177	-2.464	-6.150
9507	177	-2.469	-6.166
9517	177	-2.475	-6.182
9527	177	-2.480	-6.198
9537	177	-2.485	-6.214
9547	177	-2.491	-6.230
9557	177	-2.496	-6.246
9567	177	-2.502	-6.262
9577	177	-2.507	-6.278
9587	177	-2.512	-6.294
9597	177	-2.518	-6.310
9607	177	-2.508	-6.370
9617	177	-2.499	-6.429
9627	177	-2.489	-6.489
9637	177	-2.479	-6.549
9647	177	-2.470	-6.609
9657	177	-2.466	-6.815
9667	177	-2.466	-7.119
9677	177	-2.466	-7.424
9687	177	-2.466	-7.728
9697	177	-2.488	-8.062
9707	177	-2.542	-8.439
9717	177	-2.596	-8.816
9727	177	-2.650	-9.194
9737	177	-2.705	-9.571
9747	177	-2.759	-9.949
9757	177	-2.813	-10.326
8897	178	-3.616	4.884
8907	178	-3.440	4.207
8917	178	-3.265	3.529
8927	178	-3.089	2.852
8937	178	-3.000	2.253
8947	178	-2.910	1.654
8957	178	-2.821	1.055
8967	178	-2.795	0.610
8977	178	-2.785	0.203
8987	178	-2.767	-0.194
8997	178	-2.733	-0.569
9007	178	-2.699	-0.945
9017	178	-2.520	-1.303
9027	178	-2.341	-1.662
9037	178	-2.160	-2.017
9047	178	-1.961	-2.342
9057	178	-1.761	-2.667
9067	178	-1.582	-3.008
9077	178	-1.425	-3.365
9087	178	-1.267	-3.722
9097	178	-1.273	-4.090
9107	178	-1.349	-4.463
9117	178	-1.411	-4.800
9127	178	-1.442	-5.053
9137	178	-1.473	-5.306
9147	178	-1.526	-5.506
9157	178	-1.583	-5.693
9167	178	-1.636	-5.861
9177	178	-1.642	-5.859
9187	178	-1.647	-5.856
9197	178	-1.653	-5.854
9207	178	-1.659	-5.852
9217	178	-1.664	-5.850
9227	178	-1.670	-5.848
9237	178	-1.676	-5.846
9247	178	-1.681	-5.844
9257	178	-1.687	-5.842
9267	178	-1.693	-5.839
9277	178	-1.698	-5.837
9287	178	-1.704	-5.835
9297	178	-1.710	-5.833
9307	178	-1.715	-5.831
9317	178	-1.721	-5.829
9327	178	-1.727	-5.827
9337	178	-1.732	-5.824
9347	178	-1.738	-5.822
9357	178	-1.744	-5.820
9367	178	-1.750	-5.818
9377	178	-1.755	-5.816
9387	178	-1.761	-5.814
9397	178	-1.767	-5.812
9407	178	-1.772	-5.810
9417	178	-1.778	-5.807
9427	178	-1.784	-5.805
9437	178	-1.789	-5.803
9447	178	-1.791	-5.835
9457	178	-1.791	-5.883
9467	178	-1.791	-5.930
9477	178	-1.791	-5.977
9487	178	-1.792	-6.020
9497	178	-1.799	-6.032
9507	178	-1.806	-6.044
9517	178	-1.812	-6.056
9527	178	-1.819	-6.068
9537	178	-1.826	-6.080
9547	178	-1.833	-6.091
9557	178	-1.840	-6.103
9567	178	-1.847	-6.115
9577	178	-1.854	-6.127
9587	178	-1.861	-6.139
9597	178	-1.868	-6.151
9607	178	-1.875	-6.162
9617	178	-1.882	-6.174
9627	178	-1.889	-6.186
9637	178	-1.896	-6.216
9647	178	-1.905	-6.411
9657	178	-1.914	-6.606
9667	178	-1.927	-6.842
9677	178	-1.959	-7.245
9687	178	-1.990	-7.648
9697	178	-2.022	-8.051
9707	178	-2.060	-8.449
9717	178	-2.151	-8.803
9727	178	-2.243	-9.157
9737	178	-2.335	-9.512
9747	178	-2.348	-9.848
9757	178	-2.327	-10.176
9117	179	2.462	-10.023
9127	179	2.257	-9.874
9137	179	2.053	-9.725
9147	179	1.848	-9.583
9157	179	1.640	-9.505
9167	179	1.433	-9.427
9177	179	1.236	-9.328
9187	179	1.141	-9.036
9197	179	1.046	-8.744
9207	179	0.945	-8.455
9217	179	0.793	-8.192
9227	179	0.641	-7.930
9237	179	0.474	-7.667
9247	179	0.250	-7.400
9257	179	0.026	-7.134
9267	179	-0.136	-6.960
9277	179	-0.298	-6.787
9287	179	-0.374	-6.727
9297	179	-0.392	-6.742
9307	179	-0.410	-6.758
9317	179	-0.428	-6.774
9327	179	-0.446	-6.790
9337	179	-0.465	-6.806
9347	179	-0.483	-6.822
9357	179	-0.501	-6.837
9367	179	-0.519	-6.853
9377	179	-0.537	-6.869
9387	179	-0.555	-6.885
9397	179	-0.597	-6.918
9407	179	-0.857	-7.102
9417	179	-1.116	-7.286
9427	179	-1.385	-7.590
9437	179	-1.661	-7.974
9447	179	-1.937	-8.358
9457	179	-2.177	-8.805
9467	179	-2.362	-9.345
9477	179	-2.547	-9.885
9487	179	-2.733	-10.425
9177	180	-3.944	-10.415
9187	180	-3.930	-9.923
9197	180	-3.916	-9.430
9207	180	-3.902	-8.938
9217	180	-3.852	-8.447
9227	180	-3.750	-7.959
9237	180	-3.647	-7.471
9247	180	-3.545	-6.983
9257	180	-3.423	-6.503
9267	180	-3.127	-6.087
9277	180	-2.832	-5.671
9287	180	-2.559	-5.257
9297	180	-2.379	-4.848
9307	180	-2.198	-4.440
9317	180	-2.017	-4.032
9327	180	-2.007	-3.609
9337	180	-2.016	-3.184
9347	180	-2.033	-2.757
9357	180	-2.114	-2.315
9367	180	-2.196	-1.872
9377	180	-2.277	-1.430
9387	180	-2.269	-0.949
9397	180	-2.200	-0.443
9407	180	-2.131	0.063
9417	180	-2.055	0.561
9427	180	-1.946	1.027
9437	180	-1.837	1.493
9447	180	-1.733	1.955
9457	180	-1.671	2.385
9467	180	-1.610	2.816
9477	180	-1.549	3.246
9487	180	-1.500	3.671
9497	180	-1.480	4.083
9507	180	-1.461	4.496
9517	180	-1.441	4.908
9217	181	-3.963	-10.112
9227	181	-3.949	-9.667
9237	181	-3.936	-9.221
9247	181	-3.922	-8.776
9257	181	-3.883	-8.305
9267	181	-3.838	-7.827
9277	181	-3.793	-7.350
9287	181	-3.748	-6.872
9297	181	-3.669	-6.406
9307	181	-3.456	-5.987
9317	181	-3.243	-5.568
9327	181	-2.987	-5.158
9337	181	-2.669	-4.760
9347	181	-2.390	-4.367
9357	181	-2.271	-3.992
9367	181	-2.152	-3.617
9377	181	-2.156	-3.168
9387	181	-2.191	-2.700
9397	181	-2.225	-2.232
9407	181	-2.260	-1.802
9417	181	-2.295	-1.382
9427	181	-2.330	-0.962
9437	181	-2.357	-0.534
9447	181	-2.308	-0.034
9457	181	-2.259	0.466
9467	181	-2.210	0.965
9477	181	-2.163	1.441
9487	181	-2.121	1.881
9497	181	-2.079	2.322
9507	181	-2.037	2.762
9517	181	-1.995	3.202
9527	181	-1.955	3.641
9537	181	-1.916	4.081
9547	181	-1.876	4.521
9557	181	-1.837	4.960
9227	182	-3.831	-10.104
9237	182	-3.813	-9.655
9247	182	-3.795	-9.206
9257	182	-3.812	-8.760
9267	182	-3.845	-8.314
9277	182	-3.877	-7.869
9287	182	-3.837	-7.419
9297	182	-3.724	-6.964
9307	182	-3.611	-6.509
9317	182	-3.497	-6.054
9327	182	-3.221	-5.675
9337	182	-2.837	-5.346
9347	182	-2.452	-5.017
9357	182	-2.306	-4.619
9367	182	-2.186	-4.214
9377	182	-2.108	-3.794
9387	182	-2.127	-3.338
9397	182	-2.145	-2.883
9407	182	-2.173	-2.411
9417	182	-2.210	-1.924
9427	182	-2.247	-1.436
9437	182	-2.284	-0.949
9447	182	-2.229	-0.493
9457	182	-2.173	-0.036
9467	182	-2.117	0.420
9477	182	-2.062	0.876
9487	182	-2.034	1.301
9497	182	-2.014	1.718
9507	182	-1.993	2.135
9517	182	-1.973	2.552
9527	182	-1.973	2.961
9537	182	-1.973	3.371
9547	182	-1.973	3.780
9557	182	-1.973	4.189
9567	182	-1.973	4.598
9577	182	-1.973	5.008
9307	183	-1.238	4.894
9317	183	-1.155	4.499
9327	183	-1.071	4.104
9337	183	-1.039	3.694
9347	183	-1.129	3.249
9357	183	-1.219	2.803
9367	183	-1.287	2.345
9377	183	-1.346	1.881
9387	183	-1.404	1.418
9397	183	-1.407	0.969
9407	183	-1.372	0.530
9417	183	-1.338	0.091
9427	183	-1.252	-0.335
9437	183	-1.133	-0.752
9447	183	-1.014	-1.168
9457	183	-0.894	-1.585
9467	183	-0.852	-2.010
9477	183	-0.818	-2.436
9487	183	-0.783	-2.862
9497	183	-0.751	-3.290
9507	183	-0.732	-3.738
9517	183	-0.714	-4.186
9527	183	-0.695	-4.634
9537	183	-0.677	-5.082
9547	183	-0.675	-5.476
9557	183	-0.675	-5.865
9567	183	-0.675	-6.253
9577	183	-0.675	-6.641
9587	183	-0.674	-7.028
9597	183	-0.669	-7.406
9607	183	-0.664	-7.784
9617	183	-0.659	-8.162
9627	183	-0.654	-8.539
9637	183	-0.649	-8.917
9647	183	-0.465	-9.252
9657	183	-0.280	-9.587
9667	183	-0.096	-9.921
9677	183	0.202	-10.107
9687	183	0.514	-10.276
9307	184	-0.563	5.013
9317	184	-0.525	4.562
9327	184	-0.487	4.111
9337	184	-0.449	3.660
9347	184	-0.463	3.205
9357	184	-0.490	2.748
9367	184	-0.516	2.291
9377	184	-0.597	1.833
9387	184	-0.684	1.374
9397	184	-0.770	0.915
9407	184	-0.679	0.449
9417	184	-0.567	-0.018
9427	184	-0.467	-0.480
9437	184	-0.467	-0.887
9447	184	-0.467	-1.295
9457	184	-0.467	-1.703
9467	184	-0.411	-2.099
9477	184	-0.331	-2.490
9487	184	-0.252	-2.881
9497	184	-0.172	-3.272
9507	184	-0.166	-3.664
9517	184	-0.179	-4.055
9527	184	-0.191	-4.447
9537	184	-0.204	-4.838
9547	184	-0.195	-5.219
9557	184	-0.176	-5.595
9567	184	-0.158	-5.970
9577	184	-0.139	-6.346
9587	184	-0.133	-6.724
9597	184	-0.138	-7.105
9607	184	-0.144	-7.485
9617	184	-0.150	-7.866
9627	184	-0.156	-8.247
9637	184	-0.071	-8.557
9647	184	0.013	-8.868
9657	184	0.097	-9.178
9667	184	0.182	-9.489
9677	184	0.410	-9.670
9687	184	0.639	-9.851
9697	184	0.868	-10.032
9707	184	1.096	-10.214
9497	185	-0.952	4.596
9507	185	-0.828	4.008
9517	185	-0.725	3.450
9527	185	-0.635	2.912
9537	185	-0.545	2.374
9547	185	-0.555	1.841
9557	185	-0.565	1.307
9567	185	-0.583	0.775
9577	185	-0.614	0.244
9587	185	-0.644	-0.286
9597	185	-0.675	-0.816
9607	185	-0.682	-1.377
9617	185	-0.688	-1.939
9627	185	-0.695	-2.500
9637	185	-0.705	-3.062
9647	185	-0.746	-3.630
9657	185	-0.788	-4.198
9667	185	-0.829	-4.766
9677	185	-0.870	-5.334
9687	185	-0.935	-5.827
9697	185	-1.010	-6.287
9707	185	-1.085	-6.748
9717	185	-1.160	-7.208
9727	185	-1.227	-7.687
9737	185	-1.263	-8.241
9747	185	-1.298	-8.795
9757	185	-1.334	-9.348
9767	185	-1.370	-9.902
9547	186	1.404	5.197
9557	186	1.284	4.919
9567	186	1.164	4.642
9577	186	1.044	4.365
9587	186	0.916	4.069
9597	186	0.770	3.730
9607	186	0.624	3.390
9617	186	0.477	3.051
9627	186	0.313	2.717
9637	186	0.123	2.391
9647	186	-0.067	2.065
9657	186	-0.226	1.741
9667	186	-0.335	1.420
9677	186	-0.445	1.099
9687	186	-0.392	0.760
9697	186	-0.299	0.417
9707	186	-0.179	0.078
9717	186	0.001	-0.253
9727	186	0.182	-0.585
9737	186	0.383	-0.870
9747	186	0.584	-1.155
9757	186	0.785	-1.440
9767	186	0.851	-1.674
9777	186	0.903	-1.903
9787	186	0.955	-2.132
9797	186	0.951	-2.382
9807	186	0.941	-2.633
9817	186	0.949	-2.871
9827	186	0.985	-3.086
9837	186	1.020	-3.301
9847	186	1.054	-3.506
9857	186	1.085	-3.702
9867	186	1.117	-3.897
9877	186	1.150	-4.048
9887	186	1.188	-4.018
9897	186	1.227	-3.989
9907	186	1.265	-3.959
9917	186	1.304	-3.929
9927	186	1.342	-3.899
9937	186	1.344	-3.895
9947	186	1.338	-3.897
9957	186	1.331	-3.898
9967	186	1.324	-3.900
9977	186	1.317	-3.902
9987	186	1.310	-3.903
9997	186	1.304	-3.905
10007	186	1.297	-3.907
10017	186	1.290	-3.908
10027	186	1.283	-3.910
10037	186	1.276	-3.912
10047	186	1.270	-3.914
10057	186	1.263	-3.915
10067	186	1.256	-3.917
10077	186	1.249	-3.919
10087	186	1.212	-4.020
10097	186	1.144	-4.221
10107	186	1.062	-4.444
10117	186	0.919	-4.757
10127	186	0.777	-5.071
10137	186	0.622	-5.386
10147	186	0.354	-5.715
10157	186	0.086	-6.044
10167	186	-0.188	-6.383
10177	186	-0.515	-6.809
10187	186	-0.841	-7.235
10197	186	-1.168	-7.661
10207	186	-1.525	-8.118
10217	186	-1.882	-8.576
10227	186	-2.166	-9.076
10237	186	-2.402	-9.604
10247	186	-2.638	-10.133
9627	187	-3.005	4.642
9637	187	-2.964	4.196
9647	187	-2.924	3.750
9657	187	-2.883	3.304
9667	187	-2.903	2.894
9677	187	-3.061	2.567
9687	187	-3.219	2.240
9697	187	-3.348	1.783
9707	187	-3.478	1.326
9717	187	-3.560	0.853
9727	187	-3.610	0.368
9737	187	-3.661	-0.116
9747	187	-3.683	-0.580
9757	187	-3.677	-1.023
9767	187	-3.670	-1.466
9777	187	-3.664	-1.910
9787	187	-3.640	-2.351
9797	187	-3.574	-2.786
9807	187	-3.507	-3.222
9817	187	-3.441	-3.657
9827	187	-3.374	-4.093
9837	187	-3.362	-4.515
9847	187	-3.349	-4.937
9857	187	-3.336	-5.359
9867	187	-3.324	-5.782
9877	187	-3.378	-6.249
9887	187	-3.440	-6.721
9897	187	-3.502	-7.193
9907	187	-3.563	-7.665
9917	187	-3.607	-8.134
9927	187	-3.643	-8.603
9937	187	-3.679	-9.071
9947	187	-3.714	-9.539
9957	187	-3.750	-10.008
9967	187	-3.786	-10.476
9637	188	-3.027	4.713
9647	188	-2.966	4.275
9657	188	-2.905	3.837
9667	188	-2.895	3.458
9677	188	-2.917	3.118
9687	188	-2.961	2.800
9697	188	-3.054	2.533
9707	188	-3.121	2.081
9717	188	-3.163	1.616
9727	188	-3.196	1.155
9737	188	-3.228	0.693
9747	188	-3.255	0.203
9757	188	-3.277	-0.316
9767	188	-3.299	-0.834
9777	188	-3.320	-1.352
9787	188	-3.306	-1.828
9797	188	-3.287	-2.300
9807	188	-3.259	-2.766
9817	188	-3.146	-3.195
9827	188	-3.034	-3.624
9837	188	-3.011	-4.030
9847	188	-3.011	-4.431
9857	188	-3.011	-4.829
9867	188	-3.011	-5.192
9877	188	-3.011	-5.555
9887	188	-3.011	-5.918
9897	188	-3.036	-6.321
9907	188	-3.073	-6.741
9917	188	-3.109	-7.160
9927	188	-3.145	-7.580
9937	188	-3.189	-7.986
9947	188	-3.243	-8.370
9957	188	-3.298	-8.754
9967	188	-3.352	-9.139
9977	188	-3.369	-9.548
9987	188	-3.360	-9.973
9997	188	-3.351	-10.398
9847	189	-1.984	-10.147
9857	189	-1.954	-9.632
9867	189	-1.924	-9.117
9877	189	-1.895	-8.602
9887	189	-1.914	-8.111
9897	189	-1.933	-7.620
9907	189	-1.952	-7.130
9917	189	-1.971	-6.639
9927	189	-1.995	-6.159
9937	189	-2.020	-5.681
9947	189	-2.044	-5.202
9957	189	-2.069	-4.723
9967	189	-2.175	-4.260
9977	189	-2.315	-3.803
9987	189	-2.455	-3.347
9997	189	-2.596	-2.890
10007	189	-2.674	-2.446
10017	189	-2.751	-2.001
10027	189	-2.829	-1.557
10037	189	-2.835	-1.060
10047	189	-2.841	-0.563
10057	189	-2.847	-0.066
10067	189	-2.853	0.431
10077	189	-2.947	0.936
10087	189	-3.100	1.446
10097	189	-3.252	1.955
10107	189	-3.377	2.464
10117	189	-3.392	2.969
10127	189	-3.406	3.474
10137	189	-3.420	3.979
10147	189	-3.435	4.484
10157	189	-3.449	4.989
9847	190	-1.298	-10.266
9857	190	-1.311	-9.805
9867	190	-1.325	-9.344
9877	190	-1.339	-8.883
9887	190	-1.350	-8.403
9897	190	-1.350	-7.850
9907	190	-1.350	-7.297
9917	190	-1.350	-6.744
9927	190	-1.380	-6.225
9937	190	-1.457	-5.757
9947	190	-1.533	-5.288
9957	190	-1.609	-4.820
9967	190	-1.678	-4.339
9977	190	-1.747	-3.857
9987	190	-1.815	-3.376
9997	190	-1.939	-2.957
10007	190	-2.098	-2.581
10017	190	-2.258	-2.204
10027	190	-2.329	-1.784
10037	190	-2.400	-1.363
10047	190	-2.384	-0.857
10057	190	-2.347	-0.329
10067	190	-2.313	0.165
10077	190	-2.281	0.645
10087	190	-2.297	1.151
10097	190	-2.427	1.721
10107	190	-2.557	2.291
10117	190	-2.672	2.858
10127	190	-2.653	3.395
10137	190	-2.635	3.933
10147	190	-2.616	4.470
10157	190	-2.598	5.007
9907	191	-2.838	4.771
9917	191	-2.804	4.214
9927	191	-2.770	3.657
9937	191	-2.736	3.099
9947	191	-2.675	2.517
9957	191	-2.603	1.924
9967	191	-2.531	1.332
9977	191	-2.454	0.745
9987	191	-2.333	0.208
9997	191	-2.211	-0.328
10007	191	-2.086	-0.860
10017	191	-1.923	-1.351
10027	191	-1.759	-1.841
10037	191	-1.642	-2.338
10047	191	-1.593	-2.844
10057	191	-1.544	-3.349
10067	191	-1.504	-3.853
10077	191	-1.498	-4.350
10087	191	-1.492	-4.847
10097	191	-1.487	-5.345
10107	191	-1.481	-5.842
10117	191	-1.541	-6.393
10127	191	-1.618	-6.959
10137	191	-1.696	-7.524
10147	191	-1.770	-8.085
10157	191	-1.820	-8.603
10167	191	-1.869	-9.121
10177	191	-1.919	-9.640
10187	191	-1.969	-10.158
9907	192	-2.284	4.769
9917	192	-2.284	4.202
9927	192	-2.284	3.636
9937	192	-2.284	3.069
9947	192	-2.216	2.509
9957	192	-2.103	1.952
9967	192	-1.990	1.396
9977	192	-1.877	0.840
9987	192	-1.737	0.345
9997	192	-1.586	-0.124
10007	192	-1.434	-0.593
10017	192	-1.283	-1.069
10027	192	-1.140	-1.598
10037	192	-0.997	-2.128
10047	192	-0.853	-2.658
10057	192	-0.746	-3.182
10067	192	-0.723	-3.690
10077	192	-0.700	-4.199
10087	192	-0.677	-4.708
10097	192	-0.789	-5.206
10107	192	-0.915	-5.703
10117	192	-1.041	-6.201
10127	192	-1.152	-6.710
10137	192	-1.204	-7.269
10147	192	-1.256	-7.829
10157	192	-1.308	-8.388
10167	192	-1.368	-8.930
10177	192	-1.431	-9.464
10187	192	-1.494	-9.999
9917	193	1.046	-10.148
9927	193	0.566	-9.746
9937	193	0.145	-9.309
9947	193	-0.039	-8.737
9957	193	-0.224	-8.165
9967	193	-0.420	-7.592
9977	193	-0.730	-7.013
9987	193	-1.039	-6.435
9997	193	-1.343	-5.883
10007	193	-1.641	-5.358
10017	193	-1.939	-4.833
10027	193	-2.171	-4.299
10037	193	-2.385	-3.763
10047	193	-2.600	-3.226
10057	193	-2.738	-2.633
10067	193	-2.868	-2.034
10077	193	-3.067	-1.422
10087	193	-3.335	-0.797
10097	193	-3.603	-0.173
10107	193	-3.848	0.439
10117	193	-4.060	1.032
10127	193	-4.271	1.625
10137	193	-4.388	2.184
10147	193	-4.465	2.729
10157	193	-4.471	3.258
10167	193	-4.477	3.786
10177	193	-4.483	4.315
10187	193	-4.489	4.844
9937	194	-3.456	4.722
9947	194	-3.530	4.124
9957	194	-3.604	3.527
9967	194	-3.678	2.930
9977	194	-3.766	2.302
9987	194	-3.856	1.670
9997	194	-3.945	1.039
10007	194	-3.953	0.395
10017	194	-3.960	-0.249
10027	194	-3.967	-0.893
10037	194	-3.943	-1.524
10047	194	-3.871	-2.133
10057	194	-3.800	-2.742
10067	194	-3.729	-3.351
10077	194	-3.671	-3.946
10087	194	-3.633	-4.520
10097	194	-3.595	-5.094
10107	194	-3.557	-5.669
10117	194	-3.549	-6.240
10127	194	-3.612	-6.805
10137	194	-3.675	-7.370
10147	194	-3.738	-7.935
10157	194	-3.805	-8.477
10167	194	-3.874	-9.005
10177	194	-3.944	-9.532
10187	194	-4.013	-10.060
9947	195	-2.466	5.045
9957	195	-2.509	4.429
9967	195	-2.552	3.813
9977	195	-2.596	3.198
9987	195	-2.703	2.550
9997	195	-2.809	1.901
10007	195	-2.916	1.253
10017	195	-3.115	0.634
10027	195	-3.374	0.034
10037	195	-3.612	-0.560
10047	195	-3.649	-1.098
10057	195	-3.686	-1.636
10067	195	-3.584	-2.197
10077	195	-3.483	-2.758
10087	195	-3.424	-3.323
10097	195	-3.383	-3.890
10107	195	-3.343	-4.457
10117	195	-3.297	-5.025
10127	195	-3.247	-5.595
10137	195	-3.196	-6.164
10147	195	-3.146	-6.734
10157	195	-3.167	-7.341
10167	195	-3.196	-7.952
10177	195	-3.224	-8.553
10187	195	-3.250	-9.112
10197	195	-3.276	-9.670
10207	195	-3.302	-10.229
10057	196	-2.624	4.717
10067	196	-2.443	4.205
10077	196	-2.261	3.693
10087	196	-2.112	3.150
10097	196	-1.978	2.594
10107	196	-1.843	2.038
10117	196	-1.843	1.511
10127	196	-1.843	0.983
10137	196	-1.843	0.456
10147	196	-1.902	-0.054
10157	196	-1.962	-0.564
10167	196	-2.021	-1.074
10177	196	-2.067	-1.557
10187	196	-2.099	-2.013
10197	196	-2.132	-2.470
10207	196	-2.164	-2.926
10217	196	-2.177	-3.398
10227	196	-2.170	-3.887
10237	196	-2.164	-4.376
10247	196	-2.157	-4.864
10257	196	-2.200	-5.341
10267	196	-2.277	-5.809
10277	196	-2.353	-6.277
10287	196	-2.443	-6.745
10297	196	-2.588	-7.210
10307	196	-2.733	-7.675
10317	196	-2.878	-8.140
10327	196	-2.981	-8.629
10337	196	-3.073	-9.124
10347	196	-3.166	-9.619
10357	196	-3.258	-10.113
10127	197	0.675	-10.291
10137	197	0.521	-9.952
10147	197	0.367	-9.614
10157	197	0.213	-9.275
10167	197	0.231	-8.915
10177	197	0.292	-8.549
10187	197	0.353	-8.183
10197	197	0.396	-7.824
10207	197	0.411	-7.476
10217	197	0.427	-7.127
10227	197	0.435	-6.772
10237	197	0.376	-6.360
10247	197	0.317	-5.948
10257	197	0.257	-5.535
10267	197	0.193	-5.119
10277	197	0.124	-4.700
10287	197	0.056	-4.281
10297	197	-0.012	-3.862
10307	197	-0.119	-3.423
10317	197	-0.236	-2.978
10327	197	-0.353	-2.533
10337	197	-0.470	-2.089
10347	197	-0.600	-1.640
10357	197	-0.733	-1.190
10367	197	-0.866	-0.740
10377	197	-0.999	-0.290
10387	197	-1.098	0.172
10397	197	-1.194	0.635
10407	197	-1.290	1.099
10417	197	-1.384	1.564
10427	197	-1.468	2.045
10437	197	-1.552	2.525
10447	197	-1.636	3.006
10457	197	-1.737	3.465
10467	197	-1.846	3.913
10477	197	-1.955	4.362
10487	197	-2.063	4.811
10157	198	0.717	-9.949
10167	198	0.592	-9.561
10177	198	0.467	-9.173
10187	198	0.541	-8.714
10197	198	0.616	-8.254
10207	198	0.685	-7.799
10217	198	0.737	-7.364
10227	198	0.789	-6.928
10237	198	0.827	-6.491
10247	198	0.809	-6.043
10257	198	0.791	-5.596
10267	198	0.753	-5.150
10277	198	0.669	-4.709
10287	198	0.585	-4.267
10297	198	0.501	-3.826
10307	198	0.385	-3.378
10317	198	0.248	-2.927
10327	198	0.111	-2.475
10337	198	-0.026	-2.023
10347	198	-0.145	-1.558
10357	198	-0.263	-1.093
10367	198	-0.382	-0.627
10377	198	-0.504	-0.171
10387	198	-0.630	0.277
10397	198	-0.756	0.725
10407	198	-0.869	1.171
10417	198	-0.933	1.612
10427	198	-0.996	2.053
10437	198	-1.059	2.495
10447	198	-1.125	2.939
10457	198	-1.217	3.414
10467	198	-1.309	3.888
10477	198	-1.401	4.363
10487	198	-1.493	4.837
10157	199	-2.777	-10.350
10167	199	-2.767	-9.754
10177	199	-2.756	-9.158
10187	199	-2.742	-8.566
10197	199	-2.728	-7.978
10207	199	-2.713	-7.389
10217	199	-2.705	-6.796
10227	199	-2.760	-6.165
10237	199	-2.814	-5.535
10247	199	-2.869	-4.904
10257	199	-2.885	-4.273
10267	199	-2.812	-3.639
10277	199	-2.738	-3.004
10287	199	-2.665	-2.370
10297	199	-2.592	-1.736
10307	199	-2.575	-1.112
10317	199	-2.582	-0.491
10327	199	-2.589	0.129
10337	199	-2.596	0.750
10347	199	-2.650	1.343
10357	199	-2.704	1.936
10367	199	-2.758	2.530
10377	199	-2.812	3.123
10387	199	-2.884	3.717
10397	199	-3.030	4.308
10407	199	-3.175	4.900
10177	200	0.521	-9.979
10187	200	0.331	-9.568
10197	200	0.140	-9.157
10207	200	0.003	-8.713
10217	200	-0.056	-8.219
10227	200	-0.115	-7.726
10237	200	-0.153	-7.210
10247	200	-0.146	-6.646
10257	200	-0.138	-6.081
10267	200	-0.130	-5.516
10277	200	-0.264	-4.997
10287	200	-0.398	-4.479
10297	200	-0.532	-3.960
10307	200	-0.623	-3.497
10317	200	-0.709	-3.039
10327	200	-0.796	-2.582
10337	200	-0.883	-2.125
10347	200	-1.037	-1.686
10357	200	-1.191	-1.248
10367	200	-1.346	-0.809
10377	200	-1.501	-0.353
10387	200	-1.660	0.143
10397	200	-1.819	0.640
10407	200	-1.954	1.133
10417	200	-1.989	1.614
10427	200	-2.025	2.095
10437	200	-2.066	2.596
10447	200	-2.108	3.097
10457	200	-2.186	3.583
10467	200	-2.301	4.053
10477	200	-2.417	4.524
10487	200	-2.532	4.994
10217	201	-6.676	-10.614
10227	201	-5.828	-10.478
10237	201	-4.980	-10.341
10247	201	-4.179	-10.205
10257	201	-3.487	-10.071
10267	201	-2.795	-9.938
10277	201	-2.150	-9.794
10287	201	-1.536	-9.643
10297	201	-0.923	-9.493
10307	201	-0.360	-9.395
10317	201	0.083	-9.422
10327	201	0.527	-9.448
10337	201	0.814	-9.644
10347	201	1.085	-9.858
10357	201	1.299	-10.070
10367	201	1.458	-10.280
10247	202	0.652	-9.886
10257	202	0.363	-9.553
10267	202	0.090	-9.208
10277	202	-0.044	-8.753
10287	202	-0.178	-8.297
10297	202	-0.311	-7.841
10307	202	-0.405	-7.351
10317	202	-0.498	-6.861
10327	202	-0.591	-6.370
10337	202	-0.689	-5.875
10347	202	-0.835	-5.337
10357	202	-0.981	-4.799
10367	202	-1.126	-4.261
10377	202	-1.272	-3.722
10387	202	-1.312	-3.163
10397	202	-1.352	-2.604
10407	202	-1.392	-2.044
10417	202	-1.430	-1.486
10427	202	-1.449	-0.940
10437	202	-1.468	-0.394
10447	202	-1.488	0.152
10457	202	-1.513	0.695
10467	202	-1.588	1.209
10477	202	-1.664	1.723
10487	202	-1.739	2.237
10497	202	-1.962	2.800
10507	202	-2.111	3.355
10517	202	-2.212	3.905
10407	203	-2.513	4.561
10417	203	-2.537	4.097
10427	203	-2.612	3.589
10437	203	-2.709	3.061
10447	203	-2.770	2.538
10457	203	-2.744	2.027
10467	203	-2.718	1.515
10477	203	-2.667	1.011
10487	203	-2.557	0.525
10497	203	-2.464	0.042
10507	203	-2.394	-0.439
10517	203	-2.324	-0.919
10407	204	-4.170	4.864
10417	204	-4.252	4.319
10427	204	-4.335	3.774
10437	204	-4.352	3.253
10447	204	-4.369	2.733
10457	204	-4.387	2.212
10467	204	-4.348	1.684
10477	204	-4.310	1.156
10487	204	-4.246	0.637
10497	204	-4.125	0.136
10507	204	-3.987	-0.375
10517	204	-3.844	-0.889
