# Standardized Official Benchmark Trajectories (Format: frame_id  ped_id  pos_x(m)  pos_y(m))
1	1	-2.829	18.959
11	1	-2.829	18.431
21	1	-2.829	17.902
31	1	-2.808	17.386
41	1	-2.764	16.882
51	1	-2.721	16.379
61	1	-2.771	15.893
71	1	-2.913	15.426
81	1	-3.055	14.959
91	1	-3.202	14.461
101	1	-3.356	13.917
111	1	-3.510	13.373
121	1	-3.592	12.824
131	1	-3.644	12.273
141	1	-3.696	11.722
151	1	-3.730	11.161
161	1	-3.756	10.597
171	1	-3.782	10.032
181	1	-3.865	9.502
191	1	-3.974	8.986
201	1	-4.082	8.470
211	1	-4.186	7.958
221	1	-4.255	7.483
231	1	-4.325	7.008
241	1	-4.395	6.533
251	1	-4.464	6.058
261	1	-4.534	5.583
1	2	-2.284	18.874
11	2	-2.294	18.340
21	2	-2.304	17.807
31	2	-2.290	17.300
41	2	-2.240	16.834
51	2	-2.190	16.368
61	2	-2.189	15.888
71	2	-2.306	15.375
81	2	-2.422	14.862
91	2	-2.557	14.336
101	2	-2.721	13.792
111	2	-2.884	13.247
121	2	-2.972	12.710
131	2	-3.027	12.176
141	2	-3.082	11.642
151	2	-3.115	11.117
161	2	-3.115	10.607
171	2	-3.115	10.097
181	2	-3.137	9.577
191	2	-3.211	9.032
201	2	-3.285	8.487
211	2	-3.348	7.969
221	2	-3.398	7.478
231	2	-3.448	6.986
241	2	-3.514	6.499
251	2	-3.603	6.017
261	2	-3.693	5.535
1	3	-2.284	17.401
11	3	-2.203	16.985
21	3	-2.122	16.568
31	3	-2.041	16.152
41	3	-1.990	15.733
51	3	-1.947	15.314
61	3	-1.903	14.894
71	3	-1.859	14.473
81	3	-1.810	14.047
91	3	-1.762	13.620
101	3	-1.713	13.193
111	3	-1.664	12.766
121	3	-1.633	12.343
131	3	-1.627	11.924
141	3	-1.621	11.506
151	3	-1.616	11.087
161	3	-1.610	10.669
171	3	-1.594	10.276
181	3	-1.576	9.887
191	3	-1.559	9.498
201	3	-1.542	9.109
211	3	-1.496	8.717
221	3	-1.408	8.322
231	3	-1.319	7.927
241	3	-1.231	7.532
251	3	-1.142	7.137
261	3	-0.949	6.792
271	3	-0.756	6.447
281	3	-0.564	6.103
291	3	-0.370	5.788
301	3	-0.175	5.504
1	4	-1.505	17.347
11	4	-1.444	16.891
21	4	-1.383	16.435
31	4	-1.322	15.978
41	4	-1.298	15.547
51	4	-1.298	15.132
61	4	-1.298	14.717
71	4	-1.298	14.303
81	4	-1.298	13.888
91	4	-1.243	13.450
101	4	-1.182	13.010
111	4	-1.122	12.570
121	4	-1.061	12.130
131	4	-1.004	11.699
141	4	-0.960	11.304
151	4	-0.917	10.909
161	4	-0.874	10.513
171	4	-0.831	10.118
181	4	-0.781	9.734
191	4	-0.723	9.369
201	4	-0.664	9.003
211	4	-0.606	8.637
221	4	-0.545	8.296
231	4	-0.480	7.994
241	4	-0.415	7.691
251	4	-0.350	7.389
261	4	-0.286	7.086
271	4	-0.134	6.850
281	4	0.018	6.613
291	4	0.170	6.376
301	4	0.322	6.140
311	4	0.515	5.854
321	4	0.713	5.563
1	5	-2.310	14.107
11	5	-2.366	13.741
21	5	-2.422	13.376
31	5	-2.478	13.011
41	5	-2.559	12.642
51	5	-2.696	12.267
61	5	-2.834	11.891
71	5	-2.971	11.516
81	5	-3.055	11.117
91	5	-3.133	10.715
101	5	-3.211	10.313
111	5	-3.289	9.911
121	5	-3.367	9.509
131	5	-3.427	9.125
141	5	-3.485	8.742
151	5	-3.543	8.359
161	5	-3.602	7.977
171	5	-3.660	7.594
181	5	-3.660	7.243
191	5	-3.660	6.893
201	5	-3.660	6.542
211	5	-3.660	6.192
221	5	-3.660	5.842
231	5	-3.660	5.491
1	6	-3.348	13.456
11	6	-3.397	13.955
21	6	-3.446	14.454
31	6	-3.494	14.953
41	6	-3.495	15.371
51	6	-3.485	15.769
61	6	-3.415	16.135
71	6	-3.256	16.455
81	6	-2.985	16.822
91	6	-2.639	17.222
101	6	-2.293	17.622
111	6	-1.914	17.969
121	6	-1.532	18.310
131	6	-1.150	18.651
141	6	-0.722	18.929
151	6	-0.189	19.060
161	6	0.318	19.188
171	6	0.799	19.312
181	6	1.280	19.437
191	6	1.740	19.468
201	6	2.196	19.475
211	6	2.652	19.483
221	6	3.105	19.490
231	6	3.530	19.493
241	6	3.955	19.496
251	6	4.380	19.499
261	6	4.804	19.503
1	7	-2.933	11.611
11	7	-3.099	12.089
21	7	-3.265	12.567
31	7	-3.395	13.066
41	7	-3.489	13.586
51	7	-3.583	14.105
61	7	-3.676	14.625
71	7	-3.803	15.140
81	7	-3.932	15.654
91	7	-4.001	16.218
101	7	-4.064	16.788
111	7	-4.101	17.331
121	7	-4.101	17.837
131	7	-4.101	18.342
141	7	-4.024	18.878
151	7	-3.832	19.459
161	7	-3.639	20.041
1	8	0.883	9.735
11	8	0.799	9.957
21	8	0.716	10.179
31	8	0.687	10.365
41	8	0.712	10.516
51	8	0.737	10.666
61	8	0.761	10.817
71	8	0.783	10.973
81	8	0.797	11.142
91	8	0.812	11.311
101	8	0.826	11.481
111	8	0.863	11.587
121	8	0.909	11.666
131	8	0.956	11.745
141	8	1.010	11.742
151	8	1.066	11.728
161	8	1.114	11.692
171	8	1.094	11.447
181	8	1.074	11.202
191	8	1.054	10.956
201	8	1.045	10.721
211	8	1.082	10.524
221	8	1.118	10.327
231	8	1.154	10.130
241	8	1.151	9.926
251	8	1.123	9.717
261	8	1.095	9.509
271	8	1.066	9.300
281	8	1.038	9.092
291	8	1.032	8.908
301	8	1.025	8.723
311	8	1.019	8.539
321	8	1.012	8.354
331	8	0.957	8.315
341	8	0.902	8.276
351	8	0.847	8.237
361	8	0.791	8.197
371	8	0.748	8.142
381	8	0.733	8.049
391	8	0.719	7.955
401	8	0.704	7.862
411	8	0.651	7.739
421	8	0.588	7.610
431	8	0.525	7.480
441	8	0.526	7.402
451	8	0.534	7.330
461	8	0.542	7.258
471	8	0.529	7.162
481	8	0.502	7.050
491	8	0.476	6.938
501	8	0.449	6.826
511	8	0.542	6.786
521	8	0.685	6.777
531	8	0.828	6.768
541	8	0.864	6.767
551	8	0.873	6.768
561	8	0.882	6.769
571	8	0.891	6.770
581	8	0.900	6.771
591	8	0.909	6.772
601	8	0.918	6.772
611	8	0.927	6.773
621	8	0.936	6.774
631	8	0.945	6.775
641	8	0.954	6.776
651	8	0.963	6.777
661	8	0.972	6.778
671	8	0.981	6.779
681	8	0.990	6.780
691	8	0.999	6.781
701	8	1.008	6.782
711	8	1.017	6.783
721	8	1.026	6.783
731	8	1.035	6.784
741	8	1.044	6.785
751	8	1.053	6.786
761	8	1.062	6.787
771	8	1.071	6.788
781	8	1.080	6.789
791	8	1.089	6.790
801	8	1.098	6.791
811	8	1.107	6.792
821	8	1.116	6.793
831	8	1.125	6.794
841	8	1.134	6.795
851	8	1.143	6.795
861	8	1.152	6.796
871	8	1.161	6.797
881	8	1.170	6.798
891	8	1.179	6.799
901	8	1.188	6.800
911	8	1.197	6.801
921	8	1.206	6.802
931	8	1.215	6.803
941	8	1.188	6.788
951	8	1.123	6.758
961	8	1.058	6.729
971	8	0.997	6.694
981	8	0.945	6.649
991	8	0.893	6.603
1001	8	0.836	6.558
1011	8	0.768	6.516
1021	8	0.699	6.473
1031	8	0.631	6.430
1041	8	0.588	6.419
1051	8	0.569	6.440
1061	8	0.551	6.461
1071	8	0.532	6.482
1081	8	0.514	6.503
1091	8	0.496	6.524
1101	8	0.477	6.545
1111	8	0.459	6.566
1121	8	0.440	6.587
1131	8	0.422	6.608
1141	8	0.403	6.629
1151	8	0.385	6.650
1161	8	0.367	6.671
1171	8	0.348	6.692
1181	8	0.330	6.713
1191	8	0.311	6.734
1201	8	0.293	6.755
1211	8	0.326	6.895
1221	8	0.393	7.115
1231	8	0.460	7.334
1241	8	0.481	7.591
1251	8	0.495	7.852
1261	8	0.510	8.112
1271	8	0.531	8.366
1281	8	0.561	8.608
1291	8	0.590	8.851
1301	8	0.620	9.094
1311	8	0.633	9.256
1321	8	0.644	9.410
1331	8	0.654	9.564
1341	8	0.665	9.718
1351	8	0.679	9.866
1361	8	0.723	9.960
1371	8	0.768	10.054
1381	8	0.812	10.148
1391	8	0.856	10.242
1401	8	0.873	10.275
1411	8	0.850	10.217
1421	8	0.828	10.159
1431	8	0.805	10.100
1441	8	0.769	9.936
1451	8	0.734	9.772
1461	8	0.698	9.608
1471	8	0.663	9.444
1481	8	0.633	9.282
1491	8	0.606	9.119
1501	8	0.580	8.957
1511	8	0.553	8.795
1521	8	0.553	8.631
1531	8	0.564	8.467
1541	8	0.576	8.302
1551	8	0.587	8.138
1561	8	0.598	7.980
1571	8	0.609	7.877
1581	8	0.621	7.774
1591	8	0.623	7.677
1601	8	0.623	7.582
1611	8	0.623	7.487
1621	8	0.623	7.392
1631	8	0.591	7.294
1641	8	0.545	7.196
1651	8	0.498	7.098
1661	8	0.452	7.000
1671	8	0.414	6.925
1681	8	0.407	6.948
1691	8	0.400	6.970
1701	8	0.393	6.993
1711	8	0.387	7.015
1721	8	0.380	7.038
1731	8	0.373	7.061
1741	8	0.366	7.083
1751	8	0.360	7.153
1761	8	0.355	7.255
1771	8	0.350	7.357
1781	8	0.345	7.458
1791	8	0.340	7.560
1801	8	0.347	7.584
1811	8	0.366	7.532
1821	8	0.384	7.479
1831	8	0.403	7.426
1841	8	0.422	7.373
1851	8	0.440	7.320
1861	8	0.459	7.268
1871	8	0.478	7.215
1881	8	0.497	7.162
1891	8	0.515	7.109
1901	8	0.466	6.933
1911	8	0.399	6.726
1921	8	0.332	6.519
1931	8	0.296	6.290
1941	8	0.331	6.010
1951	8	0.366	5.731
1961	8	0.401	5.451
31	9	-3.269	20.194
41	9	-3.416	19.594
51	9	-3.512	19.029
61	9	-3.533	18.517
71	9	-3.554	18.005
81	9	-3.507	17.542
91	9	-3.453	17.083
101	9	-3.489	16.639
111	9	-3.614	16.209
121	9	-3.739	15.778
131	9	-3.830	15.239
141	9	-3.913	14.672
151	9	-3.957	14.137
161	9	-3.908	13.679
171	9	-3.859	13.221
181	9	-3.819	12.759
191	9	-3.848	12.269
201	9	-3.878	11.779
211	9	-3.908	11.289
221	9	-3.894	10.806
231	9	-3.852	10.327
241	9	-3.810	9.849
251	9	-3.768	9.370
261	9	-3.742	8.906
271	9	-3.718	8.444
281	9	-3.694	7.981
291	9	-3.670	7.519
301	9	-3.645	7.172
311	9	-3.621	6.902
321	9	-3.597	6.632
331	9	-3.579	6.464
341	9	-3.572	6.449
351	9	-3.565	6.434
361	9	-3.558	6.419
371	9	-3.551	6.403
381	9	-3.544	6.388
391	9	-3.537	6.373
401	9	-3.530	6.357
411	9	-3.523	6.342
421	9	-3.516	6.327
431	9	-3.509	6.311
441	9	-3.502	6.296
451	9	-3.495	6.281
461	9	-3.488	6.265
471	9	-3.481	6.250
481	9	-3.474	6.235
491	9	-3.467	6.219
501	9	-3.460	6.204
511	9	-3.453	6.189
521	9	-3.446	6.173
531	9	-3.439	6.158
541	9	-3.432	6.143
551	9	-3.420	6.116
561	9	-3.392	6.045
571	9	-3.363	5.974
581	9	-3.334	5.903
591	9	-3.319	5.810
601	9	-3.314	5.702
611	9	-3.309	5.594
621	9	-3.304	5.486
631	9	-3.299	5.378
121	10	0.482	5.610
131	10	0.375	5.905
141	10	0.268	6.199
151	10	0.163	6.534
161	10	0.072	7.034
171	10	-0.020	7.533
181	10	-0.111	8.033
191	10	-0.180	8.529
201	10	-0.243	9.024
211	10	-0.307	9.519
221	10	-0.372	10.013
231	10	-0.459	10.497
241	10	-0.545	10.980
251	10	-0.632	11.464
261	10	-0.682	11.940
271	10	-0.696	12.409
281	10	-0.711	12.878
291	10	-0.725	13.347
301	10	-0.764	13.853
311	10	-0.805	14.363
321	10	-0.847	14.874
331	10	-0.888	15.384
341	10	-0.890	15.884
351	10	-0.854	16.374
361	10	-0.818	16.865
371	10	-0.782	17.355
381	10	-0.755	17.856
391	10	-0.768	18.400
401	10	-0.781	18.943
411	10	-0.793	19.487
421	10	-0.780	20.017
431	10	-0.535	20.425
201	11	0.831	5.758
211	11	0.571	6.288
221	11	0.374	6.859
231	11	0.322	7.524
241	11	0.270	8.190
251	11	0.100	8.882
261	11	-0.100	9.582
271	11	-0.309	10.282
281	11	-0.559	10.979
291	11	-0.809	11.677
301	11	-1.069	12.374
311	11	-1.338	13.070
321	11	-1.606	13.767
331	11	-1.751	14.497
341	11	-1.814	15.249
351	11	-1.877	16.001
361	11	-1.950	16.746
371	11	-2.047	17.473
381	11	-2.145	18.200
391	11	-2.239	18.926
401	11	-2.309	19.640
411	11	-2.379	20.353
331	12	-2.980	20.588
341	12	-2.933	20.038
351	12	-2.886	19.489
361	12	-2.839	18.939
371	12	-2.793	18.365
381	12	-2.749	17.784
391	12	-2.704	17.203
401	12	-2.590	16.662
411	12	-2.469	16.126
421	12	-2.348	15.589
431	12	-2.252	15.084
441	12	-2.158	14.583
451	12	-2.064	14.081
461	12	-1.969	13.578
471	12	-1.872	13.073
481	12	-1.775	12.568
491	12	-1.677	12.063
501	12	-1.570	11.582
511	12	-1.441	11.154
521	12	-1.311	10.726
531	12	-1.181	10.298
541	12	-1.062	9.863
551	12	-1.035	9.364
561	12	-1.008	8.866
571	12	-0.982	8.367
581	12	-0.944	7.883
591	12	-0.860	7.460
601	12	-0.776	7.038
611	12	-0.705	6.624
621	12	-0.748	6.298
631	12	-0.792	5.971
641	12	-0.671	5.565
341	13	-3.574	19.829
351	13	-3.564	19.241
361	13	-3.554	18.656
371	13	-3.536	18.092
381	13	-3.517	17.528
391	13	-3.457	16.968
401	13	-3.302	16.418
411	13	-3.146	15.869
421	13	-3.003	15.321
431	13	-2.891	14.775
441	13	-2.779	14.229
451	13	-2.667	13.684
461	13	-2.562	13.185
471	13	-2.462	12.717
481	13	-2.362	12.249
491	13	-2.262	11.781
501	13	-2.165	11.317
511	13	-2.069	10.855
521	13	-1.973	10.392
531	13	-1.877	9.930
541	13	-1.787	9.461
551	13	-1.746	8.933
561	13	-1.705	8.404
571	13	-1.664	7.876
581	13	-1.586	7.363
591	13	-1.422	6.886
601	13	-1.257	6.409
611	13	-1.087	5.940
621	13	-0.904	5.489
461	14	-3.580	20.206
471	14	-3.509	19.559
481	14	-3.438	18.912
491	14	-3.365	18.268
501	14	-3.274	17.647
511	14	-3.182	17.027
521	14	-3.090	16.406
531	14	-2.932	15.804
541	14	-2.744	15.210
551	14	-2.557	14.616
561	14	-2.381	14.025
571	14	-2.315	13.456
581	14	-2.248	12.886
591	14	-2.182	12.317
601	14	-2.107	11.747
611	14	-1.997	11.176
621	14	-1.888	10.605
631	14	-1.779	10.034
641	14	-1.696	9.492
651	14	-1.654	8.997
661	14	-1.612	8.501
671	14	-1.570	8.005
681	14	-1.566	7.525
691	14	-1.577	7.051
701	14	-1.540	6.593
711	14	-1.454	6.149
721	14	-1.149	5.794
731	14	-0.844	5.440
461	15	-2.751	20.631
471	15	-2.710	20.000
481	15	-2.668	19.369
491	15	-2.585	18.731
501	15	-2.459	18.087
511	15	-2.334	17.442
521	15	-2.217	16.831
531	15	-2.115	16.271
541	15	-2.013	15.711
551	15	-1.913	15.149
561	15	-1.840	14.569
571	15	-1.767	13.990
581	15	-1.694	13.411
591	15	-1.581	12.873
601	15	-1.463	12.340
611	15	-1.345	11.806
621	15	-1.280	11.269
631	15	-1.250	10.729
641	15	-1.220	10.188
651	15	-1.205	9.768
661	15	-1.170	9.329
671	15	-1.089	8.845
681	15	-1.079	8.447
691	15	-1.090	8.094
701	15	-1.120	7.755
711	15	-1.221	7.426
721	15	-1.341	7.092
731	15	-1.480	6.754
741	15	-1.559	6.301
751	15	-1.377	5.870
761	15	-1.062	5.490
771	15	-0.663	5.274
491	16	0.766	5.537
501	16	0.643	5.623
511	16	0.520	5.709
521	16	0.398	5.795
531	16	0.311	5.878
541	16	0.311	5.956
551	16	0.311	6.033
561	16	0.299	6.122
571	16	0.275	6.221
581	16	0.251	6.321
591	16	0.227	6.421
601	16	0.213	6.533
611	16	0.237	6.694
621	16	0.262	6.855
631	16	0.287	7.016
641	16	0.311	7.177
651	16	0.415	7.447
661	16	0.519	7.718
671	16	0.623	7.988
681	16	0.698	8.275
691	16	0.746	8.579
701	16	0.793	8.883
711	16	0.829	9.187
721	16	0.821	9.487
731	16	0.812	9.787
741	16	0.801	10.090
751	16	0.765	10.419
761	16	0.729	10.749
771	16	0.693	11.078
781	16	0.657	11.387
791	16	0.621	11.674
801	16	0.585	11.961
811	16	0.549	12.249
821	16	0.387	12.592
831	16	0.211	12.941
841	16	0.036	13.291
851	16	-0.152	13.650
861	16	-0.352	14.019
871	16	-0.553	14.388
881	16	-0.753	14.757
891	16	-0.876	15.100
901	16	-0.999	15.443
911	16	-1.122	15.785
921	16	-1.249	16.138
931	16	-1.392	16.531
941	16	-1.536	16.924
951	16	-1.679	17.317
961	16	-1.799	17.687
971	16	-1.883	18.023
981	16	-1.967	18.359
991	16	-2.051	18.695
1001	16	-2.109	19.030
1011	16	-2.154	19.363
1021	16	-2.200	19.697
1031	16	-2.246	20.031
1041	16	-2.292	20.364
521	17	-0.090	5.456
531	17	-0.215	5.745
541	17	-0.340	6.035
551	17	-0.343	6.273
561	17	-0.266	6.477
571	17	-0.189	6.680
581	17	-0.099	6.836
591	17	-0.007	6.987
601	17	0.085	7.138
611	17	0.109	7.261
621	17	0.116	7.378
631	17	0.122	7.495
641	17	0.129	7.612
651	17	0.158	7.820
661	17	0.190	8.038
671	17	0.221	8.256
681	17	0.254	8.464
691	17	0.288	8.665
701	17	0.322	8.866
711	17	0.357	9.067
721	17	0.290	9.361
731	17	0.198	9.678
741	17	0.106	9.996
751	17	0.083	10.310
761	17	0.091	10.623
771	17	0.098	10.935
781	17	0.094	11.249
791	17	0.062	11.566
801	17	0.029	11.883
811	17	-0.012	12.197
821	17	-0.135	12.486
831	17	-0.257	12.776
841	17	-0.380	13.066
851	17	-0.516	13.379
861	17	-0.667	13.714
871	17	-0.817	14.050
881	17	-0.967	14.386
891	17	-1.130	14.719
901	17	-1.299	15.052
911	17	-1.467	15.384
921	17	-1.635	15.717
931	17	-1.771	16.041
941	17	-1.907	16.365
951	17	-2.042	16.689
961	17	-2.178	17.013
971	17	-2.316	17.393
981	17	-2.456	17.809
991	17	-2.596	18.225
1001	17	-2.735	18.642
1011	17	-2.798	18.997
1021	17	-2.827	19.327
1031	17	-2.857	19.657
1041	17	-2.886	19.987
1051	17	-2.915	20.317
591	18	0.256	5.668
601	18	0.079	5.719
611	18	-0.132	5.910
621	18	-0.337	6.190
631	18	-0.467	6.591
641	18	-0.546	6.920
651	18	-0.591	7.201
661	18	-0.623	7.491
671	18	-0.623	7.804
681	18	-0.675	8.077
691	18	-0.779	8.311
701	18	-0.842	8.418
711	18	-0.864	8.398
721	18	-0.887	8.379
731	18	-0.910	8.359
741	18	-0.932	8.339
751	18	-1.361	8.107
761	18	-1.835	7.852
771	18	-2.297	7.594
781	18	-2.751	7.335
791	18	-3.206	7.076
801	18	-3.673	6.835
811	18	-4.144	6.599
821	18	-4.610	6.368
831	18	-5.028	6.194
841	18	-5.447	6.020
851	18	-5.865	5.846
861	18	-6.155	5.697
871	18	-6.319	5.572
881	18	-6.482	5.448
891	18	-6.645	5.323
901	18	-6.762	5.237
911	18	-6.878	5.151
921	18	-6.995	5.065
931	18	-7.112	4.978
611	19	1.914	5.595
621	19	1.694	5.667
631	19	1.473	5.739
641	19	1.252	5.811
651	19	1.032	5.980
661	19	0.812	6.246
671	19	0.591	6.513
681	19	0.402	6.810
691	19	0.334	7.231
701	19	0.266	7.652
711	19	0.278	7.995
721	19	0.298	8.329
731	19	0.296	8.649
741	19	0.246	8.936
751	19	0.195	9.223
761	19	0.145	9.509
771	19	0.135	9.838
781	19	0.142	10.185
791	19	0.150	10.532
801	19	0.163	10.865
811	19	0.199	11.143
821	19	0.235	11.421
831	19	0.245	11.690
841	19	0.197	11.936
851	19	0.149	12.183
861	19	0.087	12.457
871	19	0.014	12.749
881	19	-0.058	13.040
891	19	-0.130	13.332
901	19	-0.149	13.701
911	19	-0.168	14.069
921	19	-0.207	14.416
931	19	-0.291	14.713
941	19	-0.374	15.010
951	19	-0.470	15.320
961	19	-0.612	15.684
971	19	-0.754	16.049
981	19	-0.906	16.416
991	19	-1.139	16.810
1001	19	-1.371	17.203
1011	19	-1.585	17.606
1021	19	-1.723	18.047
1031	19	-1.861	18.488
1041	19	-1.999	18.929
1051	19	-2.020	19.415
1061	19	-2.041	19.900
1071	19	-2.062	20.385
641	20	-0.315	5.674
651	20	-0.495	5.949
661	20	-0.675	6.225
671	20	-0.973	6.342
681	20	-1.272	6.460
691	20	-1.251	6.503
701	20	-1.229	6.547
711	20	-1.208	6.590
721	20	-1.187	6.634
731	20	-1.165	6.677
741	20	-1.144	6.721
751	20	-1.376	6.715
761	20	-1.734	6.665
771	20	-2.159	6.588
781	20	-2.576	6.452
791	20	-2.981	6.226
801	20	-3.386	6.001
811	20	-3.781	5.735
821	20	-4.175	5.465
831	20	-4.568	5.194
861	21	4.783	19.845
871	21	4.282	19.771
881	21	3.781	19.698
891	21	3.329	19.576
901	21	2.927	19.405
911	21	2.525	19.234
921	21	2.140	19.039
931	21	1.778	18.807
941	21	1.416	18.575
951	21	1.031	18.334
961	21	0.630	18.088
971	21	0.229	17.841
981	21	-0.133	17.532
991	21	-0.405	17.077
1001	21	-0.652	16.589
1011	21	-0.799	15.971
1021	21	-0.946	15.352
1031	21	-1.038	14.741
1041	21	-1.125	14.131
1051	21	-1.211	13.521
1061	21	-1.315	12.913
1071	21	-1.420	12.306
1081	21	-1.526	11.699
1091	21	-1.593	11.078
1101	21	-1.643	10.450
1111	21	-1.694	9.822
1121	21	-1.738	9.194
1131	21	-1.730	8.573
1141	21	-1.722	7.951
1151	21	-1.713	7.329
1161	21	-1.629	6.785
1171	21	-1.545	6.241
1181	21	-1.461	5.696
851	22	2.390	5.705
861	22	2.142	5.808
871	22	1.894	5.910
881	22	1.645	6.013
891	22	1.397	6.116
901	22	1.079	6.311
911	22	0.713	6.568
921	22	0.348	6.826
931	22	0.236	7.197
941	22	0.153	7.580
951	22	0.079	7.964
961	22	0.086	8.353
971	22	0.094	8.742
981	22	0.102	9.131
991	22	0.092	9.599
1001	22	0.075	10.102
1011	22	0.059	10.604
1021	22	0.006	11.082
1031	22	-0.070	11.544
1041	22	-0.147	12.006
1051	22	-0.234	12.470
1061	22	-0.368	12.944
1071	22	-0.502	13.418
1081	22	-0.636	13.891
1091	22	-0.730	14.385
1101	22	-0.820	14.881
1111	22	-0.916	15.383
1121	22	-1.029	15.898
1131	22	-1.141	16.414
1141	22	-1.252	16.922
1151	22	-1.359	17.414
1161	22	-1.484	17.929
1171	22	-1.621	18.459
1181	22	-1.758	18.989
1191	22	-1.895	19.518
1201	22	-2.032	20.048
1081	23	0.072	20.538
1091	23	-0.074	20.055
1101	23	-0.219	19.572
1111	23	-0.250	19.029
1121	23	-0.269	18.479
1131	23	-0.300	17.937
1141	23	-0.446	17.470
1151	23	-0.592	17.004
1161	23	-0.738	16.537
1171	23	-0.824	16.060
1181	23	-0.903	15.581
1191	23	-0.983	15.102
1201	23	-1.085	14.613
1211	23	-1.243	14.101
1221	23	-1.400	13.589
1231	23	-1.557	13.077
1241	23	-1.759	12.603
1251	23	-1.961	12.129
1261	23	-2.113	11.660
1271	23	-2.149	11.201
1281	23	-2.185	10.742
1291	23	-2.221	10.283
1301	23	-2.251	9.795
1311	23	-2.278	9.294
1321	23	-2.304	8.793
1331	23	-2.331	8.292
1341	23	-2.384	7.828
1351	23	-2.443	7.373
1361	23	-2.502	6.919
1371	23	-2.566	6.435
1381	23	-2.642	5.881
1391	23	-2.718	5.327
1101	24	-3.940	20.258
1111	24	-3.932	19.686
1121	24	-3.924	19.113
1131	24	-3.960	18.551
1141	24	-4.042	18.001
1151	24	-4.124	17.450
1161	24	-4.206	16.899
1171	24	-4.194	16.361
1181	24	-4.140	15.828
1191	24	-4.087	15.295
1201	24	-4.038	14.764
1211	24	-3.999	14.241
1221	24	-3.960	13.717
1231	24	-3.922	13.193
1241	24	-3.883	12.669
1251	24	-3.860	12.165
1261	24	-3.847	11.674
1271	24	-3.835	11.183
1281	24	-3.822	10.692
1291	24	-3.819	10.196
1301	24	-3.824	9.693
1311	24	-3.830	9.191
1321	24	-3.836	8.688
1331	24	-3.846	8.181
1341	24	-3.889	7.634
1351	24	-3.932	7.086
1361	24	-3.976	6.539
1371	24	-4.019	5.992
1381	24	-4.062	5.444
1101	25	-3.374	20.583
1111	25	-3.348	19.956
1121	25	-3.322	19.328
1131	25	-3.296	18.701
1141	25	-3.240	18.124
1151	25	-3.184	17.547
1161	25	-3.128	16.969
1171	25	-3.078	16.408
1181	25	-3.043	15.882
1191	25	-3.007	15.357
1201	25	-2.972	14.832
1211	25	-2.937	14.306
1221	25	-2.911	13.797
1231	25	-2.887	13.289
1241	25	-2.863	12.781
1251	25	-2.839	12.273
1261	25	-2.847	11.778
1271	25	-2.875	11.290
1281	25	-2.904	10.803
1291	25	-2.933	10.315
1301	25	-2.960	9.829
1311	25	-2.971	9.350
1321	25	-2.982	8.871
1331	25	-2.993	8.392
1341	25	-3.003	7.913
1351	25	-3.034	7.421
1361	25	-3.113	6.899
1371	25	-3.191	6.377
1381	25	-3.270	5.854
1391	25	-3.348	5.332
1161	26	-3.534	5.509
1171	26	-3.374	6.133
1181	26	-3.215	6.756
1191	26	-2.993	7.343
1201	26	-2.745	7.915
1211	26	-2.537	8.519
1221	26	-2.369	9.154
1231	26	-2.174	9.755
1241	26	-1.955	10.323
1251	26	-1.735	10.891
1261	26	-1.646	11.452
1271	26	-1.572	12.012
1281	26	-1.557	12.560
1291	26	-1.557	13.106
1301	26	-1.572	13.649
1311	26	-1.719	14.170
1321	26	-1.866	14.691
1331	26	-2.023	15.214
1341	26	-2.265	15.760
1351	26	-2.507	16.306
1361	26	-2.744	16.859
1371	26	-2.931	17.475
1381	26	-3.118	18.091
1391	26	-3.235	18.730
1401	26	-3.306	19.383
1411	26	-3.377	20.037
1311	27	0.308	20.354
1321	27	0.172	19.781
1331	27	0.025	19.195
1341	27	-0.133	18.595
1351	27	-0.290	17.979
1361	27	-0.440	17.300
1371	27	-0.563	16.629
1381	27	-0.622	15.976
1391	27	-0.669	15.328
1401	27	-0.610	14.715
1411	27	-0.552	14.103
1421	27	-0.493	13.490
1431	27	-0.453	12.808
1441	27	-0.412	12.126
1451	27	-0.372	11.444
1461	27	-0.311	10.811
1471	27	-0.247	10.191
1481	27	-0.182	9.571
1491	27	-0.063	8.970
1501	27	0.091	8.380
1511	27	0.245	7.791
1521	27	0.463	7.256
1531	27	0.777	6.802
1541	27	1.113	6.440
1551	27	1.471	6.171
1561	27	1.829	5.903
1571	27	2.173	5.711
1581	27	2.507	5.570
1561	28	-1.800	5.808
1571	28	-1.811	6.336
1581	28	-1.830	6.857
1591	28	-1.864	7.366
1601	28	-1.897	7.874
1611	28	-1.916	8.391
1621	28	-1.902	8.928
1631	28	-1.888	9.464
1641	28	-1.873	10.000
1651	28	-1.881	10.532
1661	28	-1.899	11.061
1671	28	-1.917	11.591
1681	28	-1.907	12.102
1691	28	-1.890	12.608
1701	28	-1.872	13.114
1711	28	-1.890	13.646
1721	28	-1.917	14.183
1731	28	-1.943	14.721
1741	28	-1.970	15.259
1751	28	-2.096	15.835
1761	28	-2.234	16.415
1771	28	-2.371	16.996
1781	28	-2.483	17.573
1791	28	-2.570	18.147
1801	28	-2.656	18.721
1811	28	-2.747	19.291
1821	28	-2.855	19.846
1831	28	-2.963	20.402
1561	29	-0.897	5.828
1571	29	-0.941	6.333
1581	29	-0.986	6.839
1591	29	-1.015	7.351
1601	29	-1.021	7.874
1611	29	-1.027	8.397
1621	29	-1.034	8.920
1631	29	-1.044	9.446
1641	29	-1.065	9.982
1651	29	-1.085	10.517
1661	29	-1.106	11.052
1671	29	-1.109	11.587
1681	29	-1.095	12.123
1691	29	-1.080	12.660
1701	29	-1.066	13.196
1711	29	-1.102	13.717
1721	29	-1.144	14.236
1731	29	-1.186	14.756
1741	29	-1.239	15.288
1751	29	-1.332	15.873
1761	29	-1.425	16.458
1771	29	-1.518	17.043
1781	29	-1.608	17.628
1791	29	-1.692	18.213
1801	29	-1.775	18.798
1811	29	-1.858	19.383
1821	29	-1.941	19.968
1831	29	-2.025	20.553
1571	30	-2.164	19.908
1581	30	-2.175	19.222
1591	30	-2.144	18.564
1601	30	-2.071	17.934
1611	30	-1.999	17.305
1621	30	-1.988	16.673
1631	30	-1.977	16.042
1641	30	-2.023	15.408
1651	30	-2.106	14.771
1661	30	-2.189	14.137
1671	30	-2.271	13.518
1681	30	-2.336	12.911
1691	30	-2.336	12.356
1701	30	-2.322	11.769
1711	30	-2.298	11.159
1721	30	-2.338	10.583
1731	30	-2.473	10.057
1741	30	-2.608	9.532
1751	30	-2.662	8.980
1761	30	-2.707	8.425
1771	30	-2.751	7.870
1781	30	-2.716	7.281
1791	30	-2.681	6.692
1801	30	-2.645	6.102
1811	30	-2.610	5.513
1571	31	-3.004	20.150
1581	31	-2.920	19.465
1591	31	-2.837	18.780
1601	31	-2.803	18.111
1611	31	-2.803	17.453
1621	31	-2.803	16.795
1631	31	-2.829	16.150
1641	31	-2.858	15.507
1651	31	-2.883	14.874
1661	31	-2.895	14.280
1671	31	-2.906	13.686
1681	31	-2.992	13.100
1691	31	-3.086	12.515
1701	31	-3.219	11.945
1711	31	-3.367	11.382
1721	31	-3.515	10.819
1731	31	-3.577	10.230
1741	31	-3.629	9.639
1751	31	-3.644	9.031
1761	31	-3.606	8.399
1771	31	-3.568	7.766
1781	31	-3.561	7.155
1791	31	-3.568	6.553
1801	31	-3.576	5.951
1671	32	-2.707	5.677
1681	32	-2.680	6.193
1691	32	-2.653	6.710
1701	32	-2.620	7.213
1711	32	-2.585	7.713
1721	32	-2.551	8.213
1731	32	-2.356	8.609
1741	32	-2.121	8.980
1751	32	-1.950	9.365
1761	32	-1.805	9.757
1771	32	-1.791	10.092
1781	32	-1.791	10.421
1791	32	-1.788	10.691
1801	32	-1.772	10.726
1811	32	-1.757	10.762
1821	32	-1.741	10.797
1831	32	-1.726	10.832
1841	32	-1.710	10.868
1851	32	-1.694	10.903
1861	32	-1.679	10.938
1871	32	-1.663	10.974
1881	32	-1.648	11.009
1891	32	-1.627	11.067
1901	32	-1.583	11.213
1911	32	-1.540	11.359
1921	32	-1.518	11.429
1931	32	-1.501	11.479
1941	32	-1.484	11.530
1951	32	-1.467	11.580
1961	32	-1.450	11.630
1971	32	-1.433	11.681
1981	32	-1.512	11.849
1991	32	-1.632	12.069
2001	32	-1.753	12.288
2011	32	-1.846	12.663
2021	32	-1.935	13.055
2031	32	-2.025	13.447
2041	32	-2.121	13.909
2051	32	-2.217	14.370
2061	32	-2.300	14.829
2071	32	-2.352	15.281
2081	32	-2.404	15.734
2091	32	-2.443	16.193
2101	32	-2.453	16.668
2111	32	-2.463	17.143
2121	32	-2.529	17.664
2131	32	-2.620	18.205
2141	32	-2.711	18.747
2151	32	-2.802	19.288
2161	32	-2.893	19.829
2171	32	-2.984	20.371
1671	33	-1.836	5.630
1681	33	-1.827	6.120
1691	33	-1.817	6.610
1701	33	-1.780	7.115
1711	33	-1.743	7.619
1721	33	-1.677	8.115
1731	33	-1.496	8.574
1741	33	-1.316	9.034
1751	33	-1.220	9.506
1761	33	-1.133	9.979
1771	33	-1.052	10.307
1781	33	-0.977	10.491
1791	33	-0.908	10.657
1801	33	-0.902	10.669
1811	33	-0.896	10.681
1821	33	-0.890	10.692
1831	33	-0.884	10.704
1841	33	-0.878	10.715
1851	33	-0.872	10.727
1861	33	-0.866	10.739
1871	33	-0.860	10.750
1881	33	-0.854	10.762
1891	33	-0.848	10.773
1901	33	-0.841	10.785
1911	33	-0.835	10.797
1921	33	-0.829	10.808
1931	33	-0.823	10.820
1941	33	-0.817	10.831
1951	33	-0.811	10.843
1961	33	-0.805	10.855
1971	33	-0.814	11.091
1981	33	-0.825	11.352
1991	33	-0.893	11.693
2001	33	-1.017	12.112
2011	33	-1.142	12.531
2021	33	-1.180	12.988
2031	33	-1.218	13.446
2041	33	-1.257	13.903
2051	33	-1.302	14.357
2061	33	-1.351	14.809
2071	33	-1.400	15.260
2081	33	-1.450	15.712
2091	33	-1.518	16.155
2101	33	-1.613	16.584
2111	33	-1.708	17.014
2121	33	-1.784	17.473
2131	33	-1.832	17.978
2141	33	-1.880	18.482
2151	33	-1.928	18.987
2161	33	-1.976	19.491
2171	33	-2.024	19.996
2181	33	-2.072	20.500
1821	34	0.535	5.472
1831	34	0.429	5.660
1841	34	0.323	5.848
1851	34	0.190	6.040
1861	34	0.017	6.237
1871	34	-0.156	6.435
1881	34	-0.329	6.632
1891	34	-0.406	6.798
1901	34	-0.459	6.957
1911	34	-0.512	7.116
1921	34	-0.566	7.275
1931	34	-0.589	7.490
1941	34	-0.608	7.711
1951	34	-0.627	7.933
1961	34	-0.647	8.154
1971	34	-0.581	8.340
1981	34	-0.505	8.523
1991	34	-0.429	8.706
2001	34	-0.353	8.889
2011	34	-0.302	8.960
2021	34	-0.257	9.002
2031	34	-0.213	9.045
2041	34	-0.168	9.087
2051	34	-0.123	9.130
2061	34	-0.079	9.172
2071	34	-0.049	9.326
2081	34	-0.042	9.649
2091	34	-0.034	9.971
2101	34	-0.027	10.293
2111	34	-0.079	10.674
2121	34	-0.137	11.062
2131	34	-0.195	11.449
2141	34	-0.254	11.836
2151	34	-0.356	12.180
2161	34	-0.464	12.519
2171	34	-0.572	12.858
2181	34	-0.679	13.197
2191	34	-0.778	13.537
2201	34	-0.873	13.876
2211	34	-0.969	14.216
2221	34	-1.065	14.556
2231	34	-1.150	14.884
2241	34	-1.187	15.168
2251	34	-1.224	15.452
2261	34	-1.261	15.736
2271	34	-1.298	16.020
2281	34	-1.335	16.304
2291	34	-1.372	16.588
2301	34	-1.440	16.846
2311	34	-1.511	17.103
2321	34	-1.582	17.359
2331	34	-1.654	17.615
2341	34	-1.725	17.871
2351	34	-1.798	18.191
2361	34	-1.872	18.528
2371	34	-1.945	18.864
2381	34	-2.019	19.201
2391	34	-2.093	19.537
2401	34	-2.166	19.874
2411	34	-2.240	20.210
1861	35	-0.947	5.585
1871	35	-1.055	5.797
1881	35	-1.162	6.009
1891	35	-1.270	6.222
1901	35	-1.319	6.447
1911	35	-1.311	6.686
1921	35	-1.302	6.924
1931	35	-1.294	7.122
1941	35	-1.286	7.278
1951	35	-1.278	7.434
1961	35	-1.258	7.609
1971	35	-1.211	7.827
1981	35	-1.163	8.046
1991	35	-1.116	8.264
2001	35	-1.058	8.440
2011	35	-0.999	8.616
2021	35	-0.941	8.792
2031	35	-0.883	8.968
2041	35	-0.868	9.083
2051	35	-0.854	9.197
2061	35	-0.839	9.312
2071	35	-0.848	9.508
2081	35	-0.890	9.823
2091	35	-0.932	10.139
2101	35	-0.974	10.455
2111	35	-1.021	10.771
2121	35	-1.110	11.098
2131	35	-1.199	11.425
2141	35	-1.288	11.752
2151	35	-1.384	12.071
2161	35	-1.496	12.373
2171	35	-1.609	12.674
2181	35	-1.722	12.975
2191	35	-1.835	13.277
2201	35	-1.946	13.584
2211	35	-2.056	13.893
2221	35	-2.167	14.203
2231	35	-2.277	14.512
2241	35	-2.381	14.859
2251	35	-2.483	15.222
2261	35	-2.584	15.585
2271	35	-2.686	15.948
2281	35	-2.777	16.307
2291	35	-2.773	16.629
2301	35	-2.769	16.951
2311	35	-2.766	17.273
2321	35	-2.762	17.595
2331	35	-2.758	17.917
2341	35	-2.754	18.239
2351	35	-2.777	18.551
2361	35	-2.864	18.839
2371	35	-2.950	19.128
2381	35	-3.037	19.416
2391	35	-3.123	19.704
2401	35	-3.210	19.993
2411	35	-3.296	20.281
2031	36	-1.384	5.599
2041	36	-1.608	6.348
2051	36	-1.804	7.079
2061	36	-1.934	7.766
2071	36	-2.053	8.456
2081	36	-2.150	9.150
2091	36	-2.246	9.844
2101	36	-2.334	10.567
2111	36	-2.417	11.308
2121	36	-2.501	12.052
2131	36	-2.593	12.810
2141	36	-2.685	13.568
2151	36	-2.777	14.325
2161	36	-2.870	15.126
2171	36	-2.963	15.927
2181	36	-3.067	16.731
2191	36	-3.220	17.549
2201	36	-3.372	18.367
2211	36	-3.524	19.184
2221	36	-3.677	20.002
2081	37	-1.973	20.298
2091	37	-1.713	19.621
2101	37	-1.510	19.011
2111	37	-1.321	18.418
2121	37	-1.133	17.820
2131	37	-0.944	17.217
2141	37	-0.791	16.614
2151	37	-0.692	16.009
2161	37	-0.567	15.412
2171	37	-0.380	14.830
2181	37	-0.193	14.249
2191	37	-0.080	13.651
2201	37	0.016	13.048
2211	37	0.111	12.445
2221	37	0.173	11.861
2231	37	0.226	11.280
2241	37	0.280	10.700
2251	37	0.356	10.083
2261	37	0.435	9.463
2271	37	0.514	8.843
2281	37	0.625	8.288
2291	37	0.759	7.776
2301	37	0.893	7.265
2311	37	1.030	6.820
2321	37	1.170	6.443
2331	37	1.310	6.065
2341	37	1.510	5.999
2351	37	1.717	5.967
2361	37	1.924	5.935
2371	37	2.130	5.903
2381	37	2.337	5.871
2391	37	2.544	5.840
2531	38	-2.176	20.046
2541	38	-2.113	19.541
2551	38	-2.051	19.036
2561	38	-2.025	18.457
2571	38	-1.999	17.879
2581	38	-1.973	17.300
2591	38	-1.947	16.722
2601	38	-1.928	16.191
2611	38	-1.910	15.661
2621	38	-1.891	15.130
2631	38	-1.873	14.600
2641	38	-1.859	14.055
2651	38	-1.847	13.506
2661	38	-1.835	12.957
2671	38	-1.823	12.409
2681	38	-1.875	11.861
2691	38	-1.991	11.315
2701	38	-2.107	10.768
2711	38	-2.223	10.222
2721	38	-2.375	9.683
2731	38	-2.541	9.147
2741	38	-2.692	8.609
2751	38	-2.784	8.060
2761	38	-2.876	7.511
2771	38	-2.966	6.959
2781	38	-3.038	6.381
2791	38	-3.109	5.803
2531	39	-1.632	20.319
2541	39	-1.557	19.804
2551	39	-1.483	19.288
2561	39	-1.399	18.702
2571	39	-1.307	18.069
2581	39	-1.215	17.436
2591	39	-1.133	16.822
2601	39	-1.090	16.288
2611	39	-1.047	15.753
2621	39	-1.004	15.218
2631	39	-0.960	14.684
2641	39	-0.966	14.170
2651	39	-0.972	13.655
2661	39	-0.979	13.141
2671	39	-0.985	12.627
2681	39	-0.965	12.126
2691	39	-0.934	11.630
2701	39	-0.904	11.134
2711	39	-0.936	10.618
2721	39	-1.113	10.051
2731	39	-1.291	9.485
2741	39	-1.469	8.919
2751	39	-1.634	8.360
2761	39	-1.788	7.808
2771	39	-1.942	7.256
2781	39	-2.048	6.696
2791	39	-2.143	6.134
2801	39	-2.237	5.571
2881	40	-2.869	20.069
2891	40	-2.797	19.549
2901	40	-2.725	19.029
2911	40	-2.655	18.559
2921	40	-2.584	18.089
2931	40	-2.513	17.620
2941	40	-2.457	17.107
2951	40	-2.408	16.576
2961	40	-2.359	16.046
2971	40	-2.310	15.515
2981	40	-2.219	15.054
2991	40	-2.127	14.592
3001	40	-2.035	14.131
3011	40	-1.948	13.663
3021	40	-1.864	13.190
3031	40	-1.779	12.717
3041	40	-1.695	12.244
3051	40	-1.644	11.795
3061	40	-1.616	11.363
3071	40	-1.588	10.931
3081	40	-1.560	10.499
3091	40	-1.485	10.086
3101	40	-1.404	9.675
3111	40	-1.323	9.265
3121	40	-1.242	8.854
3131	40	-1.134	8.461
3141	40	-0.985	8.093
3151	40	-0.836	7.726
3161	40	-0.687	7.359
3171	40	-0.508	6.979
3181	40	-0.286	6.579
3191	40	-0.063	6.180
3201	40	0.159	5.781
3211	40	0.415	5.548
3221	40	0.675	5.332
2881	41	-2.484	20.595
2891	41	-2.406	20.129
2901	41	-2.328	19.663
2911	41	-2.248	19.194
2921	41	-2.142	18.705
2931	41	-2.037	18.215
2941	41	-1.931	17.725
2951	41	-1.857	17.279
2961	41	-1.785	16.838
2971	41	-1.714	16.397
2981	41	-1.642	15.956
2991	41	-1.667	15.505
3001	41	-1.702	15.052
3011	41	-1.737	14.600
3021	41	-1.750	14.156
3031	41	-1.676	13.744
3041	41	-1.602	13.333
3051	41	-1.528	12.921
3061	41	-1.474	12.491
3071	41	-1.430	12.054
3081	41	-1.385	11.616
3091	41	-1.334	11.180
3101	41	-1.254	10.750
3111	41	-1.174	10.320
3121	41	-1.094	9.890
3131	41	-1.012	9.474
3141	41	-0.923	9.090
3151	41	-0.834	8.706
3161	41	-0.745	8.322
3171	41	-0.646	7.953
3181	41	-0.537	7.599
3191	41	-0.428	7.244
3201	41	-0.318	6.889
3211	41	-0.158	6.546
3221	41	0.023	6.207
3231	41	0.205	5.868
3241	41	0.387	5.529
2941	42	-0.872	5.666
2951	42	-0.898	6.229
2961	42	-0.924	6.791
2971	42	-0.916	7.326
2981	42	-0.886	7.843
2991	42	-0.855	8.361
3001	42	-0.829	8.873
3011	42	-0.822	9.365
3021	42	-0.815	9.857
3031	42	-0.808	10.350
3041	42	-0.801	10.856
3051	42	-0.795	11.376
3061	42	-0.788	11.896
3071	42	-0.782	12.416
3081	42	-0.782	12.932
3091	42	-0.790	13.443
3101	42	-0.797	13.955
3111	42	-0.804	14.466
3121	42	-0.863	14.958
3131	42	-0.928	15.448
3141	42	-0.993	15.938
3151	42	-1.058	16.428
3161	42	-1.150	16.994
3171	42	-1.245	17.567
3181	42	-1.340	18.141
3191	42	-1.408	18.659
3201	42	-1.473	19.171
3211	42	-1.580	19.687
3221	42	-1.728	20.207
3031	43	-2.107	20.315
3041	43	-2.053	19.623
3051	43	-2.000	18.930
3061	43	-2.016	18.257
3071	43	-2.102	17.604
3081	43	-2.189	16.950
3091	43	-2.214	16.272
3101	43	-2.177	15.569
3111	43	-2.140	14.867
3121	43	-2.026	14.191
3131	43	-1.880	13.527
3141	43	-1.734	12.863
3151	43	-1.628	12.190
3161	43	-1.561	11.508
3171	43	-1.494	10.826
3181	43	-1.437	10.143
3191	43	-1.395	9.460
3201	43	-1.353	8.777
3211	43	-1.326	8.091
3221	43	-1.331	7.396
3231	43	-1.337	6.702
3241	43	-1.343	6.007
3251	43	-1.349	5.313
3041	44	-1.820	5.468
3051	44	-1.848	5.962
3061	44	-1.875	6.456
3071	44	-1.911	6.963
3081	44	-1.966	7.499
3091	44	-2.021	8.035
3101	44	-2.077	8.571
3111	44	-2.138	9.122
3121	44	-2.199	9.674
3131	44	-2.260	10.226
3141	44	-2.301	10.755
3151	44	-2.329	11.269
3161	44	-2.357	11.783
3171	44	-2.385	12.297
3181	44	-2.420	12.848
3191	44	-2.455	13.403
3201	44	-2.490	13.958
3211	44	-2.540	14.504
3221	44	-2.648	15.016
3231	44	-2.757	15.529
3241	44	-2.867	16.045
3251	44	-2.988	16.596
3261	44	-3.110	17.147
3271	44	-3.217	17.697
3281	44	-3.197	18.240
3291	44	-3.178	18.782
3301	44	-3.159	19.325
3311	44	-3.140	19.867
3321	44	-3.121	20.409
3051	45	-2.696	5.810
3061	45	-2.807	6.378
3071	45	-2.909	6.939
3081	45	-2.932	7.440
3091	45	-2.954	7.940
3101	45	-2.976	8.440
3111	45	-3.021	8.969
3121	45	-3.081	9.516
3131	45	-3.141	10.064
3141	45	-3.201	10.611
3151	45	-3.223	11.154
3161	45	-3.229	11.696
3171	45	-3.235	12.237
3181	45	-3.241	12.778
3191	45	-3.312	13.295
3201	45	-3.448	13.786
3211	45	-3.584	14.278
3221	45	-3.719	14.770
3231	45	-3.848	15.267
3241	45	-3.909	15.819
3251	45	-3.970	16.371
3261	45	-4.031	16.923
3271	45	-4.060	17.492
3281	45	-4.076	18.069
3291	45	-4.092	18.646
3301	45	-4.076	19.212
3311	45	-4.013	19.760
3321	45	-3.951	20.308
3131	46	-2.759	5.670
3141	46	-2.712	6.236
3151	46	-2.666	6.803
3161	46	-2.602	7.346
3171	46	-2.527	7.874
3181	46	-2.452	8.401
3191	46	-2.417	8.912
3201	46	-2.424	9.406
3211	46	-2.431	9.900
3221	46	-2.437	10.394
3231	46	-2.484	10.928
3241	46	-2.559	11.488
3251	46	-2.633	12.048
3261	46	-2.701	12.603
3271	46	-2.721	13.107
3281	46	-2.741	13.612
3291	46	-2.761	14.117
3301	46	-2.779	14.630
3311	46	-2.786	15.180
3321	46	-2.793	15.731
3331	46	-2.800	16.281
3341	46	-2.800	16.833
3351	46	-2.793	17.386
3361	46	-2.786	17.940
3371	46	-2.779	18.493
3381	46	-2.772	19.047
3391	46	-2.765	19.601
3401	46	-2.758	20.154
3131	47	-3.554	5.545
3141	47	-3.483	5.995
3151	47	-3.412	6.444
3161	47	-3.348	6.899
3171	47	-3.348	7.401
3181	47	-3.348	7.903
3191	47	-3.348	8.405
3201	47	-3.348	8.907
3211	47	-3.369	9.436
3221	47	-3.389	9.966
3231	47	-3.410	10.495
3241	47	-3.433	11.029
3251	47	-3.466	11.583
3261	47	-3.499	12.137
3271	47	-3.533	12.691
3281	47	-3.554	13.239
3291	47	-3.548	13.770
3301	47	-3.542	14.302
3311	47	-3.536	14.833
3321	47	-3.529	15.363
3331	47	-3.513	15.875
3341	47	-3.497	16.387
3351	47	-3.482	16.899
3361	47	-3.466	17.411
3371	47	-3.455	17.921
3381	47	-3.483	18.411
3391	47	-3.511	18.901
3401	47	-3.538	19.391
3411	47	-3.566	19.881
3421	47	-3.594	20.371
3191	48	-3.374	5.396
3201	48	-3.421	5.913
3211	48	-3.467	6.429
3221	48	-3.506	6.937
3231	48	-3.513	7.412
3241	48	-3.520	7.887
3251	48	-3.527	8.363
3261	48	-3.538	8.854
3271	48	-3.551	9.358
3281	48	-3.564	9.861
3291	48	-3.577	10.364
3301	48	-3.582	10.860
3311	48	-3.582	11.350
3321	48	-3.582	11.841
3331	48	-3.579	12.341
3341	48	-3.567	12.881
3351	48	-3.554	13.420
3361	48	-3.541	13.960
3371	48	-3.530	14.501
3381	48	-3.530	15.056
3391	48	-3.530	15.612
3401	48	-3.530	16.167
3411	48	-3.539	16.717
3421	48	-3.585	17.246
3431	48	-3.630	17.775
3441	48	-3.675	18.304
3451	48	-3.718	18.836
3461	48	-3.750	19.379
3471	48	-3.781	19.923
3481	48	-3.812	20.467
3211	49	-3.212	20.306
3221	49	-3.102	19.728
3231	49	-2.992	19.149
3241	49	-2.858	18.565
3251	49	-2.712	17.979
3261	49	-2.567	17.392
3271	49	-2.422	16.830
3281	49	-2.276	16.325
3291	49	-2.129	15.820
3301	49	-1.983	15.315
3311	49	-1.916	14.812
3321	49	-1.969	14.309
3331	49	-2.023	13.807
3341	49	-2.076	13.305
3351	49	-2.062	12.790
3361	49	-1.980	12.261
3371	49	-1.899	11.732
3381	49	-1.817	11.203
3391	49	-1.692	10.735
3401	49	-1.567	10.267
3411	49	-1.435	9.781
3421	49	-1.285	9.256
3431	49	-1.136	8.730
3441	49	-0.986	8.205
3451	49	-0.818	7.730
3461	49	-0.649	7.255
3471	49	-0.480	6.780
3481	49	-0.311	6.305
3491	49	-0.028	5.943
3501	49	0.255	5.581
3211	50	-2.251	20.490
3221	50	-2.086	19.907
3231	50	-1.921	19.323
3241	50	-1.844	18.788
3251	50	-1.767	18.254
3261	50	-1.675	17.729
3271	50	-1.549	17.225
3281	50	-1.423	16.721
3291	50	-1.296	16.216
3301	50	-1.211	15.690
3311	50	-1.154	15.148
3321	50	-1.096	14.607
3331	50	-1.038	14.065
3341	50	-0.982	13.528
3351	50	-0.936	13.032
3361	50	-0.891	12.535
3371	50	-0.846	12.039
3381	50	-0.797	11.541
3391	50	-0.718	11.033
3401	50	-0.639	10.524
3411	50	-0.561	10.015
3421	50	-0.516	9.558
3431	50	-0.480	9.115
3441	50	-0.444	8.671
3451	50	-0.376	8.228
3461	50	-0.179	7.790
3471	50	0.017	7.352
3481	50	0.214	6.914
3491	50	0.409	6.573
3501	50	0.603	6.242
3511	50	0.798	5.912
3341	51	-3.586	5.526
3351	51	-3.595	6.143
3361	51	-3.605	6.761
3371	51	-3.636	7.319
3381	51	-3.677	7.852
3391	51	-3.717	8.386
3401	51	-3.766	8.935
3411	51	-3.822	9.501
3421	51	-3.878	10.066
3431	51	-3.934	10.632
3441	51	-3.965	11.236
3451	51	-3.991	11.850
3461	51	-4.016	12.464
3471	51	-4.033	13.075
3481	51	-4.046	13.686
3491	51	-4.059	14.296
3501	51	-4.073	14.907
3511	51	-4.097	15.544
3521	51	-4.124	16.188
3531	51	-4.151	16.831
3541	51	-4.178	17.475
3551	51	-4.206	18.119
3561	51	-4.233	18.763
3571	51	-4.260	19.406
3581	51	-4.287	20.050
3381	52	-2.727	5.703
3391	52	-2.772	6.276
3401	52	-2.820	6.847
3411	52	-2.875	7.416
3421	52	-2.930	7.985
3431	52	-2.985	8.554
3441	52	-3.024	9.164
3451	52	-3.063	9.775
3461	52	-3.102	10.385
3471	52	-3.141	10.995
3481	52	-3.126	11.634
3491	52	-3.112	12.272
3501	52	-3.097	12.911
3511	52	-3.106	13.568
3521	52	-3.149	14.252
3531	52	-3.193	14.936
3541	52	-3.236	15.620
3551	52	-3.287	16.260
3561	52	-3.341	16.889
3571	52	-3.394	17.517
3581	52	-3.480	18.156
3591	52	-3.613	18.812
3601	52	-3.746	19.467
3611	52	-3.879	20.123
3371	53	0.277	5.528
3381	53	0.163	6.026
3391	53	0.049	6.523
3401	53	0.018	7.082
3411	53	0.008	7.657
3421	53	-0.007	8.223
3431	53	-0.040	8.752
3441	53	-0.074	9.282
3451	53	-0.127	9.815
3461	53	-0.358	10.375
3471	53	-0.588	10.935
3481	53	-0.803	11.507
3491	53	-0.994	12.098
3501	53	-1.185	12.689
3511	53	-1.376	13.280
3521	53	-1.465	13.872
3531	53	-1.554	14.464
3541	53	-1.643	15.056
3551	53	-1.825	15.640
3561	53	-2.029	16.222
3571	53	-2.234	16.804
3581	53	-2.443	17.378
3591	53	-2.658	17.945
3601	53	-2.873	18.511
3611	53	-3.107	19.152
3621	53	-3.355	19.843
3631	53	-3.527	20.430
3581	54	-2.730	20.388
3591	54	-2.605	20.116
3601	54	-2.483	19.908
3611	54	-2.365	19.850
3621	54	-2.248	19.792
3631	54	-2.148	19.674
3641	54	-2.115	19.314
3651	54	-2.083	18.955
3661	54	-2.094	18.485
3671	54	-2.115	17.988
3681	54	-2.121	17.462
3691	54	-2.103	16.895
3701	54	-2.085	16.328
3711	54	-2.090	15.808
3721	54	-2.118	15.333
3731	54	-2.145	14.859
3741	54	-2.172	14.385
3751	54	-2.154	13.918
3761	54	-2.115	13.454
3771	54	-2.077	12.991
3781	54	-2.024	12.536
3791	54	-1.935	12.101
3801	54	-1.847	11.666
3811	54	-1.758	11.231
3821	54	-1.681	10.784
3831	54	-1.651	10.289
3841	54	-1.620	9.793
3851	54	-1.589	9.297
3861	54	-1.648	8.811
3871	54	-1.729	8.327
3881	54	-1.810	7.843
3891	54	-1.916	7.365
3901	54	-2.038	6.893
3911	54	-2.160	6.421
3921	54	-2.283	5.948
3931	54	-2.405	5.476
3591	55	-2.212	20.531
3601	55	-2.396	20.428
3611	55	-2.579	20.325
3621	55	-2.758	20.158
3631	55	-2.924	19.737
3641	55	-3.089	19.317
3651	55	-3.047	18.764
3661	55	-3.006	18.211
3671	55	-2.972	17.683
3681	55	-2.947	17.181
3691	55	-2.922	16.679
3701	55	-2.907	16.172
3711	55	-2.907	15.655
3721	55	-2.907	15.139
3731	55	-2.907	14.623
3741	55	-2.864	14.148
3751	55	-2.821	13.674
3761	55	-2.777	13.199
3771	55	-2.763	12.742
3781	55	-2.748	12.284
3791	55	-2.733	11.827
3801	55	-2.719	11.370
3811	55	-2.704	10.913
3821	55	-2.625	10.453
3831	55	-2.520	9.992
3841	55	-2.414	9.531
3851	55	-2.475	9.045
3861	55	-2.535	8.558
3871	55	-2.596	8.072
3881	55	-2.722	7.561
3891	55	-2.847	7.050
3901	55	-2.973	6.540
3911	55	-3.072	6.001
3921	55	-3.158	5.451
3591	56	1.727	5.613
3601	56	1.360	5.744
3611	56	0.994	5.875
3621	56	0.653	6.066
3631	56	0.412	6.497
3641	56	0.172	6.928
3651	56	-0.001	7.382
3661	56	-0.107	7.859
3671	56	-0.212	8.336
3681	56	-0.266	8.793
3691	56	-0.307	9.245
3701	56	-0.347	9.697
3711	56	-0.406	10.187
3721	56	-0.477	10.703
3731	56	-0.547	11.218
3741	56	-0.653	11.713
3751	56	-0.840	12.159
3761	56	-1.026	12.605
3771	56	-1.200	13.059
3781	56	-1.255	13.595
3791	56	-1.310	14.131
3801	56	-1.365	14.667
3811	56	-1.435	15.213
3821	56	-1.509	15.760
3831	56	-1.583	16.308
3841	56	-1.657	16.851
3851	56	-1.729	17.384
3861	56	-1.801	17.917
3871	56	-1.873	18.449
3881	56	-1.976	19.006
3891	56	-2.091	19.572
3901	56	-2.206	20.139
3661	57	-0.248	5.442
3671	57	-0.651	5.866
3681	57	-1.053	6.290
3691	57	-1.417	6.739
3701	57	-1.622	7.290
3711	57	-1.828	7.841
3721	57	-2.132	8.347
3731	57	-2.462	8.841
3741	57	-2.772	9.336
3751	57	-3.006	9.831
3761	57	-3.239	10.327
3771	57	-3.447	10.847
3781	57	-3.551	11.467
3791	57	-3.655	12.086
3801	57	-3.577	12.681
3811	57	-3.421	13.266
3821	57	-3.265	13.850
3831	57	-3.121	14.441
3841	57	-2.982	15.035
3851	57	-2.843	15.629
3861	57	-2.728	16.108
3871	57	-2.616	16.575
3881	57	-2.503	17.042
3891	57	-2.498	17.592
3901	57	-2.506	18.152
3911	57	-2.513	18.711
3921	57	-2.566	19.255
3931	57	-2.727	19.764
3941	57	-2.888	20.272
3631	58	-1.950	20.446
3641	58	-1.750	20.061
3651	58	-1.553	19.624
3661	58	-1.366	19.069
3671	58	-1.179	18.513
3681	58	-1.075	17.997
3691	58	-0.992	17.489
3701	58	-0.908	16.982
3711	58	-0.819	16.568
3721	58	-0.729	16.153
3731	58	-0.635	15.744
3741	58	-0.491	15.384
3751	58	-0.348	15.024
3761	58	-0.203	14.648
3771	58	-0.053	14.207
3781	58	0.098	13.766
3791	58	0.235	13.316
3801	58	0.253	12.782
3811	58	0.270	12.249
3821	58	0.285	11.715
3831	58	0.276	11.180
3841	58	0.267	10.645
3851	58	0.262	10.114
3861	58	0.287	9.613
3871	58	0.313	9.112
3881	58	0.338	8.611
3891	58	0.363	8.110
3901	58	0.239	7.588
3911	58	0.114	7.067
3921	58	-0.011	6.545
3931	58	-0.136	6.023
3941	58	-0.261	5.501
3651	59	-2.341	20.574
3661	59	-2.127	20.061
3671	59	-1.913	19.547
3681	59	-1.699	19.034
3691	59	-1.594	18.502
3701	59	-1.535	17.963
3711	59	-1.485	17.443
3721	59	-1.443	16.942
3731	59	-1.402	16.442
3741	59	-1.304	15.994
3751	59	-1.207	15.547
3761	59	-1.007	15.105
3771	59	-0.737	14.667
3781	59	-0.468	14.229
3791	59	-0.441	13.733
3801	59	-0.441	13.229
3811	59	-0.441	12.726
3821	59	-0.445	12.234
3831	59	-0.452	11.754
3841	59	-0.459	11.273
3851	59	-0.466	10.793
3861	59	-0.495	10.306
3871	59	-0.530	9.819
3881	59	-0.564	9.331
3891	59	-0.599	8.843
3901	59	-0.639	8.350
3911	59	-0.695	7.842
3921	59	-0.750	7.334
3931	59	-0.805	6.826
3941	59	-0.925	6.310
3951	59	-1.046	5.795
3761	60	-2.679	5.519
3771	60	-2.708	5.983
3781	60	-2.737	6.447
3791	60	-2.751	6.905
3801	60	-2.751	7.358
3811	60	-2.751	7.811
3821	60	-2.755	8.266
3831	60	-2.771	8.726
3841	60	-2.788	9.187
3851	60	-2.799	9.649
3861	60	-2.754	10.129
3871	60	-2.709	10.609
3881	60	-2.662	11.087
3891	60	-2.605	11.557
3901	60	-2.549	12.026
3911	60	-2.492	12.496
3921	60	-2.429	12.996
3931	60	-2.366	13.497
3941	60	-2.302	13.997
3951	60	-2.254	14.508
3961	60	-2.240	15.045
3971	60	-2.227	15.581
3981	60	-2.213	16.118
3991	60	-2.193	16.641
4001	60	-2.167	17.151
4011	60	-2.141	17.661
4021	60	-2.115	18.172
4031	60	-2.090	18.682
4041	60	-2.064	19.192
4051	60	-2.038	19.702
4061	60	-2.012	20.212
3771	61	-3.270	5.740
3781	61	-3.305	6.225
3791	61	-3.341	6.709
3801	61	-3.376	7.160
3811	61	-3.410	7.603
3821	61	-3.444	8.047
3831	61	-3.478	8.490
3841	61	-3.485	8.961
3851	61	-3.491	9.432
3861	61	-3.498	9.903
3871	61	-3.504	10.373
3881	61	-3.433	10.839
3891	61	-3.362	11.306
3901	61	-3.290	11.772
3911	61	-3.219	12.238
3921	61	-3.148	12.704
3931	61	-3.122	13.221
3941	61	-3.100	13.743
3951	61	-3.079	14.266
3961	61	-3.058	14.788
3971	61	-3.037	15.311
3981	61	-3.025	15.848
3991	61	-3.013	16.385
4001	61	-3.002	16.923
4011	61	-2.990	17.460
4021	61	-2.968	17.991
4031	61	-2.939	18.517
4041	61	-2.910	19.044
4051	61	-2.881	19.571
4061	61	-2.852	20.098
3771	62	-3.926	5.757
3781	62	-3.898	6.215
3791	62	-3.870	6.673
3801	62	-3.948	7.145
3811	62	-4.038	7.620
3821	62	-4.127	8.094
3831	62	-4.127	8.566
3841	62	-4.127	9.038
3851	62	-4.112	9.522
3861	62	-4.037	10.056
3871	62	-3.962	10.589
3881	62	-3.887	11.122
3891	62	-3.813	11.622
3901	62	-3.741	12.070
3911	62	-3.669	12.519
3921	62	-3.596	12.967
3931	62	-3.582	13.466
3941	62	-3.582	13.978
3951	62	-3.582	14.489
3961	62	-3.582	15.001
3971	62	-3.579	15.512
3981	62	-3.550	16.019
3991	62	-3.521	16.525
4001	62	-3.493	17.032
4011	62	-3.478	17.547
4021	62	-3.478	18.070
4031	62	-3.478	18.592
4041	62	-3.478	19.115
4051	62	-3.478	19.638
4061	62	-3.478	20.160
3811	63	-4.149	20.335
3821	63	-4.205	19.865
3831	63	-4.205	19.396
3841	63	-4.291	18.977
3851	63	-4.465	18.609
3861	63	-4.663	18.263
3871	63	-4.900	17.952
3881	63	-5.134	17.646
3891	63	-5.342	17.395
3901	63	-5.550	17.143
3911	63	-5.821	16.972
3921	63	-6.136	16.854
3931	63	-6.451	16.735
3941	63	-6.733	16.615
3951	63	-6.939	16.492
3961	63	-7.145	16.369
3971	63	-7.351	16.245
3861	64	-3.484	20.535
3871	64	-3.805	20.088
3881	64	-4.055	19.657
3891	64	-4.199	19.250
3901	64	-4.343	18.842
3911	64	-4.580	18.523
3921	64	-4.855	18.240
3931	64	-5.131	17.958
3941	64	-5.440	17.674
3951	64	-5.780	17.389
3961	64	-6.121	17.104
3971	64	-6.437	16.841
3981	64	-6.697	16.630
3991	64	-6.956	16.420
4001	64	-7.216	16.209
4021	65	5.951	18.570
4031	65	5.590	18.644
4041	65	5.229	18.719
4051	65	4.868	18.793
4061	65	4.562	18.814
4071	65	4.292	18.798
4081	65	4.022	18.782
4091	65	3.752	18.766
4101	65	3.481	18.750
4111	65	3.205	18.740
4121	65	2.927	18.731
4131	65	2.648	18.722
4141	65	2.369	18.714
4151	65	2.091	18.705
4161	65	1.812	18.697
4171	65	1.533	18.688
4181	65	1.222	18.616
4191	65	0.908	18.537
4201	65	0.593	18.458
4211	65	0.311	18.319
4221	65	0.052	18.138
4231	65	-0.173	17.920
4241	65	-0.318	17.614
4251	65	-0.463	17.309
4261	65	-0.608	17.003
4271	65	-0.610	16.631
4281	65	-0.596	16.251
4291	65	-0.582	15.871
4301	65	-0.554	15.494
4311	65	-0.470	15.128
4321	65	-0.386	14.763
4331	65	-0.302	14.398
4341	65	-0.213	14.024
4351	65	-0.119	13.642
4361	65	-0.026	13.261
4371	65	0.067	12.879
4381	65	0.161	12.497
4391	65	0.235	12.105
4401	65	0.290	11.703
4411	65	0.344	11.300
4421	65	0.399	10.898
4431	65	0.446	10.513
4441	65	0.489	10.136
4451	65	0.532	9.758
4461	65	0.575	9.381
4471	65	0.619	9.004
4481	65	0.591	8.610
4491	65	0.556	8.215
4501	65	0.520	7.819
4511	65	0.485	7.424
4521	65	0.515	7.062
4531	65	0.609	6.732
4541	65	0.704	6.403
4551	65	0.799	6.074
4561	65	0.894	5.745
4021	66	6.013	19.278
4031	66	5.777	19.283
4041	66	5.542	19.288
4051	66	5.307	19.294
4061	66	5.032	19.314
4071	66	4.699	19.356
4081	66	4.366	19.399
4091	66	4.033	19.441
4101	66	3.700	19.484
4111	66	3.397	19.490
4121	66	3.102	19.488
4131	66	2.806	19.485
4141	66	2.510	19.483
4151	66	2.206	19.473
4161	66	1.895	19.456
4171	66	1.583	19.438
4181	66	1.272	19.421
4191	66	0.960	19.403
4201	66	0.638	19.322
4211	66	0.304	19.176
4221	66	-0.030	19.030
4231	66	-0.339	18.750
4241	66	-0.639	18.413
4251	66	-0.919	18.064
4261	66	-1.028	17.619
4271	66	-1.137	17.175
4281	66	-1.246	16.730
4291	66	-1.229	16.278
4301	66	-1.212	15.827
4311	66	-1.195	15.376
4321	66	-1.178	14.924
4331	66	-1.132	14.479
4341	66	-1.041	14.045
4351	66	-0.951	13.610
4361	66	-0.860	13.176
4371	66	-0.770	12.746
4381	66	-0.688	12.353
4391	66	-0.606	11.960
4401	66	-0.524	11.567
4411	66	-0.441	11.174
4421	66	-0.402	10.776
4431	66	-0.362	10.377
4441	66	-0.323	9.978
4451	66	-0.283	9.580
4461	66	-0.261	9.193
4471	66	-0.266	8.825
4481	66	-0.270	8.456
4491	66	-0.274	8.088
4501	66	-0.279	7.719
4511	66	-0.283	7.351
4521	66	-0.259	6.998
4531	66	-0.193	6.670
4541	66	-0.127	6.341
4551	66	-0.061	6.013
4561	66	0.006	5.684
4321	67	0.297	20.399
4331	67	0.203	19.942
4341	67	0.109	19.485
4351	67	-0.027	19.031
4361	67	-0.224	18.581
4371	67	-0.422	18.130
4381	67	-0.532	17.637
4391	67	-0.633	17.140
4401	67	-0.734	16.642
4411	67	-0.788	16.150
4421	67	-0.731	15.672
4431	67	-0.674	15.193
4441	67	-0.610	14.715
4451	67	-0.475	14.235
4461	67	-0.341	13.755
4471	67	-0.231	13.276
4481	67	-0.215	12.801
4491	67	-0.200	12.326
4501	67	-0.185	11.851
4511	67	-0.169	11.376
4521	67	-0.151	10.902
4531	67	-0.107	10.439
4541	67	-0.063	9.975
4551	67	-0.018	9.512
4561	67	0.026	9.049
4571	67	0.022	8.623
4581	67	0.017	8.197
4591	67	0.013	7.770
4601	67	0.009	7.344
4611	67	0.005	6.917
4621	67	0.000	6.491
4631	67	0.068	6.061
4641	67	0.144	5.631
4361	68	-2.778	5.655
4371	68	-2.722	6.109
4381	68	-2.711	6.565
4391	68	-2.729	7.020
4401	68	-2.748	7.476
4411	68	-2.773	7.925
4421	68	-2.800	8.372
4431	68	-2.827	8.819
4441	68	-2.849	9.253
4451	68	-2.872	9.685
4461	68	-2.894	10.118
4471	68	-2.917	10.581
4481	68	-2.940	11.092
4491	68	-2.964	11.604
4501	68	-2.979	12.105
4511	68	-2.924	12.521
4521	68	-2.869	12.937
4531	68	-2.814	13.353
4541	68	-2.821	13.762
4551	68	-2.843	14.170
4561	68	-2.866	14.577
4571	68	-2.867	14.963
4581	68	-2.822	15.296
4591	68	-2.776	15.629
4601	68	-2.730	15.962
4611	68	-2.590	16.279
4621	68	-2.440	16.593
4631	68	-2.277	16.841
4641	68	-2.114	17.089
4651	68	-1.950	17.338
4661	68	-1.779	17.604
4671	68	-1.600	17.888
4681	68	-1.421	18.172
4691	68	-1.217	18.497
4701	68	-0.996	18.851
4711	68	-0.774	19.204
4721	68	-0.569	19.556
4731	68	-0.427	19.904
4741	68	-0.286	20.251
4751	68	-0.144	20.598
4361	69	-4.084	5.720
4371	69	-4.049	6.516
4381	69	-4.015	7.312
4391	69	-3.972	8.077
4401	69	-3.922	8.813
4411	69	-3.873	9.548
4421	69	-3.868	10.298
4431	69	-3.868	11.049
4441	69	-3.868	11.801
4451	69	-3.849	12.598
4461	69	-3.823	13.415
4471	69	-3.797	14.232
4481	69	-3.778	15.075
4491	69	-3.760	15.927
4501	69	-3.743	16.780
4511	69	-3.720	17.622
4521	69	-3.696	18.459
4531	69	-3.671	19.295
4541	69	-3.646	20.132
4461	70	-2.162	10.421
4471	70	-2.177	10.879
4481	70	-2.193	11.337
4491	70	-2.206	11.792
4501	70	-2.199	12.214
4511	70	-2.192	12.636
4521	70	-2.185	13.058
4531	70	-2.167	13.466
4541	70	-2.135	13.853
4551	70	-2.102	14.240
4561	70	-2.061	14.608
4571	70	-1.981	14.901
4581	70	-1.902	15.193
4591	70	-1.823	15.485
4601	70	-1.739	15.758
4611	70	-1.653	16.019
4621	70	-1.566	16.279
4631	70	-1.471	16.545
4641	70	-1.376	16.811
4651	70	-1.214	17.099
4661	70	-1.053	17.387
4671	70	-0.892	17.675
4681	70	-0.723	17.935
4691	70	-0.539	18.131
4701	70	-0.355	18.327
4711	70	-0.170	18.523
4721	70	-0.036	18.760
4731	70	0.048	19.039
4741	70	0.133	19.317
4751	70	0.217	19.596
4761	70	0.372	19.910
4771	70	0.545	20.232
4781	70	0.718	20.555
4531	71	-1.050	5.366
4541	71	-1.429	5.801
4551	71	-1.807	6.237
4561	71	-2.163	6.666
4571	71	-2.509	7.093
4581	71	-2.855	7.519
4591	71	-3.159	7.884
4601	71	-3.463	8.249
4611	71	-3.767	8.614
4671	72	-2.641	5.663
4681	72	-2.576	6.268
4691	72	-2.511	6.872
4701	72	-2.446	7.477
4711	72	-2.543	8.032
4721	72	-2.657	8.581
4731	72	-2.772	9.131
4741	72	-2.811	9.685
4751	72	-2.774	10.243
4761	72	-2.737	10.802
4771	72	-2.699	11.361
4781	72	-2.663	11.923
4791	72	-2.629	12.495
4801	72	-2.594	13.067
4811	72	-2.595	13.635
4821	72	-2.679	14.192
4831	72	-2.763	14.749
4841	72	-2.847	15.306
4851	72	-2.781	15.869
4861	72	-2.699	16.433
4871	72	-2.617	16.996
4881	72	-2.534	17.560
4891	72	-2.449	18.131
4901	72	-2.362	18.704
4911	72	-2.276	19.277
4921	72	-2.189	19.850
4931	72	-2.102	20.422
4751	73	-2.053	20.301
4761	73	-2.109	19.668
4771	73	-2.173	19.049
4781	73	-2.269	18.489
4791	73	-2.364	17.929
4801	73	-2.413	17.364
4811	73	-2.276	16.780
4821	73	-2.139	16.196
4831	73	-2.002	15.612
4841	73	-1.990	15.032
4851	73	-2.061	14.455
4861	73	-2.132	13.878
4871	73	-2.204	13.301
4881	73	-2.314	12.742
4891	73	-2.451	12.194
4901	73	-2.588	11.647
4911	73	-2.725	11.100
4921	73	-2.780	10.527
4931	73	-2.835	9.955
4941	73	-2.889	9.382
4951	73	-2.949	8.814
4961	73	-3.026	8.265
4971	73	-3.104	7.715
4981	73	-3.181	7.165
4991	73	-3.259	6.616
5001	73	-3.336	6.066
5011	73	-3.413	5.516
4751	74	-1.480	20.663
4761	74	-1.447	20.102
4771	74	-1.415	19.542
4781	74	-1.382	18.981
4791	74	-1.348	18.387
4801	74	-1.314	17.784
4811	74	-1.280	17.181
4821	74	-1.246	16.578
4831	74	-1.239	15.999
4841	74	-1.233	15.420
4851	74	-1.226	14.840
4861	74	-1.220	14.261
4871	74	-1.231	13.693
4881	74	-1.243	13.124
4891	74	-1.255	12.555
4901	74	-1.266	11.987
4911	74	-1.297	11.400
4921	74	-1.346	10.794
4931	74	-1.395	10.189
4941	74	-1.445	9.583
4951	74	-1.506	9.002
4961	74	-1.595	8.478
4971	74	-1.684	7.955
4981	74	-1.773	7.431
4991	74	-1.819	6.903
5001	74	-1.854	6.375
5011	74	-1.889	5.846
4831	75	-2.274	20.122
4841	75	-2.170	19.390
4851	75	-2.062	18.664
4861	75	-1.915	17.991
4871	75	-1.768	17.319
4881	75	-1.623	16.650
4891	75	-1.501	16.011
4901	75	-1.380	15.373
4911	75	-1.258	14.735
4921	75	-1.132	14.125
4931	75	-1.006	13.517
4941	75	-0.880	12.910
4951	75	-0.763	12.300
4961	75	-0.660	11.687
4971	75	-0.557	11.074
4981	75	-0.454	10.462
4991	75	-0.351	9.849
5001	75	-0.248	9.236
5011	75	-0.145	8.623
5021	75	-0.029	8.016
5031	75	0.201	7.469
5041	75	0.431	6.922
5051	75	0.661	6.374
5061	75	0.954	5.990
5071	75	1.289	5.716
5011	76	-2.874	20.178
5021	76	-2.867	19.777
5031	76	-2.859	19.375
5041	76	-2.867	19.113
5051	76	-2.892	18.991
5061	76	-2.916	18.868
5071	76	-2.933	18.736
5081	76	-2.933	18.585
5091	76	-2.933	18.433
5101	76	-2.933	18.281
5111	76	-2.931	18.111
5121	76	-2.926	17.899
5131	76	-2.921	17.687
5141	76	-2.916	17.475
5151	76	-2.910	17.263
5161	76	-2.884	17.005
5171	76	-2.825	16.677
5181	76	-2.767	16.349
5191	76	-2.709	16.021
5201	76	-2.651	15.698
5211	76	-2.596	15.383
5221	76	-2.541	15.067
5231	76	-2.486	14.751
5241	76	-2.431	14.435
5251	76	-2.351	14.171
5261	76	-2.260	13.928
5271	76	-2.169	13.684
5281	76	-2.079	13.441
5291	76	-2.002	13.216
5301	76	-1.946	13.015
5311	76	-1.889	12.815
5321	76	-1.833	12.615
5331	76	-1.776	12.415
5341	76	-1.690	12.183
5351	76	-1.596	11.942
5361	76	-1.502	11.702
5371	76	-1.408	11.462
5381	76	-1.315	11.218
5391	76	-1.227	10.943
5401	76	-1.139	10.667
5411	76	-1.051	10.392
5421	76	-0.963	10.116
5431	76	-0.875	9.841
5441	76	-0.808	9.589
5451	76	-0.825	9.429
5461	76	-0.843	9.270
5471	76	-0.860	9.110
5481	76	-0.877	8.950
5491	76	-0.895	8.791
5501	76	-0.912	8.631
5511	76	-0.929	8.472
5521	76	-0.958	8.242
5531	76	-0.991	7.982
5541	76	-1.025	7.722
5551	76	-1.058	7.462
5561	76	-1.092	7.202
5571	76	-1.125	6.942
5581	76	-1.172	6.667
5591	76	-1.233	6.377
5601	76	-1.293	6.088
5611	76	-1.353	5.798
5031	77	1.028	20.633
5041	77	0.678	20.279
5051	77	0.343	19.938
5061	77	0.137	19.713
5071	77	-0.069	19.487
5081	77	-0.269	19.270
5091	77	-0.447	19.083
5101	77	-0.625	18.896
5111	77	-0.803	18.709
5121	77	-0.876	18.480
5131	77	-0.904	18.233
5141	77	-0.932	17.985
5151	77	-0.960	17.738
5161	77	-0.989	17.445
5171	77	-1.017	17.152
5181	77	-1.045	16.859
5191	77	-1.073	16.566
5201	77	-1.067	16.290
5211	77	-1.009	16.040
5221	77	-0.950	15.791
5231	77	-0.892	15.541
5241	77	-0.834	15.292
5251	77	-0.784	15.057
5261	77	-0.742	14.838
5271	77	-0.701	14.619
5281	77	-0.659	14.400
5291	77	-0.618	14.180
5301	77	-0.509	13.966
5311	77	-0.332	13.757
5321	77	-0.155	13.548
5331	77	0.022	13.339
5341	77	0.189	13.129
5351	77	0.265	12.910
5361	77	0.341	12.691
5371	77	0.417	12.472
5381	77	0.493	12.254
5391	77	0.530	11.977
5401	77	0.567	11.700
5411	77	0.604	11.423
5421	77	0.642	11.187
5431	77	0.680	10.993
5441	77	0.718	10.799
5451	77	0.756	10.606
5461	77	0.805	10.386
5471	77	0.870	10.129
5481	77	0.934	9.872
5491	77	0.999	9.615
5501	77	1.056	9.331
5511	77	1.099	9.008
5521	77	1.142	8.685
5531	77	1.185	8.362
5541	77	1.220	8.041
5551	77	1.220	7.733
5561	77	1.220	7.425
5571	77	1.220	7.117
5581	77	1.220	6.809
5591	77	1.195	6.536
5601	77	1.160	6.279
5611	77	1.124	6.021
5621	77	1.089	5.764
5051	78	0.526	20.600
5061	78	0.149	20.338
5071	78	-0.212	20.082
5081	78	-0.547	19.838
5091	78	-0.882	19.593
5101	78	-1.172	19.331
5111	78	-1.357	19.029
5121	78	-1.543	18.727
5131	78	-1.650	18.416
5141	78	-1.679	18.096
5151	78	-1.707	17.776
5161	78	-1.736	17.456
5171	78	-1.733	17.110
5181	78	-1.725	16.761
5191	78	-1.718	16.413
5201	78	-1.716	16.095
5211	78	-1.724	15.851
5221	78	-1.732	15.607
5231	78	-1.734	15.363
5241	78	-1.681	15.122
5251	78	-1.628	14.881
5261	78	-1.575	14.641
5271	78	-1.522	14.400
5281	78	-1.459	14.161
5291	78	-1.354	13.932
5301	78	-1.249	13.703
5311	78	-1.144	13.474
5321	78	-1.039	13.246
5331	78	-0.934	13.017
5341	78	-0.848	12.771
5351	78	-0.761	12.525
5361	78	-0.675	12.279
5371	78	-0.581	12.041
5381	78	-0.483	11.807
5391	78	-0.386	11.573
5401	78	-0.289	11.339
5411	78	-0.208	11.129
5421	78	-0.135	10.930
5431	78	-0.062	10.730
5441	78	0.012	10.531
5451	78	0.080	10.328
5461	78	0.097	10.092
5471	78	0.115	9.857
5481	78	0.133	9.621
5491	78	0.150	9.385
5501	78	0.175	9.120
5511	78	0.202	8.842
5521	78	0.230	8.564
5531	78	0.257	8.285
5541	78	0.273	7.966
5551	78	0.287	7.641
5561	78	0.301	7.317
5571	78	0.325	7.011
5581	78	0.369	6.749
5591	78	0.413	6.486
5601	78	0.458	6.224
5611	78	0.481	5.952
5621	78	0.419	5.640
5071	79	-2.754	5.810
5081	79	-2.671	6.316
5091	79	-2.598	6.816
5101	79	-2.624	7.260
5111	79	-2.650	7.703
5121	79	-2.676	8.146
5131	79	-2.707	8.592
5141	79	-2.786	9.067
5151	79	-2.864	9.542
5161	79	-2.943	10.018
5171	79	-3.021	10.493
5181	79	-3.097	10.964
5191	79	-3.172	11.434
5201	79	-3.247	11.904
5211	79	-3.322	12.374
5221	79	-3.329	12.861
5231	79	-3.335	13.349
5241	79	-3.342	13.836
5251	79	-3.348	14.323
5261	79	-3.328	14.790
5271	79	-3.308	15.258
5281	79	-3.288	15.725
5291	79	-3.256	16.195
5301	79	-3.106	16.683
5311	79	-2.956	17.170
5321	79	-2.806	17.658
5331	79	-2.656	18.146
5341	79	-2.497	18.561
5351	79	-2.331	18.927
5361	79	-2.166	19.294
5371	79	-2.001	19.660
5381	79	-1.861	20.025
5391	79	-1.822	20.384
5101	80	-2.826	5.653
5111	80	-2.733	6.191
5121	80	-2.640	6.729
5131	80	-2.584	7.237
5141	80	-2.537	7.738
5151	80	-2.489	8.239
5161	80	-2.460	8.734
5171	80	-2.447	9.225
5181	80	-2.435	9.716
5191	80	-2.423	10.206
5201	80	-2.470	10.686
5211	80	-2.658	11.142
5221	80	-2.845	11.597
5231	80	-3.033	12.052
5241	80	-3.182	12.390
5251	80	-3.315	12.677
5261	80	-3.449	12.964
5271	80	-3.582	13.252
5281	80	-3.666	13.570
5291	80	-3.750	13.889
5301	80	-3.835	14.207
5311	80	-3.907	14.573
5321	80	-3.952	15.049
5331	80	-3.996	15.525
5341	80	-4.036	16.024
5351	80	-4.068	16.556
5361	80	-4.099	17.089
5371	80	-4.131	17.621
5381	80	-4.162	18.160
5391	80	-4.191	18.715
5401	80	-4.221	19.270
5411	80	-4.250	19.826
5421	80	-4.280	20.381
5101	81	0.422	20.528
5111	81	0.357	20.186
5121	81	0.292	19.845
5131	81	0.222	19.559
5141	81	0.148	19.326
5151	81	0.074	19.094
5161	81	-0.000	18.862
5171	81	-0.160	18.549
5181	81	-0.321	18.237
5191	81	-0.481	17.924
5201	81	-0.600	17.612
5211	81	-0.692	17.301
5221	81	-0.785	16.990
5231	81	-0.913	16.682
5241	81	-1.077	16.379
5251	81	-1.242	16.076
5261	81	-1.439	15.778
5271	81	-1.668	15.485
5281	81	-1.898	15.192
5291	81	-1.902	14.887
5301	81	-1.882	14.580
5311	81	-1.861	14.273
5321	81	-1.851	13.963
5331	81	-1.933	13.629
5341	81	-2.015	13.295
5351	81	-2.097	12.961
5361	81	-2.147	12.621
5371	81	-2.121	12.268
5381	81	-2.096	11.915
5391	81	-2.071	11.562
5401	81	-2.042	11.207
5411	81	-2.001	10.845
5421	81	-1.959	10.483
5431	81	-1.918	10.121
5441	81	-1.876	9.758
5451	81	-1.847	9.373
5461	81	-1.866	8.896
5471	81	-1.886	8.418
5481	81	-1.905	7.941
5491	81	-1.946	7.471
5501	81	-2.072	7.033
5511	81	-2.198	6.594
5521	81	-2.324	6.155
5531	81	-2.481	5.734
5541	81	-2.641	5.315
5101	82	-0.467	20.727
5111	82	-0.450	20.468
5121	82	-0.433	20.209
5131	82	-0.415	19.949
5141	82	-0.556	19.702
5151	82	-0.697	19.455
5161	82	-0.838	19.207
5171	82	-0.989	18.872
5181	82	-1.151	18.450
5191	82	-1.312	18.027
5201	82	-1.473	17.605
5211	82	-1.680	17.280
5221	82	-1.899	16.980
5231	82	-2.118	16.680
5241	82	-2.336	16.380
5251	82	-2.447	16.105
5261	82	-2.559	15.829
5271	82	-2.663	15.543
5281	82	-2.741	15.215
5291	82	-2.819	14.887
5301	82	-2.878	14.551
5311	82	-2.864	14.185
5321	82	-2.849	13.818
5331	82	-2.835	13.452
5341	82	-2.844	13.076
5351	82	-2.870	12.695
5361	82	-2.895	12.313
5371	82	-2.920	11.931
5381	82	-2.892	11.583
5391	82	-2.810	11.267
5401	82	-2.728	10.951
5411	82	-2.646	10.635
5421	82	-2.610	10.238
5431	82	-2.594	9.805
5441	82	-2.578	9.373
5451	82	-2.612	8.929
5461	82	-2.696	8.475
5471	82	-2.780	8.020
5481	82	-2.864	7.566
5491	82	-2.946	7.132
5501	82	-3.028	6.704
5511	82	-3.109	6.276
5521	82	-3.191	5.848
5531	82	-3.272	5.420
5131	83	0.208	5.396
5141	83	-0.095	5.737
5151	83	-0.398	6.078
5161	83	-0.701	6.419
5171	83	-0.815	6.822
5181	83	-0.930	7.225
5191	83	-1.044	7.628
5201	83	-1.193	8.073
5211	83	-1.364	8.547
5221	83	-1.535	9.020
5231	83	-1.706	9.494
5241	83	-1.882	9.935
5251	83	-2.065	10.343
5261	83	-2.247	10.751
5271	83	-2.429	11.159
5281	83	-2.620	11.586
5291	83	-2.813	12.017
5301	83	-3.006	12.448
5311	83	-3.182	12.880
5321	83	-3.319	13.314
5331	83	-3.456	13.747
5341	83	-3.593	14.181
5351	83	-3.634	14.662
5361	83	-3.634	15.163
5371	83	-3.634	15.665
5381	83	-3.626	16.153
5391	83	-3.584	16.588
5401	83	-3.542	17.023
5411	83	-3.505	17.458
5421	83	-3.515	17.891
5431	83	-3.525	18.323
5441	83	-3.488	18.770
5451	83	-3.405	19.230
5461	83	-3.322	19.690
5471	83	-3.254	20.151
5481	83	-3.193	20.612
5151	84	-0.805	5.396
5161	84	-1.035	5.860
5171	84	-1.266	6.324
5181	84	-1.444	6.777
5191	84	-1.497	7.208
5201	84	-1.551	7.640
5211	84	-1.674	8.079
5221	84	-1.900	8.531
5231	84	-2.126	8.982
5241	84	-2.344	9.428
5251	84	-2.545	9.860
5261	84	-2.746	10.292
5271	84	-2.949	10.720
5281	84	-3.160	11.138
5291	84	-3.371	11.556
5301	84	-3.582	11.973
5311	84	-3.705	12.432
5321	84	-3.827	12.890
5331	84	-3.950	13.348
5341	84	-4.058	13.852
5351	84	-4.144	14.427
5361	84	-4.231	15.001
5371	84	-4.304	15.574
5381	84	-4.252	16.139
5391	84	-4.200	16.705
5401	84	-4.157	17.251
5411	84	-4.201	17.625
5421	84	-4.244	17.998
5431	84	-4.293	18.371
5441	84	-4.395	18.734
5451	84	-4.496	19.097
5461	84	-4.455	19.564
5471	84	-4.378	20.057
5121	85	-3.950	5.420
5131	85	-3.959	5.775
5141	85	-3.969	6.131
5151	85	-3.966	6.266
5161	85	-3.958	6.306
5171	85	-3.950	6.346
5181	85	-3.942	6.387
5191	85	-3.934	6.427
5201	85	-3.926	6.467
5211	85	-3.915	6.510
5221	85	-3.895	6.561
5231	85	-3.876	6.612
5241	85	-3.856	6.662
5251	85	-3.836	6.713
5261	85	-3.816	6.764
5271	85	-3.796	6.815
5281	85	-3.765	7.098
5291	85	-3.730	7.480
5301	85	-3.695	7.862
5311	85	-3.660	8.244
5321	85	-3.723	8.815
5331	85	-3.786	9.386
5341	85	-3.849	9.957
5351	85	-3.879	10.512
5361	85	-3.831	11.027
5371	85	-3.784	11.542
5381	85	-3.736	12.057
5391	85	-3.715	12.583
5401	85	-3.723	13.119
5411	85	-3.730	13.655
5421	85	-3.738	14.191
5431	85	-3.745	14.727
5441	85	-3.753	15.263
5451	85	-3.760	15.799
5461	85	-3.767	16.336
5471	85	-3.775	16.872
5481	85	-3.782	17.408
5491	85	-3.790	17.944
5501	85	-3.774	18.467
5511	85	-3.759	18.990
5521	85	-3.744	19.513
5531	85	-3.729	20.036
5541	85	-3.713	20.560
5291	86	-3.183	5.527
5301	86	-3.165	6.077
5311	86	-3.146	6.627
5321	86	-3.180	7.116
5331	86	-3.235	7.578
5341	86	-3.291	8.040
5351	86	-3.339	8.521
5361	86	-3.386	9.005
5371	86	-3.433	9.489
5381	86	-3.519	9.916
5391	86	-3.630	10.306
5401	86	-3.741	10.696
5411	86	-3.709	11.118
5421	86	-3.641	11.549
5431	86	-3.572	11.979
5441	86	-3.504	12.410
5451	86	-3.549	12.829
5461	86	-3.593	13.248
5471	86	-3.638	13.667
5481	86	-3.674	14.122
5491	86	-3.702	14.612
5501	86	-3.730	15.103
5511	86	-3.758	15.594
5521	86	-3.753	16.095
5531	86	-3.740	16.600
5541	86	-3.727	17.104
5551	86	-3.714	17.608
5561	86	-3.700	18.114
5571	86	-3.686	18.620
5581	86	-3.671	19.126
5591	86	-3.657	19.632
5601	86	-3.643	20.138
5321	87	-3.033	5.561
5331	87	-3.024	6.078
5341	87	-3.016	6.596
5351	87	-3.021	7.109
5361	87	-3.045	7.616
5371	87	-3.069	8.122
5381	87	-3.112	8.614
5391	87	-3.225	9.042
5401	87	-3.339	9.471
5411	87	-3.452	9.899
5421	87	-3.461	10.362
5431	87	-3.470	10.825
5441	87	-3.471	11.281
5451	87	-3.394	11.679
5461	87	-3.318	12.078
5471	87	-3.242	12.476
5481	87	-3.272	12.878
5491	87	-3.348	13.281
5501	87	-3.424	13.685
5511	87	-3.500	14.089
5521	87	-3.511	14.563
5531	87	-3.478	15.084
5541	87	-3.446	15.606
5551	87	-3.413	16.127
5561	87	-3.346	16.654
5571	87	-3.254	17.185
5581	87	-3.163	17.716
5591	87	-3.072	18.246
5601	87	-2.935	18.769
5611	87	-2.793	19.291
5621	87	-2.651	19.813
5631	87	-2.509	20.335
5321	88	-2.397	5.666
5331	88	-2.364	6.254
5341	88	-2.330	6.843
5351	88	-2.327	7.385
5361	88	-2.371	7.859
5371	88	-2.414	8.332
5381	88	-2.457	8.806
5391	88	-2.602	9.228
5401	88	-2.771	9.638
5411	88	-2.901	10.052
5421	88	-2.868	10.487
5431	88	-2.816	10.933
5441	88	-2.751	11.387
5451	88	-2.694	11.829
5461	88	-2.669	12.222
5471	88	-2.644	12.614
5481	88	-2.628	13.003
5491	88	-2.696	13.358
5501	88	-2.764	13.713
5511	88	-2.843	14.146
5521	88	-2.925	14.598
5531	88	-2.835	15.063
5541	88	-2.726	15.529
5551	88	-2.617	15.995
5561	88	-2.526	16.507
5571	88	-2.440	17.030
5581	88	-2.353	17.554
5591	88	-2.222	18.066
5601	88	-2.080	18.575
5611	88	-1.938	19.084
5621	88	-1.844	19.621
5631	88	-1.771	20.170
5321	89	0.309	20.607
5331	89	0.169	20.050
5341	89	0.028	19.493
5351	89	-0.151	18.895
5361	89	-0.340	18.286
5371	89	-0.485	17.686
5381	89	-0.601	17.091
5391	89	-0.718	16.496
5401	89	-0.653	15.906
5411	89	-0.511	15.318
5421	89	-0.368	14.730
5431	89	-0.228	14.160
5441	89	-0.090	13.603
5451	89	0.048	13.045
5461	89	0.214	12.529
5471	89	0.398	12.040
5481	89	0.582	11.550
5491	89	0.766	11.052
5501	89	0.950	10.554
5511	89	1.002	10.115
5521	89	1.022	9.691
5531	89	1.037	9.283
5541	89	1.029	8.937
5551	89	1.020	8.592
5561	89	1.012	8.246
5571	89	1.049	7.969
5581	89	1.086	7.692
5591	89	1.121	7.415
5601	89	1.144	7.141
5611	89	1.168	6.866
5621	89	1.192	6.591
5631	89	1.463	6.333
5641	89	1.762	6.076
5651	89	2.061	5.820
5661	89	2.625	5.625
5341	90	6.359	17.939
5351	90	6.100	17.917
5361	90	5.840	17.896
5371	90	5.581	17.874
5381	90	5.321	17.853
5391	90	5.165	17.843
5401	90	5.020	17.834
5411	90	4.875	17.825
5421	90	4.730	17.816
5431	90	4.585	17.807
5441	90	4.440	17.798
5451	90	4.295	17.789
5461	90	4.112	17.783
5471	90	3.780	17.789
5481	90	3.447	17.796
5491	90	3.115	17.802
5501	90	2.771	17.816
5511	90	2.426	17.829
5521	90	2.082	17.843
5531	90	1.738	17.857
5541	90	1.391	17.863
5551	90	1.038	17.859
5561	90	0.686	17.854
5571	90	0.334	17.850
5581	90	0.012	17.813
5591	90	-0.185	17.649
5601	90	-0.382	17.485
5611	90	-0.504	17.129
5621	90	-0.595	16.692
5631	90	-0.601	16.279
5641	90	-0.481	15.900
5651	90	-0.361	15.522
5661	90	-0.175	15.152
5671	90	0.028	14.784
5681	90	0.206	14.427
5691	90	0.358	14.083
5701	90	0.510	13.738
5711	90	0.562	13.370
5721	90	0.547	12.987
5731	90	0.531	12.604
5741	90	0.515	12.221
5751	90	0.493	11.835
5761	90	0.472	11.449
5771	90	0.450	11.063
5781	90	0.445	10.694
5791	90	0.451	10.336
5801	90	0.457	9.979
5811	90	0.463	9.621
5821	90	0.464	9.274
5831	90	0.455	8.951
5841	90	0.446	8.627
5851	90	0.436	8.304
5861	90	0.427	7.981
5871	90	0.417	7.657
5881	90	0.491	7.387
5891	90	0.585	7.130
5901	90	0.680	6.873
5911	90	0.774	6.616
5921	90	0.921	6.412
5931	90	1.148	6.288
5941	90	1.374	6.163
5951	90	1.601	6.039
5961	90	1.827	5.915
5971	90	2.054	5.790
5381	91	-2.445	20.185
5391	91	-2.379	19.749
5401	91	-2.312	19.313
5411	91	-2.246	18.877
5421	91	-2.150	18.387
5431	91	-2.048	17.884
5441	91	-1.945	17.381
5451	91	-1.843	16.878
5461	91	-1.783	16.452
5471	91	-1.722	16.026
5481	91	-1.662	15.601
5491	91	-1.601	15.175
5501	91	-1.564	14.774
5511	91	-1.536	14.383
5521	91	-1.509	13.993
5531	91	-1.481	13.602
5541	91	-1.454	13.211
5551	91	-1.504	12.860
5561	91	-1.555	12.509
5571	91	-1.605	12.158
5581	91	-1.652	11.803
5591	91	-1.693	11.442
5601	91	-1.734	11.080
5611	91	-1.776	10.719
5621	91	-1.817	10.358
5631	91	-1.782	10.014
5641	91	-1.747	9.669
5651	91	-1.712	9.325
5661	91	-1.677	8.981
5671	91	-1.642	8.636
5681	91	-1.688	8.287
5691	91	-1.755	7.937
5701	91	-1.821	7.586
5711	91	-1.888	7.236
5721	91	-1.977	6.888
5731	91	-2.089	6.544
5741	91	-2.201	6.199
5751	91	-2.313	5.855
5761	91	-2.425	5.510
5381	92	-3.629	20.189
5391	92	-3.511	19.708
5401	92	-3.393	19.227
5411	92	-3.300	18.754
5421	92	-3.245	18.292
5431	92	-3.189	17.830
5441	92	-3.133	17.368
5451	92	-3.063	16.911
5461	92	-2.933	16.473
5471	92	-2.803	16.035
5481	92	-2.674	15.597
5491	92	-2.544	15.158
5501	92	-2.499	14.802
5511	92	-2.454	14.446
5521	92	-2.409	14.089
5531	92	-2.364	13.733
5541	92	-2.319	13.376
5551	92	-2.335	13.031
5561	92	-2.367	12.688
5571	92	-2.398	12.346
5581	92	-2.484	11.993
5591	92	-2.624	11.630
5601	92	-2.765	11.267
5611	92	-2.905	10.903
5621	92	-3.028	10.525
5631	92	-3.147	10.142
5641	92	-3.265	9.760
5651	92	-3.341	9.393
5661	92	-3.317	9.062
5671	92	-3.292	8.731
5681	92	-3.275	8.397
5691	92	-3.317	8.027
5701	92	-3.359	7.657
5711	92	-3.402	7.288
5721	92	-3.444	6.918
5731	92	-3.475	6.551
5741	92	-3.504	6.184
5751	92	-3.533	5.816
5761	92	-3.562	5.449
5381	93	-2.933	20.558
5391	93	-2.942	20.102
5401	93	-2.951	19.646
5411	93	-2.946	19.192
5421	93	-2.812	18.759
5431	93	-2.679	18.325
5441	93	-2.546	17.892
5451	93	-2.445	17.459
5461	93	-2.393	17.028
5471	93	-2.341	16.597
5481	93	-2.289	16.166
5491	93	-2.177	15.742
5501	93	-2.058	15.320
5511	93	-1.938	14.898
5521	93	-1.838	14.490
5531	93	-1.811	14.141
5541	93	-1.784	13.792
5551	93	-1.758	13.444
5561	93	-1.739	13.097
5571	93	-1.739	12.755
5581	93	-1.739	12.413
5591	93	-1.739	12.070
5601	93	-1.789	11.753
5611	93	-1.889	11.460
5621	93	-1.989	11.167
5631	93	-2.089	10.874
5641	93	-2.206	10.488
5651	93	-2.336	10.040
5661	93	-2.448	9.606
5671	93	-2.490	9.230
5681	93	-2.533	8.853
5691	93	-2.575	8.477
5701	93	-2.615	8.069
5711	93	-2.654	7.628
5721	93	-2.693	7.188
5731	93	-2.732	6.747
5741	93	-2.778	6.398
5751	93	-2.833	6.138
5761	93	-2.887	5.878
5771	93	-2.941	5.619
5781	93	-2.995	5.359
5411	94	-3.489	20.446
5421	94	-3.341	19.995
5431	94	-3.193	19.545
5441	94	-3.049	19.110
5451	94	-2.915	18.710
5461	94	-2.781	18.311
5471	94	-2.654	17.908
5481	94	-2.558	17.491
5491	94	-2.461	17.074
5501	94	-2.365	16.657
5511	94	-2.238	16.241
5521	94	-2.098	15.824
5531	94	-1.959	15.408
5541	94	-1.819	14.992
5551	94	-1.590	14.576
5561	94	-1.338	14.160
5571	94	-1.086	13.744
5581	94	-0.916	13.280
5591	94	-0.827	12.769
5601	94	-0.737	12.259
5611	94	-0.642	11.747
5621	94	-0.534	11.234
5631	94	-0.426	10.721
5641	94	-0.318	10.208
5651	94	-0.286	9.705
5661	94	-0.286	9.205
5671	94	-0.286	8.706
5681	94	-0.277	8.206
5691	94	-0.190	7.704
5701	94	-0.104	7.202
5711	94	-0.012	6.719
5721	94	0.132	6.400
5731	94	0.275	6.081
5741	94	0.419	5.762
5421	95	-2.591	20.327
5431	95	-2.477	19.885
5441	95	-2.364	19.443
5451	95	-2.256	19.012
5461	95	-2.162	18.607
5471	95	-2.069	18.202
5481	95	-1.975	17.797
5491	95	-1.870	17.387
5501	95	-1.761	16.975
5511	95	-1.652	16.564
5521	95	-1.542	16.152
5531	95	-1.345	15.796
5541	95	-1.137	15.446
5551	95	-0.929	15.095
5561	95	-0.716	14.683
5571	95	-0.493	14.179
5581	95	-0.271	13.675
5591	95	-0.048	13.170
5601	95	0.047	12.690
5611	95	0.128	12.213
5621	95	0.209	11.736
5631	95	0.266	11.256
5641	95	0.313	10.775
5651	95	0.359	10.293
5661	95	0.406	9.812
5671	95	0.425	9.369
5681	95	0.437	8.937
5691	95	0.449	8.504
5701	95	0.461	8.071
5711	95	0.504	7.686
5721	95	0.578	7.349
5731	95	0.653	7.011
5741	95	0.727	6.674
5751	95	0.920	6.477
5761	95	1.113	6.279
5771	95	1.306	6.082
5781	95	1.501	5.902
5791	95	1.711	5.882
5801	95	1.921	5.861
5811	95	2.132	5.841
5431	96	-4.252	5.381
5441	96	-4.227	5.928
5451	96	-4.202	6.474
5461	96	-4.179	7.019
5471	96	-4.179	7.555
5481	96	-4.179	8.092
5491	96	-4.179	8.628
5501	96	-4.179	9.165
5511	96	-4.105	9.678
5521	96	-4.022	10.189
5531	96	-3.939	10.699
5541	96	-3.857	11.210
5551	96	-3.805	11.745
5561	96	-3.782	12.303
5571	96	-3.760	12.862
5581	96	-3.738	13.421
5591	96	-3.716	13.979
5601	96	-3.712	14.511
5611	96	-3.712	15.036
5621	96	-3.712	15.561
5631	96	-3.712	16.086
5641	96	-3.712	16.611
5651	96	-3.712	17.136
5661	96	-3.701	17.663
5671	96	-3.688	18.190
5681	96	-3.676	18.716
5691	96	-3.664	19.243
5701	96	-3.651	19.770
5711	96	-3.639	20.296
5431	97	-3.219	5.424
5441	97	-3.247	5.929
5451	97	-3.276	6.433
5461	97	-3.305	6.937
5471	97	-3.328	7.435
5481	97	-3.343	7.921
5491	97	-3.357	8.408
5501	97	-3.371	8.895
5511	97	-3.335	9.392
5521	97	-3.286	9.892
5531	97	-3.237	10.392
5541	97	-3.188	10.901
5551	97	-3.137	11.497
5561	97	-3.087	12.093
5571	97	-3.037	12.690
5581	97	-3.013	13.190
5591	97	-2.990	13.689
5601	97	-2.966	14.189
5611	97	-2.959	14.722
5621	97	-2.959	15.269
5631	97	-2.959	15.816
5641	97	-2.959	16.362
5651	97	-2.979	16.908
5661	97	-3.018	17.452
5671	97	-3.057	17.997
5681	97	-3.096	18.541
5691	97	-3.135	19.086
5701	97	-3.174	19.630
5711	97	-3.213	20.174
5711	98	-4.361	20.455
5721	98	-4.251	19.967
5731	98	-4.140	19.479
5741	98	-4.030	18.991
5751	98	-4.001	18.512
5761	98	-4.007	18.036
5771	98	-4.013	17.560
5781	98	-4.018	17.084
5791	98	-4.026	16.608
5801	98	-4.058	16.127
5811	98	-4.089	15.647
5821	98	-4.121	15.166
5831	98	-4.099	14.722
5841	98	-4.064	14.286
5851	98	-4.029	13.851
5861	98	-3.993	13.415
5871	98	-3.958	12.980
5881	98	-3.923	12.544
5891	98	-3.976	12.058
5901	98	-4.038	11.566
5911	98	-4.101	11.074
5921	98	-4.163	10.582
5931	98	-4.226	10.089
5941	98	-4.236	9.583
5951	98	-4.195	9.063
5961	98	-4.154	8.543
5971	98	-4.112	8.023
5981	98	-4.078	7.505
5991	98	-4.107	7.013
6001	98	-4.136	6.521
6011	98	-4.165	6.029
6021	98	-4.193	5.536
5861	99	-0.808	5.694
5871	99	-0.815	6.115
5881	99	-0.822	6.536
5891	99	-0.830	6.956
5901	99	-0.865	7.366
5911	99	-0.902	7.774
5921	99	-0.940	8.182
5931	99	-0.978	8.590
5941	99	-1.016	8.998
5951	99	-1.051	9.421
5961	99	-1.083	9.866
5971	99	-1.115	10.311
5981	99	-1.146	10.756
5991	99	-1.178	11.202
6001	99	-1.199	11.667
6011	99	-1.210	12.153
6021	99	-1.220	12.639
6031	99	-1.231	13.125
6041	99	-1.242	13.611
6051	99	-1.226	14.101
6061	99	-1.194	14.594
6071	99	-1.162	15.088
6081	99	-1.129	15.581
6091	99	-1.097	16.074
6101	99	-1.058	16.450
6111	99	-1.018	16.796
6121	99	-0.978	17.142
6131	99	-0.938	17.488
6141	99	-0.758	17.910
6151	99	-0.561	18.340
6161	99	-0.365	18.769
6171	99	-0.151	19.201
6181	99	0.131	19.640
6191	99	0.412	20.079
6201	99	0.694	20.518
5861	100	-1.744	5.431
5871	100	-1.771	5.802
5881	100	-1.798	6.173
5891	100	-1.824	6.544
5901	100	-1.855	6.941
5911	100	-1.897	7.397
5921	100	-1.938	7.853
5931	100	-1.979	8.309
5941	100	-2.020	8.765
5951	100	-2.059	9.224
5961	100	-2.097	9.683
5971	100	-2.134	10.142
5981	100	-2.172	10.600
5991	100	-2.209	11.060
6001	100	-2.236	11.523
6011	100	-2.263	11.987
6021	100	-2.290	12.451
6031	100	-2.317	12.915
6041	100	-2.319	13.394
6051	100	-2.261	13.910
6061	100	-2.203	14.426
6071	100	-2.146	14.942
6081	100	-2.088	15.458
6091	100	-2.030	15.974
6101	100	-1.964	16.452
6111	100	-1.896	16.926
6121	100	-1.828	17.399
6131	100	-1.761	17.873
6141	100	-1.635	18.333
6151	100	-1.376	18.761
6161	100	-1.116	19.189
6171	100	-0.857	19.617
6181	100	-0.623	20.027
6191	100	-0.450	20.396
5921	101	-2.812	20.106
5931	101	-2.828	19.365
5941	101	-2.845	18.623
5951	101	-2.907	17.893
5961	101	-3.037	17.181
5971	101	-3.167	16.469
5981	101	-3.296	15.756
5991	101	-3.379	15.021
6001	101	-3.430	14.270
6011	101	-3.480	13.519
6021	101	-3.531	12.768
6031	101	-3.582	12.017
6041	101	-3.548	11.326
6051	101	-3.514	10.635
6061	101	-3.480	9.944
6071	101	-3.447	9.253
6081	101	-3.428	8.550
6091	101	-3.434	7.829
6101	101	-3.439	7.108
6111	101	-3.444	6.388
6121	101	-3.450	5.667
5981	102	-3.271	20.214
5991	102	-3.169	19.384
6001	102	-3.067	18.555
6011	102	-2.995	17.750
6021	102	-3.046	17.044
6031	102	-3.096	16.338
6041	102	-3.147	15.631
6051	102	-3.151	14.920
6061	102	-3.124	14.204
6071	102	-3.097	13.489
6081	102	-3.071	12.773
6091	102	-3.095	12.053
6101	102	-3.142	11.332
6111	102	-3.188	10.610
6121	102	-3.234	9.889
6131	102	-3.281	9.167
6141	102	-3.326	8.440
6151	102	-3.356	7.665
6161	102	-3.387	6.890
6171	102	-3.418	6.115
6181	102	-3.449	5.340
6081	103	0.353	5.765
6091	103	0.140	6.135
6101	103	-0.077	6.518
6111	103	-0.329	7.021
6121	103	-0.581	7.524
6131	103	-0.834	8.028
6141	103	-0.963	8.535
6151	103	-1.011	9.047
6161	103	-1.059	9.558
6171	103	-1.107	10.069
6181	103	-1.218	10.559
6191	103	-1.345	11.045
6201	103	-1.471	11.531
6211	103	-1.598	12.017
6221	103	-1.696	12.525
6231	103	-1.726	13.086
6241	103	-1.756	13.647
6251	103	-1.786	14.208
6261	103	-1.816	14.770
6271	103	-1.858	15.324
6281	103	-2.004	15.818
6291	103	-2.150	16.312
6301	103	-2.297	16.805
6311	103	-2.437	17.303
6321	103	-2.552	17.814
6331	103	-2.668	18.324
6341	103	-2.783	18.835
6351	103	-2.898	19.346
6361	103	-3.014	19.857
6371	103	-3.129	20.368
6081	104	1.367	6.044
6091	104	1.098	6.410
6101	104	0.846	6.791
6111	104	0.663	7.236
6121	104	0.479	7.681
6131	104	0.296	8.125
6141	104	0.160	8.617
6151	104	0.036	9.120
6161	104	-0.088	9.624
6171	104	-0.212	10.127
6181	104	-0.331	10.640
6191	104	-0.428	11.188
6201	104	-0.526	11.736
6211	104	-0.623	12.285
6221	104	-0.708	12.824
6231	104	-0.746	13.330
6241	104	-0.784	13.836
6251	104	-0.822	14.341
6261	104	-0.863	14.848
6271	104	-0.928	15.369
6281	104	-0.993	15.890
6291	104	-1.058	16.411
6301	104	-1.200	16.911
6311	104	-1.420	17.391
6321	104	-1.639	17.870
6331	104	-1.859	18.350
6341	104	-1.983	18.824
6351	104	-2.043	19.295
6361	104	-2.104	19.766
6371	104	-2.164	20.237
6141	105	-2.594	20.074
6151	105	-2.494	19.428
6161	105	-2.418	18.784
6171	105	-2.439	18.145
6181	105	-2.459	17.505
6191	105	-2.480	16.866
6201	105	-2.499	16.218
6211	105	-2.517	15.557
6221	105	-2.534	14.897
6231	105	-2.552	14.236
6241	105	-2.570	13.576
6251	105	-2.458	12.990
6261	105	-2.346	12.404
6271	105	-2.233	11.818
6281	105	-2.121	11.231
6291	105	-2.014	10.658
6301	105	-1.910	10.094
6311	105	-1.807	9.530
6321	105	-1.703	8.965
6331	105	-1.677	8.379
6341	105	-1.704	7.778
6351	105	-1.730	7.177
6361	105	-1.757	6.576
6371	105	-1.822	5.994
6381	105	-1.904	5.421
6141	106	-3.617	20.301
6151	106	-3.573	19.624
6161	106	-3.530	18.947
6171	106	-3.497	18.281
6181	106	-3.479	17.632
6191	106	-3.461	16.983
6201	106	-3.443	16.334
6211	106	-3.425	15.686
6221	106	-3.413	15.046
6231	106	-3.400	14.407
6241	106	-3.388	13.768
6251	106	-3.376	13.129
6261	106	-3.326	12.576
6271	106	-3.272	12.032
6281	106	-3.218	11.488
6291	106	-3.163	10.944
6301	106	-3.106	10.391
6311	106	-3.015	9.750
6321	106	-2.924	9.109
6331	106	-2.833	8.469
6341	106	-2.754	7.831
6351	106	-2.784	7.225
6361	106	-2.813	6.618
6371	106	-2.843	6.011
6381	106	-2.872	5.404
6281	107	-4.414	5.195
6291	107	-4.430	5.790
6301	107	-4.447	6.385
6311	107	-4.463	6.980
6321	107	-4.445	7.530
6331	107	-4.424	8.075
6341	107	-4.403	8.620
6351	107	-4.382	9.164
6361	107	-4.361	9.709
6371	107	-4.327	10.219
6381	107	-4.293	10.729
6391	107	-4.259	11.239
6401	107	-4.225	11.749
6411	107	-4.198	12.290
6421	107	-4.182	12.876
6431	107	-4.165	13.462
6441	107	-4.149	14.048
6451	107	-4.132	14.634
6461	107	-4.118	15.221
6471	107	-4.104	15.809
6481	107	-4.090	16.397
6491	107	-4.077	16.985
6501	107	-4.137	17.554
6511	107	-4.207	18.122
6521	107	-4.276	18.690
6531	107	-4.345	19.257
6541	107	-4.414	19.825
6551	107	-4.484	20.392
6291	108	-3.765	5.306
6301	108	-3.773	5.864
6311	108	-3.781	6.423
6321	108	-3.790	6.982
6331	108	-3.753	7.554
6341	108	-3.715	8.126
6351	108	-3.678	8.698
6361	108	-3.641	9.269
6371	108	-3.603	9.839
6381	108	-3.554	10.389
6391	108	-3.505	10.939
6401	108	-3.456	11.489
6411	108	-3.407	12.038
6421	108	-3.358	12.588
6431	108	-3.330	13.167
6441	108	-3.307	13.753
6451	108	-3.285	14.340
6461	108	-3.262	14.926
6471	108	-3.239	15.512
6481	108	-3.219	16.095
6491	108	-3.225	16.650
6501	108	-3.230	17.205
6511	108	-3.235	17.760
6521	108	-3.241	18.315
6531	108	-3.245	18.882
6541	108	-3.245	19.478
6551	108	-3.245	20.074
6401	109	-3.400	5.553
6411	109	-3.400	6.056
6421	109	-3.400	6.559
6431	109	-3.396	7.068
6441	109	-3.380	7.589
6451	109	-3.365	8.110
6461	109	-3.350	8.631
6471	109	-3.335	9.152
6481	109	-3.319	9.673
6491	109	-3.304	10.194
6501	109	-3.289	10.715
6511	109	-3.274	11.236
6521	109	-3.258	11.757
6531	109	-3.242	12.280
6541	109	-3.216	12.818
6551	109	-3.191	13.356
6561	109	-3.165	13.894
6571	109	-3.140	14.432
6581	109	-3.114	14.970
6591	109	-3.088	15.508
6601	109	-3.063	16.046
6611	109	-3.108	16.631
6621	109	-3.153	17.215
6631	109	-3.198	17.800
6641	109	-3.243	18.384
6651	109	-3.288	18.969
6661	109	-3.333	19.553
6671	109	-3.378	20.138
6401	110	-4.325	5.463
6411	110	-4.277	6.001
6421	110	-4.230	6.539
6431	110	-4.182	7.077
6441	110	-4.149	7.608
6451	110	-4.139	8.129
6461	110	-4.129	8.651
6471	110	-4.119	9.172
6481	110	-4.109	9.693
6491	110	-4.100	10.209
6501	110	-4.092	10.702
6511	110	-4.084	11.196
6521	110	-4.076	11.690
6531	110	-4.068	12.183
6541	110	-4.060	12.677
6551	110	-4.052	13.170
6561	110	-4.052	13.729
6571	110	-4.056	14.315
6581	110	-4.060	14.901
6591	110	-4.063	15.487
6601	110	-4.067	16.073
6611	110	-4.071	16.659
6621	110	-4.075	17.245
6631	110	-4.093	17.820
6641	110	-4.113	18.394
6651	110	-4.133	18.968
6661	110	-4.153	19.543
6671	110	-4.173	20.117
6481	111	-1.376	20.559
6491	111	-1.224	20.095
6501	111	-1.071	19.630
6511	111	-0.932	19.171
6521	111	-0.908	18.759
6531	111	-0.883	18.348
6541	111	-0.859	17.936
6551	111	-0.879	17.698
6561	111	-0.904	17.481
6571	111	-0.917	17.076
6581	111	-0.928	16.624
6591	111	-0.920	16.174
6601	111	-0.884	15.728
6611	111	-0.849	15.281
6621	111	-0.843	14.861
6631	111	-0.867	14.467
6641	111	-0.891	14.073
6651	111	-0.914	13.680
6661	111	-0.930	13.288
6671	111	-0.947	12.896
6681	111	-0.969	12.486
6691	111	-1.014	12.006
6701	111	-1.059	11.526
6711	111	-1.069	11.063
6721	111	-0.997	10.641
6731	111	-0.925	10.218
6741	111	-0.883	9.793
6751	111	-0.883	9.366
6761	111	-0.883	8.938
6771	111	-0.883	8.511
6781	111	-0.892	8.083
6791	111	-0.906	7.655
6801	111	-0.920	7.227
6811	111	-0.934	6.799
6821	111	-1.008	6.440
6831	111	-1.081	6.082
6841	111	-1.154	5.723
6511	112	-2.282	20.453
6521	112	-2.083	20.021
6531	112	-1.884	19.588
6541	112	-1.778	19.116
6551	112	-1.809	18.583
6561	112	-1.841	18.050
6571	112	-1.873	17.522
6581	112	-1.913	17.043
6591	112	-1.953	16.563
6601	112	-1.993	16.084
6611	112	-2.018	15.618
6621	112	-1.985	15.209
6631	112	-1.951	14.799
6641	112	-1.918	14.389
6651	112	-1.895	13.976
6661	112	-1.895	13.554
6671	112	-1.895	13.132
6681	112	-1.895	12.710
6691	112	-1.885	12.279
6701	112	-1.864	11.838
6711	112	-1.844	11.397
6721	112	-1.824	10.956
6731	112	-1.803	10.515
6741	112	-1.800	10.079
6751	112	-1.824	9.650
6761	112	-1.848	9.220
6771	112	-1.871	8.791
6781	112	-1.895	8.362
6791	112	-1.865	7.921
6801	112	-1.835	7.481
6811	112	-1.805	7.041
6821	112	-1.775	6.600
6831	112	-1.745	6.160
6841	112	-1.890	5.805
6851	112	-2.079	5.472
6521	113	-1.465	20.623
6531	113	-1.323	20.224
6541	113	-1.181	19.824
6551	113	-1.038	19.425
6561	113	-1.056	18.969
6571	113	-1.073	18.514
6581	113	-1.090	18.058
6591	113	-1.137	17.507
6601	113	-1.183	16.955
6611	113	-1.216	16.422
6621	113	-1.195	15.960
6631	113	-1.174	15.499
6641	113	-1.153	15.037
6651	113	-1.175	14.602
6661	113	-1.239	14.193
6671	113	-1.304	13.784
6681	113	-1.347	13.384
6691	113	-1.339	13.007
6701	113	-1.330	12.630
6711	113	-1.324	12.241
6721	113	-1.324	11.802
6731	113	-1.324	11.364
6741	113	-1.324	10.926
6751	113	-1.324	10.487
6761	113	-1.291	10.055
6771	113	-1.259	9.623
6781	113	-1.226	9.191
6791	113	-1.194	8.759
6801	113	-1.168	8.334
6811	113	-1.168	7.935
6821	113	-1.168	7.536
6831	113	-1.168	7.137
6841	113	-1.208	6.737
6851	113	-1.309	6.335
6861	113	-1.410	5.934
6871	113	-1.511	5.533
6531	114	-0.337	5.546
6541	114	-0.391	5.992
6551	114	-0.445	6.438
6561	114	-0.497	6.886
6571	114	-0.532	7.353
6581	114	-0.567	7.820
6591	114	-0.602	8.287
6601	114	-0.623	8.755
6611	114	-0.623	9.224
6621	114	-0.623	9.693
6631	114	-0.623	10.163
6641	114	-0.603	10.628
6651	114	-0.501	11.076
6661	114	-0.400	11.524
6671	114	-0.299	11.972
6681	114	-0.216	12.422
6691	114	-0.297	12.886
6701	114	-0.378	13.350
6711	114	-0.459	13.813
6721	114	-0.604	14.318
6731	114	-0.756	14.827
6741	114	-0.908	15.336
6751	114	-0.908	15.846
6761	114	-0.908	16.355
6771	114	-0.908	16.865
6781	114	-0.876	17.373
6791	114	-0.822	17.879
6801	114	-0.767	18.385
6811	114	-0.713	18.891
6821	114	-0.636	19.371
6831	114	-0.506	19.791
6841	114	-0.376	20.210
6851	114	-0.247	20.630
6531	115	0.441	5.471
6541	115	0.419	6.035
6551	115	0.396	6.599
6561	115	0.353	7.131
6571	115	0.301	7.648
6581	115	0.249	8.166
6591	115	0.228	8.634
6601	115	0.220	9.080
6611	115	0.212	9.527
6621	115	0.201	9.990
6631	115	0.189	10.471
6641	115	0.176	10.951
6651	115	0.163	11.431
6661	115	0.153	11.922
6671	115	0.146	12.429
6681	115	0.139	12.937
6691	115	0.133	13.444
6701	115	0.064	13.934
6711	115	-0.046	14.412
6721	115	-0.156	14.891
6731	115	-0.215	15.420
6741	115	-0.274	15.950
6751	115	-0.293	16.467
6761	115	-0.302	16.983
6771	115	-0.311	17.498
6781	115	-0.249	18.065
6791	115	-0.180	18.639
6801	115	-0.111	19.212
6811	115	0.048	19.629
6821	115	0.216	20.028
6831	115	0.384	20.428
6531	116	-3.115	5.385
6541	116	-3.056	5.821
6551	116	-2.998	6.257
6561	116	-2.940	6.693
6571	116	-2.881	7.128
6581	116	-2.800	7.571
6591	116	-2.718	8.014
6601	116	-2.636	8.457
6611	116	-2.592	8.933
6621	116	-2.586	9.443
6631	116	-2.579	9.952
6641	116	-2.573	10.461
6651	116	-2.610	10.978
6661	116	-2.692	11.500
6671	116	-2.774	12.023
6681	116	-2.855	12.546
6691	116	-2.743	13.025
6701	116	-2.631	13.504
6711	116	-2.518	13.983
6721	116	-2.421	14.476
6731	116	-2.358	15.001
6741	116	-2.294	15.527
6751	116	-2.231	16.053
6761	116	-2.160	16.575
6771	116	-2.061	17.083
6781	116	-1.962	17.590
6791	116	-1.863	18.098
6801	116	-1.733	18.585
6811	116	-1.596	19.066
6821	116	-1.458	19.548
6831	116	-1.321	20.029
6841	116	-1.183	20.511
6601	117	-2.026	5.692
6611	117	-2.032	6.131
6621	117	-2.039	6.569
6631	117	-2.045	7.007
6641	117	-2.056	7.448
6651	117	-2.109	7.913
6661	117	-2.162	8.377
6671	117	-2.216	8.841
6681	117	-2.280	9.301
6691	117	-2.388	9.742
6701	117	-2.496	10.182
6711	117	-2.604	10.623
6721	117	-2.641	11.095
6731	117	-2.630	11.587
6741	117	-2.619	12.080
6751	117	-2.609	12.572
6761	117	-2.598	13.065
6771	117	-2.562	13.547
6781	117	-2.519	14.026
6791	117	-2.477	14.505
6801	117	-2.435	14.984
6811	117	-2.392	15.464
6821	117	-2.379	15.980
6831	117	-2.368	16.500
6841	117	-2.358	17.021
6851	117	-2.348	17.541
6861	117	-2.337	18.062
6871	117	-2.354	18.549
6881	117	-2.375	19.032
6891	117	-2.395	19.515
6901	117	-2.415	19.999
6911	117	-2.436	20.482
6611	118	-2.940	5.684
6621	118	-2.902	6.138
6631	118	-2.864	6.592
6641	118	-2.834	7.049
6651	118	-2.885	7.527
6661	118	-2.936	8.006
6671	118	-2.986	8.485
6681	118	-3.037	8.963
6691	118	-3.130	9.398
6701	118	-3.223	9.833
6711	118	-3.316	10.268
6721	118	-3.402	10.709
6731	118	-3.415	11.209
6741	118	-3.428	11.708
6751	118	-3.442	12.208
6761	118	-3.456	12.713
6771	118	-3.475	13.240
6781	118	-3.494	13.768
6791	118	-3.513	14.295
6801	118	-3.518	14.821
6811	118	-3.397	15.324
6821	118	-3.276	15.827
6831	118	-3.161	16.329
6841	118	-3.106	16.817
6851	118	-3.051	17.305
6861	118	-2.996	17.794
6871	118	-3.056	18.257
6881	118	-3.146	18.713
6891	118	-3.235	19.170
6901	118	-3.277	19.669
6911	118	-3.289	20.196
6771	119	-3.064	20.533
6781	119	-3.074	19.900
6791	119	-3.085	19.267
6801	119	-3.266	18.645
6811	119	-3.561	18.032
6821	119	-3.794	17.449
6831	119	-3.936	16.912
6841	119	-4.058	16.357
6851	119	-4.103	15.735
6861	119	-4.148	15.113
6871	119	-4.184	14.506
6881	119	-4.201	13.932
6891	119	-4.218	13.358
6901	119	-4.233	12.785
6911	119	-4.244	12.215
6921	119	-4.256	11.644
6931	119	-4.267	11.074
6941	119	-4.278	10.504
6951	119	-4.255	9.959
6961	119	-4.209	9.431
6971	119	-4.163	8.904
6981	119	-4.117	8.376
6991	119	-4.086	7.848
7001	119	-4.198	7.317
7011	119	-4.309	6.787
7021	119	-4.236	6.309
7031	119	-4.163	5.831
7041	119	-4.090	5.354
6811	120	-2.812	5.846
6821	120	-2.755	6.112
6831	120	-2.699	6.379
6841	120	-2.647	6.663
6851	120	-2.638	7.111
6861	120	-2.630	7.558
6871	120	-2.622	8.006
6881	120	-2.609	8.440
6891	120	-2.596	8.874
6901	120	-2.584	9.307
6911	120	-2.571	9.741
6921	120	-2.500	10.246
6931	120	-2.422	10.758
6941	120	-2.344	11.271
6951	120	-2.266	11.783
6961	120	-2.180	12.268
6971	120	-2.094	12.750
6981	120	-2.007	13.232
6991	120	-1.921	13.714
7001	120	-1.842	14.200
7011	120	-1.836	14.714
7021	120	-1.830	15.228
7031	120	-1.824	15.742
7041	120	-1.818	16.256
7051	120	-1.841	16.769
7061	120	-1.870	17.282
7071	120	-1.900	17.794
7081	120	-1.941	18.318
7091	120	-2.007	18.870
7101	120	-2.074	19.421
7111	120	-2.140	19.972
7121	120	-2.206	20.524
6821	121	-3.613	5.647
6831	121	-3.621	6.046
6841	121	-3.629	6.446
6851	121	-3.637	6.896
6861	121	-3.643	7.423
6871	121	-3.650	7.951
6881	121	-3.657	8.478
6891	121	-3.622	8.990
6901	121	-3.545	9.485
6911	121	-3.468	9.981
6921	121	-3.391	10.477
6931	121	-3.322	10.978
6941	121	-3.322	11.531
6951	121	-3.322	12.083
6961	121	-3.322	12.636
6971	121	-3.322	13.189
6981	121	-3.317	13.731
6991	121	-3.291	14.232
7001	121	-3.264	14.732
7011	121	-3.238	15.233
7021	121	-3.211	15.734
7031	121	-3.203	16.247
7041	121	-3.238	16.790
7051	121	-3.272	17.332
7061	121	-3.307	17.875
7071	121	-3.341	18.417
7081	121	-3.310	18.947
7091	121	-3.262	19.474
7101	121	-3.215	20.000
7111	121	-3.167	20.527
6981	122	-3.660	5.319
6991	122	-3.473	5.847
7001	122	-3.286	6.375
7011	122	-3.119	6.898
7021	122	-2.972	7.417
7031	122	-2.825	7.936
7041	122	-2.708	8.457
7051	122	-2.622	8.979
7061	122	-2.535	9.501
7071	122	-2.471	10.035
7081	122	-2.498	10.618
7091	122	-2.524	11.200
7101	122	-2.551	11.782
7111	122	-2.565	12.360
7121	122	-2.550	12.930
7131	122	-2.536	13.501
7141	122	-2.521	14.071
7151	122	-2.533	14.632
7161	122	-2.552	15.191
7171	122	-2.571	15.751
7181	122	-2.590	16.310
7191	122	-2.620	16.841
7201	122	-2.654	17.359
7211	122	-2.689	17.878
7221	122	-2.724	18.396
7231	122	-2.793	18.913
7241	122	-3.003	19.421
7251	122	-3.212	19.929
6991	123	-2.327	5.647
7001	123	-2.183	6.215
7011	123	-2.039	6.783
7021	123	-1.947	7.317
7031	123	-1.860	7.848
7041	123	-1.774	8.379
7051	123	-1.692	8.931
7061	123	-1.610	9.485
7071	123	-1.528	10.040
7081	123	-1.456	10.607
7091	123	-1.396	11.192
7101	123	-1.336	11.778
7111	123	-1.276	12.364
7121	123	-1.233	12.905
7131	123	-1.206	13.400
7141	123	-1.179	13.896
7151	123	-1.153	14.391
7161	123	-1.137	14.916
7171	123	-1.130	15.462
7181	123	-1.122	16.007
7191	123	-1.155	16.551
7201	123	-1.285	17.093
7211	123	-1.415	17.635
7221	123	-1.544	18.177
7231	123	-1.698	18.706
7241	123	-1.876	19.223
7251	123	-2.053	19.740
7261	123	-2.231	20.257
7011	124	-2.862	5.530
7021	124	-2.799	6.051
7031	124	-2.736	6.573
7041	124	-2.674	7.094
7051	124	-2.540	7.622
7061	124	-2.407	8.149
7071	124	-2.274	8.677
7081	124	-2.146	9.209
7091	124	-2.067	9.778
7101	124	-1.988	10.346
7111	124	-1.909	10.915
7121	124	-1.830	11.483
7131	124	-1.788	12.035
7141	124	-1.783	12.570
7151	124	-1.778	13.105
7161	124	-1.772	13.640
7171	124	-1.767	14.176
7181	124	-1.752	14.707
7191	124	-1.730	15.236
7201	124	-1.709	15.765
7211	124	-1.687	16.294
7221	124	-1.666	16.823
7231	124	-1.692	17.371
7241	124	-1.730	17.924
7251	124	-1.768	18.477
7261	124	-1.854	19.005
7271	124	-2.013	19.498
7281	124	-2.172	19.991
7291	124	-2.330	20.484
7021	125	-3.511	5.813
7031	125	-3.483	6.387
7041	125	-3.455	6.960
7051	125	-3.330	7.510
7061	125	-3.194	8.058
7071	125	-3.059	8.605
7081	125	-2.923	9.152
7091	125	-2.838	9.715
7101	125	-2.802	10.292
7111	125	-2.767	10.870
7121	125	-2.731	11.447
7131	125	-2.701	12.019
7141	125	-2.712	12.533
7151	125	-2.724	13.048
7161	125	-2.735	13.563
7171	125	-2.747	14.077
7181	125	-2.712	14.604
7191	125	-2.648	15.138
7201	125	-2.583	15.673
7211	125	-2.518	16.207
7221	125	-2.469	16.746
7231	125	-2.483	17.302
7241	125	-2.497	17.857
7251	125	-2.511	18.413
7261	125	-2.578	18.915
7271	125	-2.699	19.363
7281	125	-2.820	19.812
7291	125	-2.940	20.260
7311	126	-1.032	20.318
7321	126	-1.024	20.015
7331	126	-1.015	19.712
7341	126	-1.012	19.400
7351	126	-1.012	19.083
7361	126	-1.012	18.767
7371	126	-1.012	18.451
7381	126	-0.955	18.080
7391	126	-0.897	17.710
7401	126	-0.839	17.339
7411	126	-0.795	16.938
7421	126	-0.769	16.492
7431	126	-0.744	16.046
7441	126	-0.716	15.620
7451	126	-0.681	15.241
7461	126	-0.646	14.861
7471	126	-0.611	14.482
7481	126	-0.554	14.056
7491	126	-0.483	13.599
7501	126	-0.411	13.142
7511	126	-0.340	12.684
7521	126	-0.270	12.257
7531	126	-0.202	11.849
7541	126	-0.134	11.442
7551	126	-0.066	11.034
7561	126	-0.013	10.648
7571	126	0.035	10.267
7581	126	0.083	9.886
7591	126	0.132	9.505
7601	126	0.180	9.139
7611	126	0.228	8.789
7621	126	0.276	8.438
7631	126	0.325	8.087
7641	126	0.384	7.760
7651	126	0.487	7.528
7661	126	0.589	7.296
7671	126	0.692	7.063
7681	126	0.794	6.831
7691	126	1.019	6.611
7701	126	1.258	6.393
7711	126	1.496	6.174
7721	126	1.730	5.993
7731	126	1.947	5.960
7741	126	2.163	5.927
7751	126	2.379	5.894
7331	127	-3.782	20.279
7341	127	-3.617	19.829
7351	127	-3.451	19.378
7361	127	-3.285	18.928
7371	127	-3.247	18.473
7381	127	-3.293	18.016
7391	127	-3.340	17.559
7401	127	-3.386	17.101
7411	127	-3.396	16.657
7421	127	-3.389	16.218
7431	127	-3.383	15.780
7441	127	-3.376	15.342
7451	127	-3.374	14.879
7461	127	-3.374	14.407
7471	127	-3.374	13.934
7481	127	-3.374	13.461
7491	127	-3.366	13.008
7501	127	-3.336	12.601
7511	127	-3.307	12.193
7521	127	-3.277	11.785
7531	127	-3.248	11.378
7541	127	-3.219	10.970
7551	127	-3.106	10.594
7561	127	-2.993	10.217
7571	127	-2.880	9.840
7581	127	-2.767	9.464
7591	127	-2.622	9.123
7601	127	-2.427	8.835
7611	127	-2.232	8.548
7621	127	-2.038	8.261
7631	127	-1.843	7.974
7641	127	-1.689	7.733
7651	127	-1.536	7.492
7661	127	-1.382	7.251
7671	127	-1.228	7.009
7681	127	-1.073	6.772
7691	127	-0.897	6.566
7701	127	-0.721	6.361
7711	127	-0.545	6.155
7721	127	-0.369	5.950
7731	127	-0.193	5.744
7341	128	-2.120	20.247
7351	128	-2.163	19.870
7361	128	-2.206	19.493
7371	128	-2.240	19.086
7381	128	-2.259	18.636
7391	128	-2.278	18.186
7401	128	-2.297	17.736
7411	128	-2.324	17.288
7421	128	-2.369	16.842
7431	128	-2.415	16.396
7441	128	-2.460	15.950
7451	128	-2.481	15.506
7461	128	-2.445	15.068
7471	128	-2.409	14.630
7481	128	-2.373	14.193
7491	128	-2.321	13.762
7501	128	-2.263	13.335
7511	128	-2.205	12.908
7521	128	-2.147	12.481
7531	128	-2.089	12.054
7541	128	-2.030	11.627
7551	128	-1.967	11.288
7561	128	-1.904	10.959
7571	128	-1.840	10.630
7581	128	-1.777	10.301
7591	128	-1.713	9.972
7601	128	-1.592	9.585
7611	128	-1.472	9.197
7621	128	-1.351	8.809
7631	128	-1.230	8.421
7641	128	-1.065	8.055
7651	128	-0.882	7.698
7661	128	-0.698	7.341
7671	128	-0.515	6.984
7681	128	-0.313	6.663
7691	128	-0.098	6.366
7701	128	0.116	6.069
7711	128	0.331	5.772
7721	128	0.545	5.475
7341	129	-1.314	20.261
7351	129	-1.384	19.900
7361	129	-1.454	19.540
7371	129	-1.524	19.180
7381	129	-1.531	18.713
7391	129	-1.531	18.235
7401	129	-1.531	17.756
7411	129	-1.531	17.277
7421	129	-1.518	16.837
7431	129	-1.497	16.423
7441	129	-1.475	16.009
7451	129	-1.454	15.594
7461	129	-1.432	15.180
7471	129	-1.384	14.719
7481	129	-1.329	14.247
7491	129	-1.274	13.774
7501	129	-1.219	13.301
7511	129	-1.164	12.829
7521	129	-1.091	12.424
7531	129	-1.006	12.065
7541	129	-0.921	11.707
7551	129	-0.836	11.348
7561	129	-0.751	10.989
7571	129	-0.672	10.625
7581	129	-0.640	10.210
7591	129	-0.608	9.796
7601	129	-0.576	9.382
7611	129	-0.545	8.968
7621	129	-0.497	8.581
7631	129	-0.386	8.302
7641	129	-0.274	8.024
7651	129	-0.163	7.746
7661	129	-0.052	7.468
7671	129	0.081	7.158
7681	129	0.264	6.778
7691	129	0.447	6.397
7701	129	0.631	6.016
7711	129	0.847	5.891
7721	129	1.066	5.795
7731	129	1.286	5.698
7741	129	1.505	5.602
7361	130	-2.570	20.487
7371	130	-2.752	19.987
7381	130	-2.934	19.488
7391	130	-3.117	18.988
7401	130	-3.275	18.475
7411	130	-3.376	17.929
7421	130	-3.477	17.383
7431	130	-3.578	16.837
7441	130	-3.727	16.233
7451	130	-3.898	15.605
7461	130	-4.069	14.976
7471	130	-4.240	14.347
7481	130	-4.246	13.818
7491	130	-4.234	13.300
7501	130	-4.222	12.781
7511	130	-4.210	12.263
7521	130	-4.175	11.775
7531	130	-4.126	11.308
7541	130	-4.076	10.840
7551	130	-4.027	10.373
7561	130	-3.940	9.908
7571	130	-3.796	9.447
7581	130	-3.653	8.985
7591	130	-3.510	8.524
7601	130	-3.334	8.182
7611	130	-3.138	7.921
7621	130	-2.942	7.660
7631	130	-2.746	7.399
7641	130	-2.533	7.123
7651	130	-2.302	6.832
7661	130	-2.072	6.542
7671	130	-1.842	6.251
7681	130	-1.616	5.967
7691	130	-1.423	5.745
7701	130	-1.231	5.522
7711	130	-1.038	5.300
7501	131	-2.518	20.576
7511	131	-2.440	20.037
7521	131	-2.362	19.499
7531	131	-2.284	18.961
7541	131	-2.246	18.370
7551	131	-2.208	17.779
7561	131	-2.170	17.188
7571	131	-2.129	16.659
7581	131	-2.087	16.172
7591	131	-2.045	15.685
7601	131	-2.002	15.198
7611	131	-1.966	14.700
7621	131	-1.944	14.176
7631	131	-1.922	13.651
7641	131	-1.900	13.127
7651	131	-1.878	12.602
7661	131	-1.866	12.130
7671	131	-1.861	11.693
7681	131	-1.856	11.256
7691	131	-1.851	10.818
7701	131	-1.846	10.381
7711	131	-1.834	9.930
7721	131	-1.803	9.447
7731	131	-1.773	8.964
7741	131	-1.742	8.481
7751	131	-1.712	7.998
7761	131	-1.680	7.516
7771	131	-1.642	7.035
7781	131	-1.604	6.553
7791	131	-1.566	6.072
7801	131	-1.528	5.590
7641	132	-3.493	5.687
7651	132	-3.478	6.204
7661	132	-3.463	6.721
7671	132	-3.443	7.255
7681	132	-3.412	7.828
7691	132	-3.381	8.401
7701	132	-3.349	8.974
7711	132	-3.318	9.548
7721	132	-3.287	10.087
7731	132	-3.255	10.548
7741	132	-3.223	11.010
7751	132	-3.192	11.471
7761	132	-3.160	11.932
7771	132	-3.186	12.415
7781	132	-3.298	12.933
7791	132	-3.410	13.450
7801	132	-3.522	13.967
7811	132	-3.634	14.484
7821	132	-3.607	15.023
7831	132	-3.580	15.562
7841	132	-3.548	16.100
7851	132	-3.470	16.628
7861	132	-3.393	17.155
7871	132	-3.315	17.683
7881	132	-3.237	18.210
7891	132	-3.164	18.739
7901	132	-3.139	19.278
7911	132	-3.114	19.817
7921	132	-3.089	20.357
7681	133	-2.054	20.223
7691	133	-2.021	19.723
7701	133	-1.989	19.224
7711	133	-2.010	18.718
7721	133	-2.084	18.208
7731	133	-2.158	17.697
7741	133	-2.232	17.186
7751	133	-2.182	16.701
7761	133	-2.131	16.216
7771	133	-2.081	15.730
7781	133	-2.021	15.288
7791	133	-1.947	14.909
7801	133	-1.873	14.531
7811	133	-1.798	14.152
7821	133	-1.719	13.778
7831	133	-1.616	13.419
7841	133	-1.513	13.061
7851	133	-1.411	12.702
7861	133	-1.308	12.344
7871	133	-1.145	11.906
7881	133	-0.974	11.460
7891	133	-0.804	11.013
7901	133	-0.635	10.589
7911	133	-0.467	10.175
7921	133	-0.298	9.760
7931	133	-0.130	9.346
7941	133	-0.025	8.952
7951	133	0.081	8.559
7961	133	0.186	8.165
7971	133	0.317	7.787
7981	133	0.508	7.444
7991	133	0.699	7.102
8001	133	0.889	6.759
8011	133	1.097	6.581
8021	133	1.306	6.422
8031	133	1.515	6.262
8041	133	1.728	6.121
8051	133	1.953	6.022
8061	133	2.177	5.923
8071	133	2.401	5.824
8081	133	2.625	5.725
7701	134	-3.285	20.467
7711	134	-3.228	19.874
7721	134	-3.172	19.281
7731	134	-3.115	18.687
7741	134	-3.054	18.193
7751	134	-2.993	17.698
7761	134	-2.932	17.204
7771	134	-2.877	16.679
7781	134	-2.826	16.133
7791	134	-2.776	15.588
7801	134	-2.725	15.042
7811	134	-2.653	14.537
7821	134	-2.581	14.031
7831	134	-2.508	13.525
7841	134	-2.436	13.019
7851	134	-2.293	12.566
7861	134	-2.120	12.135
7871	134	-1.947	11.704
7881	134	-1.774	11.274
7891	134	-1.618	10.841
7901	134	-1.531	10.399
7911	134	-1.445	9.957
7921	134	-1.358	9.516
7931	134	-1.204	9.091
7941	134	-1.004	8.677
7951	134	-0.805	8.263
7961	134	-0.605	7.849
7971	134	-0.428	7.445
7981	134	-0.260	7.044
7991	134	-0.092	6.643
8001	134	0.148	6.268
8011	134	0.553	5.954
8021	134	0.959	5.639
7771	135	-3.965	5.571
7781	135	-3.925	5.931
7791	135	-3.885	6.291
7801	135	-3.846	6.651
7811	135	-3.806	7.011
7821	135	-3.782	7.415
7831	135	-3.770	7.849
7841	135	-3.758	8.283
7851	135	-3.746	8.717
7861	135	-3.731	9.153
7871	135	-3.709	9.597
7881	135	-3.687	10.040
7891	135	-3.665	10.484
7901	135	-3.643	10.927
7911	135	-3.621	11.370
7921	135	-3.600	11.814
7931	135	-3.582	12.269
7941	135	-3.582	12.775
7951	135	-3.582	13.280
7961	135	-3.582	13.786
7971	135	-3.582	14.291
7981	135	-3.582	14.797
7991	135	-3.595	15.295
8001	135	-3.659	15.764
8011	135	-3.722	16.232
8021	135	-3.786	16.701
8031	135	-3.850	17.169
8041	135	-3.914	17.638
8051	135	-3.935	18.125
8061	135	-3.915	18.630
8071	135	-3.895	19.135
8081	135	-3.876	19.640
8091	135	-3.856	20.145
7781	136	-2.946	5.512
7791	136	-2.923	5.965
7801	136	-2.901	6.418
7811	136	-2.880	6.867
7821	136	-2.869	7.287
7831	136	-2.858	7.708
7841	136	-2.848	8.128
7851	136	-2.837	8.548
7861	136	-2.824	8.972
7871	136	-2.808	9.406
7881	136	-2.791	9.840
7891	136	-2.775	10.274
7901	136	-2.758	10.708
7911	136	-2.730	11.140
7921	136	-2.694	11.572
7931	136	-2.658	12.003
7941	136	-2.623	12.434
7951	136	-2.587	12.865
7961	136	-2.551	13.296
7971	136	-2.512	13.802
7981	136	-2.473	14.327
7991	136	-2.434	14.852
8001	136	-2.395	15.377
8011	136	-2.356	15.901
8021	136	-2.368	16.406
8031	136	-2.431	16.889
8041	136	-2.495	17.373
8051	136	-2.559	17.857
8061	136	-2.622	18.340
8071	136	-2.632	18.813
8081	136	-2.607	19.279
8091	136	-2.582	19.745
8101	136	-2.556	20.212
8011	137	-7.285	14.036
8021	137	-7.083	14.291
8031	137	-6.881	14.546
8041	137	-6.679	14.802
8051	137	-6.251	15.121
8061	137	-5.725	15.468
8071	137	-5.200	15.815
8081	137	-4.674	16.163
8091	137	-4.335	16.518
8101	137	-4.075	16.878
8111	137	-3.824	17.244
8121	137	-3.584	17.621
8131	137	-3.344	17.998
8141	137	-3.296	18.430
8151	137	-3.296	18.885
8161	137	-3.296	19.423
8171	137	-3.296	19.961
8021	138	-7.076	13.545
8031	138	-6.738	13.812
8041	138	-6.401	14.079
8051	138	-5.857	14.402
8061	138	-5.261	14.741
8071	138	-4.670	15.085
8081	138	-4.127	15.492
8091	138	-3.584	15.899
8101	138	-3.337	16.296
8111	138	-3.123	16.691
8121	138	-2.905	17.186
8131	138	-2.684	17.748
8141	138	-2.550	18.250
8151	138	-2.474	18.712
8161	138	-2.419	19.200
8171	138	-2.367	19.691
8181	138	-2.315	20.182
8361	139	-3.209	5.352
8371	139	-3.118	5.923
8381	139	-3.027	6.495
8391	139	-2.936	7.067
8401	139	-2.874	7.633
8411	139	-2.855	8.191
8421	139	-2.837	8.749
8431	139	-2.818	9.307
8441	139	-2.802	9.863
8451	139	-2.795	10.413
8461	139	-2.789	10.964
8471	139	-2.782	11.514
8481	139	-2.773	11.986
8491	139	-2.757	12.275
8501	139	-2.741	12.565
8511	139	-2.725	12.854
8521	139	-2.677	13.141
8531	139	-2.630	13.487
8541	139	-2.584	13.922
8551	139	-2.539	14.367
8561	139	-2.496	14.898
8571	139	-2.453	15.430
8581	139	-2.410	15.961
8591	139	-2.382	16.423
8601	139	-2.371	16.815
8611	139	-2.360	17.207
8621	139	-2.349	17.600
8631	139	-2.338	17.992
8641	139	-2.380	18.306
8651	139	-2.434	18.600
8661	139	-2.429	18.913
8671	139	-2.417	19.229
8681	139	-2.479	19.629
8691	139	-2.572	20.067
8701	139	-2.664	20.504
8411	140	-0.100	20.297
8421	140	-0.243	19.686
8431	140	-0.387	19.075
8441	140	-0.516	18.441
8451	140	-0.641	17.800
8461	140	-0.766	17.160
8471	140	-0.891	16.530
8481	140	-1.015	15.901
8491	140	-1.013	15.303
8501	140	-0.821	14.752
8511	140	-0.628	14.201
8521	140	-0.476	13.656
8531	140	-0.420	13.126
8541	140	-0.364	12.595
8551	140	-0.308	12.065
8561	140	-0.229	11.528
8571	140	-0.134	10.988
8581	140	-0.039	10.448
8591	140	0.056	9.908
8601	140	0.104	9.407
8611	140	0.104	8.946
8621	140	0.104	8.485
8631	140	0.104	8.024
8641	140	0.115	7.551
8651	140	0.135	7.070
8661	140	0.154	6.590
8671	140	0.365	6.263
8681	140	0.597	5.954
8691	140	1.051	5.724
8701	140	1.505	5.494
8711	140	1.737	5.465
8721	140	1.969	5.436
8591	141	-6.780	12.094
8601	141	-6.040	11.876
8611	141	-5.083	11.575
8621	141	-4.072	11.253
8631	141	-3.669	10.980
8641	141	-3.332	10.714
8651	141	-3.015	10.497
8661	141	-2.778	10.478
8671	141	-2.541	10.460
8681	141	-2.447	10.292
8691	141	-2.368	10.107
8701	141	-2.370	9.805
8711	141	-2.426	9.426
8721	141	-2.477	9.024
8731	141	-2.512	8.566
8741	141	-2.548	8.109
8751	141	-2.605	7.645
8761	141	-2.695	7.171
8771	141	-2.785	6.696
8781	141	-2.864	6.228
8791	141	-2.934	5.767
8801	141	-3.004	5.306
8611	142	-7.150	12.767
8621	142	-6.872	12.659
8631	142	-6.595	12.551
8641	142	-6.181	12.234
8651	142	-5.751	11.894
8661	142	-5.327	11.548
8671	142	-4.913	11.189
8681	142	-4.500	10.829
8691	142	-4.287	10.387
8701	142	-4.207	9.891
8711	142	-4.127	9.394
8721	142	-4.113	8.973
8731	142	-4.106	8.535
8741	142	-4.132	8.029
8751	142	-4.158	7.522
8761	142	-4.173	7.034
8771	142	-4.141	6.618
8781	142	-4.109	6.202
8791	142	-4.078	5.785
8631	143	-1.719	20.322
8641	143	-1.542	19.857
8651	143	-1.431	19.378
8661	143	-1.386	18.887
8671	143	-1.342	18.396
8681	143	-1.411	17.910
8691	143	-1.556	17.427
8701	143	-1.691	16.956
8711	143	-1.732	16.590
8721	143	-1.773	16.221
8731	143	-1.814	15.843
8741	143	-1.792	15.470
8751	143	-1.623	15.110
8761	143	-1.454	14.750
8771	143	-1.378	14.410
8781	143	-1.302	14.070
8791	143	-1.272	13.712
8801	143	-1.272	13.342
8811	143	-1.265	12.976
8821	143	-1.233	12.625
8831	143	-1.200	12.274
8841	143	-1.168	11.924
8851	143	-1.074	11.553
8861	143	-0.979	11.183
8871	143	-0.885	10.813
8881	143	-0.751	10.432
8891	143	-0.600	10.047
8901	143	-0.450	9.662
8911	143	-0.379	9.289
8921	143	-0.361	8.924
8931	143	-0.343	8.559
8941	143	-0.407	8.085
8951	143	-0.506	7.565
8961	143	-0.609	7.048
8971	143	-0.715	6.532
8981	143	-0.822	6.017
8991	143	-0.928	5.501
8651	144	-2.112	20.511
8661	144	-2.032	20.103
8671	144	-1.951	19.696
8681	144	-1.900	19.265
8691	144	-1.918	18.778
8701	144	-1.936	18.292
8711	144	-1.965	17.841
8721	144	-2.009	17.443
8731	144	-2.054	17.045
8741	144	-2.048	16.621
8751	144	-1.991	16.170
8761	144	-1.935	15.718
8771	144	-1.884	15.279
8781	144	-1.847	14.865
8791	144	-1.810	14.452
8801	144	-1.772	14.039
8811	144	-1.749	13.623
8821	144	-1.730	13.207
8831	144	-1.711	12.791
8841	144	-1.691	12.375
8851	144	-1.625	11.948
8861	144	-1.548	11.518
8871	144	-1.471	11.088
8881	144	-1.406	10.656
8891	144	-1.446	10.210
8901	144	-1.486	9.764
8911	144	-1.525	9.318
8921	144	-1.565	8.884
8931	144	-1.602	8.501
8941	144	-1.639	8.118
8951	144	-1.676	7.734
8961	144	-1.713	7.351
8971	144	-1.911	6.878
8981	144	-2.109	6.406
8991	144	-2.306	5.933
9001	144	-2.504	5.461
8661	145	-4.523	20.344
8671	145	-4.458	19.712
8681	145	-4.393	19.081
8691	145	-4.368	18.454
8701	145	-4.381	17.832
8711	145	-4.395	17.210
8721	145	-4.409	16.588
8731	145	-4.381	15.965
8741	145	-4.337	15.342
8751	145	-4.292	14.718
8761	145	-4.248	14.095
8771	145	-4.203	13.472
8781	145	-4.159	12.848
8791	145	-4.114	12.225
8801	145	-4.073	11.633
8811	145	-4.034	11.055
8821	145	-3.994	10.476
8831	145	-3.955	9.898
8841	145	-3.915	9.319
8851	145	-3.875	8.741
8861	145	-3.864	8.176
8871	145	-3.860	7.615
8881	145	-3.856	7.054
8891	145	-3.851	6.493
8901	145	-3.847	5.932
8911	145	-3.843	5.371
8661	146	-3.686	20.548
8671	146	-3.639	19.949
8681	146	-3.591	19.351
8691	146	-3.535	18.708
8701	146	-3.475	18.054
8711	146	-3.416	17.401
8721	146	-3.363	16.750
8731	146	-3.325	16.107
8741	146	-3.287	15.464
8751	146	-3.249	14.821
8761	146	-3.208	14.189
8771	146	-3.153	13.600
8781	146	-3.098	13.010
8791	146	-3.043	12.421
8801	146	-2.988	11.832
8811	146	-2.933	11.242
8821	146	-2.914	10.675
8831	146	-2.894	10.107
8841	146	-2.875	9.539
8851	146	-2.855	8.971
8861	146	-2.801	8.397
8871	146	-2.746	7.824
8881	146	-2.691	7.250
8891	146	-2.653	6.679
8901	146	-2.682	6.116
8911	146	-2.711	5.553
8671	147	-1.105	20.134
8681	147	-1.006	19.581
8691	147	-0.942	19.119
8701	147	-0.886	18.681
8711	147	-0.831	18.242
8721	147	-0.865	17.764
8731	147	-0.900	17.286
8741	147	-0.934	16.808
8751	147	-0.975	16.380
8761	147	-1.016	15.951
8771	147	-1.056	15.523
8781	147	-1.058	15.117
8791	147	-1.050	14.716
8801	147	-1.043	14.314
8811	147	-1.014	13.906
8821	147	-0.954	13.486
8831	147	-0.895	13.067
8841	147	-0.835	12.647
8851	147	-0.771	12.250
8861	147	-0.705	11.875
8871	147	-0.638	11.500
8881	147	-0.571	11.126
8891	147	-0.622	10.637
8901	147	-0.672	10.149
8911	147	-0.723	9.661
8921	147	-0.774	9.172
8931	147	-0.865	8.744
8941	147	-0.961	8.323
8951	147	-1.056	7.895
8961	147	-1.146	7.442
8971	147	-1.236	6.988
8981	147	-1.372	6.528
8991	147	-1.539	6.065
9001	147	-1.706	5.601
8561	148	2.256	5.921
8571	148	2.092	6.030
8581	148	1.928	6.138
8591	148	1.777	6.181
8601	148	1.630	6.208
8611	148	1.483	6.234
8621	148	1.337	6.261
8631	148	1.190	6.287
8641	148	1.075	6.362
8651	148	0.993	6.484
8661	148	0.911	6.605
8671	148	0.829	6.727
8681	148	0.698	6.775
8691	148	0.546	6.791
8701	148	0.394	6.807
8711	148	0.356	6.799
8721	148	0.346	6.786
8731	148	0.337	6.772
8741	148	0.328	6.758
8751	148	0.318	6.744
8761	148	0.309	6.730
8771	148	0.299	6.717
8781	148	0.290	6.703
8791	148	0.280	6.689
8801	148	0.271	6.675
8811	148	0.261	6.661
8821	148	0.252	6.648
8831	148	0.243	6.634
8841	148	0.233	6.620
8851	148	0.224	6.606
8861	148	0.214	6.593
8871	148	0.205	6.579
8881	148	0.195	6.565
8891	148	0.186	6.551
8901	148	0.177	6.537
8911	148	0.167	6.524
8921	148	0.158	6.510
8931	148	0.148	6.496
8941	148	0.139	6.482
8951	148	0.129	6.468
8961	148	0.120	6.455
8971	148	0.110	6.441
8981	148	0.041	6.341
8991	148	-0.170	6.039
9001	148	-0.380	5.737
9011	148	-0.591	5.436
