# Standardized Official Benchmark Trajectories (Format: frame_id  ped_id  pos_x(m)  pos_y(m))
1	1	1.641	2.188
1	2	0.223	4.478
1	3	3.874	-0.477
1	4	1.666	-4.184
1	5	1.031	6.572
1	6	1.953	6.798
1	7	4.634	5.873
1	8	3.988	6.349
1	9	-0.338	7.487
1	10	-0.447	-5.769
1	11	-0.024	-5.873
1	12	0.012	-6.269
1	13	0.551	-6.418
1	14	-2.136	4.863
1	15	-1.806	4.194
1	16	-2.132	3.591
1	21	5.378	2.617
1	22	6.132	2.201
1	25	-6.746	4.843
1	213	-4.227	-2.770
1	214	-4.182	-3.265
1	215	-2.812	-2.328
1	216	-2.559	-2.759
1	217	2.900	0.911
1	218	3.860	-2.554
1	219	3.922	0.491
1	220	3.502	1.296
1	273	-0.025	8.050
1	409	2.948	4.122
1	412	4.764	0.696
1	413	5.436	1.351
1	414	5.408	0.631
1	419	5.072	3.963
1	420	4.629	3.771
1	421	2.171	4.612
1	422	2.628	5.058
1	423	1.841	5.347
1	425	2.589	5.662
1	453	9.510	-1.823
1	454	9.201	-1.995
1	468	5.026	-2.957
1	473	4.547	-2.973
11	1	1.577	2.469
11	2	0.225	4.762
11	3	3.592	-0.295
11	4	1.539	-4.033
11	5	0.974	6.017
11	6	1.878	6.606
11	7	4.547	5.628
11	8	3.928	6.112
11	9	-0.583	7.475
11	10	-0.458	-5.520
11	11	-0.026	-5.691
11	12	-0.049	-6.085
11	13	0.480	-6.241
11	14	-2.240	5.049
11	15	-1.800	4.390
11	16	-2.054	3.804
11	21	5.446	2.647
11	22	6.132	2.201
11	25	-6.421	4.836
11	213	-4.639	-2.951
11	214	-4.492	-3.443
11	215	-3.151	-2.422
11	216	-2.915	-2.841
11	217	2.962	0.948
11	218	3.880	-2.570
11	219	3.965	0.559
11	220	3.520	1.351
11	273	-0.238	8.035
11	409	3.104	4.044
11	412	4.764	0.696
11	413	5.436	1.351
11	414	5.408	0.631
11	419	5.072	3.963
11	420	4.629	3.771
11	421	2.171	4.612
11	422	2.628	5.058
11	423	1.841	5.347
11	425	2.589	5.662
11	453	9.510	-1.823
11	454	9.201	-1.995
11	468	5.026	-2.957
11	473	4.547	-2.973
21	1	1.476	2.920
21	2	0.229	5.208
21	3	3.105	0.018
21	4	1.395	-3.889
21	5	0.872	5.087
21	6	1.789	6.384
21	7	4.411	5.240
21	8	3.838	5.754
21	9	-0.836	7.470
21	10	-0.456	-5.199
21	11	-0.034	-5.559
21	12	-0.113	-5.921
21	13	0.396	-6.084
21	14	-2.311	5.177
21	15	-1.796	4.557
21	16	-1.942	4.014
21	21	5.410	2.700
21	22	5.961	2.269
21	23	3.660	-4.927
21	25	-6.081	4.826
21	213	-5.112	-3.175
21	214	-4.870	-3.646
21	215	-3.579	-2.528
21	216	-3.388	-2.933
21	217	2.941	0.930
21	218	3.763	-2.640
21	219	3.845	0.552
21	220	3.580	1.350
21	273	-0.411	8.032
21	409	3.215	4.010
21	412	4.764	0.696
21	413	5.436	1.351
21	414	5.408	0.631
21	419	5.072	3.963
21	420	4.629	3.771
21	421	2.171	4.612
21	422	2.628	5.058
21	423	1.914	5.144
21	425	2.589	5.662
21	453	9.510	-1.823
21	454	9.201	-1.995
21	468	5.026	-2.957
21	473	4.547	-2.973
31	1	1.379	3.324
31	2	0.232	5.621
31	3	2.790	0.235
31	4	1.309	-3.718
31	5	0.767	4.725
31	6	1.741	6.189
31	7	4.294	5.007
31	8	3.771	5.500
31	9	-1.090	7.457
31	10	-0.489	-4.921
31	11	-0.016	-5.381
31	12	-0.172	-5.759
31	13	0.313	-5.937
31	14	-2.350	5.247
31	15	-1.791	4.756
31	16	-2.005	4.214
31	17	5.496	6.419
31	21	5.530	2.709
31	22	5.901	2.300
31	23	3.602	-4.715
31	25	-5.506	4.715
31	213	-5.396	-3.386
31	214	-5.173	-3.858
31	215	-3.944	-2.658
31	216	-3.774	-3.062
31	217	3.109	0.854
31	218	3.752	-2.810
31	219	3.899	0.582
31	220	3.621	1.313
31	273	-0.544	8.041
31	409	3.311	3.881
31	412	4.764	0.696
31	413	5.436	1.351
31	414	5.408	0.631
31	419	5.072	3.963
31	420	4.629	3.771
31	421	2.171	4.612
31	422	2.628	5.058
31	423	1.914	5.144
31	425	2.589	5.662
31	453	9.510	-1.823
31	454	9.201	-1.995
31	468	5.026	-2.957
31	473	4.547	-2.973
41	1	1.306	3.574
41	2	0.235	5.881
41	3	2.542	0.419
41	4	1.275	-3.532
41	5	0.428	3.966
41	6	1.659	5.994
41	7	4.122	4.789
41	8	3.711	5.266
41	9	-1.336	7.422
41	10	-0.577	-4.712
41	11	0.034	-5.164
41	12	-0.211	-5.570
41	13	0.274	-5.761
41	14	-2.356	5.257
41	15	-1.795	4.918
41	16	-2.126	4.363
41	17	5.153	5.702
41	18	3.529	6.795
41	21	5.480	2.661
41	22	5.786	2.390
41	23	3.516	-4.533
41	25	-4.841	4.530
41	213	-5.746	-3.636
41	214	-5.421	-4.090
41	215	-4.265	-2.821
41	216	-4.055	-3.226
41	217	3.087	0.910
41	218	3.735	-2.995
41	219	3.860	0.581
41	220	3.580	1.350
41	273	-0.683	8.036
41	409	3.396	3.717
41	412	4.764	0.696
41	413	5.436	1.351
41	414	5.408	0.631
41	419	5.072	3.963
41	420	4.629	3.771
41	421	2.171	4.612
41	422	2.628	5.058
41	423	1.914	5.144
41	425	2.589	5.662
41	453	9.510	-1.823
41	454	9.201	-1.995
41	468	5.026	-2.957
41	473	4.547	-2.973
51	1	1.179	3.962
51	2	0.237	6.298
51	3	2.092	0.737
51	4	1.366	-3.488
51	5	0.118	3.251
51	6	1.575	5.795
51	7	3.856	4.451
51	8	3.621	4.891
51	9	-1.523	7.381
51	10	-0.720	-4.454
51	11	0.111	-4.945
51	12	-0.232	-5.349
51	13	0.284	-5.554
51	14	-2.329	5.208
51	15	-1.814	4.992
51	16	-2.157	4.413
51	17	4.965	5.363
51	18	3.316	6.516
51	21	5.394	2.650
51	22	5.831	2.284
51	23	3.380	-4.396
51	24	4.406	-4.943
51	25	-4.458	4.410
51	74	-6.481	7.188
51	75	-0.644	-6.549
51	213	-6.021	-3.884
51	214	-5.735	-4.370
51	215	-4.741	-3.037
51	216	-4.379	-3.392
51	217	3.085	0.967
51	218	3.706	-3.186
51	219	3.762	0.638
51	220	3.622	1.276
51	273	-0.858	8.002
51	409	3.478	3.560
51	412	4.764	0.696
51	413	5.436	1.351
51	414	5.408	0.631
51	419	5.072	3.963
51	420	4.629	3.771
51	421	2.171	4.612
51	422	2.628	5.058
51	423	1.914	5.144
51	425	2.589	5.662
51	453	9.510	-1.823
51	454	9.201	-1.995
51	468	5.026	-2.957
51	473	4.547	-2.973
61	1	1.002	4.509
61	2	0.242	6.848
61	3	1.782	1.010
61	4	1.413	-3.481
61	5	-0.009	2.882
61	6	1.688	5.637
61	7	3.701	4.254
61	8	3.528	4.635
61	9	-1.596	7.351
61	10	-0.870	-4.166
61	11	0.143	-4.735
61	12	-0.242	-5.088
61	13	0.317	-5.332
61	14	-2.117	5.253
61	15	-1.708	4.768
61	16	-2.040	4.502
61	17	4.665	4.960
61	18	3.231	6.318
61	19	2.813	7.096
61	21	5.355	2.772
61	22	5.830	2.335
61	23	3.157	-4.219
61	24	4.238	-4.382
61	25	-4.041	4.308
61	74	-6.259	7.152
61	75	-0.664	-6.341
61	76	0.143	-6.446
61	213	-6.239	-4.147
61	214	-6.000	-4.641
61	215	-5.138	-3.271
61	216	-4.659	-3.583
61	217	3.022	1.023
61	218	3.698	-3.374
61	219	3.828	0.702
61	220	3.600	1.350
61	273	-1.064	7.940
61	409	3.564	3.389
61	412	4.814	0.836
61	413	5.436	1.351
61	414	5.408	0.631
61	419	5.072	3.963
61	420	4.629	3.771
61	421	2.171	4.612
61	422	2.628	5.058
61	423	1.914	5.144
61	425	2.589	5.662
61	453	9.510	-1.823
61	454	9.201	-1.995
61	468	5.026	-2.957
61	473	4.547	-2.973
71	1	0.896	4.855
71	2	0.255	7.139
71	3	1.648	1.255
71	4	1.318	-3.475
71	5	-0.297	2.017
71	6	1.795	5.553
71	7	3.489	3.990
71	8	3.416	4.450
71	9	-1.555	7.331
71	10	-0.929	-3.930
71	11	0.095	-4.535
71	12	-0.270	-4.838
71	13	0.360	-5.103
71	14	-2.031	5.242
71	15	-1.764	4.775
71	16	-2.127	4.533
71	17	4.301	4.468
71	18	3.163	6.098
71	19	2.840	6.935
71	21	5.335	2.876
71	22	5.727	2.391
71	23	2.951	-4.025
71	24	4.178	-4.073
71	25	-3.696	4.166
71	74	-6.185	7.213
71	75	-0.689	-6.139
71	76	0.126	-6.194
71	213	-6.512	-4.476
71	214	-6.200	-4.898
71	215	-5.361	-3.520
71	216	-4.866	-3.819
71	217	2.999	1.079
71	218	3.726	-3.562
71	219	3.921	0.770
71	220	3.541	1.332
71	273	-1.237	7.862
71	274	-1.483	8.376
71	409	3.635	3.217
71	412	4.814	0.836
71	413	5.436	1.351
71	414	5.408	0.631
71	419	5.072	3.963
71	420	4.629	3.771
71	421	2.300	4.614
71	422	2.628	5.058
71	423	1.914	5.144
71	425	2.589	5.662
71	453	9.510	-1.823
71	454	9.201	-1.995
71	468	5.026	-2.957
71	473	4.547	-2.973
81	1	0.813	5.153
81	2	0.292	7.640
81	3	1.410	1.720
81	4	1.203	-3.593
81	5	-0.477	1.447
81	6	1.793	5.554
81	7	3.197	3.624
81	8	3.255	4.179
81	9	-1.541	7.321
81	10	-0.946	-3.778
81	11	0.014	-4.307
81	12	-0.343	-4.636
81	13	0.366	-4.887
81	14	-2.117	5.253
81	15	-1.793	4.800
81	16	-2.462	4.719
81	17	4.140	4.230
81	18	3.107	5.871
81	19	2.905	6.773
81	21	5.464	3.155
81	22	5.758	2.474
81	23	2.847	-3.815
81	24	4.064	-3.477
81	25	-3.422	3.928
81	74	-6.163	7.246
81	75	-0.694	-5.928
81	76	0.109	-5.925
81	213	-6.843	-4.877
81	214	-6.432	-5.201
81	215	-5.659	-3.877
81	216	-5.126	-4.135
81	217	3.020	1.060
81	218	3.771	-3.801
81	219	3.981	0.806
81	220	3.539	1.387
81	273	-1.363	7.779
81	274	-1.667	8.363
81	409	3.881	3.026
81	412	4.814	0.836
81	413	5.436	1.351
81	414	5.408	0.631
81	419	5.072	3.963
81	420	4.629	3.771
81	421	2.300	4.614
81	422	2.628	5.058
81	423	1.914	5.144
81	425	2.589	5.662
81	453	9.510	-1.823
81	454	9.201	-1.995
81	468	5.026	-2.957
81	473	4.547	-2.973
91	1	0.656	5.682
91	2	0.321	8.030
91	3	1.193	2.147
91	4	1.366	-3.488
91	5	-0.562	1.061
91	6	1.781	5.563
91	7	3.051	3.406
91	8	3.107	3.951
91	9	-1.652	7.322
91	10	-0.959	-3.714
91	11	-0.082	-4.051
91	12	-0.438	-4.453
91	13	0.330	-4.671
91	14	-2.175	5.283
91	15	-1.687	5.024
91	16	-2.452	4.746
91	17	3.777	3.689
91	18	3.098	5.675
91	19	3.021	6.620
91	20	3.319	6.959
91	21	5.517	3.623
91	22	5.810	2.940
91	23	2.651	-3.373
91	24	4.014	-3.137
91	25	-3.025	3.586
91	74	-6.100	7.129
91	75	-0.674	-5.712
91	76	0.100	-5.698
91	213	-7.186	-5.292
91	214	-6.703	-5.556
91	215	-6.031	-4.322
91	216	-5.392	-4.456
91	217	3.019	1.098
91	218	3.819	-4.067
91	219	4.006	0.807
91	220	3.643	1.257
91	273	-1.548	7.743
91	274	-1.775	8.362
91	409	3.949	2.733
91	412	4.865	0.942
91	413	5.436	1.351
91	414	5.408	0.631
91	419	5.072	3.963
91	420	4.629	3.771
91	421	2.300	4.614
91	422	2.628	5.058
91	423	1.914	5.144
91	425	2.589	5.662
91	453	9.510	-1.823
91	454	9.201	-1.995
91	468	5.026	-2.957
91	473	4.547	-2.973
101	1	0.537	6.146
101	3	1.067	2.399
101	4	1.293	-3.418
101	5	-0.729	0.276
101	6	1.877	5.487
101	7	2.868	3.080
101	8	2.963	3.772
101	9	-1.891	7.332
101	10	-0.965	-3.582
101	11	-0.146	-3.816
101	12	-0.537	-4.271
101	13	0.269	-4.389
101	14	-2.206	5.375
101	15	-1.632	5.060
101	16	-2.576	4.741
101	17	3.482	3.234
101	18	3.105	5.430
101	19	3.096	6.560
101	20	3.416	6.844
101	21	5.642	3.945
101	22	5.826	3.440
101	23	2.529	-3.048
101	24	3.960	-2.525
101	25	-2.799	3.333
101	74	-6.004	6.900
101	75	-0.633	-5.514
101	76	0.103	-5.492
101	213	-7.480	-5.647
101	214	-7.013	-5.962
101	215	-6.323	-4.683
101	216	-5.604	-4.709
101	217	3.060	1.135
101	218	3.854	-4.277
101	219	3.996	0.774
101	220	3.599	1.386
101	273	-1.823	7.760
101	274	-1.832	8.366
101	409	4.161	2.664
101	412	4.865	0.942
101	413	5.436	1.351
101	414	5.408	0.631
101	419	5.072	3.963
101	420	4.629	3.771
101	421	2.300	4.614
101	422	2.628	5.058
101	423	1.914	5.144
101	425	2.589	5.662
101	453	9.510	-1.823
101	454	9.201	-1.995
101	468	5.026	-2.957
101	473	4.547	-2.973
111	1	0.512	6.407
111	3	0.846	2.862
111	4	1.434	-3.418
111	5	-0.878	-0.285
111	6	2.082	5.405
111	7	2.613	2.625
111	8	2.683	3.435
111	9	-2.359	7.365
111	10	-0.965	-3.331
111	11	-0.184	-3.575
111	12	-0.596	-4.073
111	13	0.200	-4.068
111	14	-2.235	5.379
111	15	-1.419	5.375
111	16	-2.610	4.777
111	17	3.347	2.977
111	18	3.092	5.196
111	19	3.126	6.585
111	20	3.475	6.798
111	21	5.344	4.330
111	22	5.896	3.892
111	23	2.452	-2.721
111	24	3.947	-2.044
111	25	-2.527	2.960
111	74	-5.905	6.709
111	75	-0.595	-5.329
111	76	0.120	-5.293
111	213	-7.720	-5.938
111	214	-7.310	-6.349
111	215	-6.520	-4.945
111	216	-5.838	-5.003
111	217	2.975	1.192
111	218	3.886	-4.496
111	219	3.951	0.707
111	220	3.563	1.277
111	273	-2.189	7.802
111	274	-1.952	8.353
111	409	4.174	2.654
111	412	4.865	0.942
111	413	5.436	1.351
111	414	5.408	0.631
111	419	5.072	3.963
111	420	4.629	3.771
111	421	2.300	4.614
111	422	2.628	5.058
111	423	1.914	5.144
111	425	2.589	5.662
111	453	9.510	-1.823
111	454	9.201	-1.995
111	468	5.026	-2.957
111	473	4.547	-2.973
121	1	0.501	6.793
121	3	0.589	3.381
121	4	1.413	-3.481
121	5	-1.043	-0.625
121	6	2.082	5.405
121	7	2.474	2.379
121	8	2.428	3.125
121	9	-2.888	7.391
121	10	-0.963	-2.938
121	11	-0.251	-3.174
121	12	-0.633	-3.846
121	13	0.174	-3.809
121	14	-2.322	5.390
121	15	-1.392	5.564
121	16	-2.683	4.930
121	17	3.073	2.415
121	18	3.037	5.016
121	19	3.147	6.539
121	20	3.529	6.675
121	21	5.363	4.657
121	22	6.111	4.300
121	23	2.335	-2.227
121	24	4.064	-1.500
121	25	-2.229	2.548
121	74	-5.842	6.495
121	75	-0.624	-5.135
121	76	0.112	-5.097
121	214	-7.572	-6.692
121	215	-6.705	-5.192
121	216	-6.085	-5.290
121	217	2.723	1.246
121	218	3.930	-4.794
121	219	3.869	0.604
121	220	3.521	1.314
121	273	-2.594	7.844
121	274	-2.147	8.320
121	409	4.383	2.503
121	412	4.903	0.889
121	413	5.436	1.351
121	414	5.408	0.631
121	419	5.072	3.963
121	420	4.629	3.771
121	421	2.300	4.614
121	422	2.628	5.058
121	423	1.914	5.144
121	425	2.589	5.662
121	453	9.510	-1.823
121	454	9.201	-1.995
121	468	5.026	-2.957
121	473	4.547	-2.973
131	1	0.485	7.359
131	3	0.422	3.645
131	4	1.388	-3.424
131	5	-1.409	-1.394
131	6	2.013	5.511
131	7	2.306	2.075
131	8	2.276	2.935
131	9	-3.193	7.365
131	10	-0.963	-2.613
131	11	-0.312	-2.754
131	12	-0.678	-3.576
131	13	0.181	-3.550
131	14	-2.265	5.404
131	15	-1.430	5.782
131	16	-2.771	5.133
131	17	2.815	1.955
131	18	2.970	4.800
131	19	3.168	6.388
131	20	3.589	6.490
131	21	5.406	4.920
131	22	6.044	4.820
131	23	2.258	-1.963
131	24	4.189	-0.849
131	25	-2.040	2.285
131	74	-5.841	6.302
131	75	-0.700	-4.928
131	76	0.061	-4.902
131	214	-7.798	-6.988
131	215	-6.889	-5.440
131	216	-6.344	-5.542
131	217	2.653	1.085
131	218	3.982	-5.146
131	219	3.762	0.470
131	220	3.427	1.113
131	273	-2.913	7.843
131	274	-2.395	8.260
131	409	4.415	2.333
131	412	4.903	0.889
131	413	5.436	1.351
131	414	5.408	0.631
131	419	5.072	3.963
131	420	4.629	3.771
131	421	2.300	4.614
131	422	2.628	5.058
131	423	1.914	5.144
131	425	2.589	5.662
131	453	9.510	-1.823
131	454	9.201	-1.995
131	468	5.026	-2.957
131	473	4.547	-2.973
141	1	0.473	7.806
141	3	0.157	3.997
141	4	1.319	-3.495
141	5	-1.740	-1.926
141	6	2.013	5.511
141	7	2.070	1.652
141	8	2.017	2.622
141	9	-3.494	7.332
141	10	-0.966	-2.358
141	11	-0.321	-2.492
141	12	-0.716	-3.321
141	13	0.193	-3.151
141	14	-2.524	5.648
141	15	-1.460	6.013
141	16	-2.840	5.291
141	17	2.602	1.770
141	18	2.882	4.610
141	19	3.191	6.217
141	20	3.664	6.308
141	21	5.305	5.359
141	22	6.028	5.315
141	23	2.144	-1.590
141	24	4.171	-0.489
141	25	-1.521	1.876
141	74	-5.924	6.238
141	75	-0.795	-4.706
141	76	-0.010	-4.699
141	215	-7.075	-5.688
141	216	-6.682	-5.867
141	217	2.585	0.967
141	218	4.025	-5.435
141	219	3.718	0.344
141	220	3.390	1.002
141	273	-3.322	7.816
141	274	-2.646	8.159
141	409	4.410	2.191
141	412	4.903	0.889
141	413	5.436	1.351
141	414	5.408	0.631
141	419	5.072	3.963
141	420	4.629	3.771
141	421	2.300	4.614
141	422	2.628	5.058
141	423	1.914	5.144
141	425	2.589	5.662
141	453	9.510	-1.823
141	454	9.201	-1.995
141	468	5.026	-2.957
141	473	4.547	-2.973
151	3	-0.193	4.466
151	4	1.437	-3.498
151	5	-2.079	-2.157
151	6	2.013	5.511
151	7	1.923	1.401
151	8	1.747	2.284
151	9	-3.794	7.298
151	10	-0.973	-1.994
151	11	-0.314	-2.150
151	12	-0.745	-3.086
151	13	0.206	-2.724
151	14	-2.418	5.711
151	15	-1.487	6.247
151	16	-2.857	5.574
151	17	2.349	1.545
151	18	2.797	4.494
151	19	3.218	6.069
151	20	3.731	6.128
151	21	5.209	5.781
151	22	5.781	5.656
151	23	2.003	-1.150
151	24	4.113	0.254
151	25	-1.511	1.508
151	26	-1.121	7.744
151	28	3.453	7.306
151	74	-6.055	6.278
151	75	-0.853	-4.484
151	76	-0.086	-4.487
151	215	-7.263	-5.941
151	216	-7.099	-6.269
151	217	2.536	0.830
151	219	3.721	0.258
151	220	3.357	0.762
151	273	-3.837	7.781
151	274	-2.906	8.074
151	409	4.518	2.041
151	412	4.903	0.889
151	413	5.436	1.351
151	414	5.408	0.631
151	419	5.072	3.963
151	420	4.629	3.771
151	421	2.299	4.671
151	422	2.628	5.058
151	423	1.914	5.144
151	425	2.589	5.662
151	453	9.510	-1.823
151	454	9.201	-1.995
151	468	5.026	-2.957
151	473	4.547	-2.973
161	3	-0.376	4.754
161	4	1.295	-3.478
161	5	-2.752	-2.602
161	6	1.923	5.564
161	7	1.727	1.126
161	8	1.608	2.072
161	9	-4.130	7.272
161	10	-0.978	-1.609
161	11	-0.305	-1.705
161	12	-0.795	-2.732
161	13	0.214	-2.442
161	14	-2.366	5.989
161	15	-1.593	6.461
161	16	-2.956	5.923
161	17	2.225	1.218
161	18	2.753	4.433
161	19	3.243	5.933
161	20	3.753	5.950
161	21	5.227	5.897
161	22	5.747	5.793
161	23	1.894	-0.911
161	24	4.087	0.606
161	25	-1.535	1.270
161	26	-1.099	7.234
161	28	3.565	7.079
161	74	-6.013	6.261
161	75	-0.866	-4.276
161	76	-0.139	-4.279
161	215	-7.455	-6.199
161	216	-7.485	-6.640
161	217	2.502	0.612
161	219	3.628	0.292
161	220	3.220	0.594
161	273	-4.188	7.754
161	274	-3.192	8.105
161	409	4.442	1.900
161	412	4.903	0.889
161	413	5.436	1.351
161	414	5.408	0.631
161	419	5.072	3.963
161	420	4.629	3.771
161	421	2.299	4.671
161	422	2.628	5.058
161	423	1.977	5.230
161	425	2.589	5.662
161	453	9.510	-1.823
161	454	9.201	-1.995
161	468	5.026	-2.957
161	473	4.547	-2.973
171	3	-0.553	5.078
171	4	1.413	-3.481
171	5	-3.360	-2.992
171	6	2.013	5.511
171	7	1.432	0.719
171	8	1.416	1.782
171	9	-4.598	7.269
171	10	-0.969	-1.336
171	11	-0.302	-1.397
171	12	-0.837	-2.364
171	13	0.227	-2.141
171	14	-2.429	6.152
171	15	-1.769	6.646
171	16	-2.960	6.080
171	17	2.120	0.911
171	18	2.671	4.323
171	19	3.253	5.780
171	20	3.748	5.755
171	21	5.236	6.002
171	22	5.727	5.933
171	23	1.729	-0.508
171	24	4.028	1.404
171	25	-1.443	1.007
171	26	-1.173	6.904
171	28	3.677	6.842
171	74	-5.764	6.161
171	75	-0.883	-4.115
171	76	-0.178	-4.060
171	216	-7.794	-6.937
171	217	2.444	0.239
171	219	3.507	0.353
171	220	3.066	0.494
171	273	-4.658	7.738
171	274	-3.469	8.184
171	409	4.615	1.896
171	412	4.903	0.889
171	413	5.436	1.351
171	414	5.408	0.631
171	419	5.072	3.963
171	420	4.629	3.771
171	421	2.299	4.671
171	422	2.628	5.058
171	423	1.977	5.230
171	425	2.589	5.662
171	453	9.510	-1.823
171	454	9.201	-1.995
171	468	5.026	-2.957
171	473	4.547	-2.973
181	3	-0.745	5.444
181	4	1.318	-3.475
181	5	-3.713	-3.187
181	6	2.013	5.511
181	7	1.323	0.437
181	8	1.183	1.418
181	9	-4.958	7.195
181	10	-0.958	-1.064
181	11	-0.302	-1.114
181	12	-0.832	-2.102
181	13	0.252	-1.661
181	14	-2.671	6.456
181	15	-1.956	6.775
181	16	-3.117	6.350
181	17	2.003	0.463
181	18	2.777	4.291
181	19	3.245	5.606
181	20	3.748	5.507
181	21	5.217	6.172
181	22	5.728	6.106
181	23	1.529	-0.253
181	24	3.994	1.888
181	25	-1.411	0.855
181	26	-1.322	6.351
181	27	4.870	6.558
181	28	3.743	6.647
181	29	4.367	6.796
181	74	-5.634	6.074
181	75	-0.908	-3.995
181	76	-0.229	-3.802
181	217	2.415	-0.028
181	219	3.654	0.249
181	220	3.164	0.425
181	273	-5.080	7.687
181	274	-3.696	8.225
181	409	4.656	1.788
181	412	4.903	0.889
181	413	5.436	1.351
181	414	5.408	0.631
181	419	5.072	3.963
181	420	4.629	3.771
181	421	2.299	4.671
181	422	2.628	5.058
181	423	1.977	5.230
181	425	2.589	5.662
181	453	9.510	-1.823
181	454	9.201	-1.995
181	468	5.026	-2.957
181	473	4.547	-2.973
191	3	-0.841	5.700
191	4	1.343	-3.511
191	5	-4.296	-3.471
191	6	2.013	5.511
191	7	1.340	0.230
191	8	1.110	1.174
191	9	-5.128	7.038
191	10	-0.948	-0.720
191	11	-0.298	-0.657
191	12	-0.822	-1.655
191	13	0.262	-1.234
191	14	-2.709	6.772
191	15	-1.877	6.950
191	16	-3.062	6.565
191	17	1.898	0.092
191	18	2.777	4.291
191	19	3.233	5.398
191	20	3.734	5.277
191	21	5.335	6.044
191	22	5.861	5.906
191	23	1.009	-0.091
191	24	3.957	2.509
191	25	-1.270	0.769
191	26	-1.414	5.963
191	27	4.691	5.998
191	28	3.874	6.355
191	29	4.286	6.414
191	30	4.026	6.892
191	74	-5.651	6.052
191	75	-0.906	-3.842
191	76	-0.278	-3.534
191	217	2.350	-0.188
191	219	3.674	0.249
191	220	3.120	0.499
191	273	-5.410	7.565
191	274	-3.933	8.371
191	409	4.639	1.736
191	412	4.903	0.889
191	413	5.436	1.351
191	414	5.408	0.631
191	419	5.072	3.963
191	420	4.629	3.771
191	421	2.299	4.671
191	422	2.628	5.058
191	423	1.977	5.230
191	425	2.589	5.662
191	453	9.510	-1.823
191	454	9.201	-1.995
191	468	5.026	-2.957
191	473	4.547	-2.973
201	3	-0.960	5.987
201	4	1.295	-3.478
201	5	-4.968	-3.817
201	6	2.013	5.511
201	7	1.347	0.019
201	8	1.093	0.943
201	9	-5.184	6.877
201	10	-0.896	-0.474
201	11	-0.299	-0.202
201	12	-0.788	-1.211
201	13	0.242	-0.979
201	14	-2.655	7.005
201	15	-1.966	7.139
201	16	-2.946	6.724
201	17	1.738	-0.321
201	18	2.777	4.291
201	19	3.221	5.155
201	20	3.692	5.083
201	21	5.363	6.224
201	22	5.967	6.164
201	23	0.607	0.120
201	24	3.919	3.059
201	25	-1.263	0.488
201	26	-1.563	5.312
201	27	4.634	5.739
201	28	3.950	6.357
201	29	4.167	5.872
201	30	4.131	6.661
201	74	-5.399	6.070
201	75	-0.871	-3.639
201	76	-0.303	-3.304
201	77	0.567	-6.048
201	78	0.026	-6.206
201	217	2.365	-0.261
201	219	3.529	0.482
201	220	2.997	0.460
201	273	-5.930	7.370
201	274	-4.137	8.535
201	409	4.677	1.682
201	412	4.903	0.889
201	413	5.436	1.351
201	414	5.408	0.631
201	419	5.072	3.963
201	420	4.629	3.771
201	421	2.299	4.671
201	422	2.628	5.058
201	423	1.977	5.230
201	425	2.589	5.662
201	453	9.510	-1.823
201	454	9.201	-1.995
201	468	5.026	-2.957
201	473	4.547	-2.973
211	3	-1.150	6.258
211	4	1.390	-3.505
211	5	-5.301	-4.083
211	6	2.013	5.511
211	7	1.302	-0.215
211	8	1.061	0.711
211	9	-5.316	6.781
211	10	-0.836	-0.275
211	11	-0.318	0.079
211	12	-0.701	-0.960
211	13	0.184	-0.681
211	14	-2.899	7.271
211	15	-1.889	7.404
211	16	-3.131	6.890
211	17	1.592	-0.778
211	18	2.777	4.291
211	19	3.201	4.940
211	20	3.611	4.761
211	21	5.284	6.560
211	22	5.877	6.397
211	23	0.485	0.354
211	24	3.822	3.588
211	25	-1.337	0.162
211	26	-1.586	4.959
211	27	4.565	5.336
211	28	4.072	6.103
211	29	4.090	5.627
211	30	4.250	6.445
211	74	-5.265	6.066
211	75	-0.851	-3.419
211	76	-0.319	-3.070
211	77	0.609	-5.785
211	78	0.001	-5.926
211	217	2.509	-0.217
211	219	3.618	1.022
211	220	3.018	0.441
211	273	-6.407	7.189
211	274	-4.283	8.653
211	409	4.752	1.645
211	412	4.903	0.889
211	413	5.436	1.351
211	414	5.408	0.631
211	419	5.072	3.963
211	420	4.629	3.771
211	421	2.299	4.671
211	422	2.628	5.058
211	423	1.977	5.230
211	425	2.589	5.662
211	453	9.510	-1.823
211	454	9.201	-1.995
211	468	5.026	-2.957
211	473	4.547	-2.973
221	3	-1.407	6.655
221	4	1.342	-3.471
221	5	-5.806	-4.626
221	6	2.013	5.511
221	7	1.235	-0.553
221	8	0.993	0.252
221	9	-5.630	6.783
221	10	-0.779	-0.087
221	11	-0.363	0.408
221	12	-0.570	-0.612
221	13	0.109	-0.309
221	14	-2.963	7.439
221	15	-1.926	7.756
221	16	-3.132	6.935
221	17	1.623	-1.148
221	18	2.777	4.291
221	19	3.175	4.748
221	20	3.532	4.436
221	22	5.690	6.820
221	23	0.412	0.579
221	24	3.826	4.017
221	25	-1.326	-0.272
221	26	-1.604	4.292
221	27	4.515	5.043
221	28	4.177	5.873
221	29	3.956	5.209
221	30	4.398	6.256
221	74	-5.342	6.026
221	75	-0.861	-3.197
221	76	-0.344	-2.794
221	77	0.650	-5.507
221	78	-0.023	-5.640
221	217	2.593	-0.254
221	219	3.708	1.366
221	220	3.205	0.425
221	273	-6.739	7.060
221	274	-4.482	8.815
221	409	4.733	1.645
221	412	4.903	0.889
221	413	5.436	1.351
221	414	5.408	0.631
221	419	5.072	3.963
221	420	4.629	3.771
221	421	2.299	4.671
221	422	2.628	5.058
221	423	1.977	5.230
221	425	2.589	5.662
221	453	9.510	-1.823
221	454	9.201	-1.995
221	468	5.026	-2.957
221	473	4.547	-2.973
231	3	-1.678	6.854
231	4	1.319	-3.515
231	5	-6.183	-5.060
231	6	2.013	5.511
231	7	1.173	-0.794
231	8	0.930	-0.074
231	9	-5.972	6.828
231	10	-0.712	0.111
231	11	-0.433	0.912
231	12	-0.444	-0.306
231	13	0.116	-0.036
231	14	-2.966	7.551
231	15	-1.952	7.997
231	16	-3.074	7.059
231	17	1.693	-1.860
231	18	2.777	4.291
231	19	3.149	4.501
231	20	3.485	4.216
231	23	0.353	0.889
231	24	4.064	4.220
231	25	-1.343	-0.664
231	26	-1.602	3.940
231	27	4.529	4.855
231	28	4.329	5.699
231	29	3.842	4.988
231	30	4.621	5.972
231	31	2.055	7.430
231	73	-6.146	6.097
231	74	-5.393	6.012
231	75	-0.790	-2.996
231	76	-0.357	-2.532
231	77	0.650	-5.271
231	78	-0.037	-5.407
231	217	2.725	-0.231
231	219	3.906	1.810
231	220	3.168	0.471
231	273	-7.232	6.867
231	409	4.770	1.627
231	412	4.903	0.889
231	413	5.436	1.351
231	414	5.408	0.631
231	419	5.072	3.963
231	420	4.629	3.771
231	421	2.299	4.671
231	422	2.628	5.058
231	423	1.977	5.230
231	425	2.589	5.662
231	453	9.510	-1.823
231	454	9.201	-1.995
231	468	5.026	-2.957
231	473	4.547	-2.973
241	3	-1.921	6.944
241	4	1.436	-3.478
241	5	-6.468	-5.436
241	6	2.013	5.511
241	7	1.069	-1.125
241	8	0.847	-0.402
241	9	-6.297	6.833
241	10	-0.632	0.324
241	11	-0.477	1.302
241	12	-0.335	-0.091
241	13	0.187	0.208
241	14	-2.818	7.610
241	15	-1.883	8.262
241	16	-3.016	7.137
241	17	1.732	-2.206
241	18	2.777	4.291
241	19	3.115	4.245
241	20	3.411	3.816
241	23	0.228	1.085
241	24	4.211	4.368
241	25	-1.304	-1.097
241	26	-1.573	3.295
241	27	4.424	4.766
241	28	4.553	5.447
241	29	3.689	4.777
241	30	4.809	5.746
241	31	1.627	7.316
241	73	-6.030	5.884
241	74	-5.254	6.070
241	75	-0.623	-2.831
241	76	-0.351	-2.313
241	77	0.620	-5.052
241	78	-0.035	-5.172
241	217	2.860	-0.215
241	219	4.142	2.274
241	220	3.200	0.440
241	273	-7.717	6.677
241	409	4.788	1.661
241	412	4.903	0.889
241	413	5.436	1.351
241	414	5.408	0.631
241	419	5.313	4.070
241	420	4.628	3.789
241	421	2.299	4.671
241	422	2.628	5.058
241	423	1.977	5.230
241	425	2.589	5.662
241	468	5.026	-2.957
241	473	4.547	-2.973
251	3	-2.145	7.027
251	4	1.365	-3.468
251	5	-6.924	-6.040
251	6	1.812	5.581
251	7	0.970	-1.476
251	8	0.738	-0.811
251	9	-6.608	6.747
251	10	-0.545	0.553
251	11	-0.484	1.558
251	12	-0.206	0.166
251	13	0.281	0.550
251	14	-2.645	7.752
251	15	-1.775	8.431
251	16	-3.080	7.283
251	17	1.820	-2.808
251	18	2.974	4.619
251	19	3.058	4.051
251	20	3.320	3.375
251	23	0.286	1.327
251	24	4.404	4.464
251	25	-1.461	-1.501
251	26	-1.574	2.832
251	27	3.967	4.752
251	28	4.722	5.256
251	29	3.591	4.547
251	30	4.976	5.566
251	31	0.780	7.070
251	73	-5.913	5.716
251	74	-4.977	6.198
251	75	-0.474	-2.753
251	76	-0.368	-2.118
251	77	0.596	-4.765
251	78	-0.009	-4.896
251	217	2.870	-0.238
251	219	4.459	2.548
251	220	3.181	0.414
251	409	4.788	1.661
251	412	4.903	0.889
251	413	5.436	1.351
251	414	5.408	0.631
251	419	5.329	4.102
251	420	4.609	3.808
251	421	2.299	4.671
251	422	2.628	5.058
251	423	1.977	5.230
251	425	2.902	5.647
251	468	5.026	-2.957
251	473	4.547	-2.973
261	3	-2.419	7.097
261	4	1.365	-3.468
261	5	-7.409	-6.681
261	6	1.812	5.581
261	7	0.939	-1.727
261	8	0.639	-1.059
261	9	-6.961	6.639
261	10	-0.468	0.772
261	11	-0.476	1.945
261	12	-0.076	0.420
261	13	0.382	0.888
261	14	-2.645	7.907
261	15	-1.917	8.615
261	16	-3.208	7.576
261	17	1.871	-3.313
261	18	3.133	4.782
261	19	2.936	3.724
261	20	3.233	3.145
261	23	-0.044	1.415
261	24	4.345	4.741
261	25	-1.393	-1.977
261	26	-1.640	2.390
261	27	3.810	4.601
261	28	4.980	4.959
261	29	3.477	4.262
261	30	5.174	5.355
261	31	0.388	6.951
261	32	1.083	7.773
261	73	-5.608	5.639
261	74	-4.667	6.347
261	75	-0.375	-2.672
261	76	-0.377	-1.934
261	77	0.552	-4.486
261	78	-0.004	-4.625
261	217	2.985	-0.158
261	219	4.910	2.915
261	220	3.243	0.541
261	409	4.788	1.661
261	412	4.873	0.696
261	413	5.436	1.351
261	414	5.408	0.631
261	419	5.295	4.089
261	420	4.589	3.863
261	421	2.299	4.671
261	422	2.628	5.058
261	423	1.977	5.230
261	425	2.902	5.647
261	468	5.026	-2.957
261	473	4.547	-2.973
271	3	-2.666	7.112
271	4	1.366	-3.508
271	5	-7.732	-7.107
271	6	1.812	5.581
271	7	0.898	-2.133
271	8	0.447	-1.444
271	9	-7.357	6.518
271	10	-0.397	0.994
271	11	-0.464	2.444
271	12	0.040	0.622
271	13	0.474	1.119
271	14	-2.406	8.052
271	16	-3.083	7.800
271	17	1.851	-3.596
271	18	3.189	4.921
271	19	2.752	3.231
271	20	3.053	2.801
271	23	-0.323	1.597
271	24	4.521	4.867
271	25	-1.327	-2.343
271	26	-1.731	1.744
271	27	3.732	4.284
271	28	5.202	4.720
271	29	3.398	4.035
271	30	5.369	5.180
271	31	-0.233	6.752
271	32	0.616	7.566
271	73	-5.260	5.581
271	74	-4.330	6.351
271	75	-0.344	-2.488
271	76	-0.295	-1.739
271	77	0.461	-4.286
271	78	-0.069	-4.413
271	217	3.113	-0.070
271	219	5.190	3.073
271	220	3.450	0.935
271	409	4.788	1.661
271	412	4.873	0.696
271	413	5.436	1.351
271	414	5.408	0.631
271	419	5.329	4.102
271	420	4.526	4.115
271	421	2.299	4.671
271	422	2.627	5.096
271	423	1.915	5.105
271	425	2.986	5.596
271	468	5.026	-2.957
271	473	4.547	-2.973
281	3	-2.886	7.196
281	4	1.242	-3.478
281	6	1.812	5.581
281	7	0.864	-2.472
281	8	0.326	-1.783
281	9	-7.729	6.405
281	10	-0.291	1.301
281	11	-0.493	2.812
281	12	0.192	0.847
281	13	0.587	1.341
281	14	-2.200	8.176
281	16	-2.920	8.092
281	17	1.820	-4.075
281	18	3.189	4.921
281	19	2.636	2.918
281	20	2.858	2.404
281	23	-0.572	1.804
281	24	4.597	5.400
281	25	-1.232	-2.814
281	26	-1.725	1.413
281	27	3.706	4.045
281	28	5.469	4.516
281	29	3.286	3.715
281	30	5.643	4.936
281	31	-0.935	6.528
281	32	-0.156	7.305
281	73	-4.919	5.522
281	74	-3.910	6.303
281	75	-0.375	-2.359
281	76	-0.150	-1.570
281	77	0.323	-4.051
281	78	-0.210	-4.211
281	217	3.100	-0.195
281	219	5.545	3.276
281	220	3.590	1.240
281	409	4.788	1.661
281	412	4.873	0.696
281	413	5.436	1.351
281	414	5.408	0.631
281	419	5.294	4.123
281	420	4.633	4.207
281	421	2.299	4.671
281	422	2.627	5.096
281	423	1.915	5.105
281	425	2.986	5.596
281	468	5.026	-2.957
281	473	4.547	-2.973
291	3	-3.093	7.390
291	4	1.245	-3.282
291	6	1.812	5.581
291	7	0.837	-2.745
291	8	0.326	-2.024
291	10	-0.182	1.632
291	11	-0.575	3.059
291	12	0.369	1.101
291	13	0.736	1.616
291	14	-1.940	8.328
291	16	-2.777	8.349
291	17	1.781	-4.518
291	18	3.189	4.921
291	19	2.528	2.635
291	20	2.786	2.160
291	23	-0.767	2.073
291	24	4.831	5.905
291	25	-1.196	-3.115
291	26	-1.669	0.771
291	27	3.685	3.585
291	28	5.599	4.321
291	29	3.246	3.488
291	30	5.726	4.744
291	31	-1.318	6.404
291	32	-0.605	7.112
291	73	-4.585	5.483
291	74	-3.864	6.327
291	75	-0.460	-2.319
291	76	0.014	-1.438
291	77	0.165	-3.780
291	78	-0.428	-3.926
291	217	2.995	-0.142
291	219	5.745	3.398
291	220	3.661	1.512
291	409	4.788	1.661
291	412	4.873	0.696
291	413	5.436	1.351
291	414	5.408	0.631
291	419	5.292	4.175
291	420	4.759	4.243
291	421	2.299	4.671
291	422	2.627	5.096
291	423	1.915	5.105
291	425	3.135	5.387
291	468	5.026	-2.957
291	473	4.547	-2.973
301	3	-3.287	7.579
301	4	1.269	-3.059
301	6	1.812	5.581
301	7	0.794	-3.153
301	8	0.325	-2.332
301	10	-0.130	1.875
301	11	-0.759	3.421
301	12	0.455	1.325
301	13	0.854	1.873
301	14	-1.685	8.479
301	17	1.734	-4.778
301	18	3.189	4.921
301	19	2.309	2.086
301	20	2.665	1.699
301	23	-0.998	2.406
301	24	5.279	6.489
301	25	-1.152	-3.538
301	26	-1.646	0.289
301	27	3.660	3.243
301	28	5.634	4.172
301	29	3.217	3.103
301	30	5.827	4.482
301	31	-2.069	6.158
301	32	-1.059	6.774
301	73	-4.248	5.458
301	74	-4.106	6.407
301	75	-0.302	-2.349
301	76	0.016	-1.297
301	77	0.047	-3.576
301	78	-0.587	-3.666
301	79	-7.475	-6.096
301	217	3.056	-0.121
301	219	6.020	3.568
301	220	3.756	1.820
301	409	4.788	1.661
301	412	4.873	0.696
301	413	5.436	1.351
301	414	5.408	0.631
301	419	5.165	4.345
301	420	4.496	4.504
301	421	2.299	4.671
301	422	2.627	5.096
301	423	1.915	5.105
301	425	3.135	5.387
301	468	5.026	-2.957
301	473	4.547	-2.973
311	3	-3.494	7.772
311	4	1.286	-2.832
311	6	1.812	5.581
311	7	0.787	-3.412
311	8	0.347	-2.574
311	10	0.363	2.103
311	11	-0.919	3.808
311	12	0.491	1.584
311	13	0.916	2.085
311	17	1.652	-5.109
311	18	3.256	4.728
311	19	2.099	1.524
311	20	2.554	1.232
311	23	-1.104	2.669
311	25	-1.071	-3.792
311	26	-1.665	-0.114
311	27	3.615	2.909
311	28	5.726	3.935
311	29	3.179	2.768
311	30	5.824	4.291
311	31	-2.465	6.085
311	32	-1.633	6.366
311	73	-3.906	5.432
311	74	-4.183	6.437
311	75	-0.285	-2.168
311	76	0.027	-1.164
311	77	-0.077	-3.375
311	78	-0.665	-3.434
311	79	-7.052	-5.708
311	217	3.056	-0.121
311	219	6.146	3.651
311	220	3.902	2.028
311	409	4.788	1.661
311	412	4.873	0.696
311	413	5.436	1.351
311	414	5.408	0.631
311	419	5.001	4.504
311	420	4.360	4.698
311	421	2.299	4.671
311	422	2.627	5.096
311	423	1.915	5.105
311	425	3.135	5.387
311	468	5.026	-2.957
311	473	4.547	-2.973
321	3	-3.724	7.967
321	4	1.225	-2.641
321	6	1.882	5.474
321	7	0.777	-3.705
321	8	0.410	-2.875
321	10	-0.049	2.561
321	11	-0.864	4.030
321	12	0.547	1.978
321	13	0.993	2.372
321	17	1.576	-5.442
321	18	3.256	4.728
321	19	2.027	1.222
321	20	2.524	0.980
321	23	-1.250	3.087
321	25	-0.955	-4.191
321	26	-1.699	-0.799
321	27	3.546	2.412
321	28	5.685	3.672
321	29	3.109	2.456
321	30	5.720	4.112
321	31	-3.121	6.005
321	32	-2.013	6.198
321	73	-3.576	5.404
321	74	-4.090	6.415
321	75	-0.107	-2.097
321	76	-0.159	-1.143
321	77	-0.217	-3.152
321	78	-0.762	-3.099
321	79	-6.478	-5.183
321	217	3.036	-0.141
321	219	6.189	3.653
321	220	4.177	2.405
321	409	4.788	1.661
321	412	4.873	0.696
321	413	5.436	1.351
321	414	5.408	0.631
321	419	4.802	4.670
321	420	4.148	4.946
321	421	2.299	4.671
321	422	2.627	5.096
321	423	1.915	5.105
321	425	3.135	5.387
321	468	5.026	-2.957
321	473	4.547	-2.973
331	3	-3.966	8.128
331	4	1.153	-2.455
331	6	1.882	5.474
331	7	0.782	-4.015
331	8	0.497	-3.279
331	10	0.021	2.803
331	11	-0.818	4.233
331	12	0.589	2.320
331	13	1.105	2.760
331	17	1.517	-5.834
331	18	3.256	4.728
331	19	1.994	0.859
331	20	2.482	0.571
331	23	-1.371	3.356
331	25	-0.840	-4.536
331	26	-1.793	-1.143
331	27	3.483	2.148
331	28	5.332	3.332
331	29	2.997	1.976
331	30	5.762	3.864
331	31	-3.689	5.935
331	32	-2.725	5.901
331	73	-3.170	5.342
331	74	-4.015	6.395
331	75	-0.010	-2.111
331	76	-0.196	-1.111
331	77	-0.312	-2.944
331	78	-0.866	-2.799
331	79	-6.013	-4.752
331	80	2.231	-5.843
331	217	3.229	-0.078
331	219	6.199	3.644
331	220	4.358	2.540
331	315	-4.732	0.632
331	409	4.788	1.661
331	412	4.873	0.696
331	413	5.436	1.351
331	414	5.408	0.631
331	419	4.723	4.820
331	420	4.018	5.155
331	421	2.299	4.671
331	422	2.627	5.096
331	423	1.915	5.105
331	425	3.135	5.387
331	468	5.026	-2.957
331	473	4.547	-2.973
341	3	-4.173	8.295
341	4	1.084	-2.267
341	6	1.882	5.474
341	7	0.841	-4.215
341	8	0.490	-3.552
341	10	0.163	3.137
341	11	-0.773	4.387
341	12	0.608	2.571
341	13	1.169	3.082
341	18	3.356	4.751
341	19	1.937	0.256
341	20	2.440	0.100
341	23	-1.513	3.635
341	25	-0.722	-4.778
341	26	-2.022	-1.722
341	27	3.328	1.605
341	28	5.442	2.931
341	29	2.900	1.726
341	30	5.532	3.689
341	31	-4.099	5.884
341	32	-3.109	5.769
341	73	-2.850	5.309
341	74	-4.111	6.420
341	75	0.026	-2.158
341	76	-0.294	-0.963
341	77	-0.414	-2.652
341	78	-0.984	-2.562
341	79	-5.724	-4.472
341	80	2.157	-5.576
341	81	2.857	-5.752
341	82	-7.785	6.525
341	217	3.292	0.044
341	219	6.250	3.739
341	220	4.476	2.575
341	315	-4.620	0.499
341	409	4.788	1.661
341	412	4.873	0.696
341	413	5.436	1.351
341	414	5.408	0.631
341	419	4.576	5.146
341	420	3.835	5.456
341	421	2.299	4.671
341	422	2.627	5.096
341	423	1.915	5.105
341	425	3.135	5.387
341	468	5.026	-2.957
341	473	4.547	-2.973
351	3	-4.289	8.516
351	4	0.981	-2.094
351	6	1.882	5.474
351	7	0.894	-4.381
351	8	0.435	-3.760
351	10	0.338	3.561
351	11	-0.572	4.339
351	12	0.638	3.026
351	13	1.167	3.309
351	18	3.356	4.751
351	19	1.913	-0.167
351	20	2.446	-0.165
351	23	-1.647	3.898
351	25	-0.504	-5.192
351	26	-2.269	-2.060
351	27	3.208	1.172
351	28	5.587	2.597
351	29	2.679	1.254
351	30	5.528	3.437
351	31	-4.845	5.788
351	32	-3.799	5.539
351	33	-2.579	8.516
351	73	-2.551	5.251
351	74	-4.375	6.488
351	75	0.056	-2.093
351	76	-0.381	-0.853
351	77	-0.568	-2.209
351	78	-1.202	-2.163
351	79	-5.325	-4.023
351	80	2.055	-5.176
351	81	2.816	-5.367
351	82	-7.462	6.468
351	217	3.392	0.231
351	219	6.315	3.852
351	220	4.589	2.678
351	315	-4.381	0.363
351	409	4.788	1.661
351	412	4.873	0.696
351	413	5.436	1.351
351	414	5.408	0.631
351	419	4.369	5.584
351	420	3.676	5.649
351	421	2.299	4.671
351	422	2.627	5.096
351	423	1.915	5.105
351	425	3.135	5.387
351	468	5.026	-2.957
351	473	4.547	-2.973
361	3	-4.347	8.664
361	4	0.871	-1.984
361	6	1.882	5.474
361	7	0.944	-4.535
361	8	0.373	-3.965
361	10	0.390	3.831
361	11	-0.420	4.231
361	12	0.663	3.431
361	13	1.142	3.598
361	18	3.356	4.751
361	19	1.926	-0.432
361	20	2.475	-0.494
361	23	-1.777	4.133
361	25	-0.355	-5.513
361	26	-2.563	-2.291
361	27	3.127	0.856
361	28	5.907	2.369
361	29	2.500	0.829
361	30	5.534	3.125
361	31	-5.755	5.673
361	32	-4.288	5.415
361	33	-2.408	8.019
361	73	-2.298	5.307
361	74	-4.601	6.545
361	75	0.082	-1.919
361	76	-0.434	-0.827
361	77	-0.678	-1.894
361	78	-1.374	-1.808
361	79	-4.912	-3.653
361	80	1.945	-4.861
361	81	2.763	-4.987
361	82	-7.203	6.433
361	217	3.547	0.494
361	219	6.378	3.923
361	220	4.689	2.836
361	315	-4.040	0.220
361	409	4.788	1.661
361	412	4.873	0.696
361	413	5.436	1.351
361	414	5.408	0.631
361	419	4.205	5.807
361	420	3.456	5.917
361	421	2.299	4.671
361	422	2.627	5.096
361	423	1.915	5.105
361	425	3.135	5.387
361	468	5.026	-2.957
361	473	4.547	-2.973
371	4	0.866	-1.843
371	6	1.882	5.474
371	7	1.019	-4.704
371	8	0.314	-4.170
371	10	0.391	4.091
371	11	-0.366	4.130
371	12	0.680	3.648
371	13	1.107	3.975
371	18	3.354	4.806
371	19	1.944	-0.904
371	20	2.515	-0.978
371	23	-1.814	4.521
371	25	-0.245	-5.802
371	26	-2.870	-2.455
371	27	2.998	0.349
371	28	6.154	2.256
371	29	2.436	0.562
371	30	5.601	2.919
371	31	-6.353	5.607
371	32	-4.824	5.338
371	33	-2.233	7.496
371	73	-1.893	5.471
371	74	-4.719	6.574
371	75	0.102	-1.834
371	76	-0.477	-0.745
371	77	-0.784	-1.601
371	78	-1.459	-1.536
371	79	-4.450	-3.455
371	80	1.814	-4.668
371	81	2.699	-4.763
371	82	-6.981	6.405
371	217	3.649	0.725
371	219	6.437	3.951
371	220	4.820	2.945
371	315	-3.748	0.056
371	409	4.788	1.661
371	412	4.873	0.696
371	413	5.436	1.351
371	414	5.408	0.631
371	419	3.942	6.147
371	420	3.213	6.158
371	421	2.299	4.671
371	422	2.627	5.096
371	423	1.915	5.105
371	425	3.135	5.387
371	468	5.026	-2.957
371	473	4.547	-2.973
381	4	0.795	-1.829
381	6	1.882	5.474
381	7	1.117	-4.869
381	8	0.278	-4.379
381	10	0.396	4.446
381	11	-0.276	4.151
381	12	0.723	3.877
381	13	1.089	4.293
381	18	3.354	4.806
381	19	1.972	-1.438
381	20	2.568	-1.320
381	23	-1.971	4.640
381	25	-0.106	-6.191
381	26	-3.339	-2.588
381	27	2.949	0.070
381	28	6.391	2.236
381	29	2.325	0.083
381	30	5.729	2.592
381	31	-6.819	5.569
381	32	-5.658	5.217
381	33	-2.149	7.173
381	34	-1.897	8.108
381	73	-1.520	5.653
381	74	-4.949	6.636
381	75	0.113	-1.901
381	76	-0.522	-0.553
381	77	-0.966	-1.110
381	78	-1.606	-1.059
381	79	-3.845	-3.199
381	80	1.550	-4.366
381	81	2.598	-4.408
381	82	-6.715	6.347
381	217	3.694	1.016
381	219	6.493	3.938
381	220	4.967	2.981
381	315	-3.524	-0.175
381	409	4.788	1.661
381	412	4.873	0.696
381	413	5.436	1.351
381	414	5.408	0.631
381	419	3.728	6.306
381	420	2.987	6.254
381	421	2.299	4.671
381	422	2.627	5.096
381	423	1.915	5.105
381	425	3.135	5.387
381	468	5.026	-2.957
381	473	4.547	-2.973
391	4	0.866	-1.863
391	6	1.882	5.474
391	7	1.230	-5.015
391	8	0.260	-4.601
391	10	0.395	4.783
391	11	-0.138	4.272
391	12	0.727	4.100
391	13	1.096	4.516
391	18	3.354	4.806
391	19	2.027	-1.740
391	20	2.649	-1.547
391	23	-1.997	4.967
391	25	-0.078	-6.750
391	26	-3.771	-2.747
391	27	2.873	-0.460
391	28	6.470	2.107
391	29	2.271	-0.245
391	30	5.822	2.321
391	31	-7.505	5.514
391	32	-6.202	5.155
391	33	-1.995	6.550
391	34	-1.542	7.464
391	73	-1.310	5.841
391	74	-5.228	6.712
391	75	0.113	-1.940
391	76	-0.615	-0.162
391	77	-1.084	-0.743
391	78	-1.734	-0.621
391	79	-3.447	-3.048
391	80	1.248	-3.996
391	81	2.480	-4.059
391	82	-6.401	6.256
391	217	3.761	1.581
391	219	6.546	3.883
391	220	5.078	3.004
391	315	-3.202	-0.511
391	409	4.788	1.661
391	412	4.873	0.696
391	413	5.436	1.351
391	414	5.408	0.631
391	419	3.520	6.480
391	420	2.820	6.308
391	421	2.299	4.671
391	422	2.627	5.096
391	423	1.915	5.105
391	425	3.135	5.387
391	468	5.026	-2.957
391	473	4.547	-2.973
401	4	0.891	-1.902
401	6	1.882	5.474
401	7	1.293	-5.184
401	8	0.239	-4.876
401	10	0.378	5.025
401	11	0.184	4.095
401	12	0.649	4.304
401	13	1.129	4.743
401	18	3.354	4.806
401	19	2.115	-1.981
401	20	2.794	-1.913
401	23	-2.083	5.228
401	26	-4.180	-2.962
401	27	2.827	-0.850
401	28	6.501	1.993
401	29	2.247	-0.615
401	30	5.861	2.089
401	32	-6.695	5.119
401	33	-1.884	6.132
401	34	-1.347	7.040
401	37	2.911	7.472
401	73	-1.015	6.111
401	74	-5.346	6.743
401	75	0.098	-1.826
401	76	-0.743	0.377
401	77	-1.149	-0.456
401	78	-1.801	-0.353
401	79	-2.758	-2.821
401	80	1.161	-3.740
401	81	2.340	-3.846
401	82	-6.107	6.165
401	217	3.878	1.888
401	219	6.587	3.806
401	220	5.221	3.053
401	315	-2.972	-0.763
401	409	4.788	1.661
401	412	4.873	0.696
401	413	5.436	1.351
401	414	5.408	0.631
401	419	3.358	6.621
401	420	2.630	6.400
401	421	2.299	4.671
401	422	2.627	5.096
401	423	1.915	5.105
401	425	3.135	5.387
401	468	5.026	-2.957
401	473	4.547	-2.973
411	4	0.913	-1.798
411	6	1.882	5.474
411	7	1.302	-5.406
411	8	0.212	-5.208
411	10	0.472	5.234
411	11	0.062	4.354
411	12	0.536	4.525
411	13	1.186	5.008
411	18	3.354	4.806
411	19	2.245	-2.337
411	20	2.934	-2.294
411	23	-2.305	5.585
411	26	-4.679	-3.241
411	27	2.805	-1.149
411	28	6.526	1.933
411	29	2.211	-1.190
411	30	5.914	1.763
411	32	-7.370	5.070
411	33	-1.761	5.751
411	34	-1.149	6.352
411	35	-2.389	8.223
411	37	3.279	7.292
411	73	-0.819	6.297
411	74	-5.304	6.728
411	75	0.055	-1.589
411	76	-0.783	0.726
411	77	-1.269	0.034
411	78	-1.903	0.061
411	79	-2.354	-2.601
411	80	1.172	-3.373
411	81	1.993	-3.416
411	82	-6.016	6.168
411	217	4.167	2.143
411	219	6.591	3.757
411	220	5.547	3.232
411	315	-2.776	-1.019
411	409	4.788	1.661
411	412	4.873	0.696
411	413	5.436	1.351
411	414	5.408	0.631
411	419	2.886	6.848
411	420	2.352	6.473
411	421	2.299	4.671
411	422	2.627	5.096
411	423	1.915	5.105
411	425	3.135	5.387
411	468	5.026	-2.957
411	473	4.547	-2.973
421	4	0.864	-1.802
421	6	1.882	5.474
421	7	1.324	-5.731
421	8	0.185	-5.558
421	10	0.269	5.496
421	11	0.037	4.519
421	12	0.427	4.754
421	13	1.202	5.258
421	18	3.354	4.806
421	19	2.367	-2.668
421	20	2.987	-2.532
421	23	-2.387	5.883
421	26	-4.926	-3.505
421	27	2.777	-1.559
421	28	6.544	1.927
421	29	2.228	-1.478
421	30	6.024	1.629
421	33	-1.581	5.190
421	34	-1.077	5.940
421	35	-2.762	7.961
421	36	-3.356	8.329
421	37	3.674	7.084
421	73	-0.461	6.602
421	74	-5.336	6.736
421	75	-0.025	-1.291
421	76	-0.750	1.154
421	77	-1.344	0.448
421	78	-2.001	0.477
421	79	-2.038	-2.229
421	80	1.190	-2.805
421	81	1.755	-3.039
421	82	-5.871	6.102
421	217	4.521	2.415
421	219	6.557	3.736
421	220	5.630	3.274
421	315	-2.542	-1.298
421	409	4.788	1.661
421	412	4.873	0.696
421	413	5.436	1.351
421	414	5.408	0.631
421	419	2.656	6.915
421	420	2.008	6.407
421	421	2.299	4.671
421	422	2.627	5.096
421	423	1.915	5.105
421	425	3.135	5.387
421	468	5.026	-2.957
421	473	4.547	-2.973
431	4	0.936	-1.775
431	6	1.882	5.474
431	7	1.296	-5.997
431	8	0.168	-5.851
431	10	0.384	5.750
431	11	-0.022	4.736
431	12	0.377	4.965
431	13	1.148	5.470
431	18	3.354	4.806
431	19	2.450	-2.883
431	20	3.024	-2.835
431	23	-2.290	6.215
431	26	-5.292	-3.957
431	27	2.810	-1.795
431	28	6.557	1.972
431	29	2.289	-1.838
431	30	6.093	1.603
431	33	-1.501	4.879
431	34	-1.036	5.261
431	35	-3.111	7.695
431	36	-3.766	8.093
431	37	3.917	6.880
431	73	-0.264	6.859
431	74	-5.539	6.797
431	75	-0.005	-1.210
431	76	-0.694	1.764
431	77	-1.336	0.716
431	78	-2.051	0.750
431	79	-1.610	-1.715
431	80	1.194	-2.441
431	81	1.725	-2.723
431	82	-5.633	5.950
431	217	4.859	2.466
431	219	6.383	3.856
431	220	5.750	3.213
431	315	-2.316	-1.442
431	409	4.788	1.661
431	412	4.873	0.696
431	413	5.436	1.351
431	414	5.408	0.631
431	419	2.356	7.072
431	420	1.811	6.387
431	421	2.299	4.671
431	422	2.627	5.096
431	423	1.915	5.105
431	425	3.135	5.387
431	468	5.026	-2.957
431	473	4.547	-2.973
441	4	0.817	-1.847
441	6	1.882	5.474
441	7	1.197	-6.312
441	8	0.161	-6.088
441	10	0.453	5.900
441	11	-0.083	4.963
441	12	0.331	5.167
441	13	1.083	5.602
441	18	3.354	4.806
441	19	2.543	-3.092
441	20	3.075	-3.253
441	23	-2.206	6.588
441	26	-5.734	-4.491
441	27	2.898	-2.100
441	28	6.564	1.998
441	29	2.347	-2.219
441	30	6.107	1.654
441	33	-1.401	4.392
441	34	-0.997	4.728
441	35	-3.296	7.498
441	36	-4.057	7.902
441	37	4.351	6.501
441	73	-0.169	7.201
441	74	-5.851	6.876
441	75	0.206	-1.235
441	76	-0.612	2.123
441	77	-1.295	1.141
441	78	-2.136	1.192
441	79	-1.437	-1.412
441	80	1.277	-2.048
441	81	1.678	-2.135
441	82	-5.541	5.895
441	217	5.378	2.534
441	219	6.374	3.782
441	220	5.713	3.334
441	315	-2.077	-1.568
441	409	4.788	1.661
441	410	6.377	-0.508
441	412	4.873	0.696
441	413	5.436	1.351
441	414	5.408	0.631
441	419	1.896	7.228
441	420	1.558	6.608
441	421	2.299	4.671
441	422	2.627	5.096
441	423	1.915	5.105
441	425	3.135	5.387
441	468	5.026	-2.957
441	473	4.547	-2.973
451	4	0.963	-1.875
451	6	1.882	5.474
451	8	0.157	-6.415
451	10	0.449	6.061
451	11	-0.148	5.179
451	12	0.286	5.366
451	13	1.076	5.818
451	18	3.354	4.806
451	19	2.654	-3.332
451	20	3.116	-3.538
451	23	-2.247	6.853
451	26	-6.058	-4.816
451	27	2.963	-2.407
451	28	6.565	1.970
451	29	2.363	-2.445
451	30	6.112	1.634
451	33	-1.280	3.814
451	34	-0.952	4.341
451	35	-3.567	7.200
451	36	-4.298	7.687
451	37	4.483	6.239
451	73	-0.035	7.687
451	74	-6.067	6.876
451	75	0.234	-1.337
451	76	-0.361	2.675
451	77	-1.277	1.544
451	78	-2.216	1.659
451	79	-1.135	-0.794
451	80	1.171	-1.482
451	81	1.667	-1.790
451	82	-5.594	5.938
451	83	-6.019	6.539
451	217	5.619	2.556
451	219	6.338	3.780
451	220	5.693	3.420
451	315	-1.894	-1.729
451	409	4.788	1.661
451	410	6.266	-0.544
451	412	4.873	0.696
451	413	5.436	1.351
451	414	5.408	0.631
451	419	1.718	7.286
451	420	1.278	6.837
451	421	2.299	4.671
451	422	2.627	5.096
451	423	1.915	5.105
451	425	3.135	5.387
451	468	5.026	-2.957
451	473	4.547	-2.973
461	4	0.891	-1.881
461	6	1.882	5.474
461	8	0.154	-6.725
461	10	0.352	6.209
461	11	-0.225	5.389
461	12	0.300	5.560
461	13	1.028	5.865
461	18	3.354	4.806
461	19	2.714	-3.543
461	20	3.150	-3.736
461	23	-2.326	7.221
461	26	-6.417	-5.110
461	27	2.948	-2.619
461	28	6.560	1.889
461	29	2.398	-2.734
461	30	6.124	1.505
461	33	-1.199	3.494
461	34	-0.882	3.774
461	35	-3.816	6.902
461	36	-4.624	7.391
461	37	4.669	5.695
461	74	-6.198	6.848
461	75	0.261	-1.398
461	76	-0.168	3.140
461	77	-1.332	1.828
461	78	-2.235	1.935
461	79	-0.889	-0.304
461	80	1.156	-0.996
461	81	1.682	-1.411
461	82	-5.570	5.923
461	83	-5.691	6.433
461	217	5.858	2.579
461	219	6.386	3.774
461	220	5.759	3.463
461	315	-1.650	-1.979
461	409	4.733	1.663
461	410	6.161	-0.606
461	412	4.873	0.696
461	413	5.436	1.351
461	414	5.408	0.631
461	419	1.353	7.423
461	420	0.950	6.922
461	421	2.299	4.671
461	422	2.627	5.096
461	423	1.915	5.105
461	425	3.135	5.387
461	468	5.026	-2.957
461	473	4.547	-2.973
471	4	0.891	-1.881
471	6	1.882	5.474
471	10	0.370	6.309
471	11	-0.325	5.602
471	12	0.342	5.693
471	13	0.991	5.904
471	18	3.354	4.806
471	19	2.744	-3.760
471	20	3.190	-3.970
471	23	-2.345	7.495
471	26	-6.971	-5.564
471	27	2.930	-2.875
471	28	6.549	1.754
471	29	2.387	-2.989
471	30	6.155	1.503
471	33	-1.008	2.845
471	34	-0.797	3.415
471	35	-3.949	6.679
471	36	-4.913	7.247
471	37	4.743	5.380
471	74	-6.317	6.971
471	75	0.261	-1.398
471	76	-0.081	3.670
471	77	-1.475	2.377
471	78	-2.250	2.314
471	79	-0.529	0.221
471	80	1.138	-0.725
471	81	1.705	-0.841
471	82	-5.394	5.796
471	83	-5.392	6.385
471	217	5.919	2.647
471	219	6.386	3.758
471	220	5.691	3.487
471	315	-1.411	-2.260
471	409	4.562	1.620
471	410	6.044	-0.726
471	412	4.873	0.696
471	413	5.436	1.351
471	414	5.408	0.631
471	419	1.001	7.598
471	420	0.538	7.204
471	421	2.299	4.671
471	422	2.627	5.096
471	423	1.915	5.105
471	425	3.135	5.387
471	468	5.026	-2.957
471	473	4.547	-2.973
481	4	0.789	-1.893
481	6	1.882	5.474
481	10	0.498	6.392
481	11	-0.394	5.814
481	12	0.368	5.805
481	13	0.976	5.944
481	18	3.354	4.806
481	19	2.789	-4.044
481	20	3.232	-4.206
481	23	-2.325	7.785
481	26	-7.469	-5.972
481	27	2.893	-3.113
481	28	6.530	1.441
481	29	2.315	-3.186
481	30	6.122	1.504
481	33	-0.976	2.477
481	34	-0.568	2.572
481	35	-4.116	6.381
481	36	-5.174	7.189
481	37	4.791	4.961
481	74	-6.423	7.196
481	75	0.386	-1.389
481	76	-0.055	4.145
481	77	-1.545	2.744
481	78	-2.263	2.742
481	79	-0.314	0.664
481	80	1.106	-0.250
481	81	1.722	-0.520
481	82	-5.222	5.646
481	83	-5.132	6.468
481	217	5.904	2.598
481	219	6.351	3.843
481	220	5.639	3.509
481	315	-1.330	-2.528
481	409	4.530	1.553
481	410	5.849	-0.892
481	412	4.873	0.696
481	413	5.436	1.351
481	414	5.408	0.631
481	419	0.829	7.873
481	420	0.389	7.315
481	421	2.299	4.671
481	422	2.627	5.096
481	423	1.915	5.105
481	425	3.135	5.387
481	468	5.026	-2.957
481	473	4.547	-2.973
491	4	0.891	-1.902
491	6	1.882	5.474
491	10	0.768	6.481
491	11	-0.396	6.020
491	12	0.325	6.016
491	13	1.047	6.019
491	18	3.354	4.806
491	19	2.823	-4.317
491	20	3.269	-4.405
491	23	-2.300	8.153
491	27	2.818	-3.327
491	28	6.497	1.101
491	29	2.224	-3.388
491	30	6.110	1.371
491	33	-1.053	1.882
491	34	-0.474	2.053
491	35	-4.252	6.139
491	36	-5.411	7.129
491	37	4.807	4.584
491	74	-6.498	7.350
491	75	0.609	-1.393
491	76	-0.040	4.432
491	77	-1.576	3.039
491	78	-2.256	3.012
491	79	-0.094	1.083
491	80	1.065	0.354
491	81	1.767	-0.080
491	82	-5.278	5.593
491	83	-4.963	6.565
491	84	-6.128	6.181
491	217	5.904	2.615
491	219	6.350	3.876
491	220	5.503	3.523
491	315	-1.213	-2.985
491	409	4.539	1.531
491	410	5.712	-1.071
491	412	4.873	0.696
491	413	5.436	1.351
491	414	5.408	0.631
491	419	0.664	7.852
491	420	-0.009	7.439
491	421	2.299	4.671
491	422	2.627	5.096
491	423	1.915	5.105
491	425	3.135	5.387
491	468	5.026	-2.957
491	473	4.547	-2.973
501	4	0.940	-1.897
501	6	1.882	5.474
501	10	1.177	6.610
501	11	-0.398	6.273
501	12	0.202	6.365
501	13	1.020	6.142
501	18	3.316	4.738
501	19	2.829	-4.530
501	20	3.316	-4.639
501	27	2.691	-3.620
501	28	6.427	0.858
501	29	2.161	-3.589
501	30	6.160	1.243
501	33	-1.145	1.236
501	34	-0.516	1.612
501	35	-4.355	5.908
501	36	-5.604	6.995
501	37	4.712	4.351
501	74	-6.540	7.421
501	75	0.588	-1.518
501	76	0.085	4.963
501	77	-1.584	3.310
501	78	-2.234	3.341
501	79	0.023	1.439
501	80	1.036	0.729
501	81	1.835	0.615
501	82	-5.023	5.613
501	83	-4.710	6.605
501	84	-5.936	6.106
501	85	-6.073	5.748
501	217	5.820	2.621
501	219	6.254	3.888
501	220	5.271	3.579
501	315	-1.115	-3.323
501	409	4.481	1.477
501	410	5.717	-1.280
501	412	4.873	0.696
501	413	5.436	1.351
501	414	5.408	0.631
501	419	0.518	7.905
501	420	-0.089	7.638
501	421	2.299	4.671
501	422	2.627	5.096
501	423	1.915	5.105
501	425	3.135	5.387
501	468	5.026	-2.957
501	473	4.547	-2.973
511	4	0.964	-1.915
511	6	1.882	5.474
511	10	1.402	6.719
511	11	-0.407	6.568
511	12	0.150	6.679
511	13	0.921	6.297
511	18	3.316	4.738
511	19	2.828	-4.786
511	20	3.383	-4.977
511	27	2.566	-3.938
511	28	6.319	0.480
511	29	2.139	-3.796
511	30	6.138	1.081
511	33	-1.221	0.907
511	34	-0.593	0.796
511	35	-4.440	5.641
511	36	-5.689	6.964
511	37	4.607	4.048
511	74	-6.555	7.425
511	75	0.487	-1.443
511	76	0.175	5.297
511	77	-1.570	3.660
511	78	-2.208	3.740
511	79	0.243	2.108
511	80	1.007	1.016
511	81	1.832	0.973
511	82	-4.987	5.537
511	83	-4.307	6.609
511	84	-5.928	6.068
511	85	-5.864	5.704
511	217	5.548	2.781
511	219	6.017	3.811
511	220	5.110	3.508
511	315	-1.024	-3.555
511	316	-4.245	2.874
511	409	4.522	1.351
511	410	5.737	-1.580
511	412	4.873	0.696
511	413	5.436	1.351
511	414	5.408	0.631
511	419	0.247	8.027
511	420	-0.217	7.707
511	421	2.299	4.671
511	422	2.627	5.096
511	423	1.915	5.105
511	425	3.135	5.387
511	468	5.026	-2.957
511	473	4.547	-2.973
521	4	0.867	-1.883
521	6	1.882	5.474
521	10	1.583	6.857
521	11	-0.318	6.766
521	12	0.259	6.836
521	13	1.012	6.419
521	18	3.316	4.738
521	19	2.827	-5.057
521	20	3.454	-5.333
521	27	2.540	-4.172
521	28	6.232	0.263
521	29	2.112	-4.046
521	30	6.118	0.860
521	33	-1.392	0.207
521	34	-0.658	0.305
521	35	-4.495	5.404
521	36	-5.733	6.932
521	37	4.696	3.923
521	74	-6.585	7.488
521	75	0.510	-1.380
521	76	0.237	5.753
521	77	-1.550	4.167
521	78	-2.200	4.015
521	79	0.370	2.530
521	80	0.957	1.545
521	81	1.759	1.347
521	82	-4.878	5.606
521	83	-3.829	6.614
521	84	-5.834	6.044
521	85	-5.902	5.699
521	217	5.349	2.833
521	219	5.870	3.724
521	220	4.786	3.359
521	315	-0.899	-3.850
521	316	-4.089	2.849
521	409	4.503	1.351
521	410	5.741	-1.794
521	412	4.873	0.696
521	413	5.436	1.351
521	414	5.408	0.631
521	419	0.145	8.151
521	420	-0.378	8.029
521	421	2.299	4.671
521	422	2.627	5.096
521	423	1.915	5.105
521	425	3.135	5.387
521	468	5.026	-2.957
521	473	4.547	-2.973
531	4	0.843	-1.906
531	6	1.882	5.474
531	10	1.779	6.988
531	11	-0.071	6.964
531	12	0.518	7.049
531	13	0.876	6.497
531	18	3.316	4.738
531	19	2.832	-5.274
531	20	3.505	-5.586
531	27	2.577	-4.402
531	28	6.055	-0.135
531	29	2.082	-4.327
531	30	6.090	0.625
531	33	-1.545	-0.371
531	34	-0.760	-0.128
531	35	-4.598	5.203
531	36	-5.826	6.752
531	37	4.730	3.883
531	74	-6.638	7.634
531	75	0.581	-1.272
531	76	0.250	6.155
531	77	-1.506	4.486
531	78	-2.217	4.358
531	79	0.460	2.908
531	80	0.902	2.100
531	81	1.637	1.976
531	82	-4.847	5.589
531	83	-3.469	6.610
531	84	-5.550	6.024
531	85	-5.963	5.705
531	217	5.114	2.670
531	219	5.711	3.641
531	220	4.556	3.242
531	315	-0.820	-4.107
531	316	-3.840	2.775
531	317	-4.131	2.770
531	409	4.430	1.299
531	410	5.725	-2.138
531	412	4.873	0.696
531	413	5.436	1.351
531	414	5.408	0.631
531	420	-0.359	8.249
531	421	2.299	4.671
531	422	2.627	5.096
531	423	1.915	5.105
531	425	3.135	5.387
531	468	5.026	-2.957
531	473	4.547	-2.973
541	4	0.890	-1.841
541	6	1.882	5.474
541	10	1.992	7.026
541	11	0.199	7.113
541	12	0.727	7.284
541	13	0.987	6.591
541	18	3.316	4.738
541	19	2.841	-5.575
541	27	2.633	-4.705
541	28	5.887	-0.430
541	29	2.068	-4.567
541	30	6.024	0.453
541	33	-1.660	-0.729
541	34	-0.965	-1.004
541	35	-4.781	5.035
541	36	-5.919	6.610
541	37	4.855	3.823
541	74	-6.714	7.863
541	75	0.625	-1.084
541	76	0.317	6.426
541	77	-1.418	4.778
541	78	-2.237	4.816
541	79	0.625	3.610
541	80	0.863	2.405
541	81	1.554	2.414
541	82	-4.772	5.592
541	83	-2.908	6.606
541	84	-5.300	5.996
541	85	-5.780	5.686
541	217	4.886	2.529
541	219	5.375	3.481
541	220	4.227	3.061
541	300	-6.466	7.337
541	305	-5.476	9.018
541	315	-0.788	-4.335
541	316	-3.425	2.632
541	317	-3.982	2.730
541	409	4.282	1.248
541	410	5.773	-2.366
541	412	4.873	0.696
541	413	5.436	1.351
541	414	5.408	0.631
541	421	2.299	4.671
541	422	2.627	5.096
541	423	1.915	5.105
541	425	3.135	5.387
541	468	5.026	-2.957
541	473	4.547	-2.973
551	4	0.791	-1.874
551	6	1.882	5.474
551	10	2.272	7.069
551	11	0.256	7.284
551	12	0.821	7.343
551	13	1.196	6.664
551	18	3.316	4.738
551	19	2.849	-5.836
551	27	2.655	-4.963
551	28	5.720	-0.615
551	29	2.069	-4.796
551	30	5.909	0.217
551	33	-1.882	-1.450
551	34	-1.101	-1.496
551	35	-5.007	4.890
551	36	-5.944	6.375
551	37	4.870	3.848
551	74	-6.779	8.094
551	75	0.720	-0.976
551	76	0.557	6.542
551	77	-1.309	5.147
551	78	-2.180	5.087
551	79	0.705	3.983
551	80	0.812	2.728
551	81	1.508	2.681
551	82	-4.529	5.638
551	83	-2.441	6.591
551	84	-5.175	5.956
551	85	-5.465	5.650
551	86	4.283	-5.112
551	217	4.433	2.399
551	219	5.149	3.341
551	220	4.042	2.816
551	300	-6.014	7.328
551	305	-5.568	8.821
551	315	-0.757	-4.600
551	316	-2.950	2.474
551	317	-4.006	2.736
551	409	4.063	1.253
551	410	5.887	-2.585
551	412	4.873	0.696
551	413	5.436	1.351
551	414	5.408	0.631
551	421	2.299	4.671
551	422	2.627	5.096
551	423	1.915	5.105
551	425	3.135	5.387
551	468	5.026	-2.957
551	473	4.547	-2.973
561	4	0.806	-1.703
561	6	1.882	5.474
561	10	2.558	7.094
561	11	0.465	7.219
561	12	0.819	7.402
561	13	1.418	6.759
561	18	3.454	4.792
561	27	2.637	-5.218
561	28	5.471	-0.908
561	29	2.074	-5.160
561	30	5.751	-0.108
561	33	-2.097	-1.806
561	34	-1.242	-1.977
561	35	-5.236	4.770
561	36	-5.885	5.972
561	37	4.925	3.786
561	74	-6.851	8.318
561	75	0.597	-0.839
561	76	0.827	6.319
561	77	-1.259	5.375
561	78	-2.056	5.346
561	79	0.765	4.441
561	80	0.727	3.256
561	81	1.425	3.147
561	82	-4.240	5.716
561	83	-1.972	6.576
561	84	-5.009	5.954
561	85	-5.232	5.611
561	86	4.229	-4.888
561	217	4.100	2.279
561	219	4.925	3.128
561	220	3.721	2.549
561	300	-5.549	7.299
561	301	-5.114	7.694
561	305	-5.714	8.648
561	315	-0.708	-4.827
561	316	-2.616	2.396
561	317	-3.807	2.683
561	409	3.954	1.265
561	410	6.026	-2.808
561	412	4.873	0.696
561	413	5.436	1.351
561	414	5.408	0.631
561	421	2.299	4.671
561	422	2.627	5.096
561	423	1.915	5.105
561	425	3.135	5.387
561	468	5.026	-2.957
561	473	4.547	-2.973
571	4	0.819	-1.523
571	6	1.882	5.474
571	10	2.794	7.042
571	11	0.372	7.256
571	12	0.806	7.548
571	13	1.644	6.765
571	18	3.454	4.792
571	27	2.605	-5.626
571	28	5.253	-1.079
571	29	2.079	-5.611
571	30	5.623	-0.327
571	33	-2.440	-2.149
571	34	-1.467	-2.475
571	35	-5.364	4.685
571	36	-6.029	5.728
571	37	5.059	3.618
571	38	1.597	7.390
571	74	-6.963	8.560
571	75	0.601	-0.692
571	76	1.287	6.235
571	77	-1.215	5.598
571	78	-1.930	5.631
571	79	0.862	5.111
571	80	0.647	3.766
571	81	1.360	3.531
571	82	-3.959	5.803
571	83	-1.188	6.570
571	84	-4.742	6.010
571	85	-4.953	5.599
571	86	4.157	-4.588
571	217	3.849	2.124
571	219	4.604	2.825
571	220	3.311	2.261
571	300	-5.208	7.207
571	301	-4.906	7.619
571	305	-5.934	8.491
571	315	-0.627	-5.134
571	316	-2.210	2.277
571	317	-3.611	2.649
571	409	3.920	1.231
571	410	6.152	-2.889
571	412	4.873	0.696
571	413	5.436	1.351
571	414	5.408	0.631
571	421	2.299	4.671
571	422	2.627	5.096
571	423	1.915	5.105
571	425	3.135	5.387
571	468	5.026	-2.957
571	473	4.547	-2.973
581	4	0.810	-1.430
581	6	1.882	5.474
581	10	3.140	6.909
581	11	0.334	7.228
581	12	0.860	7.727
581	13	1.982	6.684
581	18	3.454	4.792
581	28	5.006	-1.135
581	29	2.083	-5.930
581	30	5.487	-0.518
581	33	-2.837	-2.498
581	34	-1.959	-2.722
581	35	-5.612	4.605
581	36	-6.583	5.480
581	37	5.203	3.430
581	38	1.592	7.222
581	74	-7.044	8.730
581	75	0.633	-0.511
581	76	1.991	6.239
581	77	-1.170	5.804
581	78	-1.886	5.853
581	79	1.002	5.379
581	80	0.602	4.072
581	81	1.318	3.814
581	82	-3.441	5.814
581	83	-0.802	6.440
581	84	-4.462	6.092
581	85	-4.623	5.605
581	86	4.084	-4.287
581	217	3.665	1.823
581	219	4.404	2.684
581	220	3.055	1.975
581	300	-4.934	7.128
581	301	-4.754	7.564
581	305	-6.115	8.311
581	315	-0.520	-5.538
581	316	-1.867	2.251
581	317	-3.575	2.685
581	409	3.865	1.263
581	410	6.228	-2.933
581	412	4.801	0.678
581	413	5.436	1.351
581	414	5.408	0.631
581	421	2.299	4.671
581	422	2.627	5.096
581	423	1.915	5.105
581	425	3.135	5.387
581	468	5.026	-2.957
581	473	4.547	-2.973
591	4	0.823	-1.321
591	6	1.882	5.474
591	10	3.449	6.836
591	11	0.395	7.271
591	12	0.884	7.872
591	13	2.410	6.583
591	18	3.454	4.792
591	28	4.567	-1.217
591	30	5.283	-0.819
591	33	-3.267	-2.674
591	34	-2.637	-3.059
591	35	-5.919	4.525
591	37	5.315	3.224
591	38	1.561	7.066
591	74	-7.086	8.818
591	75	0.505	-0.437
591	76	2.124	6.132
591	77	-1.133	5.974
591	78	-1.861	6.092
591	79	1.345	5.736
591	80	0.567	4.346
591	81	1.244	4.365
591	82	-3.257	5.855
591	83	-0.527	6.037
591	84	-4.188	6.173
591	85	-4.286	5.606
591	86	4.031	-4.060
591	217	3.131	1.595
591	219	4.064	2.507
591	220	2.619	1.641
591	300	-4.670	7.049
591	301	-4.474	7.455
591	305	-6.255	8.054
591	315	-0.431	-5.788
591	316	-1.657	2.290
591	317	-3.454	2.645
591	409	3.769	1.383
591	410	6.255	-2.949
591	412	4.801	0.678
591	413	5.436	1.351
591	414	5.408	0.631
591	421	2.299	4.671
591	422	2.627	5.096
591	423	1.915	5.105
591	425	3.135	5.387
591	468	5.026	-2.957
591	473	4.547	-2.973
601	4	0.880	-1.145
601	6	1.880	5.532
601	10	3.581	6.933
601	11	0.573	7.406
601	13	2.634	6.631
601	18	3.354	4.806
601	28	4.287	-1.323
601	30	5.106	-1.019
601	33	-4.048	-2.972
601	34	-3.013	-3.247
601	35	-6.231	4.443
601	37	5.481	2.914
601	38	1.456	6.904
601	39	1.929	7.263
601	74	-7.088	8.823
601	75	0.678	-0.366
601	76	2.654	6.088
601	77	-1.099	6.128
601	78	-1.829	6.335
601	79	1.592	5.981
601	80	0.525	4.673
601	81	1.169	4.808
601	82	-2.953	5.811
601	83	-0.375	5.709
601	84	-3.890	6.205
601	85	-3.968	5.622
601	86	3.969	-3.838
601	217	2.958	1.170
601	219	3.684	2.291
601	220	2.318	1.167
601	300	-4.364	6.956
601	301	-4.216	7.350
601	305	-6.415	7.761
601	315	-0.320	-6.046
601	316	-1.540	2.287
601	317	-3.211	2.506
601	409	3.748	1.392
601	410	6.309	-3.125
601	412	4.801	0.678
601	413	5.436	1.351
601	414	5.408	0.631
601	421	2.299	4.671
601	422	2.627	5.096
601	423	1.915	5.105
601	425	3.135	5.387
601	468	5.026	-2.957
601	473	4.547	-2.973
611	4	0.944	-1.041
611	6	1.902	5.529
611	10	3.676	7.041
611	11	0.885	7.638
611	13	2.841	6.756
611	18	3.292	4.851
611	28	4.115	-1.461
611	30	4.882	-1.176
611	33	-4.407	-3.195
611	34	-3.679	-3.551
611	37	5.569	2.700
611	38	1.355	6.725
611	39	1.837	7.076
611	74	-7.052	8.745
611	75	0.653	-0.326
611	76	3.195	6.072
611	77	-1.053	6.315
611	78	-1.766	6.543
611	79	1.929	6.260
611	80	0.485	4.928
611	81	1.087	5.075
611	82	-2.712	5.730
611	83	-0.265	5.176
611	84	-3.588	6.230
611	85	-3.643	5.653
611	86	3.842	-3.483
611	217	2.780	0.699
611	219	3.500	2.097
611	220	2.180	0.899
611	300	-4.135	6.911
611	301	-3.987	7.258
611	315	-0.188	-6.352
611	316	-1.413	2.420
611	317	-2.973	2.336
611	409	3.693	1.506
611	410	6.374	-3.098
611	412	4.801	0.678
611	413	5.436	1.351
611	414	5.408	0.631
611	421	2.299	4.671
611	422	2.627	5.096
611	423	1.915	5.105
611	425	3.135	5.387
611	468	5.026	-2.957
611	473	4.547	-2.973
621	4	0.933	-0.822
621	6	1.903	5.490
621	10	3.764	7.140
621	11	1.275	7.730
621	13	3.053	6.896
621	18	3.292	4.851
621	28	3.921	-1.614
621	30	4.477	-1.451
621	33	-4.915	-3.541
621	34	-4.166	-3.844
621	37	5.724	2.318
621	38	1.356	6.519
621	39	1.739	6.889
621	74	-6.977	8.589
621	75	0.602	-0.267
621	76	3.516	5.994
621	77	-0.991	6.548
621	78	-1.675	6.775
621	79	2.168	6.511
621	80	0.427	5.372
621	81	0.938	5.520
621	82	-2.215	5.704
621	83	-0.136	4.766
621	84	-3.292	6.266
621	85	-3.258	5.691
621	86	3.794	-3.178
621	217	2.719	0.403
621	219	3.097	1.626
621	220	1.961	0.471
621	300	-3.952	6.865
621	301	-3.693	7.158
621	316	-1.333	2.517
621	317	-2.711	2.217
621	409	3.846	1.654
621	410	6.423	-3.107
621	412	4.801	0.678
621	413	5.436	1.351
621	414	5.408	0.631
621	421	2.299	4.671
621	422	2.627	5.096
621	423	1.915	5.105
621	425	3.135	5.387
621	468	5.026	-2.957
621	473	4.547	-2.973
631	4	0.933	-0.822
631	6	1.882	5.474
631	10	3.862	7.251
631	11	1.746	7.833
631	13	3.205	7.051
631	18	3.292	4.851
631	28	3.744	-1.722
631	30	4.158	-1.692
631	33	-5.319	-3.870
631	34	-4.423	-4.179
631	37	5.821	2.017
631	38	1.359	6.297
631	39	1.634	6.735
631	40	-3.355	8.592
631	41	4.789	7.043
631	74	-6.917	8.463
631	75	0.749	-0.282
631	76	3.867	5.965
631	77	-0.920	6.813
631	78	-1.570	7.041
631	79	2.463	7.089
631	80	0.350	5.858
631	81	0.843	5.855
631	82	-1.926	5.597
631	83	0.096	4.393
631	84	-2.994	6.243
631	85	-2.919	5.725
631	86	3.896	-2.947
631	217	2.621	-0.109
631	219	2.834	1.252
631	220	1.924	0.230
631	221	-0.420	-6.606
631	300	-3.708	6.714
631	301	-3.377	7.089
631	302	-3.890	8.486
631	316	-1.322	2.518
631	317	-2.434	2.158
631	409	3.845	1.708
631	410	6.440	-3.121
631	412	4.801	0.678
631	413	5.436	1.351
631	414	5.408	0.631
631	421	2.194	4.552
631	422	2.627	5.096
631	423	1.915	5.105
631	425	3.135	5.387
631	468	5.026	-2.957
631	473	4.547	-2.973
641	4	0.950	-0.712
641	6	1.882	5.474
641	13	3.405	7.263
641	18	3.356	4.751
641	28	3.547	-1.810
641	30	3.994	-1.858
641	33	-5.617	-4.260
641	34	-4.934	-4.868
641	37	5.859	1.718
641	38	1.310	6.117
641	39	1.540	6.577
641	40	-3.529	8.180
641	41	4.715	6.736
641	74	-6.896	8.419
641	75	0.679	-0.387
641	76	4.111	6.043
641	77	-0.871	7.036
641	78	-1.496	7.263
641	80	0.258	6.130
641	81	0.808	6.106
641	82	-1.728	5.526
641	83	0.451	3.825
641	84	-2.666	6.167
641	85	-2.660	5.734
641	86	4.092	-2.585
641	217	2.582	-0.367
641	219	2.741	0.880
641	220	2.170	0.197
641	221	-0.417	-6.429
641	232	3.553	-5.430
641	233	4.157	-5.397
641	300	-3.491	6.580
641	301	-3.081	7.013
641	302	-3.971	8.418
641	316	-1.292	2.557
641	317	-2.196	2.109
641	409	3.684	1.841
641	410	6.376	-3.165
641	412	4.801	0.678
641	413	5.436	1.351
641	414	5.408	0.631
641	421	2.194	4.552
641	422	2.627	5.096
641	423	1.915	5.105
641	425	3.135	5.387
641	468	5.026	-2.957
641	473	4.547	-2.973
651	4	0.906	-0.722
651	6	1.879	5.551
651	18	3.356	4.751
651	28	3.372	-1.922
651	30	3.762	-2.088
651	33	-6.085	-4.893
651	34	-5.223	-5.331
651	37	5.921	1.218
651	38	1.263	5.946
651	39	1.440	6.422
651	40	-3.773	7.652
651	41	4.730	6.577
651	74	-6.914	8.457
651	75	0.506	-0.353
651	76	4.315	6.109
651	77	-0.836	7.264
651	78	-1.422	7.519
651	80	0.194	6.300
651	81	0.777	6.458
651	82	-1.367	5.496
651	83	0.638	3.540
651	84	-2.281	6.069
651	85	-2.479	5.687
651	86	4.148	-2.351
651	217	2.558	-0.704
651	219	2.614	0.342
651	220	1.977	-0.061
651	221	-0.408	-6.268
651	232	3.472	-5.054
651	233	4.097	-5.129
651	300	-3.296	6.454
651	301	-2.862	6.840
651	302	-4.139	8.345
651	316	-1.200	2.700
651	317	-1.945	2.057
651	409	3.519	2.049
651	410	6.456	-3.119
651	412	4.801	0.678
651	413	5.436	1.351
651	414	5.408	0.631
651	421	2.194	4.552
651	422	2.627	5.096
651	423	1.915	5.105
651	425	3.135	5.387
651	468	5.026	-2.957
651	473	4.547	-2.973
661	4	0.930	-0.721
661	6	1.882	5.474
661	18	3.356	4.751
661	28	3.220	-2.114
661	30	3.529	-2.337
661	33	-6.239	-5.217
661	34	-5.403	-5.804
661	37	5.944	0.958
661	38	1.201	5.776
661	39	1.279	6.304
661	40	-3.972	7.427
661	41	4.744	6.432
661	74	-6.971	8.577
661	75	0.554	-0.289
661	76	4.351	6.154
661	77	-0.801	7.537
661	78	-1.327	7.849
661	80	0.144	6.441
661	81	0.695	6.738
661	82	-1.229	5.412
661	83	0.933	3.108
661	84	-1.940	6.006
661	85	-2.298	5.633
661	86	4.207	-1.997
661	217	2.475	-0.947
661	219	2.579	0.050
661	220	1.949	-0.361
661	221	-0.351	-6.061
661	232	3.411	-4.745
661	233	4.020	-4.782
661	300	-3.082	6.277
661	301	-2.715	6.700
661	302	-4.381	8.264
661	316	-1.113	2.869
661	317	-1.716	2.018
661	409	3.518	2.085
661	410	6.489	-3.130
661	412	4.801	0.678
661	413	5.436	1.351
661	414	5.408	0.631
661	421	2.194	4.552
661	422	2.627	5.096
661	423	1.915	5.105
661	425	3.216	5.374
661	468	5.026	-2.957
661	473	4.547	-2.973
671	4	0.931	-0.741
671	6	1.882	5.474
671	18	3.356	4.751
671	28	2.944	-2.485
671	30	3.405	-2.534
671	33	-6.417	-5.651
671	34	-5.683	-6.542
671	37	5.988	0.554
671	38	1.081	5.525
671	39	0.928	6.125
671	40	-4.264	7.093
671	41	4.793	6.260
671	74	-6.642	8.663
671	75	0.604	-0.328
671	76	4.401	6.319
671	77	-0.741	7.759
671	80	0.006	6.616
671	81	0.575	6.931
671	82	-1.123	5.359
671	83	1.243	2.654
671	84	-1.669	5.974
671	85	-2.044	5.622
671	86	4.240	-1.708
671	217	2.247	-1.276
671	219	2.519	-0.486
671	220	1.984	-0.579
671	221	-0.280	-5.891
671	232	3.385	-4.563
671	233	3.979	-4.550
671	300	-2.881	6.124
671	301	-2.606	6.597
671	302	-4.603	8.192
671	303	-4.362	8.725
671	316	-1.080	2.845
671	317	-1.673	2.046
671	409	3.356	2.293
671	410	6.650	-3.604
671	412	4.801	0.678
671	413	5.436	1.351
671	414	5.408	0.631
671	421	2.194	4.552
671	422	2.627	5.096
671	423	1.915	5.105
671	425	3.216	5.374
671	468	5.026	-2.957
671	473	4.547	-2.973
681	4	1.003	-0.757
681	6	1.903	5.490
681	18	3.356	4.751
681	28	2.728	-2.774
681	30	3.231	-2.827
681	33	-6.662	-6.249
681	34	-5.837	-6.941
681	37	5.996	0.185
681	38	0.871	5.103
681	39	0.507	5.890
681	40	-4.540	6.923
681	41	4.889	6.088
681	75	0.675	-0.244
681	76	4.326	6.748
681	77	-0.598	8.089
681	80	-0.195	6.859
681	81	0.483	7.107
681	82	-0.907	5.403
681	83	1.419	2.400
681	84	-1.454	5.916
681	85	-1.858	5.622
681	86	4.245	-1.421
681	217	1.980	-1.663
681	219	2.506	-0.813
681	220	1.976	-0.784
681	221	-0.222	-5.742
681	232	3.369	-4.423
681	233	3.946	-4.344
681	300	-2.704	5.983
681	301	-2.447	6.423
681	302	-4.845	8.106
681	303	-4.333	8.569
681	316	-1.132	2.762
681	317	-1.688	2.085
681	409	3.226	2.413
681	410	6.488	-3.113
681	412	4.801	0.678
681	413	5.436	1.351
681	414	5.408	0.631
681	421	2.194	4.552
681	422	2.627	5.096
681	423	1.915	5.105
681	425	3.216	5.374
681	468	5.026	-2.957
681	473	4.547	-2.973
691	4	1.003	-0.737
691	6	1.924	5.525
691	18	3.356	4.751
691	28	2.617	-3.113
691	30	3.025	-3.191
691	33	-6.967	-6.993
691	34	-6.125	-7.676
691	37	5.903	-0.067
691	38	0.755	4.796
691	39	0.360	5.687
691	40	-4.820	6.816
691	41	4.897	6.017
691	42	5.776	6.468
691	75	0.581	-0.166
691	80	-0.227	7.137
691	81	0.487	7.314
691	82	-0.820	5.426
691	83	1.754	1.910
691	84	-1.274	5.866
691	85	-1.769	5.620
691	86	4.254	-0.942
691	217	1.799	-1.919
691	219	2.540	-1.123
691	220	1.905	-1.094
691	221	-0.217	-5.551
691	232	3.353	-4.293
691	233	3.913	-4.123
691	300	-2.552	5.782
691	301	-2.231	6.203
691	302	-5.156	7.985
691	303	-4.320	8.509
691	304	-5.078	8.856
691	316	-1.135	2.869
691	317	-1.525	2.028
691	409	3.038	2.517
691	410	6.523	-3.175
691	412	4.801	0.678
691	413	5.436	1.351
691	414	5.408	0.631
691	421	2.194	4.552
691	422	2.651	4.999
691	423	1.915	5.105
691	425	3.216	5.374
691	468	5.026	-2.957
691	473	4.547	-2.973
701	4	0.954	-0.699
701	6	1.882	5.474
701	18	3.356	4.751
701	28	2.512	-3.530
701	30	2.965	-3.431
701	33	-7.234	-7.644
701	37	5.727	-0.536
701	38	0.709	4.558
701	39	0.214	5.347
701	40	-5.120	6.699
701	41	4.750	6.090
701	42	5.583	5.960
701	75	0.577	-0.187
701	80	-0.667	7.339
701	81	0.183	7.460
701	82	-0.459	5.346
701	83	2.039	1.514
701	84	-1.091	5.914
701	85	-1.587	5.625
701	86	4.245	-0.656
701	217	1.457	-2.377
701	219	2.595	-1.599
701	220	1.794	-1.570
701	221	-0.245	-5.379
701	232	3.323	-4.130
701	233	3.899	-3.902
701	300	-2.380	5.548
701	301	-2.002	5.967
701	302	-5.539	7.836
701	303	-4.292	8.341
701	304	-5.108	8.613
701	316	-1.053	2.843
701	317	-1.415	2.067
701	409	2.834	2.627
701	410	6.504	-3.111
701	412	4.801	0.678
701	413	5.436	1.351
701	414	5.408	0.631
701	421	2.194	4.552
701	422	2.651	4.999
701	423	1.915	5.105
701	425	3.216	5.374
701	468	5.026	-2.957
701	473	4.547	-2.973
711	4	0.771	-0.695
711	6	1.882	5.474
711	18	3.356	4.751
711	28	2.469	-3.888
711	30	2.947	-3.748
711	33	-7.437	-8.137
711	37	5.599	-0.803
711	38	0.645	4.243
711	39	0.011	4.873
711	40	-5.416	6.610
711	41	4.628	6.152
711	42	5.485	5.386
711	43	-2.765	8.287
711	75	0.586	-0.143
711	80	-0.984	7.553
711	81	-0.088	7.742
711	82	-0.650	5.489
711	83	2.231	1.287
711	84	-0.943	6.005
711	85	-1.357	5.628
711	86	4.215	-0.342
711	217	1.337	-2.669
711	219	2.612	-1.949
711	220	1.759	-1.864
711	221	-0.279	-5.250
711	232	3.292	-3.986
711	233	3.879	-3.486
711	300	-2.204	5.304
711	301	-1.873	5.742
711	302	-5.845	7.739
711	303	-4.258	8.098
711	304	-5.099	8.369
711	316	-1.190	2.894
711	317	-1.471	2.091
711	409	2.827	2.641
711	410	6.555	-3.170
711	412	4.801	0.678
711	413	5.436	1.351
711	414	5.408	0.631
711	421	2.194	4.552
711	422	2.651	4.999
711	423	1.915	5.105
711	425	3.216	5.374
711	468	5.026	-2.957
711	473	4.547	-2.973
721	4	0.781	-0.659
721	6	1.882	5.474
721	18	3.356	4.751
721	28	2.468	-4.195
721	30	2.921	-4.191
721	37	5.405	-1.127
721	38	0.627	4.007
721	39	-0.056	4.552
721	40	-5.612	6.536
721	41	4.753	6.109
721	42	5.388	5.127
721	43	-2.868	7.956
721	44	3.263	7.126
721	75	0.609	-0.033
721	80	-1.394	7.828
721	81	-0.380	8.009
721	82	-0.330	5.328
721	83	2.580	0.857
721	84	-0.579	5.945
721	85	-1.100	5.627
721	86	4.167	0.152
721	87	1.004	-6.091
721	217	1.300	-3.019
721	219	2.575	-2.220
721	220	1.763	-2.266
721	221	-0.255	-5.066
721	222	-6.468	7.024
721	232	3.275	-3.915
721	233	3.858	-3.199
721	300	-2.097	5.076
721	301	-1.765	5.479
721	302	-6.111	7.736
721	303	-4.227	7.847
721	304	-5.037	8.073
721	316	-0.965	2.790
721	317	-1.443	2.068
721	409	2.587	2.902
721	410	6.553	-3.120
721	412	4.801	0.678
721	413	5.436	1.351
721	414	5.408	0.631
721	421	2.194	4.552
721	422	2.651	4.999
721	423	1.915	5.105
721	425	3.216	5.374
721	468	5.026	-2.957
721	473	4.547	-2.973
731	4	0.801	-0.565
731	6	1.882	5.474
731	18	3.356	4.751
731	28	2.469	-4.726
731	30	2.915	-4.490
731	37	5.173	-1.470
731	38	0.628	3.739
731	39	-0.003	4.222
731	40	-5.641	6.466
731	41	4.861	6.088
731	42	5.161	4.829
731	43	-2.837	7.672
731	44	2.507	6.744
731	45	2.185	7.519
731	75	0.644	0.142
731	80	-1.709	7.976
731	81	-0.638	8.154
731	82	-0.101	5.316
731	83	2.893	0.520
731	84	-0.501	5.932
731	85	-0.966	5.628
731	86	4.136	0.489
731	87	0.916	-5.782
731	217	1.258	-3.446
731	219	2.486	-2.756
731	220	1.768	-2.791
731	221	-0.206	-4.889
731	222	-6.121	6.876
731	223	-6.450	4.300
731	232	3.270	-3.917
731	233	3.815	-2.855
731	300	-2.017	4.795
731	301	-1.646	5.189
731	302	-6.252	7.654
731	303	-4.178	7.604
731	304	-4.950	7.619
731	316	-1.107	2.846
731	317	-1.526	2.071
731	409	2.279	2.965
731	410	6.554	-3.136
731	412	4.801	0.678
731	413	5.436	1.351
731	414	5.408	0.631
731	421	2.194	4.552
731	422	2.651	4.999
731	423	1.915	5.105
731	425	3.216	5.374
731	468	5.026	-2.957
731	473	4.547	-2.973
741	4	0.832	-0.415
741	6	1.882	5.474
741	18	3.356	4.751
741	28	2.481	-5.010
741	30	2.927	-4.760
741	37	5.000	-1.602
741	38	0.629	3.428
741	39	0.086	3.687
741	40	-5.590	6.417
741	41	4.827	6.043
741	42	4.771	4.318
741	43	-2.664	7.444
741	44	1.893	6.390
741	45	2.070	7.285
741	75	0.678	0.333
741	80	-2.077	8.118
741	81	-0.945	8.313
741	82	-0.058	5.616
741	83	3.132	0.373
741	84	-0.609	6.095
741	85	-0.701	5.631
741	86	4.115	0.767
741	87	0.819	-5.461
741	217	1.251	-3.693
741	219	2.415	-3.266
741	220	1.763	-3.069
741	221	0.052	-4.903
741	222	-5.819	6.893
741	223	-6.268	4.353
741	232	3.277	-3.992
741	233	3.779	-2.509
741	300	-1.901	4.525
741	301	-1.503	4.961
741	302	-6.269	7.497
741	303	-4.135	7.377
741	304	-4.835	7.308
741	316	-1.136	2.934
741	317	-1.470	2.048
741	409	2.124	3.065
741	410	6.583	-3.048
741	412	4.801	0.678
741	413	5.436	1.351
741	414	5.408	0.631
741	421	2.194	4.552
741	422	2.651	4.999
741	423	1.915	5.105
741	425	3.216	5.374
741	468	5.026	-2.957
741	473	4.547	-2.973
751	4	0.868	-0.224
751	6	1.882	5.474
751	18	3.356	4.751
751	28	2.506	-5.334
751	30	2.949	-5.223
751	37	4.772	-1.762
751	38	0.622	3.195
751	39	0.099	3.382
751	40	-5.711	6.432
751	41	4.792	6.033
751	42	4.547	4.043
751	43	-2.502	7.189
751	44	1.610	6.040
751	45	2.023	6.992
751	46	1.708	7.478
751	47	1.061	7.746
751	75	0.703	0.512
751	80	-2.510	8.281
751	81	-1.257	8.475
751	82	0.139	5.708
751	83	3.594	0.111
751	84	-0.559	6.169
751	85	-0.593	5.717
751	86	4.075	1.310
751	87	0.734	-5.251
751	217	1.254	-3.964
751	219	2.415	-3.520
751	220	1.738	-3.556
751	221	0.052	-4.882
751	222	-5.624	6.960
751	223	-6.006	4.399
751	232	3.524	-4.019
751	233	3.769	-2.175
751	235	-7.532	-6.962
751	300	-1.732	4.326
751	301	-1.332	4.738
751	302	-6.335	7.586
751	303	-4.095	7.163
751	304	-4.685	7.014
751	316	-0.970	2.774
751	317	-1.346	2.131
751	409	1.949	3.179
751	410	6.583	-3.048
751	412	4.801	0.678
751	413	5.436	1.351
751	414	5.408	0.631
751	421	2.194	4.552
751	422	2.651	4.999
751	423	1.915	5.105
751	425	3.216	5.374
751	468	5.026	-2.957
751	473	4.547	-2.973
761	4	0.891	-0.051
761	6	1.882	5.474
761	18	3.356	4.751
761	28	2.535	-5.704
761	30	2.969	-5.668
761	37	4.617	-1.914
761	38	0.612	2.832
761	39	0.071	2.988
761	40	-6.016	6.514
761	41	4.708	6.031
761	42	4.231	3.716
761	43	-2.249	7.055
761	44	1.060	5.348
761	45	1.952	6.539
761	46	1.671	7.178
761	47	1.052	7.465
761	75	0.866	0.713
761	80	-2.839	8.363
761	82	0.352	6.037
761	83	3.974	-0.094
761	84	-0.472	6.383
761	85	-0.326	5.795
761	86	4.042	1.725
761	87	0.619	-5.006
761	217	1.255	-4.256
761	219	2.433	-3.816
761	220	1.747	-3.930
761	221	-0.174	-4.844
761	222	-5.520	6.996
761	223	-5.720	4.425
761	232	3.484	-4.045
761	233	3.755	-1.742
761	235	-7.197	-6.545
761	300	-1.559	4.128
761	301	-1.147	4.498
761	302	-6.320	7.602
761	303	-3.985	6.929
761	304	-4.522	6.696
761	316	-0.903	2.544
761	317	-1.318	1.993
761	409	1.855	3.361
761	410	6.583	-3.048
761	412	4.801	0.678
761	413	5.436	1.351
761	414	5.408	0.631
761	421	2.194	4.552
761	422	2.651	4.999
761	423	1.915	5.105
761	425	3.216	5.374
761	468	5.026	-2.957
761	473	4.547	-2.973
771	4	0.914	0.110
771	6	1.882	5.474
771	18	3.356	4.751
771	37	4.428	-2.121
771	38	0.596	2.413
771	39	0.032	2.472
771	40	-6.388	6.649
771	41	4.817	5.953
771	42	3.760	3.223
771	43	-1.931	6.909
771	44	0.889	5.008
771	45	2.056	6.265
771	46	1.844	6.743
771	47	1.181	6.993
771	75	0.822	0.883
771	80	-3.164	8.411
771	82	0.393	6.291
771	83	4.214	-0.207
771	84	-0.318	6.588
771	85	-0.174	5.989
771	86	4.009	2.046
771	87	0.483	-4.719
771	217	1.246	-4.485
771	219	2.455	-4.177
771	220	1.811	-4.202
771	221	-0.198	-4.981
771	222	-5.302	7.071
771	223	-5.538	4.413
771	224	-6.165	4.145
771	232	3.504	-4.022
771	233	3.755	-1.614
771	235	-6.746	-5.984
771	275	-0.835	8.446
771	300	-1.405	3.929
771	301	-0.995	4.288
771	302	-6.166	7.384
771	303	-3.835	6.661
771	304	-4.395	6.439
771	316	-0.852	2.428
771	317	-1.249	1.770
771	409	1.672	3.454
771	410	6.568	-3.101
771	412	4.801	0.678
771	413	5.436	1.351
771	414	5.408	0.631
771	421	2.194	4.552
771	422	2.651	4.999
771	423	1.915	5.105
771	425	3.216	5.374
771	468	5.026	-2.957
771	473	4.547	-2.973
781	4	0.973	0.291
781	6	1.882	5.474
781	18	3.356	4.751
781	37	4.178	-2.392
781	38	0.563	2.154
781	39	-0.002	2.190
781	40	-6.721	6.617
781	41	4.883	5.910
781	42	3.570	2.979
781	43	-1.681	6.818
781	44	0.737	4.322
781	45	1.692	5.977
781	46	1.649	6.571
781	47	1.074	6.676
781	75	0.998	1.116
781	80	-3.521	8.453
781	82	0.554	6.569
781	83	4.626	-0.417
781	84	-0.086	6.918
781	85	0.058	6.322
781	86	3.956	2.560
781	87	0.401	-4.483
781	88	1.202	-6.080
781	217	1.206	-4.800
781	219	2.480	-4.435
781	220	1.902	-4.586
781	221	-0.028	-4.790
781	222	-5.134	7.214
781	223	-5.458	4.365
781	224	-6.108	4.123
781	232	3.439	-3.902
781	233	3.770	-1.665
781	235	-6.434	-5.608
781	275	-1.354	8.343
781	300	-1.241	3.712
781	301	-0.827	4.045
781	302	-5.983	7.108
781	303	-3.701	6.397
781	304	-4.236	6.141
781	316	-0.769	2.255
781	317	-1.152	1.491
781	409	1.440	3.631
781	410	6.597	-2.996
781	412	4.801	0.678
781	413	5.436	1.351
781	414	5.408	0.631
781	421	2.194	4.552
781	422	2.651	4.999
781	423	1.915	5.105
781	425	3.216	5.374
781	468	5.026	-2.957
781	473	4.547	-2.973
791	4	1.075	0.513
791	6	1.882	5.474
791	18	3.356	4.751
791	37	4.038	-2.605
791	38	0.474	1.693
791	39	-0.068	1.780
791	40	-7.031	6.567
791	41	4.907	5.900
791	42	3.210	2.492
791	43	-1.657	6.980
791	44	0.550	3.508
791	45	1.587	5.618
791	46	1.594	6.138
791	47	1.075	6.425
791	75	1.112	1.255
791	80	-3.854	8.542
791	82	0.755	6.895
791	83	4.929	-0.513
791	84	0.052	7.130
791	85	0.186	6.537
791	86	3.937	2.877
791	87	0.326	-4.212
791	88	1.065	-5.790
791	217	1.173	-5.160
791	219	2.519	-4.697
791	220	1.952	-4.825
791	221	0.024	-4.802
791	222	-5.082	7.373
791	223	-5.473	4.281
791	224	-6.134	4.101
791	226	-6.320	4.736
791	232	3.293	-3.813
791	233	3.754	-1.604
791	234	3.871	-5.157
791	235	-6.070	-5.201
791	275	-1.834	8.220
791	300	-1.083	3.498
791	301	-0.650	3.794
791	302	-5.786	6.858
791	303	-3.606	6.162
791	304	-4.112	5.863
791	306	-5.996	9.059
791	316	-0.689	2.072
791	317	-1.093	1.242
791	409	1.274	3.785
791	410	6.552	-3.103
791	412	4.801	0.678
791	413	5.436	1.351
791	414	5.408	0.631
791	421	2.194	4.552
791	422	2.651	4.999
791	423	1.915	5.105
791	425	3.216	5.374
791	468	5.026	-2.957
791	473	4.547	-2.973
801	4	1.218	0.792
801	6	1.882	5.474
801	18	3.356	4.751
801	37	3.927	-2.822
801	38	0.391	1.173
801	39	-0.143	1.297
801	40	-7.333	6.518
801	41	4.889	5.925
801	42	3.026	2.232
801	43	-1.685	7.077
801	44	0.453	3.178
801	45	1.415	5.275
801	46	1.302	5.935
801	47	0.967	6.219
801	75	1.060	1.435
801	80	-4.126	8.664
801	82	0.941	7.068
801	83	5.183	-0.498
801	84	0.251	7.444
801	85	0.336	6.843
801	86	3.899	3.534
801	87	0.196	-3.789
801	88	0.924	-5.447
801	217	1.235	-5.390
801	219	2.583	-5.135
801	220	2.020	-5.174
801	221	-0.051	-4.879
801	222	-4.903	7.279
801	223	-5.485	4.239
801	224	-5.977	4.143
801	226	-6.055	4.792
801	232	3.348	-3.615
801	233	3.810	-1.582
801	234	4.020	-4.560
801	235	-5.512	-4.577
801	275	-2.115	8.071
801	300	-0.919	3.280
801	301	-0.473	3.582
801	302	-5.533	6.562
801	303	-3.507	5.928
801	304	-4.045	5.609
801	306	-5.792	8.900
801	316	-0.589	1.892
801	317	-1.111	1.044
801	409	1.102	4.098
801	410	6.601	-3.112
801	412	4.801	0.678
801	413	5.436	1.351
801	414	5.408	0.631
801	421	2.194	4.552
801	422	2.651	4.999
801	423	1.915	5.105
801	425	3.216	5.374
801	468	5.026	-2.957
801	473	4.547	-2.973
811	4	1.311	1.047
811	6	1.882	5.474
811	18	3.356	4.751
811	37	3.776	-3.097
811	38	0.416	0.900
811	39	-0.173	1.022
811	40	-7.663	6.464
811	41	4.829	5.983
811	42	2.770	1.829
811	43	-1.708	7.117
811	44	0.278	2.519
811	45	1.328	4.975
811	46	1.182	5.721
811	47	0.772	6.005
811	48	4.089	6.749
811	75	0.932	1.630
811	80	-4.218	8.707
811	82	1.360	7.394
811	83	5.534	-0.476
811	84	0.448	7.754
811	85	0.503	7.133
811	86	3.872	3.990
811	87	0.162	-3.474
811	88	0.897	-5.186
811	217	1.418	-5.803
811	219	2.644	-5.554
811	220	2.114	-5.653
811	221	-0.082	-4.715
811	222	-4.692	7.097
811	223	-5.444	4.276
811	224	-5.704	4.227
811	225	-6.253	5.388
811	226	-5.842	4.796
811	232	3.209	-3.291
811	233	3.827	-1.507
811	234	4.074	-4.289
811	235	-5.260	-4.221
811	275	-2.602	7.811
811	300	-0.671	2.995
811	301	-0.178	3.274
811	302	-5.282	6.260
811	303	-3.421	5.696
811	304	-3.977	5.332
811	306	-5.586	8.765
811	316	-0.493	1.708
811	317	-1.091	0.883
811	409	0.934	4.196
811	410	6.551	-3.053
811	412	4.801	0.678
811	413	5.436	1.351
811	414	5.408	0.631
811	421	2.194	4.552
811	422	2.651	4.999
811	423	1.915	5.105
811	425	3.216	5.374
811	468	5.026	-2.957
811	473	4.547	-2.973
821	4	1.335	1.270
821	6	1.882	5.474
821	18	3.356	4.751
821	37	3.746	-3.310
821	38	0.528	0.509
821	39	-0.206	0.577
821	41	4.726	6.076
821	42	2.403	1.260
821	43	-1.661	7.253
821	44	0.063	2.136
821	45	1.390	4.557
821	46	1.130	5.482
821	47	0.698	5.800
821	48	4.077	6.275
821	49	3.770	6.892
821	75	0.979	1.758
821	80	-4.198	8.698
821	83	5.743	-0.441
821	85	0.751	7.369
821	86	3.861	4.282
821	87	0.228	-3.105
821	88	0.850	-4.776
821	217	1.575	-6.155
821	220	2.182	-5.999
821	221	-0.058	-4.647
821	222	-4.724	7.193
821	223	-5.351	4.391
821	224	-5.516	4.285
821	225	-6.099	5.511
821	226	-5.663	4.839
821	232	3.141	-2.899
821	233	3.715	-1.479
821	234	4.136	-3.949
821	235	-4.795	-3.499
821	275	-2.947	7.609
821	300	-0.571	2.750
821	301	-0.056	3.025
821	302	-5.103	6.027
821	303	-3.358	5.493
821	304	-3.838	5.108
821	306	-5.270	8.634
821	312	-6.691	9.214
821	316	-0.356	1.547
821	317	-0.871	0.707
821	409	0.667	4.326
821	410	6.601	-3.112
821	412	4.801	0.678
821	413	5.436	1.351
821	414	5.408	0.631
821	421	2.194	4.552
821	422	2.651	4.999
821	423	1.915	5.105
821	425	3.216	5.374
821	468	5.026	-2.957
821	473	4.547	-2.973
831	4	1.382	1.611
831	6	1.882	5.474
831	18	3.356	4.751
831	37	3.779	-3.509
831	38	0.611	0.102
831	39	-0.250	0.058
831	41	4.755	6.057
831	42	2.172	0.996
831	43	-1.557	7.391
831	44	-0.280	2.029
831	45	1.342	4.391
831	46	1.167	5.095
831	47	0.686	5.562
831	48	4.154	6.022
831	49	3.745	6.507
831	75	0.849	2.017
831	80	-4.349	8.770
831	83	6.000	-0.348
831	85	1.046	7.666
831	86	3.847	4.802
831	87	0.332	-2.606
831	88	0.834	-4.436
831	221	-0.127	-4.538
831	222	-4.693	7.305
831	223	-5.213	4.572
831	224	-5.419	4.315
831	225	-6.025	5.580
831	226	-5.504	4.981
831	232	3.072	-2.475
831	233	3.727	-1.552
831	234	4.113	-3.707
831	235	-4.467	-2.940
831	275	-3.209	7.419
831	300	-0.585	2.552
831	301	0.007	2.662
831	302	-4.946	5.822
831	303	-3.321	5.374
831	304	-3.739	4.971
831	306	-4.966	8.501
831	312	-6.392	9.194
831	316	-0.232	1.423
831	317	-0.616	0.524
831	340	-6.173	7.107
831	409	0.265	4.490
831	410	6.552	-3.087
831	412	4.801	0.678
831	413	5.436	1.351
831	414	5.408	0.631
831	421	2.194	4.552
831	422	2.651	4.999
831	423	1.915	5.105
831	425	3.216	5.374
831	468	5.026	-2.957
831	473	4.547	-2.973
841	4	1.409	1.975
841	6	1.882	5.474
841	18	3.356	4.751
841	37	3.816	-3.729
841	38	0.549	-0.149
841	39	-0.302	-0.225
841	41	4.701	6.068
841	42	1.873	0.768
841	43	-1.421	7.442
841	44	-0.524	1.870
841	45	1.427	3.991
841	46	1.198	4.816
841	47	0.665	5.254
841	48	4.357	5.643
841	49	3.752	6.172
841	75	0.806	2.194
841	83	6.250	-0.272
841	85	1.271	7.887
841	86	3.781	5.088
841	87	0.514	-2.301
841	88	0.864	-4.165
841	221	-0.116	-4.380
841	222	-4.692	7.258
841	223	-5.090	4.725
841	224	-5.282	4.357
841	225	-5.946	5.645
841	226	-5.381	5.169
841	232	3.034	-2.171
841	233	3.725	-1.528
841	234	4.017	-3.202
841	235	-4.299	-2.478
841	275	-3.609	7.123
841	300	-0.587	2.352
841	301	0.057	2.342
841	302	-4.787	5.605
841	303	-3.282	5.248
841	304	-3.653	4.852
841	306	-4.652	8.395
841	307	-5.311	8.955
841	312	-6.182	9.192
841	316	-0.244	1.342
841	317	-0.385	0.522
841	340	-5.978	7.141
841	409	0.217	4.702
841	410	6.552	-3.103
841	412	4.801	0.678
841	413	5.436	1.351
841	414	5.408	0.631
841	421	2.194	4.552
841	422	2.651	4.999
841	423	1.915	5.105
841	425	3.216	5.374
841	468	5.026	-2.957
841	473	4.547	-2.973
851	4	1.337	2.199
851	6	2.254	5.435
851	18	3.356	4.751
851	37	3.843	-3.926
851	38	0.396	-0.575
851	39	-0.396	-0.620
851	41	4.681	6.124
851	42	1.419	0.424
851	43	-1.438	7.540
851	44	-0.836	1.567
851	45	1.483	3.705
851	46	1.215	4.585
851	47	0.667	4.990
851	48	4.560	5.366
851	49	3.983	5.908
851	75	0.845	2.285
851	83	6.293	-0.375
851	86	3.636	5.428
851	87	0.853	-1.773
851	88	0.920	-3.696
851	89	0.452	-6.327
851	221	-0.142	-4.160
851	222	-4.659	7.252
851	223	-4.979	4.869
851	224	-5.053	4.428
851	225	-5.783	5.758
851	226	-5.313	5.328
851	232	2.974	-1.652
851	233	3.707	-1.406
851	234	3.982	-2.815
851	235	-4.048	-1.793
851	275	-3.899	6.940
851	300	-0.568	2.188
851	301	0.111	2.115
851	302	-4.658	5.365
851	306	-4.326	8.274
851	307	-5.167	8.767
851	312	-5.933	8.992
851	316	-0.185	1.317
851	317	-0.232	0.522
851	340	-5.714	7.223
851	409	0.013	4.850
851	410	6.614	-3.010
851	412	4.801	0.678
851	413	5.436	1.351
851	414	5.408	0.631
851	421	2.194	4.552
851	422	2.651	4.999
851	423	1.915	5.105
851	425	3.216	5.374
851	468	5.026	-2.957
851	473	4.547	-2.973
861	4	1.224	2.413
861	6	2.254	5.435
861	18	3.356	4.751
861	37	3.858	-4.164
861	38	0.210	-1.090
861	39	-0.514	-1.103
861	41	4.541	6.251
861	42	1.146	0.221
861	43	-1.620	7.704
861	44	-1.147	1.229
861	45	1.537	3.398
861	46	1.232	4.300
861	47	0.696	4.750
861	48	4.437	5.171
861	49	3.943	5.640
861	75	0.680	2.537
861	83	6.394	-0.289
861	86	3.463	5.789
861	87	1.006	-1.489
861	88	0.968	-3.310
861	89	0.363	-6.012
861	90	1.224	-6.156
861	221	-0.205	-3.907
861	222	-4.659	7.275
861	223	-4.859	5.062
861	224	-4.847	4.540
861	225	-5.583	5.897
861	226	-5.190	5.477
861	232	2.993	-1.378
861	233	3.667	-1.197
861	234	4.069	-2.425
861	235	-3.903	-1.480
861	275	-4.186	6.741
861	300	-0.546	2.117
861	301	0.152	1.881
861	302	-4.597	5.102
861	306	-4.070	8.171
861	307	-4.894	8.650
861	312	-5.658	8.644
861	316	0.042	1.348
861	317	0.000	0.567
861	340	-5.714	7.223
861	409	-0.271	5.031
861	410	6.634	-3.101
861	412	4.801	0.678
861	413	5.436	1.351
861	414	5.408	0.631
861	421	2.194	4.552
861	422	2.651	4.999
861	423	1.915	5.105
861	425	3.216	5.374
861	468	5.026	-2.957
861	473	4.547	-2.973
871	4	1.099	2.648
871	6	2.315	5.576
871	18	3.356	4.751
871	37	3.873	-4.479
871	38	0.101	-1.388
871	39	-0.588	-1.381
871	41	4.421	6.340
871	42	0.806	-0.017
871	43	-1.759	7.821
871	44	-1.261	0.968
871	45	1.592	3.090
871	46	1.262	4.061
871	47	0.736	4.392
871	48	4.435	4.952
871	49	3.949	5.428
871	75	0.561	2.728
871	83	6.444	-0.336
871	86	3.296	6.011
871	87	1.269	-1.029
871	88	1.011	-2.975
871	89	0.243	-5.595
871	90	1.155	-5.875
871	221	-0.200	-3.667
871	222	-4.662	7.369
871	223	-4.751	5.239
871	224	-4.897	4.723
871	225	-5.482	6.006
871	226	-4.970	5.626
871	232	3.044	-0.925
871	233	3.625	-0.956
871	234	4.182	-1.904
871	235	-3.666	-1.011
871	275	-4.539	6.528
871	300	-0.536	2.038
871	301	0.066	1.721
871	302	-4.511	4.923
871	306	-4.028	8.343
871	307	-4.677	8.536
871	312	-5.357	8.463
871	316	0.388	1.375
871	317	0.241	0.612
871	340	-5.538	7.169
871	409	-0.402	5.131
871	410	6.512	-2.859
871	412	4.801	0.678
871	413	5.436	1.351
871	414	5.408	0.631
871	421	2.194	4.552
871	422	2.651	4.999
871	423	1.915	5.105
871	425	3.216	5.374
871	468	5.026	-2.957
871	473	4.547	-2.973
881	4	0.996	2.856
881	6	2.315	5.576
881	18	3.356	4.751
881	37	3.934	-4.687
881	38	-0.036	-1.716
881	39	-0.708	-1.763
881	41	4.512	6.296
881	42	0.240	-0.409
881	43	-1.453	7.700
881	44	-1.444	0.502
881	45	1.828	2.762
881	46	1.413	3.771
881	47	0.867	4.024
881	48	4.405	4.746
881	49	3.993	4.982
881	75	0.536	2.968
881	83	6.493	-0.367
881	86	3.013	6.398
881	87	1.449	-0.605
881	88	1.104	-2.220
881	89	0.173	-5.271
881	90	1.062	-5.497
881	91	1.765	-6.011
881	221	-0.075	-3.421
881	222	-4.657	7.181
881	223	-4.655	5.397
881	224	-5.051	4.943
881	225	-5.384	6.091
881	226	-4.705	5.797
881	227	-6.165	4.278
881	232	3.080	-0.641
881	233	3.651	-0.719
881	234	4.240	-1.431
881	235	-3.491	-0.627
881	275	-4.874	6.524
881	300	-0.550	1.867
881	301	0.005	1.679
881	302	-4.309	4.937
881	306	-4.022	8.493
881	307	-4.583	8.465
881	312	-5.058	8.476
881	316	0.610	1.490
881	317	0.524	0.716
881	340	-5.467	7.209
881	409	-0.515	5.478
881	410	6.587	-2.698
881	412	4.801	0.678
881	413	5.436	1.351
881	414	5.408	0.631
881	421	2.194	4.552
881	422	2.651	4.999
881	423	1.915	5.105
881	425	3.216	5.374
881	468	5.026	-2.957
881	473	4.547	-2.973
891	4	0.884	3.072
891	6	2.315	5.576
891	18	3.356	4.751
891	37	4.032	-4.873
891	38	-0.197	-2.124
891	39	-0.860	-2.258
891	41	4.417	6.402
891	42	-0.127	-0.698
891	43	-1.398	7.689
891	44	-1.575	0.117
891	45	1.855	2.606
891	46	1.445	3.455
891	47	1.016	3.810
891	48	4.365	4.441
891	49	3.854	4.822
891	75	0.383	3.182
891	83	6.473	-0.268
891	86	2.766	6.660
891	87	1.389	-0.332
891	88	1.183	-1.682
891	89	0.155	-5.045
891	90	1.007	-5.239
891	91	1.836	-5.760
891	221	0.149	-3.017
891	222	-4.659	7.252
891	223	-4.546	5.578
891	224	-4.985	5.122
891	225	-5.141	6.162
891	226	-4.435	5.969
891	227	-5.637	3.861
891	228	-6.383	5.010
891	232	3.140	-0.223
891	233	3.711	-0.290
891	234	4.307	-0.748
891	235	-3.363	-0.219
891	275	-5.213	6.549
891	300	-0.584	1.631
891	301	-0.025	1.539
891	302	-4.117	5.019
891	306	-4.013	8.671
891	307	-4.503	8.608
891	312	-4.799	8.472
891	316	0.881	1.651
891	317	1.109	0.940
891	340	-5.362	7.191
891	409	-0.756	5.701
891	410	6.530	-2.439
891	412	4.801	0.678
891	413	5.436	1.351
891	414	5.408	0.631
891	421	2.194	4.552
891	422	2.651	4.999
891	423	1.915	5.105
891	425	3.297	5.361
891	468	5.026	-2.957
891	473	4.547	-2.973
901	4	0.729	3.337
901	6	2.208	5.537
901	18	3.356	4.751
901	37	4.156	-5.108
901	38	-0.244	-2.386
901	39	-0.910	-2.562
901	41	4.303	6.496
901	42	-0.369	-0.970
901	43	-1.372	7.726
901	44	-1.628	-0.201
901	45	1.750	2.359
901	46	1.589	3.188
901	47	1.117	3.543
901	48	4.355	4.259
901	49	3.910	4.584
901	75	0.181	3.336
901	83	6.475	-0.301
901	86	2.467	6.846
901	87	1.273	0.092
901	88	1.271	-1.339
901	89	0.143	-4.791
901	90	0.947	-4.957
901	91	1.933	-5.423
901	221	0.298	-2.747
901	222	-4.795	7.393
901	223	-4.332	5.754
901	224	-4.756	5.290
901	225	-4.849	6.208
901	226	-4.206	6.113
901	227	-5.085	3.446
901	228	-6.262	4.799
901	232	3.201	0.224
901	233	3.749	-0.016
901	234	4.252	-0.351
901	235	-3.126	0.551
901	275	-5.559	6.573
901	300	-0.611	1.385
901	301	-0.047	1.271
901	302	-4.054	5.046
901	307	-4.463	8.712
901	312	-4.581	8.450
901	316	0.974	1.837
901	317	1.488	1.151
901	340	-5.358	7.137
901	409	-1.027	5.932
901	410	6.543	-2.337
901	412	4.801	0.678
901	413	5.436	1.351
901	414	5.408	0.631
901	421	2.194	4.552
901	422	2.651	4.999
901	423	1.915	5.105
901	425	3.297	5.361
901	468	5.026	-2.957
901	473	4.547	-2.973
911	4	0.604	3.597
911	6	2.208	5.537
911	18	3.356	4.751
911	37	4.267	-5.317
911	38	-0.311	-2.792
911	39	-0.939	-2.901
911	41	4.083	6.579
911	42	-0.830	-1.506
911	43	-1.373	7.768
911	44	-1.709	-0.763
911	45	1.776	2.221
911	46	1.595	2.992
911	47	1.240	3.354
911	48	4.218	3.869
911	49	3.827	4.147
911	50	-2.207	8.151
911	75	0.027	3.568
911	83	6.460	-0.335
911	86	2.027	7.119
911	87	1.128	0.334
911	88	1.452	-0.640
911	89	0.130	-4.525
911	90	0.856	-4.552
911	91	2.028	-5.088
911	221	0.477	-2.440
911	222	-4.760	7.340
911	223	-3.855	5.859
911	224	-4.499	5.512
911	225	-4.577	6.238
911	226	-4.007	6.260
911	227	-4.747	3.256
911	228	-6.105	4.598
911	232	3.221	0.506
911	233	3.812	0.460
911	234	4.205	0.046
911	235	-2.969	0.908
911	275	-5.912	6.607
911	300	-0.605	1.169
911	301	-0.074	0.984
911	302	-4.119	5.018
911	307	-4.423	8.816
911	312	-4.402	8.410
911	316	0.984	1.975
911	317	1.765	1.293
911	340	-5.399	7.145
911	409	-1.142	6.203
911	410	6.587	-2.232
911	412	4.904	0.854
911	413	5.436	1.351
911	414	5.408	0.631
911	421	2.194	4.552
911	422	2.651	4.999
911	423	1.915	5.105
911	425	3.297	5.361
911	468	5.026	-2.957
911	473	4.547	-2.973
921	4	0.610	3.789
921	6	2.122	5.532
921	18	3.356	4.751
921	38	-0.363	-3.215
921	39	-0.976	-3.357
921	41	4.189	6.555
921	42	-1.178	-1.857
921	43	-1.400	7.753
921	44	-1.810	-1.127
921	45	1.781	2.046
921	46	1.557	2.741
921	47	1.037	3.073
921	48	3.991	3.761
921	49	3.628	4.043
921	50	-1.863	7.485
921	51	5.223	6.483
921	75	0.042	3.803
921	83	6.538	-0.298
921	86	1.790	7.289
921	87	0.811	0.766
921	88	1.581	-0.159
921	89	0.111	-4.301
921	90	0.811	-4.233
921	91	2.095	-4.843
921	92	0.428	-6.320
921	221	0.713	-2.038
921	222	-4.759	7.270
921	223	-3.440	5.937
921	224	-4.220	5.661
921	225	-4.342	6.337
921	226	-3.810	6.401
921	227	-4.401	3.082
921	228	-5.740	4.292
921	232	3.250	0.987
921	233	3.863	0.786
921	234	4.177	0.389
921	235	-2.739	1.332
921	275	-6.275	6.651
921	300	-0.592	0.944
921	301	-0.106	0.720
921	302	-4.266	4.955
921	312	-4.260	8.353
921	316	0.922	2.101
921	317	1.973	1.500
921	340	-5.362	7.043
921	409	-1.228	6.387
921	410	6.598	-1.998
921	412	4.901	0.959
921	413	5.436	1.351
921	414	5.408	0.631
921	421	2.194	4.552
921	422	2.651	4.999
921	423	1.915	5.105
921	425	3.297	5.361
921	468	5.026	-2.957
921	473	4.547	-2.973
931	4	0.542	4.090
931	6	2.122	5.532
931	18	3.356	4.751
931	38	-0.336	-3.455
931	39	-0.918	-3.622
931	41	4.190	6.537
931	42	-1.556	-2.136
931	43	-1.454	7.764
931	44	-1.976	-1.525
931	45	1.696	1.854
931	46	1.700	2.517
931	47	1.115	2.809
931	48	3.896	3.565
931	49	3.556	3.835
931	50	-2.103	7.101
931	51	5.134	6.057
931	75	-0.221	4.158
931	83	6.476	-0.334
931	86	1.509	7.501
931	87	0.560	1.137
931	88	1.703	0.221
931	89	0.080	-4.050
931	90	0.815	-3.970
931	91	2.168	-4.589
931	92	0.448	-6.074
931	221	0.839	-1.763
931	222	-4.758	7.246
931	223	-3.177	6.011
931	224	-3.905	5.722
931	225	-4.124	6.465
931	226	-3.561	6.488
931	227	-4.009	2.885
931	228	-5.196	3.837
931	232	3.323	1.243
931	233	3.921	1.145
931	234	4.178	0.728
931	235	-2.531	1.637
931	275	-6.662	6.699
931	300	-0.600	0.726
931	301	-0.160	0.273
931	302	-4.306	4.939
931	308	-3.006	8.448
931	312	-4.656	8.533
931	316	0.965	2.279
931	317	2.312	1.886
931	340	-5.292	6.984
931	409	-1.370	6.623
931	412	4.901	0.959
931	413	5.436	1.351
931	414	5.408	0.631
931	421	2.194	4.552
931	422	2.651	4.999
931	423	1.915	5.105
931	425	3.297	5.361
931	468	5.026	-2.957
931	473	4.547	-2.973
941	4	0.527	4.438
941	6	2.147	5.414
941	18	3.356	4.751
941	38	-0.296	-3.647
941	39	-0.808	-3.839
941	41	4.189	6.555
941	42	-2.209	-2.617
941	43	-1.483	7.791
941	44	-2.229	-2.067
941	45	1.524	1.525
941	46	1.395	2.265
941	47	1.093	2.750
941	48	3.951	3.272
941	49	3.552	3.544
941	50	-1.789	6.805
941	51	5.101	5.753
941	75	-0.355	4.359
941	83	6.415	-0.453
941	86	1.248	7.697
941	87	0.425	1.402
941	88	2.087	0.758
941	89	0.044	-3.761
941	90	0.829	-3.514
941	91	2.278	-4.233
941	92	0.474	-5.799
941	221	0.927	-1.488
941	222	-4.760	7.340
941	223	-2.961	6.089
941	224	-3.228	5.918
941	225	-3.906	6.578
941	226	-3.365	6.538
941	227	-3.667	2.719
941	228	-4.915	3.567
941	232	3.498	1.659
941	233	3.998	1.469
941	234	4.330	1.206
941	235	-2.150	1.996
941	275	-7.069	6.749
941	300	-0.604	0.430
941	301	-0.205	-0.065
941	302	-4.216	4.977
941	308	-3.039	8.225
941	309	-3.544	8.600
941	312	-4.822	8.569
941	316	0.599	2.438
941	317	2.380	2.134
941	318	-3.527	3.439
941	319	-4.143	3.302
941	340	-5.327	7.014
941	409	-1.238	6.790
941	412	4.901	0.959
941	413	5.436	1.351
941	414	5.408	0.631
941	421	2.194	4.552
941	422	2.651	4.999
941	423	1.915	5.105
941	425	3.297	5.361
941	468	5.026	-2.957
941	473	4.547	-2.973
951	4	0.476	4.710
951	6	2.147	5.414
951	18	3.356	4.751
951	38	-0.259	-3.827
951	39	-0.680	-4.084
951	41	4.206	6.604
951	42	-2.600	-2.807
951	43	-1.911	7.953
951	44	-2.534	-2.228
951	45	1.381	1.398
951	46	1.300	1.965
951	47	1.127	2.391
951	48	3.920	3.023
951	49	3.476	3.423
951	50	-1.781	6.481
951	51	5.277	5.178
951	75	-0.521	4.773
951	83	6.235	-0.507
951	86	1.047	7.846
951	87	0.194	1.848
951	88	2.116	1.280
951	89	0.047	-3.517
951	90	0.842	-3.060
951	91	2.367	-3.899
951	92	0.479	-5.557
951	93	2.052	-5.920
951	221	1.054	-1.097
951	222	-4.826	7.305
951	223	-2.718	6.140
951	224	-3.165	5.850
951	225	-3.728	6.725
951	226	-3.263	6.564
951	227	-3.323	2.557
951	228	-4.671	3.292
951	232	3.621	1.971
951	233	4.134	1.723
951	234	4.513	1.557
951	235	-1.759	2.417
951	275	-7.467	6.798
951	300	-0.623	0.102
951	301	-0.259	-0.377
951	308	-3.115	8.024
951	309	-3.617	8.307
951	312	-4.585	8.332
951	316	0.641	2.698
951	317	2.435	2.488
951	318	-3.377	3.224
951	319	-3.867	3.067
951	340	-5.224	6.972
951	409	-1.142	7.215
951	412	4.973	0.959
951	413	5.436	1.351
951	414	5.408	0.631
951	421	2.194	4.552
951	422	2.651	4.999
951	423	1.915	5.105
951	425	3.297	5.361
951	468	5.026	-2.957
951	473	4.547	-2.973
961	4	0.380	4.958
961	6	2.147	5.414
961	18	3.356	4.751
961	38	-0.219	-4.017
961	39	-0.585	-4.308
961	41	4.146	6.739
961	42	-3.162	-2.968
961	43	-2.125	8.143
961	44	-3.040	-2.381
961	45	1.486	1.250
961	46	1.306	1.847
961	47	1.036	2.276
961	48	3.709	2.931
961	49	3.420	3.300
961	50	-1.778	6.075
961	51	5.293	4.684
961	75	-0.582	5.093
961	83	5.957	-0.460
961	86	0.847	7.993
961	87	0.043	2.178
961	88	2.096	1.956
961	89	0.077	-3.046
961	90	0.847	-2.792
961	91	2.398	-3.664
961	92	0.463	-5.337
961	93	1.995	-5.597
961	221	1.141	-0.810
961	222	-4.626	7.269
961	223	-2.456	6.146
961	224	-2.896	5.864
961	225	-3.626	6.909
961	226	-3.111	6.603
961	227	-2.592	2.186
961	228	-4.405	3.004
961	232	3.728	2.317
961	233	4.287	2.016
961	234	5.001	2.197
961	235	-1.721	2.796
961	300	-0.705	-0.131
961	301	-0.341	-0.852
961	308	-3.288	7.805
961	309	-3.726	8.072
961	312	-4.653	8.416
961	316	0.683	2.917
961	317	2.445	2.718
961	318	-3.228	3.010
961	319	-3.598	2.814
961	340	-5.259	7.002
961	409	-1.040	7.404
961	412	4.973	0.959
961	413	5.436	1.351
961	414	5.408	0.631
961	421	2.194	4.552
961	422	2.651	4.999
961	423	1.915	5.105
961	425	3.297	5.361
961	468	5.026	-2.957
961	473	4.547	-2.973
971	4	0.229	5.336
971	6	2.147	5.414
971	18	3.356	4.751
971	38	-0.160	-4.238
971	39	-0.509	-4.539
971	41	4.105	6.836
971	42	-3.989	-3.202
971	43	-2.336	8.335
971	44	-3.460	-2.540
971	45	1.511	1.151
971	46	1.314	1.569
971	47	1.046	1.916
971	48	3.557	2.703
971	49	3.329	2.996
971	50	-1.722	5.784
971	51	5.320	4.392
971	75	-0.798	5.371
971	83	5.629	-0.423
971	87	-0.062	2.466
971	88	1.902	2.525
971	89	0.107	-2.515
971	90	0.852	-2.362
971	91	2.424	-3.279
971	92	0.443	-5.069
971	93	1.912	-5.120
971	221	1.220	-0.500
971	222	-4.689	7.117
971	223	-2.243	6.106
971	224	-2.695	5.854
971	225	-3.609	7.093
971	226	-2.874	6.665
971	227	-1.920	1.892
971	228	-4.167	2.798
971	230	6.575	-2.008
971	232	3.839	2.598
971	233	4.415	2.304
971	234	5.193	2.580
971	235	-1.683	3.488
971	300	-0.856	-0.441
971	301	-0.365	-1.134
971	308	-3.472	7.559
971	309	-3.990	7.610
971	312	-4.653	8.416
971	316	0.773	3.132
971	317	2.427	3.003
971	318	-3.063	2.776
971	319	-3.484	2.564
971	340	-5.158	7.080
971	341	-6.013	6.351
971	409	-1.020	7.673
971	412	4.973	0.959
971	413	5.436	1.351
971	414	5.408	0.631
971	421	2.194	4.552
971	422	2.651	4.999
971	423	1.915	5.105
971	425	3.297	5.361
971	468	5.026	-2.957
971	473	4.547	-2.973
981	4	0.099	5.667
981	6	2.147	5.414
981	18	3.356	4.751
981	38	-0.015	-4.553
981	39	-0.383	-4.877
981	41	4.101	6.978
981	42	-4.519	-3.418
981	43	-2.470	8.533
981	44	-3.825	-2.716
981	45	1.424	0.993
981	46	1.110	1.335
981	47	0.692	1.746
981	48	3.663	2.498
981	49	3.257	2.725
981	50	-1.501	5.344
981	51	5.211	4.182
981	75	-0.575	5.799
981	83	5.400	-0.509
981	87	-0.244	2.939
981	88	1.752	3.039
981	89	0.114	-2.224
981	90	0.858	-1.831
981	91	2.466	-2.680
981	92	0.420	-4.768
981	93	1.838	-4.780
981	94	3.467	-5.366
981	95	3.009	-5.737
981	221	1.338	-0.039
981	222	-4.659	7.252
981	223	-2.071	6.155
981	224	-2.488	5.879
981	225	-3.441	7.057
981	226	-2.659	6.715
981	227	-1.518	1.851
981	228	-3.921	2.554
981	229	6.602	-1.423
981	230	6.361	-1.976
981	232	4.051	2.958
981	233	4.601	2.721
981	234	5.483	3.302
981	235	-1.566	3.797
981	300	-0.931	-0.709
981	301	-0.375	-1.493
981	308	-3.656	7.257
981	309	-4.202	7.239
981	312	-4.285	8.165
981	316	0.633	3.604
981	317	2.527	3.182
981	318	-2.795	2.408
981	319	-3.345	2.141
981	340	-5.020	6.962
981	341	-5.678	6.205
981	409	-1.030	8.051
981	412	4.973	0.959
981	413	5.436	1.351
981	414	5.408	0.631
981	421	2.194	4.552
981	422	2.651	4.999
981	423	1.915	5.105
981	425	3.297	5.361
981	468	5.026	-2.957
981	473	4.547	-2.973
991	4	0.003	5.919
991	6	2.147	5.414
991	18	3.356	4.751
991	38	0.122	-4.856
991	39	-0.306	-5.177
991	41	3.889	7.079
991	42	-4.855	-3.660
991	43	-2.528	8.625
991	44	-4.384	-2.965
991	45	1.402	0.934
991	46	1.000	1.035
991	47	0.677	1.402
991	48	3.471	2.089
991	49	3.046	2.309
991	50	-1.434	4.907
991	51	5.256	3.961
991	75	-0.663	6.166
991	83	4.855	-0.750
991	87	-0.348	3.295
991	88	1.664	3.746
991	89	0.140	-1.696
991	90	0.863	-1.548
991	91	2.483	-2.272
991	92	0.401	-4.510
991	93	1.763	-4.548
991	94	3.485	-5.125
991	95	2.971	-5.471
991	221	1.631	0.205
991	222	-4.561	7.281
991	223	-1.949	6.301
991	224	-2.252	5.951
991	225	-3.245	6.916
991	226	-2.467	6.760
991	227	-0.773	1.819
991	228	-3.653	2.318
991	229	6.543	-1.336
991	230	6.192	-1.901
991	232	4.199	3.267
991	233	4.709	2.939
991	234	5.703	3.663
991	235	-1.375	4.174
991	300	-0.939	-1.096
991	301	-0.386	-1.888
991	308	-3.820	6.942
991	309	-4.304	7.030
991	312	-4.460	8.266
991	316	0.724	3.857
991	317	2.687	3.386
991	318	-2.627	2.128
991	319	-3.230	1.831
991	340	-4.987	7.004
991	341	-5.416	6.088
991	409	-1.038	8.345
991	412	4.973	0.959
991	413	5.436	1.351
991	414	5.408	0.631
991	421	2.060	4.665
991	422	2.651	4.999
991	423	1.915	5.105
991	425	3.297	5.361
991	468	5.026	-2.957
991	473	4.547	-2.973
1001	4	-0.152	6.331
1001	6	2.147	5.414
1001	18	3.356	4.751
1001	38	0.193	-5.084
1001	39	-0.308	-5.409
1001	41	3.842	7.057
1001	42	-5.430	-4.070
1001	43	-2.615	8.762
1001	44	-4.735	-3.211
1001	45	1.198	0.715
1001	46	0.710	0.815
1001	47	0.338	1.106
1001	48	3.451	1.817
1001	49	2.974	2.027
1001	50	-1.570	4.701
1001	51	5.327	3.864
1001	75	-0.831	6.333
1001	83	4.567	-0.961
1001	87	-0.362	3.573
1001	88	1.534	4.305
1001	89	0.119	-1.267
1001	90	0.920	-1.176
1001	91	2.474	-1.973
1001	92	0.389	-4.295
1001	93	1.637	-4.159
1001	94	3.504	-4.854
1001	95	2.922	-5.126
1001	221	1.669	0.461
1001	222	-4.593	7.240
1001	223	-1.912	6.413
1001	224	-2.038	6.019
1001	225	-3.180	6.821
1001	226	-2.250	6.835
1001	227	-0.285	1.796
1001	228	-3.343	2.210
1001	229	6.499	-1.265
1001	230	6.065	-1.753
1001	232	4.259	3.540
1001	233	4.881	3.267
1001	234	5.758	3.989
1001	235	-1.050	4.536
1001	300	-0.953	-1.578
1001	301	-0.396	-2.148
1001	308	-3.881	6.556
1001	309	-4.380	6.807
1001	312	-4.687	8.410
1001	316	0.831	4.175
1001	317	2.865	3.524
1001	318	-2.353	1.592
1001	319	-3.001	1.277
1001	340	-5.089	7.045
1001	341	-5.529	5.885
1001	409	-1.013	8.381
1001	412	4.973	0.959
1001	413	5.436	1.351
1001	414	5.408	0.631
1001	421	2.060	4.665
1001	422	2.651	4.999
1001	423	1.915	5.105
1001	425	3.297	5.361
1001	468	5.026	-2.957
1001	473	4.547	-2.973
1011	4	-0.290	6.694
1011	6	2.147	5.414
1011	18	3.356	4.751
1011	38	0.338	-5.416
1011	39	-0.334	-5.683
1011	41	3.807	7.115
1011	42	-6.061	-4.533
1011	44	-5.014	-3.614
1011	45	1.343	0.556
1011	46	0.845	0.592
1011	47	0.399	0.834
1011	48	3.441	1.591
1011	49	2.933	1.814
1011	50	-1.477	4.419
1011	51	5.359	3.868
1011	75	-0.845	6.717
1011	83	4.353	-1.385
1011	87	-0.367	4.032
1011	88	1.445	5.018
1011	89	0.003	-0.984
1011	90	0.892	-0.857
1011	91	2.459	-1.325
1011	92	0.381	-4.067
1011	93	1.498	-3.736
1011	94	3.478	-4.648
1011	95	2.877	-4.852
1011	221	1.848	0.864
1011	222	-4.375	6.806
1011	223	-1.668	6.462
1011	224	-1.549	6.121
1011	225	-2.590	6.751
1011	226	-1.790	6.848
1011	227	0.128	1.777
1011	228	-2.811	2.076
1011	229	6.409	-1.189
1011	230	5.893	-1.532
1011	232	4.343	3.929
1011	233	4.928	3.515
1011	234	5.733	4.773
1011	235	-0.709	4.942
1011	300	-0.990	-1.873
1011	301	-0.425	-2.545
1011	308	-4.050	6.269
1011	309	-4.507	6.610
1011	312	-4.951	8.589
1011	316	0.820	4.419
1011	317	3.263	3.759
1011	318	-2.089	1.061
1011	319	-2.783	0.728
1011	340	-5.195	7.205
1011	341	-5.735	5.498
1011	412	4.973	0.959
1011	413	5.436	1.351
1011	414	5.408	0.631
1011	421	2.060	4.665
1011	422	2.651	4.999
1011	423	1.915	5.105
1011	425	3.297	5.361
1011	468	5.026	-2.957
1011	473	4.547	-2.973
1021	4	-0.384	6.928
1021	6	2.147	5.414
1021	18	3.356	4.751
1021	38	0.465	-5.735
1021	39	-0.327	-5.936
1021	42	-6.428	-4.847
1021	44	-5.445	-4.242
1021	45	1.199	0.229
1021	46	0.771	0.421
1021	47	0.280	0.615
1021	48	3.428	1.220
1021	49	2.868	1.487
1021	50	-1.556	4.019
1021	51	5.360	3.928
1021	75	-0.912	6.982
1021	83	4.103	-1.904
1021	87	-0.411	4.400
1021	88	1.429	5.565
1021	89	-0.225	-0.457
1021	90	0.648	-0.679
1021	91	2.431	-0.788
1021	92	0.373	-3.831
1021	93	1.405	-3.481
1021	94	3.406	-4.410
1021	95	2.829	-4.654
1021	221	1.930	1.114
1021	222	-4.229	6.663
1021	223	-1.844	6.543
1021	224	-1.356	6.111
1021	225	-2.773	6.618
1021	226	-1.794	6.999
1021	227	0.742	1.750
1021	228	-2.239	1.941
1021	229	6.231	-1.081
1021	230	5.735	-1.402
1021	232	4.446	4.336
1021	233	4.981	4.006
1021	234	5.719	5.147
1021	235	-0.501	5.320
1021	300	-1.061	-2.345
1021	301	-0.422	-2.871
1021	308	-4.263	6.203
1021	309	-4.779	6.496
1021	312	-5.150	8.746
1021	316	0.771	4.777
1021	317	3.489	3.924
1021	318	-1.923	0.689
1021	319	-2.666	0.326
1021	340	-5.193	7.110
1021	341	-5.938	5.326
1021	412	4.973	0.959
1021	413	5.436	1.351
1021	414	5.408	0.631
1021	421	2.060	4.665
1021	422	2.651	4.999
1021	423	1.915	5.105
1021	425	3.297	5.361
1021	468	5.026	-2.957
1021	473	4.547	-2.973
1031	4	-0.505	7.210
1031	6	2.147	5.414
1031	18	3.356	4.751
1031	38	0.513	-6.034
1031	39	-0.254	-6.194
1031	42	-6.750	-5.179
1031	44	-5.668	-4.595
1031	45	1.357	0.079
1031	46	0.926	0.270
1031	47	0.436	0.384
1031	48	3.370	1.002
1031	49	2.807	1.144
1031	50	-1.374	3.679
1031	51	5.358	3.895
1031	75	-1.015	7.278
1031	83	4.010	-2.206
1031	87	-0.508	4.652
1031	88	1.460	6.084
1031	89	-0.421	0.004
1031	90	0.351	-0.459
1031	91	2.372	-0.496
1031	92	0.350	-3.614
1031	93	1.242	-3.033
1031	94	3.315	-4.109
1031	95	2.751	-4.423
1031	221	2.064	1.544
1031	222	-4.658	7.205
1031	223	-1.628	6.586
1031	224	-1.173	6.356
1031	225	-2.519	6.497
1031	226	-1.843	6.997
1031	227	1.101	1.710
1031	228	-1.875	1.899
1031	229	5.842	-0.849
1031	230	5.510	-1.282
1031	232	4.356	4.687
1031	233	5.008	4.294
1031	234	5.691	5.793
1031	235	-0.275	5.731
1031	300	-1.068	-2.647
1031	301	-0.373	-3.151
1031	308	-4.401	6.153
1031	309	-5.049	6.491
1031	312	-4.753	8.461
1031	316	0.824	5.028
1031	317	3.743	4.130
1031	318	-1.635	0.039
1031	319	-2.468	-0.361
1031	340	-5.156	7.009
1031	341	-6.113	5.523
1031	412	4.973	0.959
1031	413	5.436	1.351
1031	414	5.408	0.631
1031	421	2.060	4.665
1031	422	2.651	4.999
1031	423	1.915	5.105
1031	425	3.297	5.361
1031	468	5.026	-2.957
1031	473	4.547	-2.973
1041	4	-0.642	7.528
1041	6	2.147	5.414
1041	18	3.356	4.751
1041	38	0.576	-6.494
1041	39	-0.142	-6.560
1041	42	-7.222	-5.668
1041	44	-6.020	-5.196
1041	45	1.459	-0.216
1041	46	1.076	0.032
1041	47	0.687	0.184
1041	48	3.389	0.634
1041	49	2.789	0.918
1041	50	-1.310	3.309
1041	51	5.356	3.760
1041	75	-1.141	7.626
1041	83	3.820	-2.840
1041	87	-0.641	5.019
1041	88	1.581	6.603
1041	89	-0.526	0.262
1041	90	0.118	-0.226
1041	91	2.232	0.109
1041	92	0.312	-3.336
1041	93	0.990	-2.356
1041	94	3.298	-3.882
1041	95	2.662	-4.166
1041	221	2.107	1.816
1041	222	-4.558	7.187
1041	223	-1.461	6.610
1041	224	-1.019	6.301
1041	225	-2.003	6.367
1041	226	-1.644	7.063
1041	227	1.552	1.596
1041	228	-1.268	1.849
1041	229	5.572	-0.686
1041	230	5.224	-1.128
1041	232	4.347	5.120
1041	233	5.057	4.883
1041	234	5.660	6.496
1041	235	-0.070	6.079
1041	300	-1.048	-3.001
1041	301	-0.298	-3.578
1041	308	-4.657	6.111
1041	309	-5.117	6.491
1041	312	-5.292	8.958
1041	316	1.029	5.598
1041	317	3.908	4.315
1041	318	-1.514	-0.280
1041	319	-2.340	-0.687
1041	340	-5.020	6.986
1041	341	-6.287	5.678
1041	412	4.973	0.959
1041	413	5.436	1.351
1041	414	5.408	0.631
1041	421	2.060	4.665
1041	422	2.651	4.999
1041	423	1.915	5.105
1041	425	3.297	5.361
1041	468	5.026	-2.957
1041	473	4.547	-2.973
1051	4	-0.737	7.797
1051	6	2.147	5.414
1051	18	3.356	4.751
1051	42	-7.559	-6.015
1051	44	-6.305	-5.527
1051	45	1.374	-0.498
1051	46	1.034	-0.151
1051	47	0.620	-0.021
1051	48	3.359	0.257
1051	49	2.783	0.587
1051	50	-1.495	3.000
1051	51	5.444	3.766
1051	75	-1.283	7.868
1051	83	3.742	-3.236
1051	87	-0.797	5.289
1051	88	1.501	7.024
1051	89	-0.704	0.650
1051	90	-0.187	0.093
1051	91	2.139	0.506
1051	92	0.259	-2.875
1051	93	0.819	-2.059
1051	94	3.317	-3.493
1051	95	2.649	-3.940
1051	221	2.152	2.274
1051	222	-4.627	7.293
1051	223	-1.371	6.687
1051	224	-0.790	6.420
1051	225	-2.006	6.351
1051	226	-1.570	7.088
1051	227	2.053	1.501
1051	228	-0.743	1.798
1051	229	5.252	-0.495
1051	230	5.016	-1.012
1051	232	4.344	5.319
1051	233	5.121	5.163
1051	235	0.228	6.608
1051	300	-1.008	-3.350
1051	301	-0.238	-3.890
1051	308	-4.817	6.061
1051	309	-5.287	6.492
1051	312	-5.233	9.011
1051	316	1.235	5.862
1051	317	4.023	4.555
1051	318	-1.349	-0.756
1051	319	-2.112	-1.215
1051	340	-5.020	6.986
1051	341	-6.463	5.765
1051	412	4.973	0.959
1051	413	5.436	1.351
1051	414	5.408	0.631
1051	421	2.060	4.665
1051	422	2.651	4.999
1051	423	1.915	5.105
1051	425	3.297	5.361
1051	468	5.026	-2.957
1051	473	4.547	-2.973
1061	4	-0.802	8.046
1061	6	2.147	5.414
1061	18	3.356	4.751
1061	44	-6.739	-5.941
1061	45	1.429	-0.814
1061	46	1.019	-0.474
1061	47	0.525	-0.167
1061	48	3.314	-0.179
1061	49	2.771	0.199
1061	50	-1.486	2.654
1061	51	5.478	3.763
1061	75	-1.451	8.114
1061	83	3.758	-3.509
1061	87	-0.950	5.510
1061	88	1.433	7.564
1061	89	-0.856	1.045
1061	90	-0.299	0.318
1061	91	2.028	0.962
1061	92	0.193	-2.436
1061	93	0.393	-1.550
1061	94	3.344	-2.893
1061	95	2.714	-3.693
1061	221	2.147	2.664
1061	222	-4.626	7.246
1061	223	-1.399	6.610
1061	224	-0.675	6.559
1061	225	-1.840	6.340
1061	226	-1.453	7.126
1061	227	2.379	1.592
1061	228	-0.369	1.737
1061	229	4.741	-0.187
1061	230	4.486	-0.723
1061	232	4.327	5.530
1061	233	5.269	5.571
1061	235	0.270	6.893
1061	300	-0.931	-3.589
1061	301	-0.190	-4.120
1061	308	-4.798	6.003
1061	309	-5.576	6.504
1061	312	-5.088	9.028
1061	316	1.630	6.112
1061	317	4.152	4.764
1061	318	-1.244	-1.096
1061	319	-1.962	-1.529
1061	340	-5.123	7.050
1061	341	-6.637	5.783
1061	412	4.973	0.959
1061	413	5.436	1.351
1061	414	5.408	0.631
1061	421	2.060	4.665
1061	422	2.651	4.999
1061	423	1.915	5.105
1061	425	3.297	5.361
1061	468	5.026	-2.957
1061	473	4.547	-2.973
1071	4	-0.885	8.382
1071	6	2.147	5.414
1071	18	3.356	4.751
1071	44	-7.294	-6.473
1071	45	1.552	-1.046
1071	46	1.027	-0.756
1071	47	0.611	-0.594
1071	48	3.245	-0.415
1071	49	2.726	-0.038
1071	50	-1.532	2.310
1071	51	5.428	3.717
1071	52	1.702	7.392
1071	83	3.780	-3.923
1071	87	-1.132	5.704
1071	89	-0.694	1.448
1071	90	-0.433	0.605
1071	91	1.868	1.613
1071	92	0.114	-2.179
1071	93	-0.089	-0.934
1071	94	3.370	-2.507
1071	95	2.838	-3.260
1071	221	2.046	2.916
1071	222	-4.692	7.258
1071	223	-1.302	6.628
1071	224	-0.605	6.660
1071	225	-1.836	6.341
1071	226	-1.271	7.188
1071	227	2.995	1.796
1071	228	0.279	1.622
1071	229	4.498	-0.026
1071	230	4.354	-0.436
1071	232	4.263	5.736
1071	233	5.303	5.827
1071	235	0.304	7.426
1071	300	-0.823	-3.897
1071	301	-0.132	-4.412
1071	308	-4.921	6.026
1071	309	-5.753	6.544
1071	310	-3.058	8.402
1071	312	-4.913	9.017
1071	316	1.925	6.228
1071	317	4.407	5.011
1071	318	-1.100	-1.637
1071	319	-1.674	-2.044
1071	340	-5.088	6.997
1071	341	-6.716	5.778
1071	412	4.973	0.959
1071	413	5.436	1.351
1071	414	5.408	0.631
1071	421	2.060	4.665
1071	422	2.651	4.999
1071	423	1.915	5.105
1071	425	3.297	5.361
1071	468	5.026	-2.957
1071	473	4.547	-2.973
1081	6	2.147	5.414
1081	18	3.356	4.751
1081	44	-7.662	-6.825
1081	45	1.375	-1.339
1081	46	0.851	-1.006
1081	47	0.330	-0.835
1081	48	3.115	-0.693
1081	49	2.639	-0.309
1081	50	-1.661	1.998
1081	51	5.427	3.751
1081	52	1.582	7.129
1081	83	3.809	-4.210
1081	87	-1.396	5.778
1081	89	-0.879	1.804
1081	90	-0.548	0.889
1081	91	1.778	1.923
1081	92	-0.036	-1.856
1081	93	-0.191	-0.624
1081	94	3.402	-2.234
1081	95	2.934	-2.905
1081	221	1.906	3.257
1081	222	-4.559	7.211
1081	223	-1.104	6.670
1081	224	-0.518	6.761
1081	225	-1.817	6.340
1081	226	-1.207	7.213
1081	227	3.331	1.882
1081	228	0.656	1.586
1081	229	4.158	0.350
1081	230	3.945	-0.273
1081	232	4.205	5.997
1081	233	5.363	6.331
1081	235	0.335	7.928
1081	300	-0.754	-4.141
1081	301	-0.072	-4.695
1081	308	-5.214	6.141
1081	309	-6.019	6.596
1081	310	-3.407	8.176
1081	312	-4.817	8.993
1081	316	2.497	6.343
1081	317	4.700	5.308
1081	318	-0.953	-2.230
1081	319	-1.444	-2.522
1081	340	-5.157	7.032
1081	341	-6.642	5.776
1081	412	4.973	0.959
1081	413	5.436	1.351
1081	414	5.408	0.631
1081	421	2.060	4.665
1081	422	2.651	4.999
1081	423	1.915	5.105
1081	425	3.297	5.361
1081	468	5.026	-2.957
1081	473	4.547	-2.973
1091	6	2.147	5.414
1091	18	3.356	4.751
1091	45	1.614	-1.598
1091	46	1.230	-1.207
1091	47	0.602	-1.127
1091	48	3.105	-1.041
1091	49	2.798	-0.605
1091	50	-1.618	1.547
1091	51	5.445	3.715
1091	52	1.352	6.653
1091	53	2.079	6.960
1091	83	3.857	-4.463
1091	87	-1.659	5.829
1091	89	-0.871	2.290
1091	90	-0.601	1.133
1091	91	1.594	2.555
1091	92	-0.268	-1.370
1091	93	-0.293	-0.082
1091	94	3.460	-1.741
1091	95	2.999	-2.645
1091	221	1.822	3.493
1091	222	-4.724	7.217
1091	223	-0.939	6.694
1091	224	-0.378	6.885
1091	225	-1.636	6.326
1091	226	-1.213	7.216
1091	227	4.065	2.097
1091	228	1.197	1.589
1091	229	3.841	0.477
1091	230	3.441	0.090
1091	232	4.054	6.110
1091	233	5.313	6.664
1091	300	-0.687	-4.405
1091	301	-0.014	-4.913
1091	308	-5.489	6.257
1091	309	-6.248	6.637
1091	310	-3.744	8.021
1091	311	-3.572	8.626
1091	312	-4.803	8.957
1091	316	2.768	6.465
1091	317	4.867	5.541
1091	318	-0.916	-2.581
1091	319	-1.400	-2.882
1091	340	-5.122	6.979
1091	341	-6.419	5.777
1091	412	4.973	0.959
1091	413	5.436	1.351
1091	414	5.408	0.631
1091	421	2.060	4.665
1091	422	2.651	4.999
1091	423	1.915	5.105
1091	425	3.297	5.361
1091	468	5.026	-2.957
1091	473	4.547	-2.973
1101	6	2.147	5.414
1101	18	3.356	4.751
1101	45	1.637	-1.615
1101	46	1.072	-1.501
1101	47	0.467	-1.610
1101	48	2.927	-1.356
1101	49	2.641	-1.034
1101	50	-1.572	1.268
1101	51	5.429	3.700
1101	52	1.214	6.361
1101	53	1.810	6.316
1101	83	3.937	-4.887
1101	87	-1.902	5.952
1101	89	-0.825	2.548
1101	90	-0.684	1.546
1101	91	1.444	3.003
1101	92	-0.405	-0.995
1101	93	-0.316	0.241
1101	94	3.510	-1.358
1101	95	3.130	-2.164
1101	221	1.689	3.869
1101	222	-4.558	7.187
1101	223	-0.889	6.678
1101	224	-0.263	6.976
1101	225	-1.386	6.320
1101	226	-1.108	7.246
1101	227	4.485	2.089
1101	228	1.719	1.582
1101	229	3.544	0.876
1101	230	3.182	0.336
1101	232	4.261	6.067
1101	233	5.142	6.764
1101	300	-0.589	-4.756
1101	301	0.047	-5.079
1101	308	-5.821	6.266
1101	309	-6.294	6.651
1101	310	-4.092	7.942
1101	311	-3.731	8.329
1101	312	-4.872	8.907
1101	316	3.216	6.718
1101	317	5.113	5.894
1101	318	-0.861	-3.161
1101	319	-1.333	-3.497
1101	340	-5.020	6.962
1101	341	-6.076	5.774
1101	412	4.973	0.959
1101	413	5.436	1.351
1101	414	5.408	0.631
1101	421	2.060	4.665
1101	422	2.651	4.999
1101	423	1.915	5.105
1101	425	3.297	5.361
1101	468	5.026	-2.957
1101	473	4.547	-2.973
1111	6	2.147	5.414
1111	18	3.356	4.751
1111	45	1.662	-1.653
1111	46	1.127	-1.739
1111	47	0.430	-1.826
1111	48	2.786	-1.596
1111	49	2.433	-1.298
1111	50	-1.502	0.792
1111	51	5.392	3.755
1111	52	1.045	5.970
1111	53	1.665	6.073
1111	83	4.005	-5.245
1111	87	-2.145	6.109
1111	89	-0.730	2.887
1111	90	-0.782	2.049
1111	91	1.291	3.316
1111	92	-0.427	-0.726
1111	93	-0.301	0.723
1111	94	3.557	-1.146
1111	95	3.233	-1.712
1111	96	1.682	-5.986
1111	221	1.561	4.249
1111	222	-4.559	7.211
1111	223	-0.814	6.698
1111	224	-0.184	7.032
1111	225	-1.191	6.351
1111	226	-0.909	7.298
1111	227	4.800	2.117
1111	228	2.102	1.565
1111	229	3.334	1.168
1111	230	2.900	0.582
1111	232	4.111	6.060
1111	233	4.958	6.894
1111	300	-0.526	-5.061
1111	301	0.102	-5.225
1111	308	-6.139	6.266
1111	309	-6.597	6.671
1111	310	-4.508	7.851
1111	311	-3.827	8.076
1111	312	-5.022	8.843
1111	316	3.487	6.918
1111	317	5.246	6.105
1111	318	-0.756	-3.438
1111	319	-1.262	-3.785
1111	340	-5.190	6.991
1111	341	-5.735	5.762
1111	412	4.973	0.959
1111	413	5.436	1.351
1111	414	5.408	0.631
1111	421	2.044	4.456
1111	422	2.651	4.999
1111	423	1.915	5.105
1111	425	3.297	5.361
1111	468	5.026	-2.957
1111	473	4.547	-2.973
1121	6	2.147	5.414
1121	18	3.356	4.751
1121	45	1.664	-1.752
1121	46	1.129	-1.819
1121	47	0.507	-2.163
1121	48	2.809	-2.087
1121	49	2.529	-1.599
1121	50	-1.405	0.267
1121	51	5.445	3.715
1121	52	0.810	5.442
1121	53	1.444	5.726
1121	54	1.730	7.358
1121	87	-2.396	6.263
1121	89	-0.607	3.316
1121	90	-0.825	2.363
1121	91	1.051	3.804
1121	92	-0.447	-0.250
1121	93	-0.282	1.353
1121	94	3.640	-0.889
1121	95	3.239	-1.460
1121	96	1.612	-5.729
1121	221	1.493	4.461
1121	222	-4.556	7.094
1121	223	-0.653	6.786
1121	224	-0.077	7.136
1121	225	-0.991	6.320
1121	226	-0.783	7.315
1121	227	5.445	2.153
1121	228	2.522	1.502
1121	229	3.152	1.438
1121	230	2.530	0.914
1121	232	3.719	6.216
1121	233	4.777	6.975
1121	300	-0.508	-5.285
1121	301	0.117	-5.420
1121	308	-6.481	6.273
1121	309	-6.949	6.691
1121	310	-4.843	7.809
1121	311	-3.961	7.697
1121	312	-5.259	8.766
1121	316	3.739	7.280
1121	317	5.477	6.476
1121	318	-0.549	-3.782
1121	319	-1.167	-4.062
1121	340	-5.122	7.003
1121	341	-5.412	5.849
1121	412	4.973	0.959
1121	413	5.436	1.351
1121	414	5.408	0.631
1121	421	2.091	4.355
1121	422	2.651	4.999
1121	423	1.915	5.105
1121	425	3.297	5.361
1121	468	5.026	-2.957
1121	473	4.547	-2.973
1131	6	2.147	5.414
1131	18	3.356	4.751
1131	45	1.594	-1.699
1131	46	0.983	-1.853
1131	47	0.663	-2.436
1131	48	2.789	-2.399
1131	49	2.256	-2.061
1131	50	-1.284	0.009
1131	51	5.362	3.640
1131	52	0.652	5.207
1131	53	1.239	5.539
1131	54	1.586	6.921
1131	55	0.963	7.526
1131	56	0.474	7.756
1131	87	-2.612	6.446
1131	89	-0.563	3.641
1131	90	-0.839	2.697
1131	91	0.910	4.058
1131	92	-0.470	0.293
1131	93	-0.282	1.677
1131	94	3.648	-0.672
1131	95	3.227	-1.021
1131	96	1.514	-5.392
1131	221	1.424	4.653
1131	222	-4.624	7.152
1131	223	-0.522	6.857
1131	224	0.051	7.274
1131	225	-0.773	6.209
1131	226	-0.755	7.291
1131	227	5.838	2.101
1131	228	2.837	1.251
1131	229	2.990	1.677
1131	230	2.276	1.190
1131	232	3.466	6.212
1131	233	4.549	6.977
1131	300	-0.461	-5.486
1131	301	0.118	-5.657
1131	308	-6.835	6.285
1131	309	-7.295	6.711
1131	310	-5.282	7.768
1131	311	-4.003	7.444
1131	312	-5.686	8.684
1131	318	-0.313	-4.188
1131	319	-1.067	-4.353
1131	340	-5.225	7.020
1131	341	-5.010	5.985
1131	412	4.973	0.959
1131	413	5.436	1.351
1131	414	5.408	0.631
1131	421	2.091	4.355
1131	422	2.651	4.999
1131	423	1.915	5.105
1131	425	3.297	5.361
1131	468	5.026	-2.957
1131	473	4.547	-2.973
1141	6	2.147	5.414
1141	18	3.356	4.751
1141	45	1.660	-1.594
1141	46	1.020	-2.014
1141	47	0.500	-2.574
1141	48	2.760	-2.753
1141	49	2.226	-2.397
1141	50	-1.134	-0.297
1141	51	5.344	3.436
1141	52	0.407	4.884
1141	53	0.962	5.281
1141	54	1.407	6.447
1141	55	0.998	7.165
1141	56	0.495	7.518
1141	87	-2.777	6.665
1141	89	-0.602	3.892
1141	90	-0.856	3.233
1141	91	0.746	4.301
1141	92	-0.488	0.603
1141	93	-0.281	2.116
1141	94	3.555	-0.433
1141	95	3.195	-0.586
1141	96	1.447	-5.093
1141	221	1.458	4.843
1141	222	-3.971	6.946
1141	223	-0.458	6.884
1141	224	0.168	7.400
1141	225	-0.651	6.182
1141	226	-0.715	7.295
1141	227	6.072	2.081
1141	228	3.308	1.058
1141	229	2.725	1.978
1141	230	2.074	1.441
1141	232	3.042	6.201
1141	233	4.000	6.955
1141	300	-0.399	-5.675
1141	301	0.120	-5.933
1141	308	-7.171	6.297
1141	309	-7.663	6.733
1141	310	-5.659	7.707
1141	311	-3.951	7.469
1141	312	-5.942	8.520
1141	318	-0.208	-4.440
1141	319	-0.993	-4.577
1141	340	-5.087	6.950
1141	341	-4.660	6.032
1141	412	4.973	0.959
1141	413	5.436	1.351
1141	414	5.408	0.631
1141	421	2.091	4.355
1141	422	2.651	4.999
1141	423	1.915	5.105
1141	425	3.297	5.361
1141	468	5.026	-2.957
1141	473	4.547	-2.973
1151	6	2.147	5.414
1151	18	3.356	4.751
1151	45	1.708	-1.669
1151	46	1.045	-2.089
1151	47	0.522	-2.725
1151	48	2.718	-3.294
1151	49	2.228	-2.653
1151	50	-0.951	-0.605
1151	51	5.399	3.183
1151	52	0.252	4.712
1151	53	1.098	5.125
1151	54	1.205	6.195
1151	55	0.991	6.913
1151	56	0.525	7.233
1151	87	-2.903	6.893
1151	89	-0.681	4.272
1151	90	-0.900	3.613
1151	91	0.838	4.443
1151	92	-0.511	0.971
1151	93	-0.286	2.697
1151	94	3.424	-0.100
1151	95	3.112	-0.344
1151	96	1.427	-4.869
1151	221	1.505	5.048
1151	222	-4.300	7.280
1151	223	-0.375	6.932
1151	224	0.272	7.513
1151	225	-0.608	6.202
1151	226	-0.599	7.368
1151	227	6.353	2.049
1151	228	3.551	0.802
1151	229	2.367	2.336
1151	230	1.795	1.797
1151	231	-6.239	5.183
1151	232	2.787	6.247
1151	233	3.693	6.948
1151	300	-0.443	-5.871
1151	301	0.121	-6.212
1151	308	-7.514	6.308
1151	310	-5.755	7.519
1151	311	-4.127	6.925
1151	312	-6.081	8.265
1151	318	-0.128	-4.691
1151	319	-0.894	-4.871
1151	340	-5.058	7.157
1151	341	-4.217	6.067
1151	412	4.973	0.959
1151	413	5.436	1.351
1151	414	5.408	0.631
1151	421	2.091	4.355
1151	422	2.651	4.999
1151	423	1.915	5.105
1151	425	3.297	5.361
1151	468	5.026	-2.957
1151	473	4.547	-2.973
1161	6	2.147	5.414
1161	18	3.356	4.751
1161	45	1.731	-1.687
1161	46	1.158	-1.999
1161	47	0.763	-2.528
1161	48	2.755	-3.557
1161	49	2.222	-3.109
1161	50	-0.731	-0.754
1161	51	5.488	2.769
1161	52	0.104	4.532
1161	53	1.097	5.066
1161	54	0.858	5.770
1161	55	0.951	6.662
1161	56	0.516	7.009
1161	87	-3.133	6.980
1161	89	-0.725	4.567
1161	90	-0.986	3.896
1161	91	0.923	4.544
1161	92	-0.543	1.570
1161	93	-0.336	2.995
1161	94	3.397	0.130
1161	95	2.931	0.097
1161	96	1.389	-4.622
1161	221	1.616	5.400
1161	222	-4.164	7.025
1161	223	-0.232	7.031
1161	224	0.378	7.627
1161	225	-0.539	6.081
1161	226	-0.433	7.486
1161	227	6.512	2.042
1161	228	3.858	0.625
1161	229	2.118	2.516
1161	230	1.621	2.091
1161	231	-5.761	4.939
1161	232	2.478	6.320
1161	233	3.334	6.951
1161	300	-0.582	-6.058
1161	301	0.122	-6.454
1161	308	-7.888	6.321
1161	310	-6.513	7.517
1161	311	-4.322	6.499
1161	312	-6.121	8.022
1161	313	-1.683	8.480
1161	318	-0.026	-5.002
1161	319	-0.784	-5.199
1161	340	-5.230	7.259
1161	341	-3.823	6.074
1161	342	-6.385	8.557
1161	376	-4.958	8.240
1161	412	4.973	0.959
1161	413	5.436	1.351
1161	414	5.408	0.631
1161	421	2.091	4.355
1161	422	2.651	4.999
1161	423	1.915	5.105
1161	425	3.297	5.361
1161	468	5.026	-2.957
1161	473	4.547	-2.973
1171	6	2.147	5.414
1171	18	3.356	4.751
1171	45	1.648	-1.972
1171	46	1.066	-2.040
1171	47	0.763	-2.528
1171	48	2.830	-3.775
1171	49	2.235	-3.541
1171	50	-0.473	-0.915
1171	51	5.564	2.540
1171	52	0.099	4.268
1171	53	0.732	5.060
1171	54	0.718	5.564
1171	55	0.920	6.416
1171	56	0.488	6.802
1171	87	-3.462	7.013
1171	89	-0.746	4.884
1171	90	-1.129	4.380
1171	91	1.003	4.708
1171	92	-0.587	2.017
1171	93	-0.445	3.396
1171	94	3.380	0.501
1171	95	2.771	0.522
1171	96	1.326	-4.329
1171	221	1.667	5.552
1171	222	-4.455	6.960
1171	223	-0.074	7.168
1171	224	0.494	7.753
1171	225	-0.422	5.827
1171	226	-0.270	7.603
1171	227	6.421	2.235
1171	228	4.291	0.397
1171	229	1.678	2.801
1171	230	1.529	2.301
1171	231	-5.270	4.679
1171	232	2.218	6.392
1171	233	2.988	6.948
1171	300	-0.695	-6.156
1171	310	-6.736	7.344
1171	311	-4.482	6.129
1171	313	-1.952	8.301
1171	318	0.049	-5.260
1171	319	-0.713	-5.438
1171	340	-5.188	6.919
1171	341	-3.519	6.018
1171	342	-6.038	8.402
1171	376	-4.825	8.234
1171	412	4.973	0.959
1171	413	5.436	1.351
1171	414	5.408	0.631
1171	421	2.091	4.355
1171	422	2.651	4.999
1171	423	1.915	5.105
1171	425	3.297	5.361
1171	468	5.026	-2.957
1171	473	4.547	-2.973
1181	6	2.147	5.414
1181	18	3.356	4.751
1181	45	1.606	-2.135
1181	46	1.070	-2.091
1181	47	0.788	-2.525
1181	48	2.926	-4.041
1181	49	2.288	-3.771
1181	50	-0.206	-1.046
1181	51	5.692	2.182
1181	52	0.101	3.887
1181	53	0.621	4.869
1181	54	0.565	5.384
1181	55	0.912	6.186
1181	56	0.460	6.575
1181	87	-3.805	7.047
1181	89	-0.777	5.369
1181	90	-1.277	4.845
1181	91	1.074	4.873
1181	92	-0.649	2.290
1181	93	-0.576	3.865
1181	94	3.361	0.977
1181	95	2.711	0.797
1181	96	1.358	-4.085
1181	221	1.736	5.771
1181	222	-4.456	7.006
1181	223	0.092	7.299
1181	225	-0.268	5.505
1181	226	-0.111	7.717
1181	227	6.421	2.235
1181	228	4.789	0.134
1181	229	1.518	3.006
1181	230	1.446	2.511
1181	231	-4.942	4.491
1181	232	1.712	6.577
1181	233	2.703	6.929
1181	300	-0.768	-6.165
1181	310	-6.952	7.147
1181	311	-4.568	5.883
1181	313	-2.239	8.212
1181	318	0.111	-5.528
1181	319	-0.608	-5.811
1181	340	-5.019	6.938
1181	341	-3.271	6.054
1181	342	-5.791	8.153
1181	376	-4.853	8.200
1181	412	4.973	0.959
1181	413	5.436	1.351
1181	414	5.408	0.631
1181	421	2.091	4.355
1181	422	2.651	4.999
1181	423	1.915	5.105
1181	425	3.297	5.361
1181	468	5.026	-2.957
1181	473	4.547	-2.973
1191	6	2.147	5.414
1191	18	3.356	4.751
1191	45	1.839	-2.270
1191	46	1.262	-2.331
1191	47	0.666	-2.538
1191	48	3.004	-4.286
1191	49	2.374	-4.034
1191	50	0.035	-1.092
1191	51	5.818	1.897
1191	52	0.029	3.647
1191	53	0.469	4.326
1191	54	0.525	5.185
1191	55	0.898	5.929
1191	56	0.425	6.366
1191	87	-4.131	6.973
1191	89	-0.807	5.708
1191	90	-1.388	5.114
1191	91	1.119	5.103
1191	92	-0.767	2.766
1191	93	-0.671	4.141
1191	94	3.382	1.261
1191	95	2.592	1.373
1191	96	1.493	-3.892
1191	221	1.801	6.033
1191	222	-4.656	7.111
1191	223	0.302	7.363
1191	225	-0.222	5.251
1191	226	0.049	7.831
1191	227	6.421	2.235
1191	228	5.075	0.069
1191	229	1.455	3.122
1191	230	1.597	2.680
1191	231	-4.521	4.265
1191	232	1.353	6.631
1191	233	2.202	6.897
1191	300	-0.813	-6.228
1191	310	-7.190	6.930
1191	311	-4.668	5.595
1191	313	-2.703	8.095
1191	318	0.227	-6.025
1191	319	-0.460	-6.338
1191	340	-5.088	6.973
1191	341	-2.997	6.226
1191	342	-5.518	7.915
1191	376	-5.029	8.142
1191	412	4.973	0.959
1191	413	5.436	1.351
1191	414	5.408	0.631
1191	421	2.065	4.473
1191	422	2.651	4.999
1191	423	1.915	5.105
1191	425	3.297	5.361
1191	468	5.026	-2.957
1191	473	4.547	-2.973
1201	6	2.147	5.414
1201	18	3.356	4.751
1201	45	1.796	-2.354
1201	46	1.243	-2.495
1201	47	0.571	-2.673
1201	48	3.048	-4.486
1201	49	2.481	-4.360
1201	50	0.218	-1.159
1201	51	5.957	1.725
1201	52	-0.154	3.263
1201	53	0.423	3.965
1201	54	0.598	4.780
1201	55	0.851	5.721
1201	56	0.378	6.151
1201	87	-4.191	6.694
1201	89	-0.796	5.858
1201	90	-1.542	5.396
1201	91	1.184	5.351
1201	92	-0.899	3.290
1201	93	-0.831	4.612
1201	94	3.457	1.585
1201	95	2.602	1.685
1201	96	1.662	-3.681
1201	221	1.899	6.244
1201	222	-4.552	6.930
1201	223	0.532	7.420
1201	225	-0.175	4.716
1201	227	6.421	2.235
1201	228	5.567	0.103
1201	229	1.399	3.248
1201	230	1.909	2.960
1201	231	-4.193	4.048
1201	232	1.013	6.598
1201	233	2.063	6.775
1201	300	-0.835	-6.396
1201	310	-7.439	6.704
1201	311	-4.782	5.346
1201	313	-2.995	7.961
1201	318	0.315	-6.406
1201	319	-0.370	-6.658
1201	340	-5.260	7.074
1201	341	-2.735	6.366
1201	342	-4.957	7.696
1201	344	-5.242	9.013
1201	376	-5.142	8.119
1201	412	4.973	0.959
1201	413	5.436	1.351
1201	414	5.408	0.631
1201	421	2.065	4.473
1201	422	2.651	4.999
1201	423	1.915	5.105
1201	425	3.297	5.361
1201	468	5.026	-2.957
1201	473	4.547	-2.973
1211	6	2.147	5.414
1211	18	3.356	4.751
1211	45	1.805	-2.670
1211	46	1.226	-2.719
1211	47	0.669	-2.641
1211	48	3.087	-4.706
1211	49	2.560	-4.613
1211	50	0.376	-1.205
1211	51	6.133	1.511
1211	52	-0.301	2.890
1211	53	0.527	3.239
1211	54	0.602	4.483
1211	55	0.789	5.460
1211	56	0.309	5.859
1211	87	-4.412	6.534
1211	89	-0.827	5.968
1211	90	-1.645	5.664
1211	91	1.389	5.623
1211	92	-0.977	3.583
1211	93	-0.990	5.000
1211	94	3.583	2.137
1211	95	2.712	2.136
1211	96	1.806	-3.484
1211	221	2.114	6.652
1211	222	-4.655	7.064
1211	223	0.776	7.481
1211	225	-0.196	4.385
1211	227	6.421	2.235
1211	228	5.815	0.161
1211	229	1.336	3.419
1211	230	2.189	3.133
1211	231	-3.953	3.822
1211	232	0.680	6.528
1211	233	1.535	6.822
1211	300	-0.843	-6.577
1211	310	-7.672	6.492
1211	311	-4.997	4.938
1211	313	-3.181	7.824
1211	340	-5.505	7.259
1211	341	-2.338	6.558
1211	342	-4.471	7.469
1211	344	-5.350	8.765
1211	376	-5.114	8.153
1211	412	4.973	0.959
1211	413	5.436	1.351
1211	414	5.408	0.631
1211	421	2.065	4.473
1211	422	2.651	4.999
1211	423	1.915	5.105
1211	425	3.297	5.361
1211	468	5.026	-2.957
1211	473	4.547	-2.973
1221	6	2.147	5.414
1221	18	3.356	4.751
1221	45	1.741	-2.797
1221	46	1.230	-2.860
1221	47	0.599	-2.793
1221	48	3.136	-4.978
1221	49	2.617	-4.809
1221	50	0.575	-1.139
1221	51	6.151	1.342
1221	52	-0.328	2.616
1221	53	0.573	2.878
1221	54	0.568	3.972
1221	55	0.738	5.236
1221	56	0.239	5.549
1221	57	0.040	7.489
1221	87	-4.668	6.355
1221	89	-0.964	6.102
1221	90	-1.658	5.858
1221	91	1.622	5.959
1221	92	-1.084	3.912
1221	93	-1.093	5.217
1221	94	3.676	2.478
1221	95	2.832	2.472
1221	96	2.009	-3.217
1221	221	2.371	7.141
1221	222	-4.555	7.047
1221	223	1.025	7.542
1221	225	-0.318	3.858
1221	227	6.421	2.235
1221	228	6.160	0.256
1221	229	1.276	3.516
1221	230	2.799	3.475
1221	231	-3.629	3.511
1221	232	0.472	6.310
1221	233	1.395	6.736
1221	300	-0.851	-6.750
1221	310	-7.887	6.296
1221	311	-5.106	4.624
1221	313	-3.371	7.686
1221	340	-5.122	6.979
1221	341	-2.011	6.645
1221	342	-4.030	7.141
1221	344	-5.597	8.643
1221	376	-4.948	8.244
1221	412	4.973	0.959
1221	413	5.436	1.351
1221	414	5.408	0.631
1221	421	2.065	4.473
1221	422	2.651	4.999
1221	423	1.915	5.105
1221	425	3.297	5.361
1221	468	5.026	-2.957
1221	473	4.547	-2.973
1231	6	2.147	5.414
1231	18	3.356	4.751
1231	45	1.750	-3.114
1231	46	1.143	-3.134
1231	47	0.675	-2.887
1231	48	3.189	-5.279
1231	49	2.686	-5.047
1231	50	0.884	-1.007
1231	51	6.281	1.152
1231	52	-0.366	2.149
1231	53	0.652	2.185
1231	54	0.497	3.656
1231	55	0.690	5.019
1231	56	0.200	5.313
1231	57	-0.096	7.258
1231	87	-4.955	6.291
1231	89	-0.986	6.388
1231	90	-1.604	6.130
1231	91	1.756	6.351
1231	92	-1.237	4.366
1231	93	-1.200	5.424
1231	94	3.800	2.775
1231	95	3.070	2.791
1231	96	2.281	-2.857
1231	222	-4.555	7.023
1231	223	1.253	7.599
1231	225	-0.438	3.324
1231	227	6.421	2.235
1231	228	6.418	0.424
1231	229	1.252	3.651
1231	230	3.059	3.702
1231	231	-3.367	3.255
1231	232	0.083	5.872
1231	233	0.907	6.619
1231	311	-5.122	4.459
1231	313	-3.550	7.537
1231	340	-5.260	7.050
1231	341	-1.597	6.733
1231	342	-3.693	7.100
1231	343	-6.294	7.976
1231	344	-6.061	8.569
1231	376	-4.910	8.338
1231	412	4.973	0.959
1231	413	5.436	1.351
1231	414	5.408	0.631
1231	421	2.065	4.473
1231	422	2.651	4.999
1231	423	1.807	4.986
1231	425	3.297	5.361
1231	468	5.026	-2.957
1231	473	4.547	-2.973
1241	6	2.147	5.414
1241	18	3.356	4.751
1241	45	1.728	-3.156
1241	46	1.263	-3.179
1241	47	0.635	-3.201
1241	48	3.235	-5.534
1241	49	2.766	-5.325
1241	50	1.222	-0.846
1241	51	6.361	1.168
1241	52	-0.388	1.800
1241	53	0.692	1.743
1241	54	0.343	3.311
1241	55	0.632	4.753
1241	56	0.168	5.074
1241	57	0.106	6.889
1241	87	-5.228	6.218
1241	89	-1.014	6.435
1241	90	-1.722	6.237
1241	91	1.875	6.702
1241	92	-1.296	4.695
1241	93	-1.451	5.578
1241	94	3.995	3.248
1241	95	3.388	3.227
1241	96	2.345	-2.613
1241	222	-4.423	7.001
1241	223	1.460	7.650
1241	225	-0.498	3.013
1241	227	6.421	2.235
1241	228	6.463	0.441
1241	229	1.266	3.871
1241	230	3.540	4.169
1241	231	-3.116	3.013
1241	232	-0.094	5.621
1241	233	0.745	6.400
1241	311	-5.107	4.409
1241	313	-3.738	7.373
1241	340	-5.292	6.984
1241	341	-1.459	6.991
1241	342	-3.343	7.161
1241	343	-5.797	7.792
1241	344	-6.294	8.394
1241	376	-4.878	8.309
1241	412	4.864	0.959
1241	413	5.436	1.351
1241	414	5.408	0.631
1241	421	2.065	4.473
1241	422	2.651	4.999
1241	423	1.807	4.986
1241	425	3.297	5.361
1241	468	5.026	-2.957
1241	473	4.547	-2.973
1251	6	2.147	5.414
1251	18	3.356	4.751
1251	45	1.781	-3.388
1251	46	1.108	-3.314
1251	47	0.601	-3.221
1251	49	2.837	-5.570
1251	50	1.393	-0.645
1251	51	6.314	1.119
1251	52	-0.397	1.481
1251	53	0.721	1.178
1251	54	0.140	2.858
1251	55	0.580	4.518
1251	56	0.122	4.753
1251	57	0.115	6.563
1251	87	-5.552	6.236
1251	89	-1.125	6.394
1251	90	-1.751	6.396
1251	91	2.036	7.193
1251	92	-1.268	4.998
1251	93	-1.800	5.783
1251	94	4.058	3.498
1251	95	3.508	3.452
1251	96	2.374	-2.202
1251	222	-4.455	6.960
1251	225	-0.619	2.365
1251	227	6.421	2.235
1251	228	6.500	0.593
1251	229	1.286	4.142
1251	230	3.718	4.439
1251	231	-2.760	2.681
1251	232	-0.382	5.160
1251	233	0.600	6.217
1251	311	-5.069	4.456
1251	313	-3.927	7.209
1251	340	-5.226	7.092
1251	341	-1.270	7.324
1251	342	-2.909	7.266
1251	343	-5.412	7.729
1251	344	-6.482	8.031
1251	376	-4.684	8.209
1251	412	4.775	0.907
1251	413	5.436	1.351
1251	414	5.408	0.631
1251	421	2.065	4.473
1251	422	2.651	4.999
1251	423	1.807	4.986
1251	425	3.297	5.361
1251	468	5.026	-2.957
1251	473	4.547	-2.973
1261	6	2.147	5.414
1261	18	3.356	4.751
1261	45	1.643	-3.579
1261	46	1.127	-3.482
1261	47	0.632	-3.417
1261	50	1.673	-0.251
1261	51	6.297	1.135
1261	52	-0.416	0.905
1261	53	0.728	0.614
1261	54	0.012	2.608
1261	55	0.553	4.300
1261	56	0.087	4.453
1261	57	0.294	6.370
1261	87	-5.890	6.297
1261	89	-1.188	6.634
1261	90	-1.820	6.595
1261	92	-1.222	5.471
1261	93	-2.108	5.919
1261	94	4.127	3.920
1261	95	3.713	3.833
1261	96	2.412	-1.623
1261	97	2.083	-5.675
1261	98	0.597	-6.282
1261	222	-4.554	6.977
1261	225	-0.737	1.748
1261	227	6.421	2.235
1261	228	6.483	0.870
1261	229	1.272	4.392
1261	230	4.039	5.084
1261	231	-2.540	2.422
1261	232	-0.628	4.749
1261	233	0.350	5.936
1261	311	-5.072	4.436
1261	313	-4.032	6.989
1261	340	-5.122	7.003
1261	341	-0.940	7.400
1261	342	-2.374	7.435
1261	343	-5.324	7.703
1261	344	-6.588	7.670
1261	376	-4.719	8.225
1261	412	4.775	0.907
1261	413	5.436	1.351
1261	414	5.408	0.631
1261	421	2.065	4.473
1261	422	2.651	4.999
1261	423	1.807	4.986
1261	425	3.297	5.361
1261	468	5.026	-2.957
1261	473	4.547	-2.973
1271	6	2.147	5.414
1271	18	3.356	4.751
1271	45	1.657	-3.626
1271	46	1.139	-3.648
1271	47	0.668	-3.612
1271	50	1.902	0.075
1271	51	6.123	0.987
1271	52	-0.427	0.425
1271	53	0.651	0.267
1271	54	-0.202	2.243
1271	55	0.586	3.994
1271	56	0.078	4.223
1271	57	0.443	6.283
1271	87	-6.229	6.357
1271	89	-1.383	7.114
1271	90	-1.930	6.837
1271	92	-1.139	5.734
1271	93	-2.546	6.103
1271	94	4.212	4.438
1271	95	3.825	4.128
1271	96	2.375	-1.283
1271	97	2.032	-5.138
1271	98	0.486	-6.065
1271	99	1.108	-6.156
1271	222	-5.125	7.145
1271	225	-0.808	1.424
1271	227	6.421	2.235
1271	228	6.531	0.985
1271	229	1.210	4.958
1271	230	4.164	5.488
1271	231	-2.367	2.158
1271	232	-0.776	4.445
1271	233	0.026	5.564
1271	311	-5.132	4.307
1271	313	-4.032	6.677
1271	340	-5.752	7.374
1271	341	-0.404	7.496
1271	342	-2.061	7.792
1271	343	-5.165	7.656
1271	344	-6.538	7.435
1271	376	-4.577	8.154
1271	412	4.775	0.907
1271	413	5.436	1.351
1271	414	5.408	0.631
1271	421	2.065	4.473
1271	422	2.651	4.999
1271	423	1.807	4.986
1271	425	3.297	5.361
1271	468	5.026	-2.957
1271	473	4.547	-2.973
1281	6	2.147	5.414
1281	18	3.356	4.751
1281	45	1.673	-3.672
1281	46	1.125	-3.734
1281	47	0.708	-3.808
1281	50	2.100	0.359
1281	51	6.206	0.887
1281	52	-0.423	0.132
1281	53	0.520	-0.307
1281	54	-0.436	1.825
1281	55	0.632	3.687
1281	56	0.070	3.921
1281	57	0.476	5.977
1281	87	-6.579	6.414
1281	89	-1.388	7.303
1281	90	-2.066	7.113
1281	92	-0.946	6.136
1281	93	-3.097	6.323
1281	94	4.256	4.701
1281	95	3.843	4.420
1281	96	2.246	-1.009
1281	97	2.057	-4.811
1281	98	0.326	-5.769
1281	99	1.021	-5.874
1281	222	-4.890	7.152
1281	225	-1.000	0.653
1281	227	6.421	2.235
1281	228	6.490	1.154
1281	229	1.222	5.282
1281	230	4.100	5.872
1281	231	-2.140	1.819
1281	232	-1.005	3.969
1281	233	-0.124	5.336
1281	311	-5.242	4.067
1281	313	-4.233	6.534
1281	340	-5.542	7.361
1281	341	-0.072	7.442
1281	342	-1.733	8.023
1281	343	-5.072	7.774
1281	344	-6.492	7.227
1281	376	-4.347	8.038
1281	412	4.775	0.907
1281	413	5.436	1.351
1281	414	5.408	0.631
1281	421	2.065	4.473
1281	422	2.651	4.999
1281	423	1.807	4.986
1281	425	3.297	5.361
1281	468	5.026	-2.957
1281	473	4.547	-2.973
1291	6	2.147	5.414
1291	18	3.356	4.751
1291	45	1.904	-3.727
1291	46	1.086	-3.739
1291	47	0.734	-3.939
1291	50	2.492	0.915
1291	51	6.243	0.830
1291	52	-0.415	-0.470
1291	53	0.483	-0.616
1291	54	-0.540	1.547
1291	55	0.642	3.458
1291	56	0.057	3.509
1291	57	0.559	5.602
1291	87	-6.873	6.463
1291	89	-1.531	7.773
1291	90	-2.157	7.369
1291	92	-0.810	6.499
1291	93	-3.456	6.365
1291	94	4.322	5.078
1291	95	3.877	4.932
1291	96	2.027	-0.527
1291	97	2.170	-4.455
1291	98	0.192	-5.486
1291	99	0.918	-5.544
1291	222	-5.435	7.199
1291	225	-1.174	-0.130
1291	227	6.421	2.235
1291	228	6.441	1.332
1291	229	1.276	5.737
1291	230	3.986	6.558
1291	231	-1.682	1.598
1291	232	-0.968	3.707
1291	233	-0.369	4.933
1291	311	-5.376	3.733
1291	313	-4.525	6.432
1291	340	-5.339	7.540
1291	341	0.419	7.303
1291	342	-1.117	8.280
1291	343	-4.835	7.581
1291	344	-6.419	6.950
1291	376	-4.194	7.961
1291	412	4.775	0.907
1291	413	5.436	1.351
1291	414	5.408	0.631
1291	421	2.065	4.473
1291	422	2.651	4.999
1291	423	1.807	4.986
1291	425	3.297	5.361
1291	468	5.026	-2.957
1291	473	4.547	-2.973
1301	6	2.147	5.414
1301	18	3.356	4.751
1301	45	1.858	-3.694
1301	46	1.328	-3.817
1301	47	0.734	-3.976
1301	50	2.700	1.252
1301	51	6.331	0.748
1301	52	-0.398	-1.033
1301	53	0.459	-1.115
1301	54	-0.741	0.952
1301	55	0.641	3.139
1301	56	0.056	3.167
1301	57	0.543	5.304
1301	87	-7.112	6.502
1301	89	-1.670	8.089
1301	90	-2.187	7.616
1301	92	-0.791	6.842
1301	93	-3.828	6.362
1301	94	4.408	5.581
1301	95	3.870	5.251
1301	96	1.840	-0.219
1301	97	2.305	-4.033
1301	98	0.127	-5.267
1301	99	0.835	-5.317
1301	100	2.260	-5.797
1301	222	-5.099	6.943
1301	225	-1.182	-0.486
1301	227	6.421	2.235
1301	228	6.465	1.476
1301	229	1.454	5.959
1301	230	3.904	7.049
1301	231	-1.729	1.227
1301	232	-1.300	3.272
1301	233	-0.544	4.630
1301	311	-4.939	3.440
1301	313	-4.825	6.326
1301	340	-5.094	7.258
1301	341	0.743	7.251
1301	343	-4.749	7.578
1301	344	-6.289	6.506
1301	376	-3.923	7.834
1301	412	4.775	0.907
1301	413	5.436	1.351
1301	414	5.408	0.631
1301	421	2.065	4.473
1301	422	2.651	4.999
1301	423	1.807	4.986
1301	425	3.297	5.361
1301	468	5.026	-2.957
1301	473	4.547	-2.973
1311	6	2.147	5.414
1311	18	3.356	4.751
1311	45	1.745	-3.732
1311	46	1.260	-3.929
1311	47	0.708	-3.919
1311	50	2.837	1.565
1311	51	6.441	0.681
1311	52	-0.363	-1.318
1311	53	0.442	-1.616
1311	54	-0.773	0.408
1311	55	0.641	2.726
1311	56	0.070	2.936
1311	57	0.700	4.882
1311	87	-7.389	6.548
1311	89	-1.964	8.560
1311	90	-2.197	7.966
1311	92	-0.761	7.533
1311	93	-4.214	6.350
1311	94	4.445	5.838
1311	95	3.796	5.645
1311	96	1.613	0.006
1311	97	2.399	-3.738
1311	98	0.069	-5.025
1311	99	0.789	-5.191
1311	100	2.379	-5.535
1311	101	3.881	-5.508
1311	222	-4.807	6.835
1311	225	-1.163	-1.229
1311	227	6.421	2.235
1311	228	6.474	1.511
1311	229	1.963	6.301
1311	231	-1.523	0.899
1311	232	-1.433	3.003
1311	233	-0.749	4.268
1311	311	-5.448	3.162
1311	313	-5.103	6.247
1311	340	-5.073	7.212
1311	341	1.193	7.200
1311	343	-4.467	7.514
1311	344	-6.264	6.191
1311	376	-3.692	7.780
1311	412	4.775	0.907
1311	413	5.436	1.351
1311	414	5.408	0.631
1311	421	2.195	4.533
1311	422	2.651	4.999
1311	423	1.880	4.784
1311	425	3.297	5.361
1311	468	5.026	-2.957
1311	473	4.547	-2.973
1321	6	2.147	5.414
1321	18	3.356	4.751
1321	45	1.835	-3.698
1321	46	1.305	-3.820
1321	47	0.609	-4.053
1321	50	3.085	2.124
1321	51	6.507	0.695
1321	52	-0.295	-1.798
1321	53	0.455	-1.886
1321	54	-0.979	0.103
1321	55	0.647	2.436
1321	56	0.087	2.704
1321	57	0.809	4.409
1321	58	5.778	6.492
1321	87	-7.737	6.605
1321	90	-2.268	8.263
1321	92	-0.740	7.984
1321	93	-4.527	6.318
1321	94	4.501	6.300
1321	95	3.699	6.157
1321	96	1.222	0.398
1321	97	2.615	-3.082
1321	98	0.007	-4.758
1321	99	0.766	-5.121
1321	100	2.491	-5.264
1321	101	3.843	-5.149
1321	222	-4.515	6.725
1321	225	-1.148	-1.794
1321	227	6.421	2.235
1321	228	6.465	1.476
1321	229	2.227	6.474
1321	231	-1.624	0.463
1321	232	-1.469	2.913
1321	233	-1.018	3.763
1321	311	-5.921	3.093
1321	313	-5.391	6.258
1321	340	-4.966	7.180
1321	341	1.456	7.256
1321	343	-4.127	7.423
1321	344	-6.258	5.681
1321	376	-3.430	7.785
1321	412	4.775	0.907
1321	413	5.436	1.351
1321	414	5.408	0.631
1321	421	2.195	4.533
1321	422	2.651	4.999
1321	423	1.880	4.784
1321	425	3.297	5.361
1321	468	5.026	-2.957
1321	473	4.547	-2.973
1331	6	2.147	5.414
1331	18	3.356	4.751
1331	45	1.879	-3.632
1331	46	1.332	-3.938
1331	47	0.830	-4.038
1331	50	3.253	2.539
1331	51	6.527	0.634
1331	52	-0.225	-2.276
1331	53	0.477	-2.294
1331	54	-1.088	-0.543
1331	55	0.652	2.234
1331	56	0.104	2.450
1331	57	0.961	4.074
1331	58	5.707	6.159
1331	90	-2.416	8.523
1331	93	-4.853	6.299
1331	94	4.566	6.827
1331	95	3.641	6.398
1331	96	0.934	0.659
1331	97	2.775	-2.552
1331	98	-0.042	-4.538
1331	99	0.692	-4.975
1331	100	2.532	-5.046
1331	101	3.802	-4.774
1331	222	-4.351	6.664
1331	225	-1.138	-2.152
1331	227	6.421	2.235
1331	228	6.484	1.547
1331	229	2.680	6.719
1331	231	-1.626	0.154
1331	232	-1.461	2.900
1331	233	-1.052	3.475
1331	311	-6.111	2.893
1331	313	-5.695	6.368
1331	340	-4.790	7.181
1331	341	1.828	7.386
1331	343	-3.791	7.344
1331	344	-6.291	5.331
1331	376	-3.214	7.815
1331	412	4.775	0.907
1331	413	5.436	1.351
1331	414	5.408	0.631
1331	421	2.195	4.533
1331	422	2.651	4.999
1331	423	1.880	4.784
1331	425	3.297	5.361
1331	468	5.026	-2.957
1331	473	4.547	-2.973
1341	6	2.147	5.414
1341	18	3.356	4.751
1341	45	1.881	-3.691
1341	46	1.334	-4.018
1341	47	0.855	-4.055
1341	50	3.322	2.822
1341	51	6.516	0.482
1341	52	-0.177	-2.530
1341	53	0.495	-2.578
1341	54	-1.229	-1.044
1341	55	0.639	2.035
1341	56	0.127	2.218
1341	57	0.997	3.633
1341	58	5.625	5.780
1341	59	5.324	6.544
1341	93	-5.174	6.265
1341	95	3.590	6.663
1341	96	0.684	0.831
1341	97	2.833	-2.197
1341	98	-0.071	-4.317
1341	99	0.625	-4.817
1341	100	2.565	-4.765
1341	101	3.777	-4.539
1341	222	-4.326	6.655
1341	225	-1.119	-2.800
1341	227	6.421	2.235
1341	228	6.460	1.561
1341	229	3.086	6.977
1341	231	-1.629	-0.294
1341	232	-1.577	2.776
1341	233	-1.054	3.007
1341	313	-6.013	6.479
1341	340	-4.531	7.214
1341	341	2.107	7.484
1341	343	-3.473	7.305
1341	344	-6.386	4.887
1341	376	-3.070	7.842
1341	412	4.775	0.907
1341	413	5.436	1.351
1341	414	5.408	0.631
1341	421	2.195	4.533
1341	422	2.651	4.999
1341	423	1.880	4.784
1341	425	3.297	5.361
1341	468	5.026	-2.957
1341	473	4.547	-2.973
1351	6	2.147	5.414
1351	18	3.356	4.751
1351	45	1.907	-3.826
1351	46	1.520	-3.948
1351	47	0.923	-3.880
1351	50	3.468	3.493
1351	51	6.490	0.656
1351	52	-0.114	-2.781
1351	53	0.507	-2.816
1351	54	-1.432	-1.314
1351	55	0.634	1.839
1351	56	0.155	2.017
1351	57	1.058	3.151
1351	58	5.581	5.574
1351	59	5.265	6.105
1351	93	-5.461	6.181
1351	95	3.640	6.903
1351	96	0.289	1.087
1351	97	2.962	-1.358
1351	98	-0.079	-4.067
1351	99	0.581	-4.680
1351	100	2.604	-4.424
1351	101	3.728	-4.123
1351	222	-4.381	6.675
1351	225	-1.114	-3.153
1351	227	6.421	2.235
1351	228	6.460	1.561
1351	229	2.991	7.070
1351	231	-1.627	-0.576
1351	232	-1.630	2.857
1351	233	-1.125	2.720
1351	313	-6.348	6.522
1351	340	-4.315	7.240
1351	343	-3.144	7.287
1351	344	-6.473	4.469
1351	376	-2.825	7.836
1351	412	4.775	0.907
1351	413	5.436	1.351
1351	414	5.408	0.631
1351	421	2.195	4.533
1351	422	2.651	4.999
1351	423	1.880	4.784
1351	425	3.297	5.361
1351	468	5.026	-2.957
1351	473	4.547	-2.973
1361	6	2.147	5.414
1361	18	3.356	4.751
1361	45	1.933	-3.941
1361	46	1.387	-4.166
1361	47	0.845	-4.259
1361	50	3.719	3.853
1361	51	6.490	0.656
1361	52	-0.077	-3.021
1361	53	0.524	-3.067
1361	54	-1.815	-1.833
1361	55	0.680	1.643
1361	56	0.177	1.855
1361	57	1.161	2.845
1361	58	5.513	5.237
1361	59	5.209	5.732
1361	93	-5.731	6.085
1361	95	3.694	7.159
1361	96	0.014	1.315
1361	97	3.034	-0.822
1361	98	-0.116	-3.834
1361	99	0.478	-4.544
1361	100	2.627	-4.176
1361	101	3.655	-3.501
1361	222	-4.314	6.650
1361	225	-1.148	-3.528
1361	227	6.421	2.235
1361	228	6.460	1.561
1361	229	2.891	7.090
1361	231	-1.638	-0.947
1361	232	-1.520	2.893
1361	233	-1.233	2.444
1361	313	-6.680	6.509
1361	340	-4.025	7.227
1361	343	-2.843	7.207
1361	344	-6.531	4.172
1361	376	-2.584	7.802
1361	412	4.775	0.907
1361	413	5.436	1.351
1361	414	5.408	0.631
1361	421	2.195	4.533
1361	422	2.651	4.999
1361	423	1.880	4.784
1361	425	3.297	5.361
1361	468	5.026	-2.957
1361	473	4.547	-2.973
1371	6	2.019	5.319
1371	18	3.356	4.751
1371	45	1.909	-4.257
1371	46	1.425	-4.242
1371	47	0.873	-4.333
1371	50	3.858	4.394
1371	51	6.490	0.656
1371	52	-0.083	-3.217
1371	53	0.552	-3.262
1371	54	-2.209	-2.278
1371	55	0.768	1.451
1371	56	0.196	1.720
1371	57	1.380	2.496
1371	58	5.432	4.850
1371	59	5.163	5.518
1371	93	-5.991	5.990
1371	96	-0.157	1.538
1371	97	3.054	-0.445
1371	98	-0.226	-3.651
1371	99	0.341	-4.402
1371	100	2.652	-3.837
1371	101	3.618	-3.111
1371	222	-4.111	6.574
1371	225	-1.195	-4.040
1371	227	6.421	2.235
1371	228	6.460	1.561
1371	229	2.859	7.086
1371	231	-1.641	-1.384
1371	232	-1.658	2.859
1371	233	-1.380	2.186
1371	313	-6.932	6.495
1371	340	-3.822	7.248
1371	343	-2.664	7.145
1371	344	-6.605	3.791
1371	376	-2.404	7.764
1371	412	4.775	0.907
1371	413	5.436	1.351
1371	414	5.408	0.631
1371	421	2.195	4.533
1371	422	2.651	4.999
1371	423	1.880	4.784
1371	425	3.297	5.361
1371	468	5.026	-2.957
1371	473	4.547	-2.973
1381	6	2.061	5.370
1381	18	3.356	4.751
1381	45	2.026	-4.563
1381	46	1.456	-4.385
1381	47	0.895	-4.392
1381	50	3.898	5.006
1381	51	6.489	0.689
1381	52	-0.117	-3.380
1381	53	0.580	-3.401
1381	54	-2.520	-2.438
1381	55	0.877	1.266
1381	56	0.220	1.551
1381	57	1.486	2.018
1381	58	5.367	4.637
1381	59	5.089	5.134
1381	60	5.872	6.562
1381	93	-6.266	5.895
1381	96	-0.418	1.872
1381	97	3.094	0.363
1381	98	-0.410	-3.515
1381	99	0.227	-4.266
1381	100	2.694	-3.272
1381	101	3.608	-2.754
1381	222	-3.811	6.481
1381	225	-1.109	-4.328
1381	227	6.421	2.235
1381	228	6.460	1.561
1381	229	2.730	7.151
1381	231	-1.569	-1.647
1381	232	-1.434	2.780
1381	233	-1.279	2.127
1381	313	-7.091	6.486
1381	340	-3.616	7.224
1381	343	-2.644	7.148
1381	376	-2.188	7.801
1381	412	4.775	0.907
1381	413	5.436	1.351
1381	414	5.408	0.631
1381	421	2.195	4.533
1381	422	2.651	4.999
1381	423	1.880	4.784
1381	425	3.297	5.361
1381	468	5.026	-2.957
1381	473	4.547	-2.973
1391	6	2.061	5.370
1391	18	3.356	4.751
1391	45	2.111	-4.837
1391	46	1.490	-4.644
1391	47	0.938	-4.502
1391	50	4.025	5.324
1391	51	6.505	0.689
1391	52	-0.101	-3.543
1391	53	0.597	-3.578
1391	54	-2.985	-2.596
1391	55	0.946	1.075
1391	56	0.251	1.347
1391	57	1.496	1.617
1391	58	5.256	4.345
1391	59	4.994	4.694
1391	60	5.820	6.349
1391	61	5.255	6.615
1391	93	-6.571	5.796
1391	96	-0.597	2.143
1391	97	3.130	1.004
1391	98	-0.652	-3.414
1391	99	-0.013	-4.192
1391	100	2.717	-2.908
1391	101	3.588	-1.928
1391	222	-3.517	6.465
1391	225	-0.865	-4.542
1391	227	6.421	2.235
1391	228	6.460	1.561
1391	229	2.523	7.269
1391	231	-1.386	-2.007
1391	232	-1.602	2.833
1391	233	-1.462	1.973
1391	313	-7.156	6.483
1391	340	-3.356	7.120
1391	343	-2.758	7.206
1391	376	-2.081	7.867
1391	412	4.775	0.907
1391	413	5.436	1.351
1391	414	5.408	0.631
1391	421	2.195	4.533
1391	422	2.651	4.999
1391	423	1.880	4.784
1391	425	3.297	5.361
1391	468	5.026	-2.957
1391	473	4.547	-2.973
1401	6	2.061	5.370
1401	18	3.356	4.751
1401	45	2.155	-5.110
1401	46	1.543	-5.050
1401	47	1.000	-4.667
1401	50	4.434	5.859
1401	51	6.490	0.656
1401	52	-0.009	-3.711
1401	53	0.603	-3.763
1401	54	-3.462	-2.784
1401	55	0.957	0.872
1401	56	0.287	1.130
1401	57	1.621	1.214
1401	58	5.094	3.918
1401	59	4.904	4.467
1401	60	5.746	6.010
1401	61	5.202	6.373
1401	93	-7.024	5.651
1401	96	-0.730	2.404
1401	97	3.158	1.330
1401	98	-0.676	-3.300
1401	99	-0.574	-4.118
1401	100	2.731	-2.521
1401	101	3.566	-1.330
1401	222	-3.228	6.445
1401	225	-0.473	-4.863
1401	227	6.421	2.235
1401	228	6.460	1.561
1401	229	2.299	7.397
1401	231	-1.244	-2.370
1401	232	-1.629	2.792
1401	233	-1.538	2.007
1401	313	-7.211	6.479
1401	340	-3.196	7.058
1401	343	-2.774	7.212
1401	376	-2.118	7.911
1401	412	4.775	0.907
1401	413	5.436	1.351
1401	414	5.408	0.631
1401	421	2.195	4.533
1401	422	2.651	4.999
1401	423	1.880	4.784
1401	425	3.297	5.361
1401	468	5.026	-2.957
1401	473	4.547	-2.973
1411	6	2.061	5.370
1411	18	3.356	4.751
1411	45	2.229	-5.591
1411	46	1.571	-5.319
1411	47	1.063	-4.999
1411	50	4.546	6.236
1411	51	6.489	0.689
1411	52	0.082	-3.809
1411	53	0.599	-3.913
1411	54	-3.745	-2.984
1411	55	0.965	0.657
1411	56	0.329	0.902
1411	57	1.637	0.911
1411	58	4.993	3.662
1411	59	4.743	4.231
1411	60	5.664	5.714
1411	61	5.132	6.067
1411	93	-7.557	5.480
1411	96	-0.944	2.813
1411	97	3.231	2.125
1411	98	-0.478	-3.183
1411	99	-0.687	-3.989
1411	100	2.757	-1.758
1411	101	3.535	-1.005
1411	222	-2.945	6.347
1411	225	-0.200	-5.149
1411	227	6.421	2.235
1411	228	6.460	1.561
1411	231	-1.268	-2.643
1411	232	-1.601	2.812
1411	233	-1.360	2.065
1411	313	-7.362	6.471
1411	340	-3.136	7.115
1411	343	-2.637	7.143
1411	376	-1.957	7.870
1411	412	4.775	0.907
1411	413	5.436	1.351
1411	414	5.408	0.631
1411	421	2.195	4.533
1411	422	2.651	4.999
1411	423	1.880	4.784
1411	425	3.297	5.361
1411	468	5.026	-2.957
1411	473	4.547	-2.973
1421	6	2.061	5.370
1421	18	3.356	4.751
1421	45	2.281	-5.929
1421	46	1.619	-5.800
1421	47	1.111	-5.571
1421	50	4.957	6.639
1421	51	6.472	0.739
1421	52	0.143	-3.925
1421	53	0.598	-4.052
1421	54	-4.151	-3.307
1421	55	0.973	0.431
1421	56	0.363	0.678
1421	57	1.671	0.310
1421	58	4.893	3.430
1421	59	4.491	3.863
1421	60	5.577	5.550
1421	61	5.065	5.877
1421	96	-1.143	3.214
1421	97	3.384	2.533
1421	98	-0.491	-3.136
1421	99	-0.366	-3.867
1421	100	2.778	-1.330
1421	101	3.454	-0.245
1421	222	-2.728	6.267
1421	225	-0.116	-5.363
1421	227	6.421	2.235
1421	228	6.460	1.561
1421	231	-1.344	-3.073
1421	232	-1.518	2.828
1421	233	-1.275	1.997
1421	313	-7.614	6.457
1421	340	-3.005	6.971
1421	343	-2.400	7.032
1421	376	-1.720	7.800
1421	412	4.775	0.907
1421	413	5.436	1.351
1421	414	5.408	0.631
1421	421	2.195	4.533
1421	422	2.651	4.999
1421	423	1.880	4.784
1421	425	3.297	5.361
1421	468	5.026	-2.957
1421	473	4.547	-2.973
1431	6	2.061	5.370
1431	18	3.356	4.751
1431	46	1.653	-6.138
1431	47	1.153	-6.077
1431	50	5.238	6.890
1431	51	6.505	0.689
1431	52	0.171	-4.142
1431	53	0.623	-4.221
1431	54	-4.706	-3.745
1431	55	0.979	0.214
1431	56	0.383	0.465
1431	57	1.686	-0.232
1431	58	4.729	3.052
1431	59	4.346	3.608
1431	60	5.452	5.372
1431	61	4.956	5.610
1431	96	-1.245	3.477
1431	97	3.580	3.268
1431	98	-0.248	-3.152
1431	99	-0.449	-3.848
1431	100	2.811	-0.940
1431	101	3.380	0.471
1431	222	-2.587	6.232
1431	225	-0.048	-5.606
1431	227	6.421	2.235
1431	228	6.460	1.561
1431	231	-1.335	-3.396
1431	232	-1.546	2.830
1431	233	-1.357	1.979
1431	340	-2.823	6.818
1431	343	-2.250	6.988
1431	376	-1.569	7.764
1431	412	4.775	0.907
1431	413	5.436	1.351
1431	414	5.408	0.631
1431	421	2.195	4.533
1431	422	2.651	4.999
1431	423	1.880	4.784
1431	425	3.297	5.361
1431	468	5.026	-2.957
1431	473	4.547	-2.973
1441	6	2.061	5.370
1441	18	3.356	4.751
1441	51	6.490	0.673
1441	52	0.205	-4.464
1441	53	0.677	-4.428
1441	54	-5.079	-4.086
1441	55	0.980	0.008
1441	56	0.394	0.253
1441	57	1.651	-0.509
1441	58	4.610	2.762
1441	59	4.257	3.372
1441	60	5.307	5.163
1441	61	4.819	5.298
1441	96	-1.321	3.777
1441	97	3.623	3.791
1441	98	-0.383	-3.251
1441	99	-0.134	-3.748
1441	100	2.873	-0.220
1441	101	3.348	0.791
1441	102	3.347	-5.604
1441	222	-2.415	6.149
1441	225	0.030	-5.885
1441	227	6.421	2.235
1441	228	6.460	1.561
1441	231	-1.247	-3.621
1441	232	-1.602	2.833
1441	233	-1.331	2.021
1441	340	-2.778	6.734
1441	343	-2.074	6.829
1441	376	-1.502	7.761
1441	412	4.775	0.907
1441	413	5.436	1.351
1441	414	5.408	0.631
1441	421	2.195	4.533
1441	422	2.651	4.999
1441	423	1.880	4.784
1441	425	3.297	5.361
1441	468	5.026	-2.957
1441	473	4.547	-2.973
1451	6	2.061	5.370
1451	18	3.356	4.751
1451	51	6.507	0.640
1451	52	0.241	-4.786
1451	53	0.762	-4.707
1451	54	-5.332	-4.410
1451	55	0.981	-0.212
1451	56	0.407	0.020
1451	57	1.557	-0.984
1451	58	4.534	2.552
1451	59	4.096	2.955
1451	60	5.213	5.001
1451	61	4.698	5.132
1451	96	-1.411	4.174
1451	97	3.708	4.215
1451	98	-0.332	-3.180
1451	99	-0.266	-3.703
1451	100	2.914	0.244
1451	101	3.266	1.514
1451	102	3.346	-5.331
1451	222	-2.194	6.005
1451	225	0.100	-6.134
1451	227	6.421	2.235
1451	228	6.460	1.561
1451	231	-1.152	-3.899
1451	232	-1.602	2.833
1451	233	-1.331	2.021
1451	340	-2.679	6.767
1451	343	-1.902	6.643
1451	376	-1.519	7.792
1451	412	4.775	0.907
1451	413	5.436	1.351
1451	414	5.408	0.631
1451	421	2.153	4.462
1451	422	2.651	4.999
1451	423	1.880	4.784
1451	425	3.297	5.361
1451	468	5.026	-2.957
1451	473	4.547	-2.973
1461	6	2.061	5.370
1461	18	3.356	4.751
1461	51	6.506	0.656
1461	52	0.269	-5.014
1461	53	0.871	-5.047
1461	54	-5.761	-4.981
1461	55	0.983	-0.450
1461	56	0.420	-0.226
1461	57	1.441	-1.576
1461	58	4.396	2.188
1461	59	3.960	2.583
1461	60	5.075	4.746
1461	61	4.464	4.875
1461	72	0.871	-6.520
1461	96	-1.542	4.475
1461	97	3.922	4.815
1461	98	-0.230	-3.082
1461	99	-0.136	-3.663
1461	100	2.951	0.592
1461	101	3.202	2.238
1461	102	3.349	-4.925
1461	222	-2.047	5.912
1461	227	6.442	2.086
1461	228	6.460	1.561
1461	231	-1.031	-4.123
1461	232	-1.657	2.815
1461	233	-1.276	2.019
1461	340	-2.609	6.630
1461	343	-1.733	6.464
1461	376	-1.564	7.766
1461	412	4.775	0.907
1461	413	5.436	1.351
1461	414	5.408	0.631
1461	421	2.153	4.462
1461	422	2.651	4.999
1461	423	1.880	4.784
1461	425	3.297	5.361
1461	468	5.026	-2.957
1461	473	4.547	-2.973
1471	6	2.061	5.370
1471	18	3.356	4.751
1471	51	6.481	0.459
1471	52	0.301	-5.273
1471	53	0.935	-5.338
1471	54	-6.052	-5.306
1471	55	0.982	-0.675
1471	56	0.432	-0.455
1471	57	1.379	-1.883
1471	58	4.259	1.801
1471	59	3.898	2.365
1471	60	4.851	4.336
1471	61	4.275	4.626
1471	72	1.240	-6.170
1471	96	-1.725	4.685
1471	97	3.843	5.488
1471	98	-0.153	-3.052
1471	99	-0.061	-3.568
1471	100	3.028	1.300
1471	101	3.247	2.590
1471	102	3.335	-4.587
1471	222	-1.948	5.851
1471	227	6.442	2.086
1471	228	6.460	1.561
1471	231	-0.849	-4.323
1471	232	-1.546	2.830
1471	233	-1.360	2.087
1471	340	-2.361	6.572
1471	343	-1.534	6.267
1471	376	-1.535	7.718
1471	412	4.775	0.907
1471	413	5.436	1.351
1471	414	5.408	0.631
1471	421	2.153	4.462
1471	422	2.651	4.999
1471	423	1.880	4.784
1471	425	3.297	5.361
1471	468	5.026	-2.957
1471	473	4.547	-2.973
1481	6	2.061	5.370
1481	18	3.356	4.751
1481	51	6.502	0.311
1481	52	0.341	-5.590
1481	53	0.943	-5.569
1481	54	-6.398	-5.648
1481	55	0.976	-0.883
1481	56	0.442	-0.666
1481	57	1.286	-2.315
1481	58	4.209	1.568
1481	59	3.818	2.049
1481	60	4.679	4.000
1481	61	4.206	4.441
1481	72	1.487	-5.940
1481	96	-1.973	4.934
1481	97	3.766	6.100
1481	98	-0.208	-2.931
1481	99	-0.092	-3.504
1481	100	3.066	1.678
1481	101	3.374	3.314
1481	102	3.290	-4.367
1481	222	-1.768	5.711
1481	227	6.442	2.086
1481	228	6.460	1.561
1481	231	-0.571	-4.604
1481	232	-1.460	2.717
1481	233	-1.360	2.087
1481	340	-2.242	6.567
1481	343	-1.296	6.014
1481	376	-1.537	7.782
1481	412	4.775	0.907
1481	413	5.436	1.351
1481	414	5.447	0.494
1481	421	2.153	4.462
1481	422	2.651	4.999
1481	423	1.880	4.784
1481	425	3.297	5.361
1481	468	5.026	-2.957
1481	473	4.547	-2.973
1491	6	2.061	5.370
1491	18	3.356	4.751
1491	51	6.440	0.260
1491	52	0.385	-5.937
1491	53	0.933	-5.904
1491	54	-6.892	-6.135
1491	55	0.954	-1.111
1491	56	0.449	-0.895
1491	57	1.169	-2.871
1491	58	4.179	1.240
1491	59	3.705	1.609
1491	60	4.608	3.823
1491	61	4.106	4.188
1491	72	1.572	-5.845
1491	96	-2.229	5.204
1491	97	3.899	6.775
1491	98	-0.131	-2.901
1491	99	-0.048	-3.509
1491	100	3.093	2.103
1491	101	3.465	3.634
1491	102	3.200	-4.014
1491	222	-1.594	5.589
1491	227	6.442	2.086
1491	228	6.460	1.561
1491	231	-0.419	-4.839
1491	232	-1.683	2.730
1491	233	-1.278	2.105
1491	340	-2.060	6.494
1491	343	-1.061	5.832
1491	376	-1.537	7.760
1491	412	4.574	0.872
1491	413	5.422	1.265
1491	414	5.362	0.441
1491	421	2.153	4.462
1491	422	2.651	4.999
1491	423	1.880	4.784
1491	425	3.297	5.361
1491	468	5.026	-2.957
1491	473	4.547	-2.973
1501	6	2.061	5.370
1501	18	3.356	4.751
1501	51	6.250	0.317
1501	52	0.422	-6.230
1501	53	0.923	-6.256
1501	54	-7.371	-6.609
1501	55	0.920	-1.362
1501	56	0.453	-1.151
1501	57	1.130	-3.153
1501	58	4.135	0.761
1501	59	3.625	1.287
1501	60	4.609	3.773
1501	61	4.036	3.949
1501	62	1.150	7.916
1501	72	1.620	-5.790
1501	96	-2.382	5.442
1501	98	-0.158	-2.883
1501	99	-0.009	-3.449
1501	100	3.138	2.803
1501	101	3.688	4.324
1501	102	3.077	-3.534
1501	222	-1.486	5.550
1501	227	6.442	2.086
1501	228	6.460	1.561
1501	231	-0.343	-5.086
1501	232	-1.764	2.604
1501	233	-1.362	2.173
1501	340	-1.804	6.364
1501	343	-0.869	5.745
1501	376	-1.563	7.723
1501	412	4.598	0.695
1501	413	5.346	1.046
1501	414	5.234	0.239
1501	421	2.153	4.462
1501	422	2.651	4.999
1501	423	1.880	4.784
1501	425	3.297	5.361
1501	468	5.026	-2.957
1501	473	4.547	-2.973
1511	6	2.061	5.370
1511	18	3.356	4.751
1511	51	6.058	0.381
1511	52	0.452	-6.463
1511	54	-7.713	-6.947
1511	55	0.925	-1.591
1511	56	0.462	-1.403
1511	57	1.087	-3.555
1511	58	4.084	0.457
1511	59	3.574	1.069
1511	60	4.568	3.704
1511	61	4.036	3.774
1511	62	1.100	7.691
1511	72	1.794	-5.682
1511	96	-2.533	5.746
1511	98	-0.005	-2.802
1511	99	0.261	-3.209
1511	100	3.202	3.172
1511	101	3.922	4.992
1511	102	2.993	-3.217
1511	222	-1.393	5.474
1511	227	6.442	2.086
1511	228	6.460	1.561
1511	231	-0.247	-5.405
1511	232	-1.842	2.324
1511	233	-1.364	2.216
1511	340	-1.554	6.251
1511	343	-0.724	5.657
1511	376	-1.371	7.704
1511	412	4.644	0.430
1511	413	5.241	0.722
1511	414	5.145	0.055
1511	421	2.153	4.462
1511	422	2.651	4.999
1511	423	1.880	4.784
1511	425	3.297	5.361
1511	468	5.026	-2.957
1511	473	4.547	-2.973
1521	6	2.061	5.370
1521	18	3.356	4.751
1521	51	5.764	0.512
1521	55	0.981	-1.792
1521	56	0.485	-1.628
1521	57	1.051	-3.917
1521	58	4.013	0.235
1521	59	3.495	0.724
1521	60	4.668	3.697
1521	61	4.099	3.644
1521	62	1.065	7.483
1521	63	0.324	7.666
1521	72	1.968	-5.606
1521	96	-2.773	6.197
1521	98	-0.158	-2.883
1521	99	0.207	-3.111
1521	100	3.397	3.606
1521	101	4.076	5.243
1521	102	2.908	-2.932
1521	222	-1.287	5.298
1521	227	6.442	2.086
1521	228	6.460	1.561
1521	231	-0.161	-5.646
1521	232	-1.893	2.107
1521	233	-1.310	2.257
1521	340	-1.318	6.126
1521	343	-0.604	5.463
1521	376	-1.536	7.739
1521	412	4.501	0.157
1521	413	5.135	0.485
1521	414	4.940	-0.267
1521	421	2.153	4.462
1521	422	2.651	4.999
1521	423	1.880	4.784
1521	425	3.297	5.361
1521	468	5.026	-2.957
1521	473	4.547	-2.973
1531	6	2.061	5.370
1531	18	3.356	4.751
1531	51	5.077	0.820
1531	55	1.074	-2.013
1531	56	0.522	-1.861
1531	57	1.027	-4.166
1531	58	3.907	-0.102
1531	59	3.397	0.288
1531	60	4.647	3.769
1531	61	4.091	3.584
1531	62	1.037	7.220
1531	63	0.163	7.386
1531	72	2.109	-5.539
1531	96	-2.906	6.555
1531	98	-0.268	-2.765
1531	99	0.193	-2.769
1531	100	3.693	4.264
1531	101	4.468	5.771
1531	102	2.722	-2.337
1531	222	-1.186	5.144
1531	227	6.442	2.086
1531	228	6.460	1.561
1531	231	-0.060	-5.884
1531	232	-2.055	1.759
1531	233	-1.335	2.172
1531	340	-1.099	5.969
1531	343	-0.489	5.265
1531	345	-6.276	5.030
1531	346	-5.862	5.583
1531	347	-5.252	3.012
1531	376	-1.309	7.595
1531	412	4.354	-0.185
1531	413	5.001	0.306
1531	414	4.858	-0.529
1531	421	2.200	4.361
1531	422	2.651	4.999
1531	423	1.880	4.784
1531	425	3.297	5.361
1531	468	5.026	-2.957
1531	473	4.547	-2.973
1541	6	2.061	5.370
1541	18	3.356	4.751
1541	51	4.752	0.945
1541	55	1.201	-2.272
1541	56	0.579	-2.204
1541	57	0.993	-4.508
1541	58	3.811	-0.397
1541	59	3.320	-0.015
1541	60	4.687	3.660
1541	61	3.933	3.602
1541	62	1.005	6.891
1541	63	0.006	7.081
1541	64	0.614	8.121
1541	72	2.243	-5.379
1541	96	-2.911	6.889
1541	98	-0.285	-2.633
1541	99	0.238	-2.525
1541	100	3.834	4.553
1541	101	4.991	6.476
1541	102	2.496	-1.593
1541	222	-1.108	5.019
1541	227	6.442	2.086
1541	228	6.460	1.561
1541	231	0.068	-6.186
1541	232	-2.062	1.510
1541	233	-1.195	2.080
1541	340	-0.868	5.841
1541	343	-0.374	5.065
1541	345	-5.990	4.993
1541	346	-5.615	5.521
1541	347	-4.992	3.179
1541	376	-1.372	7.726
1541	412	4.247	-0.459
1541	413	4.778	0.026
1541	414	4.789	-0.680
1541	421	2.200	4.361
1541	422	2.651	4.999
1541	423	1.880	4.784
1541	425	3.297	5.361
1541	468	5.026	-2.957
1541	473	4.547	-2.973
1551	6	2.061	5.370
1551	18	3.360	4.623
1551	51	4.057	1.185
1551	55	1.298	-2.526
1551	56	0.629	-2.513
1551	57	0.973	-4.774
1551	58	3.743	-0.597
1551	59	3.256	-0.232
1551	60	4.684	3.748
1551	61	4.095	3.562
1551	62	0.950	6.647
1551	63	-0.053	6.873
1551	64	0.545	7.926
1551	72	2.396	-5.206
1551	96	-2.905	7.536
1551	98	-0.314	-2.425
1551	99	0.240	-2.301
1551	100	4.158	5.205
1551	101	5.247	6.821
1551	102	2.389	-1.143
1551	222	-1.070	4.815
1551	227	6.442	2.086
1551	228	6.460	1.561
1551	232	-1.842	1.228
1551	233	-1.249	2.040
1551	340	-0.661	5.731
1551	343	-0.267	4.887
1551	345	-5.797	5.024
1551	346	-5.440	5.436
1551	347	-4.700	3.281
1551	376	-1.481	7.727
1551	412	4.172	-0.715
1551	413	4.625	-0.210
1551	414	4.648	-1.107
1551	421	2.200	4.361
1551	422	2.719	4.840
1551	423	1.880	4.784
1551	425	3.297	5.361
1551	468	5.026	-2.957
1551	473	4.547	-2.973
1561	6	2.061	5.370
1561	18	3.360	4.623
1561	51	3.323	1.431
1561	55	1.323	-2.747
1561	56	0.665	-2.721
1561	57	0.960	-5.033
1561	58	3.668	-0.846
1561	59	3.167	-0.561
1561	60	4.722	3.709
1561	61	4.116	3.507
1561	62	0.871	6.469
1561	63	-0.127	6.633
1561	64	0.477	7.720
1561	72	2.570	-5.048
1561	96	-2.919	7.909
1561	98	-0.363	-2.139
1561	99	0.238	-2.027
1561	100	4.365	5.556
1561	102	2.373	-0.825
1561	103	3.202	-5.600
1561	222	-1.074	4.556
1561	227	6.442	2.086
1561	228	6.460	1.561
1561	232	-1.967	1.030
1561	233	-1.275	1.997
1561	340	-0.595	5.553
1561	343	-0.177	4.755
1561	345	-5.664	4.931
1561	346	-5.316	5.237
1561	347	-4.430	3.330
1561	376	-1.397	7.667
1561	412	4.058	-1.111
1561	413	4.545	-0.429
1561	414	4.579	-1.240
1561	421	2.200	4.361
1561	422	2.656	4.830
1561	423	1.880	4.784
1561	425	3.297	5.361
1561	468	5.026	-2.957
1561	473	4.547	-2.973
1571	6	2.061	5.370
1571	18	3.323	4.518
1571	51	2.999	1.510
1571	55	1.310	-2.955
1571	56	0.717	-2.907
1571	57	0.944	-5.376
1571	58	3.579	-1.126
1571	59	3.062	-0.926
1571	60	4.685	3.713
1571	61	4.170	3.590
1571	62	0.771	6.282
1571	63	-0.176	6.396
1571	64	0.449	7.519
1571	65	-0.051	7.793
1571	66	1.057	7.820
1571	72	2.663	-4.880
1571	96	-2.976	8.497
1571	98	-0.418	-1.812
1571	99	0.237	-1.738
1571	100	4.704	5.928
1571	102	2.342	-0.167
1571	103	3.215	-5.403
1571	222	-1.096	4.292
1571	227	6.442	2.086
1571	228	6.460	1.561
1571	232	-1.825	0.747
1571	233	-1.274	1.954
1571	340	-0.591	5.432
1571	343	-0.104	4.670
1571	345	-5.589	4.697
1571	346	-5.271	5.121
1571	347	-4.250	3.400
1571	376	-1.453	7.722
1571	412	3.958	-1.346
1571	413	4.432	-0.759
1571	414	4.514	-1.363
1571	421	2.200	4.361
1571	422	2.719	4.821
1571	423	1.880	4.784
1571	425	3.297	5.361
1571	468	5.026	-2.957
1571	473	4.547	-2.973
1581	6	2.061	5.370
1581	18	3.323	4.518
1581	51	2.332	1.642
1581	55	1.306	-3.175
1581	56	0.777	-3.082
1581	57	0.927	-5.647
1581	58	3.482	-1.332
1581	59	2.963	-1.164
1581	60	4.667	3.715
1581	61	3.995	3.715
1581	62	0.675	6.087
1581	63	-0.178	6.196
1581	64	0.408	7.271
1581	65	-0.100	7.620
1581	66	1.051	7.494
1581	72	2.654	-4.695
1581	98	-0.430	-1.554
1581	99	0.239	-1.503
1581	100	5.223	6.497
1581	102	2.375	0.203
1581	103	3.229	-5.197
1581	222	-1.015	4.453
1581	227	6.442	2.086
1581	228	6.460	1.561
1581	232	-1.689	0.464
1581	233	-1.380	1.785
1581	340	-0.589	5.353
1581	343	-0.217	4.921
1581	345	-5.554	4.445
1581	346	-5.098	4.943
1581	347	-4.009	3.360
1581	348	-6.229	3.955
1581	376	-1.480	7.706
1581	412	3.824	-1.569
1581	413	4.332	-0.971
1581	414	4.423	-1.514
1581	421	2.200	4.361
1581	422	2.635	4.833
1581	423	1.880	4.784
1581	425	3.297	5.361
1581	468	5.026	-2.957
1581	473	4.547	-2.973
1591	6	2.061	5.370
1591	18	3.323	4.518
1591	51	1.643	1.802
1591	55	1.293	-3.396
1591	56	0.787	-3.269
1591	57	0.902	-5.960
1591	58	3.373	-1.515
1591	59	2.870	-1.334
1591	60	4.596	3.670
1591	61	4.038	3.550
1591	62	0.626	5.892
1591	63	-0.186	6.041
1591	64	0.357	6.979
1591	65	-0.149	7.458
1591	66	1.061	7.251
1591	72	2.604	-4.510
1591	98	-0.413	-1.302
1591	99	0.252	-1.219
1591	102	2.515	0.665
1591	103	3.243	-4.988
1591	222	-0.885	4.373
1591	227	6.442	2.086
1591	228	6.460	1.561
1591	232	-1.587	0.244
1591	233	-1.393	1.617
1591	340	-0.590	5.160
1591	343	-0.113	4.846
1591	345	-5.332	4.249
1591	346	-4.838	4.701
1591	347	-3.714	3.244
1591	348	-6.298	4.244
1591	376	-1.372	7.726
1591	412	3.689	-1.813
1591	413	4.243	-1.106
1591	414	4.337	-1.646
1591	421	2.200	4.361
1591	422	2.677	4.846
1591	423	1.880	4.784
1591	425	3.297	5.361
1591	468	5.026	-2.957
1591	473	4.547	-2.973
1601	6	2.061	5.370
1601	18	3.323	4.518
1601	51	1.339	1.948
1601	55	1.251	-3.606
1601	56	0.739	-3.470
1601	57	0.872	-6.321
1601	58	3.251	-1.724
1601	59	2.783	-1.497
1601	60	4.456	3.421
1601	61	3.766	3.613
1601	62	0.600	5.699
1601	63	-0.178	5.876
1601	64	0.376	6.736
1601	65	-0.120	7.260
1601	66	1.077	6.918
1601	72	2.527	-4.327
1601	98	-0.387	-0.954
1601	99	0.280	-0.796
1601	102	2.744	1.406
1601	103	3.254	-4.788
1601	104	2.549	-5.926
1601	222	-0.878	4.332
1601	227	6.442	2.086
1601	228	6.460	1.561
1601	232	-1.427	0.005
1601	233	-1.216	1.582
1601	340	-0.608	5.075
1601	343	-0.141	4.931
1601	345	-5.050	4.091
1601	346	-4.550	4.434
1601	347	-3.421	3.127
1601	348	-6.338	4.527
1601	376	-1.456	7.807
1601	412	3.634	-1.986
1601	413	4.163	-1.221
1601	414	4.262	-1.747
1601	421	2.200	4.361
1601	422	2.613	4.855
1601	423	1.880	4.784
1601	425	3.297	5.361
1601	468	5.026	-2.957
1601	473	4.547	-2.973
1611	6	2.061	5.370
1611	18	3.323	4.518
1611	51	0.818	2.273
1611	55	1.194	-3.785
1611	56	0.675	-3.644
1611	58	3.131	-1.906
1611	59	2.691	-1.663
1611	60	4.311	3.293
1611	61	3.690	3.530
1611	62	0.560	5.512
1611	63	-0.143	5.685
1611	64	0.451	6.546
1611	65	-0.093	7.077
1611	66	1.070	6.681
1611	72	2.499	-4.142
1611	98	-0.358	-0.565
1611	99	0.274	-0.455
1611	102	2.938	1.711
1611	103	3.266	-4.599
1611	104	2.488	-5.693
1611	222	-0.959	4.383
1611	227	6.442	2.086
1611	228	6.460	1.561
1611	232	-1.325	-0.232
1611	233	-1.207	1.479
1611	340	-0.739	5.093
1611	343	-0.217	4.921
1611	345	-4.830	3.905
1611	346	-4.302	4.220
1611	347	-3.148	2.999
1611	348	-6.317	4.813
1611	349	-6.578	3.906
1611	376	-1.344	7.720
1611	412	3.613	-2.079
1611	413	4.096	-1.375
1611	414	4.192	-1.854
1611	421	2.200	4.361
1611	422	2.677	4.827
1611	423	1.880	4.784
1611	425	3.297	5.361
1611	468	5.026	-2.957
1611	473	4.547	-2.973
1621	6	2.061	5.370
1621	18	3.323	4.518
1621	51	0.145	2.697
1621	55	1.137	-3.916
1621	56	0.603	-3.781
1621	58	2.968	-2.124
1621	59	2.587	-1.839
1621	60	4.296	3.188
1621	61	3.595	3.449
1621	62	0.534	5.323
1621	63	-0.119	5.559
1621	64	0.540	6.391
1621	65	-0.099	6.929
1621	66	1.048	6.420
1621	72	2.556	-3.956
1621	98	-0.340	-0.267
1621	99	0.224	-0.210
1621	102	3.453	1.995
1621	103	3.292	-4.423
1621	104	2.411	-5.361
1621	222	-0.849	4.266
1621	227	6.442	2.086
1621	228	6.460	1.561
1621	232	-1.390	-0.441
1621	233	-1.177	1.393
1621	340	-0.762	4.949
1621	343	-0.267	4.906
1621	345	-4.695	3.673
1621	346	-4.036	4.015
1621	347	-2.865	2.903
1621	348	-6.281	5.237
1621	349	-6.643	4.344
1621	376	-1.398	7.710
1621	412	3.619	-2.088
1621	413	4.050	-1.495
1621	414	4.120	-1.998
1621	421	2.282	4.207
1621	422	2.555	4.675
1621	423	1.880	4.784
1621	425	3.297	5.361
1621	468	5.026	-2.957
1621	473	4.547	-2.973
1631	6	2.061	5.370
1631	18	3.323	4.518
1631	51	-0.181	2.925
1631	55	1.083	-4.012
1631	56	0.544	-3.910
1631	58	2.718	-2.440
1631	59	2.450	-2.063
1631	60	4.296	3.188
1631	61	3.671	3.532
1631	62	0.551	5.123
1631	63	-0.089	5.412
1631	64	0.547	6.224
1631	65	-0.034	6.769
1631	66	1.022	6.102
1631	72	2.659	-3.791
1631	98	-0.321	-0.044
1631	99	0.161	0.183
1631	102	4.092	2.360
1631	103	3.333	-4.260
1631	104	2.320	-5.095
1631	222	-0.875	4.227
1631	227	6.442	2.086
1631	228	6.460	1.561
1631	232	-1.380	-0.317
1631	233	-1.143	1.113
1631	340	-0.811	4.808
1631	343	-0.318	4.872
1631	345	-4.571	3.442
1631	346	-3.758	3.796
1631	347	-2.708	2.724
1631	348	-6.251	5.577
1631	349	-6.750	5.045
1631	376	-1.314	7.587
1631	412	3.624	-2.088
1631	413	4.031	-1.503
1631	414	4.034	-2.189
1631	421	2.528	4.152
1631	422	2.375	4.549
1631	423	1.880	4.784
1631	425	3.297	5.361
1631	468	5.026	-2.957
1631	473	4.547	-2.973
1641	6	2.061	5.370
1641	18	3.323	4.518
1641	51	-0.627	3.256
1641	55	1.056	-4.146
1641	56	0.528	-4.074
1641	58	2.536	-2.716
1641	59	2.279	-2.338
1641	60	4.326	3.415
1641	61	3.748	3.579
1641	62	0.577	4.967
1641	63	-0.044	5.231
1641	64	0.566	6.221
1641	65	0.160	6.757
1641	66	1.071	5.976
1641	72	2.771	-3.668
1641	98	-0.258	0.197
1641	99	0.075	0.646
1641	102	4.331	2.562
1641	103	3.349	-4.101
1641	104	2.195	-4.896
1641	222	-0.929	4.254
1641	227	6.442	2.086
1641	228	6.460	1.561
1641	232	-1.271	-0.249
1641	233	-1.169	1.092
1641	340	-0.972	4.871
1641	343	-0.369	4.878
1641	345	-4.327	3.271
1641	346	-3.577	3.590
1641	347	-2.666	2.528
1641	348	-6.208	5.893
1641	349	-6.753	5.442
1641	376	-1.314	7.608
1641	412	3.594	-2.169
1641	413	4.023	-1.513
1641	414	3.911	-2.439
1641	421	2.513	3.965
1641	422	2.345	4.571
1641	423	1.771	4.683
1641	425	3.297	5.361
1641	468	5.026	-2.957
1641	473	4.547	-2.973
1651	6	2.061	5.370
1651	18	3.323	4.518
1651	51	-1.267	3.736
1651	55	1.057	-4.329
1651	56	0.550	-4.269
1651	58	2.449	-2.923
1651	59	2.141	-2.575
1651	60	4.318	3.681
1651	61	3.759	3.830
1651	62	0.590	4.891
1651	63	0.003	5.139
1651	64	0.480	6.022
1651	65	0.238	6.518
1651	66	0.998	5.780
1651	67	5.762	6.665
1651	72	2.823	-3.521
1651	98	-0.234	0.429
1651	99	-0.065	0.921
1651	102	4.822	2.997
1651	103	3.315	-3.938
1651	104	1.962	-4.536
1651	222	-0.825	4.327
1651	227	6.442	2.086
1651	228	6.460	1.561
1651	232	-1.297	-0.315
1651	233	-1.253	1.135
1651	340	-0.997	4.810
1651	343	-0.371	4.940
1651	345	-4.037	3.130
1651	346	-3.461	3.434
1651	347	-2.701	2.363
1651	348	-6.150	6.314
1651	349	-6.674	5.746
1651	376	-1.341	7.614
1651	412	3.529	-2.326
1651	413	4.008	-1.638
1651	414	3.855	-2.650
1651	421	2.529	3.674
1651	422	2.331	4.513
1651	423	1.661	4.620
1651	425	3.297	5.361
1651	468	5.026	-2.957
1651	473	4.547	-2.973
1661	6	2.061	5.370
1661	18	3.323	4.518
1661	51	-1.555	4.017
1661	55	1.060	-4.503
1661	56	0.574	-4.461
1661	58	2.320	-3.165
1661	59	2.028	-2.774
1661	60	4.401	3.990
1661	61	3.770	4.099
1661	62	0.599	4.837
1661	63	0.019	5.024
1661	64	0.455	5.939
1661	65	0.318	6.429
1661	66	1.004	5.791
1661	67	5.610	6.412
1661	72	2.803	-3.335
1661	98	-0.350	0.618
1661	99	-0.314	1.162
1661	102	5.076	3.292
1661	103	3.235	-3.775
1661	104	1.763	-4.247
1661	222	-0.867	4.230
1661	227	6.442	2.086
1661	228	6.460	1.561
1661	232	-1.323	-0.381
1661	233	-1.333	1.050
1661	237	-2.945	8.464
1661	340	-1.080	4.884
1661	343	-0.583	5.114
1661	345	-3.769	2.979
1661	346	-3.351	3.293
1661	347	-2.600	2.274
1661	348	-6.177	6.598
1661	349	-6.590	6.096
1661	376	-1.341	7.592
1661	412	3.444	-2.456
1661	413	3.975	-1.915
1661	414	3.787	-2.992
1661	421	2.623	3.426
1661	422	2.328	4.344
1661	423	1.528	4.520
1661	425	3.297	5.361
1661	468	5.026	-2.957
1661	473	4.547	-2.973
1671	6	2.061	5.370
1671	18	3.323	4.518
1671	51	-1.874	4.433
1671	55	1.047	-4.632
1671	56	0.589	-4.642
1671	58	2.242	-3.399
1671	59	1.859	-3.010
1671	60	4.373	4.275
1671	61	3.897	4.389
1671	62	0.621	4.705
1671	63	-0.024	4.842
1671	64	0.454	5.880
1671	65	0.490	6.335
1671	66	0.979	5.658
1671	67	5.512	6.058
1671	72	2.756	-3.135
1671	98	-0.529	0.877
1671	99	-0.648	1.466
1671	102	5.197	3.708
1671	103	3.244	-3.575
1671	104	1.583	-4.039
1671	222	-0.844	4.295
1671	227	6.442	2.086
1671	228	6.460	1.561
1671	232	-1.295	-0.380
1671	233	-1.305	1.028
1671	237	-3.185	8.063
1671	340	-1.001	4.937
1671	343	-0.674	5.585
1671	345	-3.577	2.783
1671	346	-3.183	3.110
1671	347	-2.342	2.255
1671	348	-6.221	6.878
1671	349	-6.607	6.372
1671	376	-1.369	7.640
1671	412	3.394	-2.581
1671	413	3.948	-2.211
1671	414	3.734	-3.372
1671	421	2.705	3.213
1671	422	2.333	4.138
1671	423	1.557	4.405
1671	425	3.297	5.361
1671	468	5.026	-2.957
1671	473	4.547	-2.973
1681	6	2.061	5.370
1681	18	3.323	4.518
1681	51	-2.265	4.945
1681	55	1.041	-4.749
1681	56	0.620	-4.826
1681	58	2.294	-3.594
1681	59	1.719	-3.253
1681	60	4.451	4.738
1681	61	3.787	4.798
1681	62	0.640	4.528
1681	63	-0.143	4.690
1681	64	0.383	5.811
1681	65	0.422	6.128
1681	66	1.034	5.647
1681	67	5.411	5.730
1681	68	2.644	7.457
1681	72	2.847	-2.928
1681	98	-0.743	1.187
1681	99	-0.895	1.601
1681	102	5.380	4.339
1681	103	3.300	-3.377
1681	104	1.236	-3.671
1681	222	-0.789	4.421
1681	227	6.442	2.086
1681	228	6.460	1.561
1681	232	-1.351	-0.360
1681	233	-1.223	1.049
1681	237	-3.073	7.831
1681	340	-1.083	5.011
1681	343	-0.758	5.764
1681	345	-3.348	2.580
1681	346	-3.033	2.974
1681	347	-2.138	2.200
1681	348	-6.276	7.149
1681	349	-6.664	6.713
1681	376	-1.395	7.561
1681	412	3.432	-2.800
1681	413	3.940	-2.470
1681	414	3.794	-3.576
1681	421	2.750	3.109
1681	422	2.333	3.930
1681	423	1.549	4.305
1681	425	3.297	5.361
1681	468	5.026	-2.957
1681	473	4.547	-2.973
1691	6	2.061	5.370
1691	18	3.323	4.518
1691	51	-2.471	5.238
1691	55	1.079	-4.902
1691	56	0.672	-5.014
1691	58	2.399	-3.844
1691	59	1.725	-3.457
1691	60	4.527	5.250
1691	61	3.852	5.200
1691	62	0.581	4.447
1691	63	-0.116	4.578
1691	64	0.372	5.579
1691	65	0.477	6.067
1691	66	1.060	5.545
1691	67	5.327	5.534
1691	68	1.909	7.340
1691	69	1.946	7.786
1691	72	2.729	-2.732
1691	98	-0.986	1.347
1691	99	-1.175	1.748
1691	102	5.460	4.619
1691	103	3.148	-3.154
1691	104	0.946	-3.314
1691	222	-0.711	4.590
1691	227	6.442	2.086
1691	228	6.460	1.561
1691	232	-1.325	-0.294
1691	233	-1.250	1.028
1691	237	-2.973	7.744
1691	340	-1.109	4.951
1691	343	-0.713	6.070
1691	345	-3.233	2.363
1691	346	-2.902	2.817
1691	347	-1.954	2.263
1691	348	-6.360	7.438
1691	349	-6.714	7.062
1691	376	-1.424	7.652
1691	412	3.505	-3.158
1691	413	3.935	-2.807
1691	414	3.896	-3.844
1691	421	2.747	3.146
1691	422	2.313	3.725
1691	423	1.526	4.282
1691	425	3.297	5.361
1691	468	5.026	-2.957
1691	473	4.547	-2.973
1701	6	2.061	5.370
1701	18	3.323	4.518
1701	51	-2.795	5.799
1701	55	1.146	-5.074
1701	56	0.720	-5.158
1701	58	2.506	-4.116
1701	59	1.775	-3.687
1701	60	4.416	5.726
1701	61	3.682	5.694
1701	62	0.537	4.446
1701	63	0.096	4.494
1701	64	0.337	5.450
1701	65	0.453	5.952
1701	66	1.034	5.525
1701	67	5.186	5.205
1701	68	1.567	7.272
1701	69	1.450	7.723
1701	72	2.915	-2.366
1701	98	-1.223	1.410
1701	99	-1.429	1.873
1701	102	5.635	5.234
1701	103	3.081	-3.011
1701	104	0.856	-3.065
1701	222	-0.656	4.690
1701	227	6.442	2.086
1701	228	6.460	1.561
1701	232	-1.297	-0.315
1701	233	-1.113	1.027
1701	236	-2.119	8.166
1701	237	-2.954	7.768
1701	340	-0.948	4.973
1701	343	-0.666	6.270
1701	345	-3.214	2.103
1701	346	-2.730	2.550
1701	347	-1.817	2.356
1701	348	-6.460	7.779
1701	349	-6.725	7.315
1701	376	-1.341	7.592
1701	412	3.540	-3.390
1701	413	3.986	-3.024
1701	414	3.980	-4.069
1701	421	2.761	3.088
1701	422	2.269	3.391
1701	423	1.575	4.162
1701	425	3.297	5.361
1701	468	5.026	-2.957
1701	473	4.547	-2.973
1711	6	2.061	5.370
1711	18	3.323	4.518
1711	51	-3.144	6.204
1711	55	1.202	-5.212
1711	56	0.754	-5.233
1711	58	2.548	-4.328
1711	59	1.833	-3.958
1711	60	4.404	6.015
1711	61	3.692	6.025
1711	62	0.686	4.469
1711	63	0.238	4.411
1711	64	0.371	5.370
1711	65	0.382	5.806
1711	66	1.043	5.529
1711	67	5.067	4.941
1711	68	0.947	7.136
1711	69	1.002	7.645
1711	72	2.930	-2.173
1711	98	-1.421	1.450
1711	99	-1.628	1.966
1711	102	5.737	5.632
1711	103	3.164	-2.808
1711	104	0.751	-2.581
1711	222	-0.611	4.784
1711	227	6.442	2.086
1711	228	6.460	1.561
1711	232	-1.131	-0.352
1711	233	-1.140	1.027
1711	236	-1.990	7.641
1711	237	-2.914	7.713
1711	340	-0.977	5.061
1711	343	-0.721	6.224
1711	345	-3.194	1.819
1711	346	-2.485	2.178
1711	347	-1.717	2.452
1711	348	-6.485	8.063
1711	349	-6.736	7.503
1711	376	-1.341	7.592
1711	412	3.585	-3.735
1711	413	4.077	-3.332
1711	414	4.078	-4.360
1711	421	2.810	2.886
1711	422	2.255	3.150
1711	423	1.653	3.989
1711	425	3.297	5.361
1711	468	5.026	-2.957
1711	473	4.547	-2.973
1721	6	2.156	5.108
1721	18	3.323	4.518
1721	51	-3.523	6.331
1721	55	1.246	-5.318
1721	56	0.781	-5.296
1721	58	2.570	-4.592
1721	59	1.889	-4.200
1721	60	4.363	6.601
1721	61	3.709	6.598
1721	62	0.884	4.470
1721	63	0.302	4.332
1721	64	0.233	5.221
1721	65	0.378	5.734
1721	66	0.988	5.462
1721	67	4.960	4.741
1721	68	0.347	6.999
1721	69	0.597	7.514
1721	72	3.130	-1.869
1721	98	-1.456	1.528
1721	99	-1.412	1.959
1721	102	5.827	6.181
1721	103	3.288	-2.488
1721	104	0.614	-1.954
1721	222	-0.554	4.958
1721	227	6.442	2.086
1721	228	6.460	1.561
1721	232	-1.215	-0.290
1721	233	-1.059	1.048
1721	236	-1.989	7.344
1721	237	-2.822	7.518
1721	340	-1.032	5.110
1721	343	-0.610	6.246
1721	345	-3.182	1.572
1721	346	-2.444	1.916
1721	347	-1.551	2.675
1721	348	-6.516	8.512
1721	349	-6.741	7.683
1721	376	-1.370	7.683
1721	412	3.628	-3.984
1721	413	4.108	-3.556
1721	414	4.222	-4.776
1721	421	2.881	2.602
1721	422	2.249	2.878
1721	423	1.724	3.839
1721	425	3.297	5.361
1721	468	5.026	-2.957
1721	473	4.547	-2.973
1731	6	1.926	4.984
1731	18	3.399	4.562
1731	51	-4.035	6.493
1731	55	1.298	-5.449
1731	56	0.810	-5.431
1731	58	2.597	-4.909
1731	59	1.946	-4.404
1731	60	4.382	6.915
1731	61	3.736	6.952
1731	62	1.042	4.478
1731	63	0.401	4.299
1731	64	0.204	5.158
1731	65	0.371	5.691
1731	66	0.873	5.335
1731	67	4.739	4.343
1731	68	0.067	6.914
1731	69	0.143	7.370
1731	72	3.146	-1.716
1731	98	-1.799	1.558
1731	99	-1.911	2.097
1731	103	3.431	-2.289
1731	104	0.537	-1.624
1731	222	-0.637	5.183
1731	227	6.442	2.086
1731	228	6.460	1.561
1731	232	-1.215	-0.312
1731	233	-1.033	1.069
1731	236	-2.047	6.863
1731	237	-2.609	7.068
1731	340	-0.957	5.290
1731	343	-0.571	6.241
1731	345	-3.190	1.269
1731	346	-2.470	1.562
1731	347	-1.362	2.943
1731	348	-6.485	8.830
1731	349	-6.729	7.908
1731	376	-1.425	7.694
1731	412	3.729	-4.451
1731	413	4.124	-3.869
1731	414	4.333	-4.975
1731	421	2.934	2.356
1731	422	2.250	2.606
1731	423	1.902	3.650
1731	425	3.204	5.367
1731	468	5.026	-2.957
1731	473	4.547	-2.973
1741	6	2.033	4.702
1741	18	3.452	4.621
1741	51	-4.401	6.483
1741	55	1.362	-5.615
1741	56	0.842	-5.623
1741	58	2.644	-5.126
1741	59	2.034	-4.709
1741	61	3.815	7.344
1741	62	1.190	4.611
1741	63	0.573	4.328
1741	64	0.211	4.989
1741	65	0.249	5.596
1741	66	0.754	5.251
1741	67	4.484	3.873
1741	68	-0.364	6.770
1741	69	-0.186	7.284
1741	72	3.341	-1.489
1741	98	-1.855	1.733
1741	99	-2.097	2.225
1741	103	3.622	-2.110
1741	104	0.448	-1.280
1741	222	-0.498	5.249
1741	227	6.442	2.086
1741	228	6.460	1.561
1741	232	-1.214	-0.333
1741	233	-1.168	1.049
1741	236	-2.029	6.523
1741	237	-2.514	6.730
1741	340	-0.856	5.507
1741	343	-0.604	6.209
1741	345	-3.129	1.016
1741	346	-2.461	1.238
1741	347	-1.281	3.241
1741	348	-6.392	9.183
1741	349	-6.722	8.060
1741	376	-1.370	7.683
1741	412	3.815	-4.825
1741	413	4.145	-4.266
1741	414	4.510	-5.266
1741	421	2.973	2.120
1741	422	2.272	2.327
1741	423	2.177	3.378
1741	425	3.236	5.371
1741	468	5.026	-2.957
1741	473	4.547	-2.973
1751	6	2.115	4.467
1751	18	3.451	4.590
1751	51	-4.969	6.427
1751	55	1.434	-5.801
1751	56	0.873	-5.817
1751	58	2.716	-5.371
1751	59	2.160	-5.146
1751	62	1.395	4.819
1751	63	0.777	4.376
1751	64	0.233	4.856
1751	65	0.110	5.522
1751	66	0.645	5.234
1751	67	4.357	3.607
1751	68	-0.754	6.652
1751	69	-0.728	7.143
1751	70	-0.759	7.783
1751	71	-1.987	7.941
1751	72	3.587	-1.264
1751	98	-2.401	1.876
1751	99	-2.430	2.370
1751	103	3.890	-1.852
1751	104	0.308	-0.741
1751	105	3.448	-5.628
1751	222	-0.409	5.401
1751	227	6.442	2.086
1751	228	6.460	1.561
1751	232	-1.214	-0.333
1751	233	-1.164	0.898
1751	236	-1.906	6.133
1751	237	-2.389	6.208
1751	340	-0.806	5.625
1751	343	-0.659	6.173
1751	345	-2.980	0.724
1751	346	-2.390	0.990
1751	347	-1.154	3.793
1751	348	-6.304	9.517
1751	349	-6.704	8.258
1751	376	-1.429	7.822
1751	412	3.891	-5.108
1751	413	4.156	-4.515
1751	421	3.034	1.768
1751	422	2.312	1.855
1751	423	2.225	3.117
1751	425	3.247	5.252
1751	468	5.026	-2.957
1751	473	4.547	-2.973
1761	6	2.191	4.289
1761	18	3.418	4.515
1761	51	-5.416	6.359
1761	55	1.507	-5.992
1761	56	0.904	-6.009
1761	58	2.812	-5.699
1761	59	2.286	-5.580
1761	62	1.609	5.039
1761	63	0.955	4.422
1761	64	0.257	4.826
1761	65	0.018	5.492
1761	66	0.584	5.182
1761	67	4.257	3.319
1761	68	-1.056	6.581
1761	69	-1.034	7.054
1761	70	-1.062	7.452
1761	71	-2.041	7.615
1761	72	3.771	-1.122
1761	98	-2.847	2.120
1761	99	-2.846	2.614
1761	103	4.143	-1.621
1761	104	0.216	-0.368
1761	105	3.297	-5.355
1761	106	2.573	7.230
1761	107	1.967	7.441
1761	222	-0.304	5.537
1761	227	6.442	2.086
1761	228	6.460	1.561
1761	232	-1.078	-0.307
1761	233	-0.973	0.855
1761	236	-1.775	5.694
1761	237	-2.307	5.810
1761	314	-2.275	8.388
1761	320	-5.116	0.800
1761	340	-0.839	5.840
1761	343	-0.653	6.173
1761	345	-2.836	0.407
1761	346	-2.300	0.694
1761	347	-1.123	4.057
1761	349	-6.667	8.595
1761	376	-1.456	7.807
1761	412	3.983	-5.454
1761	413	4.162	-4.716
1761	421	3.069	1.509
1761	422	2.326	1.587
1761	423	2.278	2.590
1761	425	3.280	5.263
1761	468	5.026	-2.957
1761	473	4.547	-2.973
1771	6	2.255	4.122
1771	18	3.420	4.530
1771	51	-5.741	6.249
1771	55	1.577	-6.176
1771	56	0.935	-6.204
1771	58	2.891	-5.971
1771	59	2.372	-5.880
1771	62	1.758	5.208
1771	63	1.134	4.550
1771	64	0.270	4.808
1771	65	-0.077	5.374
1771	66	0.595	5.035
1771	67	4.079	2.795
1771	68	-1.582	6.446
1771	69	-1.472	6.899
1771	70	-1.104	7.257
1771	71	-2.099	7.368
1771	72	3.996	-0.964
1771	98	-3.205	2.294
1771	99	-3.237	2.800
1771	103	4.423	-1.438
1771	104	0.157	-0.094
1771	105	3.096	-4.998
1771	106	2.371	6.940
1771	107	1.762	7.161
1771	222	-0.230	5.630
1771	227	6.442	2.086
1771	228	6.460	1.561
1771	232	-1.159	-0.353
1771	233	-1.023	0.705
1771	236	-1.715	5.368
1771	237	-2.182	5.186
1771	238	5.297	6.255
1771	314	-2.381	8.070
1771	320	-4.671	0.562
1771	340	-0.758	5.764
1771	343	-0.584	6.211
1771	345	-2.783	0.139
1771	346	-2.242	0.451
1771	347	-1.099	4.331
1771	349	-6.619	9.043
1771	376	-1.401	7.795
1771	413	4.169	-4.948
1771	421	3.110	1.095
1771	422	2.335	1.127
1771	423	2.285	2.236
1771	425	3.231	5.218
1771	468	5.026	-2.957
1771	473	4.547	-2.973
1781	6	2.237	3.929
1781	18	3.459	4.646
1781	51	-6.110	6.097
1781	62	2.039	5.548
1781	63	1.394	4.745
1781	64	0.254	4.692
1781	65	-0.194	5.202
1781	66	0.651	4.833
1781	67	3.927	2.404
1781	68	-2.158	6.316
1781	69	-1.873	6.804
1781	70	-1.150	7.067
1781	71	-2.138	7.295
1781	72	4.275	-0.768
1781	98	-3.474	2.405
1781	99	-3.560	2.891
1781	103	4.563	-1.316
1781	104	0.055	0.375
1781	105	2.992	-4.716
1781	106	2.131	6.597
1781	107	1.445	6.727
1781	108	0.739	7.696
1781	109	0.147	7.638
1781	222	-0.136	5.757
1781	227	6.442	2.086
1781	228	6.460	1.561
1781	232	-1.215	-0.312
1781	233	-0.911	0.556
1781	236	-1.615	4.783
1781	237	-2.120	4.879
1781	238	5.033	5.478
1781	314	-2.464	7.744
1781	320	-4.467	0.330
1781	340	-0.628	5.807
1781	343	-0.453	6.285
1781	345	-2.722	-0.227
1781	346	-2.181	0.163
1781	347	-1.093	4.563
1781	349	-6.584	9.362
1781	376	-1.455	7.786
1781	413	4.176	-5.177
1781	421	3.159	0.557
1781	422	2.364	0.744
1781	423	2.229	1.910
1781	425	3.107	5.124
1781	468	5.026	-2.957
1781	473	4.547	-2.973
1791	6	2.195	3.666
1791	18	3.519	4.747
1791	51	-6.477	6.100
1791	62	2.321	5.877
1791	63	1.630	4.928
1791	64	0.208	4.506
1791	65	-0.092	4.986
1791	66	0.656	4.728
1791	67	3.811	2.207
1791	68	-2.522	6.292
1791	69	-2.218	6.797
1791	70	-1.232	6.854
1791	71	-2.135	7.149
1791	72	4.473	-0.627
1791	98	-3.705	2.499
1791	99	-3.928	3.005
1791	103	4.867	-1.106
1791	104	-0.032	0.788
1791	105	2.980	-4.481
1791	106	1.966	6.389
1791	107	1.306	6.461
1791	108	0.823	7.417
1791	109	0.291	7.252
1791	222	-0.047	5.883
1791	227	6.442	2.086
1791	228	6.460	1.561
1791	232	-1.216	-0.268
1791	233	-0.720	0.409
1791	236	-1.540	4.455
1791	237	-2.046	4.491
1791	238	4.762	5.025
1791	314	-2.459	7.499
1791	320	-4.196	-0.004
1791	340	-0.443	5.695
1791	343	-0.262	6.376
1791	345	-2.644	-0.485
1791	346	-2.124	-0.099
1791	347	-1.105	4.838
1791	376	-1.313	7.565
1791	413	4.183	-5.375
1791	421	3.164	0.240
1791	422	2.462	0.423
1791	423	2.163	1.503
1791	425	2.975	5.059
1791	468	5.026	-2.957
1791	473	4.547	-2.973
1801	6	2.164	3.430
1801	18	3.528	4.872
1801	51	-6.750	6.174
1801	62	2.497	6.046
1801	63	1.835	5.105
1801	64	0.135	4.330
1801	65	-0.415	4.842
1801	66	0.768	4.433
1801	67	3.613	1.902
1801	68	-2.931	6.316
1801	69	-2.700	6.780
1801	70	-1.339	6.580
1801	71	-2.102	6.886
1801	72	4.669	-0.480
1801	98	-3.901	2.579
1801	99	-4.348	3.146
1801	103	5.070	-0.962
1801	104	-0.068	1.033
1801	105	2.955	-4.077
1801	106	1.666	6.029
1801	107	1.210	6.156
1801	108	0.944	7.029
1801	109	0.392	6.936
1801	222	-0.029	5.914
1801	227	6.442	2.086
1801	228	6.460	1.561
1801	232	-1.160	-0.288
1801	233	-0.555	0.221
1801	236	-1.396	3.972
1801	237	-2.017	4.201
1801	238	4.383	4.431
1801	239	5.033	6.184
1801	314	-2.443	7.216
1801	320	-4.088	-0.296
1801	340	-0.575	5.778
1801	343	-0.091	6.462
1801	345	-2.523	-0.830
1801	346	-1.855	-0.511
1801	347	-1.022	5.037
1801	376	-1.343	7.656
1801	421	3.167	-0.266
1801	422	2.613	-0.087
1801	423	2.136	1.227
1801	425	2.871	4.974
1801	468	5.026	-2.957
1801	473	4.547	-2.973
1811	6	2.152	3.135
1811	18	3.475	5.110
1811	51	-6.840	6.199
1811	62	2.803	6.337
1811	63	2.280	5.493
1811	64	0.124	4.141
1811	65	-0.417	4.611
1811	66	0.794	4.229
1811	67	3.374	1.530
1811	68	-3.499	6.356
1811	69	-3.070	6.813
1811	70	-1.425	6.357
1811	71	-2.065	6.578
1811	72	4.954	-0.263
1811	98	-4.124	2.670
1811	99	-4.730	3.207
1811	103	5.275	-0.807
1811	104	-0.062	1.342
1811	105	2.961	-3.694
1811	106	1.572	5.785
1811	107	1.071	5.711
1811	108	1.002	6.755
1811	109	0.452	6.670
1811	222	0.033	5.997
1811	227	6.442	2.086
1811	228	6.460	1.561
1811	232	-1.185	-0.375
1811	233	-0.575	-0.015
1811	236	-1.269	3.492
1811	237	-1.975	3.781
1811	238	4.048	4.130
1811	239	5.018	5.613
1811	314	-2.475	6.964
1811	320	-4.155	-0.596
1811	340	-0.346	5.907
1811	343	-0.092	6.713
1811	345	-2.421	-1.119
1811	346	-1.560	-0.915
1811	347	-0.893	5.168
1811	376	-1.427	7.735
1811	421	3.165	-0.545
1811	422	2.576	-0.371
1811	423	2.089	0.737
1811	425	2.789	4.785
1811	468	5.026	-2.957
1811	473	4.547	-2.973
1821	6	2.137	2.646
1821	18	3.428	5.371
1821	51	-6.747	6.173
1821	62	3.176	6.691
1821	63	2.591	5.759
1821	64	0.180	3.941
1821	65	-0.426	4.288
1821	66	0.811	3.989
1821	67	3.229	1.281
1821	68	-3.976	6.366
1821	69	-3.546	6.927
1821	70	-1.466	6.069
1821	71	-2.027	6.327
1821	72	5.252	-0.041
1821	98	-4.393	2.780
1821	99	-5.062	3.179
1821	103	5.564	-0.587
1821	104	-0.109	1.471
1821	105	3.066	-3.420
1821	106	1.531	5.432
1821	107	1.014	5.432
1821	108	1.032	6.476
1821	109	0.551	6.270
1821	222	0.137	6.127
1821	227	6.442	2.086
1821	228	6.460	1.561
1821	232	-0.939	-0.431
1821	233	-0.464	-0.264
1821	236	-1.234	3.266
1821	237	-2.018	3.551
1821	238	3.564	3.691
1821	239	4.948	5.136
1821	240	-7.664	-7.361
1821	241	-7.689	-6.228
1821	314	-2.548	6.538
1821	320	-4.225	-0.934
1821	340	-0.405	6.185
1821	343	-0.104	7.037
1821	345	-2.300	-1.339
1821	346	-1.731	-1.169
1821	347	-0.801	5.298
1821	376	-1.283	7.532
1821	421	3.159	-0.959
1821	422	2.459	-0.883
1821	423	2.071	0.440
1821	425	2.651	4.448
1821	468	5.026	-2.957
1821	473	4.547	-2.973
1831	6	2.074	2.362
1831	18	3.444	5.572
1831	51	-6.672	6.153
1831	62	3.420	6.905
1831	63	2.829	5.954
1831	64	0.238	3.755
1831	65	-0.414	3.981
1831	66	0.833	3.735
1831	67	3.119	1.063
1831	68	-4.305	6.332
1831	69	-4.178	7.073
1831	70	-1.452	5.716
1831	71	-1.972	5.983
1831	72	5.462	0.099
1831	99	-5.388	3.138
1831	103	5.770	-0.453
1831	104	0.004	1.518
1831	105	3.383	-2.746
1831	106	1.485	5.038
1831	107	0.981	5.114
1831	108	1.077	6.066
1831	109	0.569	6.000
1831	222	0.198	6.188
1831	227	6.442	2.086
1831	228	6.460	1.561
1831	232	-1.133	-0.287
1831	233	-0.486	-0.413
1831	236	-1.178	3.069
1831	237	-2.071	3.418
1831	238	3.239	3.320
1831	239	4.845	4.483
1831	240	-7.330	-7.052
1831	241	-7.409	-5.925
1831	314	-2.581	6.238
1831	320	-4.245	-1.224
1831	340	-0.412	6.433
1831	343	0.150	7.129
1831	345	-2.135	-1.563
1831	346	-1.587	-1.637
1831	347	-0.815	5.494
1831	376	-1.181	7.664
1831	421	3.108	-1.238
1831	422	2.427	-1.185
1831	423	2.040	0.006
1831	425	2.563	4.204
1831	468	5.026	-2.957
1831	473	4.547	-2.973
1841	6	1.879	2.003
1841	18	3.620	5.795
1841	51	-6.781	6.182
1841	62	3.705	7.111
1841	63	3.289	6.342
1841	64	0.291	3.569
1841	65	-0.365	3.752
1841	66	0.874	3.522
1841	67	2.943	0.717
1841	68	-4.662	6.264
1841	69	-4.551	7.057
1841	70	-1.384	5.462
1841	71	-1.892	5.460
1841	72	5.609	0.180
1841	99	-5.715	3.096
1841	103	5.943	-0.393
1841	104	0.079	1.558
1841	105	3.614	-2.220
1841	106	1.465	4.800
1841	107	0.928	4.627
1841	108	1.101	5.758
1841	109	0.537	5.706
1841	222	0.248	6.246
1841	227	6.442	2.086
1841	228	6.460	1.561
1841	232	-1.133	-0.287
1841	233	-0.559	-0.628
1841	236	-1.239	2.882
1841	237	-2.096	3.236
1841	238	2.738	2.774
1841	239	4.729	4.124
1841	240	-6.880	-6.652
1841	241	-7.065	-5.540
1841	314	-2.589	5.853
1841	320	-4.258	-1.629
1841	340	-0.289	6.638
1841	343	0.773	7.245
1841	345	-2.199	-1.755
1841	346	-1.618	-1.974
1841	347	-0.844	5.655
1841	376	-1.259	7.575
1841	421	2.991	-1.772
1841	422	2.429	-1.743
1841	423	2.043	-0.424
1841	425	2.471	3.921
1841	468	5.026	-2.957
1841	473	4.547	-2.973
1851	6	1.633	1.522
1851	18	3.581	5.928
1851	63	3.783	6.744
1851	64	0.335	3.368
1851	65	-0.296	3.484
1851	66	0.927	3.283
1851	67	2.760	0.354
1851	68	-5.080	6.163
1851	69	-4.980	6.972
1851	70	-1.263	5.100
1851	71	-1.691	5.197
1851	72	5.738	0.249
1851	99	-6.054	3.054
1851	103	6.138	-0.359
1851	104	-0.023	1.581
1851	105	3.718	-1.852
1851	106	1.480	4.435
1851	107	0.908	4.283
1851	108	1.109	5.499
1851	109	0.494	5.286
1851	222	0.327	6.382
1851	227	6.442	2.086
1851	228	6.460	1.561
1851	232	-1.077	-0.350
1851	233	-0.889	-0.785
1851	236	-1.341	2.773
1851	237	-2.123	2.961
1851	238	2.224	2.506
1851	239	4.442	3.281
1851	240	-6.421	-6.234
1851	241	-6.701	-5.142
1851	276	-1.918	8.326
1851	314	-2.618	5.519
1851	320	-4.354	-1.880
1851	340	-0.266	6.715
1851	343	1.119	7.317
1851	345	-2.466	-2.006
1851	346	-1.956	-2.315
1851	347	-0.864	5.825
1851	376	-1.261	7.660
1851	421	2.933	-2.069
1851	422	2.410	-2.133
1851	423	2.156	-0.700
1851	425	2.345	3.529
1851	468	5.026	-2.957
1851	473	4.547	-2.973
1861	6	1.585	1.268
1861	18	3.703	5.972
1861	63	4.066	6.923
1861	64	0.385	3.145
1861	65	-0.222	3.191
1861	66	0.984	3.028
1861	67	2.649	0.112
1861	68	-5.522	6.073
1861	69	-5.399	6.884
1861	70	-1.139	4.712
1861	71	-1.758	4.798
1861	72	5.861	0.316
1861	103	6.179	-0.274
1861	104	0.003	1.559
1861	105	3.940	-1.058
1861	106	1.522	4.084
1861	107	0.911	4.038
1861	108	1.133	5.068
1861	109	0.437	4.997
1861	110	0.202	-6.372
1861	222	0.375	6.503
1861	227	6.442	2.086
1861	228	6.460	1.561
1861	232	-1.188	-0.267
1861	233	-0.716	-0.699
1861	236	-1.399	2.665
1861	237	-2.157	2.630
1861	238	1.714	2.206
1861	239	4.312	2.917
1861	240	-6.117	-5.904
1861	241	-6.391	-4.842
1861	276	-1.907	7.541
1861	314	-2.674	5.210
1861	320	-4.338	-1.985
1861	340	-0.171	6.963
1861	343	1.702	7.450
1861	345	-2.744	-2.208
1861	346	-2.290	-2.570
1861	347	-0.872	6.079
1861	376	-1.150	7.532
1861	421	2.844	-2.462
1861	422	2.346	-2.441
1861	423	2.355	-1.166
1861	425	2.290	3.281
1861	468	5.026	-2.957
1861	473	4.547	-2.973
1871	6	1.532	0.920
1871	18	3.843	6.034
1871	63	4.470	7.049
1871	64	0.444	2.900
1871	65	-0.163	2.954
1871	66	1.027	2.815
1871	67	2.546	-0.121
1871	68	-5.927	6.064
1871	69	-5.719	6.790
1871	70	-1.085	4.452
1871	71	-1.662	4.447
1871	72	5.996	0.392
1871	103	6.093	-0.145
1871	104	-0.120	1.396
1871	105	4.053	-0.614
1871	106	1.585	3.847
1871	107	0.900	3.684
1871	108	1.135	4.676
1871	109	0.353	4.777
1871	110	0.217	-6.042
1871	111	0.515	7.397
1871	222	0.349	6.546
1871	227	6.442	2.086
1871	228	6.460	1.561
1871	232	-0.996	-0.304
1871	233	-0.716	-0.699
1871	236	-1.405	2.406
1871	237	-2.115	2.375
1871	238	1.223	1.707
1871	239	4.085	2.331
1871	240	-5.915	-5.622
1871	241	-6.086	-4.602
1871	276	-1.975	6.968
1871	314	-2.757	4.871
1871	320	-4.505	-2.089
1871	340	-0.049	7.082
1871	345	-2.959	-2.348
1871	346	-2.555	-2.711
1871	347	-0.882	6.483
1871	376	-1.098	7.563
1871	421	2.821	-2.778
1871	422	2.269	-2.835
1871	423	2.477	-1.433
1871	425	2.246	2.920
1871	468	5.026	-2.957
1871	473	4.547	-2.973
1881	6	1.536	0.619
1881	18	4.101	6.174
1881	63	4.914	7.186
1881	64	0.486	2.670
1881	65	-0.098	2.727
1881	66	1.075	2.609
1881	67	2.385	-0.466
1881	68	-6.290	6.135
1881	69	-6.085	6.657
1881	70	-1.017	4.069
1881	71	-1.542	4.015
1881	72	6.133	0.471
1881	103	6.020	-0.030
1881	104	-0.194	1.272
1881	105	4.144	-0.150
1881	106	1.686	3.480
1881	107	0.940	3.399
1881	108	1.087	4.444
1881	109	0.225	4.473
1881	110	0.229	-5.673
1881	111	0.766	7.055
1881	112	1.280	7.232
1881	222	0.295	6.541
1881	227	6.442	2.086
1881	228	6.460	1.561
1881	232	-1.189	-0.246
1881	233	-0.824	-0.683
1881	236	-1.413	2.024
1881	237	-1.965	1.957
1881	238	0.832	1.300
1881	239	3.905	1.835
1881	240	-5.625	-5.231
1881	241	-5.656	-4.300
1881	276	-1.815	6.745
1881	314	-2.940	4.609
1881	320	-4.802	-2.250
1881	340	0.119	7.331
1881	345	-3.208	-2.458
1881	346	-2.832	-2.842
1881	347	-0.890	6.769
1881	350	-6.297	5.549
1881	376	-1.151	7.553
1881	421	2.880	-2.933
1881	422	2.271	-3.066
1881	423	2.658	-1.789
1881	425	2.188	2.537
1881	468	5.026	-2.957
1881	473	4.547	-2.973
1891	6	1.654	0.340
1891	18	4.515	6.209
1891	64	0.508	2.456
1891	65	-0.010	2.464
1891	66	1.128	2.396
1891	67	2.226	-0.828
1891	68	-6.583	6.211
1891	69	-6.452	6.664
1891	70	-0.948	3.647
1891	71	-1.469	3.680
1891	72	6.042	0.452
1891	103	6.177	-0.131
1891	104	-0.087	1.125
1891	105	4.311	0.701
1891	106	1.793	3.117
1891	107	1.055	3.159
1891	108	0.988	4.107
1891	109	0.130	4.193
1891	110	0.203	-5.403
1891	111	0.903	6.776
1891	112	1.502	6.691
1891	222	0.350	6.573
1891	227	6.442	2.086
1891	228	6.460	1.561
1891	232	-1.025	-0.240
1891	233	-0.823	-0.704
1891	236	-1.323	1.748
1891	237	-1.850	1.541
1891	238	0.434	0.825
1891	239	3.784	1.370
1891	240	-5.389	-4.867
1891	241	-5.459	-4.029
1891	276	-1.644	6.586
1891	314	-3.232	4.214
1891	320	-5.100	-2.422
1891	340	0.212	7.562
1891	345	-3.494	-2.538
1891	346	-3.163	-2.950
1891	347	-0.709	6.881
1891	350	-5.815	5.817
1891	376	-1.126	7.611
1891	421	2.942	-3.053
1891	422	2.281	-3.295
1891	423	2.785	-2.075
1891	425	2.083	2.240
1891	468	5.026	-2.957
1891	473	4.547	-2.973
1901	6	1.867	-0.176
1901	18	4.696	6.337
1901	64	0.538	2.199
1901	65	0.037	2.222
1901	66	1.156	2.190
1901	67	2.145	-1.086
1901	68	-6.793	6.265
1901	69	-6.806	6.724
1901	70	-0.932	3.380
1901	71	-1.445	3.425
1901	72	6.057	0.485
1901	103	6.161	-0.165
1901	104	-0.145	0.987
1901	105	4.361	1.107
1901	106	1.881	2.886
1901	107	1.235	2.798
1901	108	0.852	3.648
1901	109	0.097	3.970
1901	110	0.140	-5.185
1901	111	0.925	6.489
1901	112	1.612	6.313
1901	222	0.514	6.647
1901	227	6.442	2.086
1901	228	6.460	1.561
1901	232	-1.079	-0.242
1901	233	-0.772	-0.638
1901	236	-1.126	1.270
1901	237	-1.872	1.170
1901	238	0.118	0.491
1901	239	3.626	0.703
1901	240	-5.264	-4.557
1901	241	-5.280	-3.664
1901	276	-1.760	6.757
1901	314	-3.207	3.961
1901	320	-5.421	-2.435
1901	340	0.431	7.693
1901	345	-3.520	-2.581
1901	346	-3.352	-2.983
1901	347	-0.768	7.142
1901	350	-5.459	6.020
1901	351	-7.251	7.717
1901	376	-1.370	7.662
1901	421	2.936	-3.222
1901	422	2.303	-3.525
1901	423	2.935	-2.387
1901	425	1.861	1.641
1901	468	5.026	-2.957
1901	473	4.547	-2.973
1911	6	2.044	-0.509
1911	18	5.252	6.369
1911	64	0.568	1.918
1911	65	0.029	2.003
1911	66	1.164	1.966
1911	67	2.102	-1.363
1911	68	-6.915	6.296
1911	69	-7.144	6.781
1911	70	-0.928	2.940
1911	71	-1.422	3.014
1911	72	5.974	0.484
1911	103	6.227	-0.163
1911	104	-0.104	0.813
1911	105	4.338	1.606
1911	106	2.145	2.531
1911	107	1.607	2.581
1911	108	0.762	3.320
1911	109	0.069	3.675
1911	110	0.047	-4.909
1911	111	0.968	5.952
1911	112	1.600	6.046
1911	222	0.679	6.746
1911	227	6.442	2.086
1911	228	6.460	1.561
1911	232	-1.078	-0.307
1911	233	-0.717	-0.678
1911	236	-0.996	0.968
1911	237	-1.918	0.519
1911	238	-0.214	0.197
1911	239	3.627	0.270
1911	240	-5.066	-4.064
1911	241	-5.154	-3.354
1911	242	3.605	-5.593
1911	276	-1.938	7.156
1911	314	-3.156	3.803
1911	320	-4.942	-2.381
1911	340	0.680	7.684
1911	345	-3.772	-2.723
1911	346	-3.636	-3.014
1911	347	-0.489	7.375
1911	350	-5.053	6.232
1911	351	-6.901	7.810
1911	352	-7.670	4.938
1911	376	-1.398	7.689
1911	421	2.871	-3.452
1911	422	2.352	-3.702
1911	423	3.028	-2.716
1911	425	1.755	1.332
1911	468	5.026	-2.957
1911	473	4.547	-2.973
1921	6	2.266	-0.725
1921	18	5.456	6.467
1921	64	0.572	1.689
1921	65	0.010	1.734
1921	66	1.178	1.666
1921	67	2.035	-1.835
1921	68	-7.014	6.322
1921	69	-7.487	6.840
1921	70	-0.914	2.437
1921	71	-1.393	2.469
1921	72	6.089	0.536
1921	103	6.277	-0.194
1921	104	0.104	0.648
1921	105	4.298	2.478
1921	106	2.305	2.273
1921	107	1.822	2.200
1921	108	0.705	3.084
1921	109	0.035	3.304
1921	110	-0.008	-4.575
1921	111	0.981	5.517
1921	112	1.575	5.566
1921	222	0.862	6.810
1921	227	6.442	2.086
1921	228	6.460	1.561
1921	232	-1.213	-0.355
1921	233	-0.664	-0.675
1921	236	-0.760	0.452
1921	237	-1.937	0.190
1921	238	-0.550	-0.064
1921	239	3.639	-0.562
1921	240	-5.013	-3.743
1921	241	-5.085	-3.024
1921	242	3.692	-5.300
1921	276	-1.980	7.660
1921	314	-3.098	3.663
1921	320	-5.324	-2.391
1921	340	1.012	7.643
1921	345	-3.934	-2.669
1921	346	-3.636	-3.014
1921	347	-0.448	7.757
1921	350	-4.740	6.446
1921	351	-6.546	7.879
1921	352	-7.277	5.006
1921	376	-1.124	7.547
1921	421	2.844	-3.677
1921	422	2.389	-3.797
1921	423	2.897	-2.924
1921	425	1.613	0.884
1921	468	5.026	-2.957
1921	473	4.547	-2.973
1931	6	2.540	-1.011
1931	18	5.705	6.654
1931	64	0.557	1.464
1931	65	-0.010	1.444
1931	66	1.190	1.352
1931	67	1.964	-2.235
1931	68	-7.201	6.370
1931	69	-7.860	6.904
1931	70	-0.860	2.150
1931	71	-1.350	2.079
1931	72	6.125	0.436
1931	103	6.228	-0.196
1931	104	0.186	0.401
1931	105	4.285	2.923
1931	106	2.448	1.847
1931	107	1.942	1.903
1931	108	0.615	2.717
1931	109	-0.005	2.999
1931	110	-0.091	-4.357
1931	111	0.932	5.250
1931	112	1.543	4.971
1931	222	1.155	6.819
1931	227	6.442	2.086
1931	228	6.460	1.561
1931	232	-1.211	-0.463
1931	233	-0.851	-0.684
1931	236	-0.614	0.107
1931	237	-1.928	-0.309
1931	238	-0.841	-0.266
1931	239	3.656	-0.930
1931	240	-5.029	-3.351
1931	241	-4.980	-2.668
1931	242	3.717	-5.068
1931	276	-2.203	8.361
1931	314	-2.958	3.476
1931	320	-5.289	-2.363
1931	340	1.431	7.588
1931	345	-4.227	-2.770
1931	346	-3.827	-3.106
1931	347	-0.321	7.791
1931	350	-4.609	6.597
1931	351	-6.190	7.873
1931	352	-6.823	5.056
1931	376	-1.180	7.643
1931	421	2.889	-3.816
1931	422	2.408	-3.817
1931	423	2.712	-3.205
1931	425	1.478	0.464
1931	468	5.026	-2.957
1931	473	4.547	-2.973
1941	6	2.537	-1.261
1941	64	0.534	1.193
1941	65	-0.013	1.208
1941	66	1.187	1.114
1941	67	1.893	-2.478
1941	68	-7.481	6.443
1941	70	-0.741	1.805
1941	71	-1.289	1.816
1941	72	6.124	0.453
1941	103	6.326	-0.192
1941	104	0.270	0.092
1941	105	4.293	3.424
1941	106	2.478	1.560
1941	107	2.041	1.552
1941	108	0.510	2.282
1941	109	-0.056	2.772
1941	110	-0.098	-4.092
1941	111	0.806	4.712
1941	112	1.516	4.578
1941	222	1.621	6.827
1941	227	6.442	2.086
1941	228	6.460	1.561
1941	232	-1.291	-0.553
1941	233	-0.770	-0.702
1941	236	-0.403	-0.378
1941	237	-1.936	-0.692
1941	238	-0.835	-0.255
1941	239	3.700	-1.700
1941	240	-4.977	-3.041
1941	241	-4.754	-2.435
1941	242	3.694	-4.765
1941	314	-2.856	3.347
1941	320	-5.869	-2.244
1941	340	1.828	7.541
1941	345	-4.554	-3.020
1941	346	-3.795	-3.103
1941	350	-4.504	6.719
1941	351	-5.832	7.838
1941	352	-6.437	5.143
1941	376	-1.149	7.490
1941	421	2.919	-3.854
1941	422	2.427	-3.890
1941	423	2.552	-3.400
1941	425	1.384	0.191
1941	468	5.026	-2.957
1941	473	4.547	-2.973
1951	6	2.486	-1.737
1951	64	0.520	0.930
1951	65	-0.008	0.963
1951	66	1.167	0.853
1951	67	1.759	-2.846
1951	70	-0.575	1.327
1951	71	-1.183	1.396
1951	72	6.142	0.420
1951	103	6.276	-0.177
1951	104	0.279	-0.217
1951	105	4.308	4.374
1951	106	2.639	1.177
1951	107	2.029	1.204
1951	108	0.449	1.980
1951	109	-0.145	2.448
1951	110	-0.116	-3.672
1951	111	0.708	4.227
1951	112	1.488	4.335
1951	222	1.952	6.848
1951	227	6.442	2.086
1951	228	6.460	1.561
1951	232	-1.286	-0.748
1951	233	-0.823	-0.726
1951	236	-0.263	-0.823
1951	237	-1.897	-1.057
1951	238	-1.106	-0.265
1951	239	3.742	-2.075
1951	240	-4.876	-2.722
1951	241	-4.414	-2.155
1951	242	3.664	-4.361
1951	314	-2.773	3.243
1951	320	-5.954	-2.104
1951	340	2.123	7.518
1951	345	-4.687	-3.131
1951	346	-3.923	-3.141
1951	350	-4.364	6.877
1951	351	-5.481	7.809
1951	352	-6.185	5.296
1951	376	-1.231	7.527
1951	421	2.936	-3.906
1951	422	2.454	-4.050
1951	423	2.407	-3.513
1951	425	1.227	-0.253
1951	468	5.026	-2.957
1951	473	4.547	-2.973
1961	6	2.421	-2.092
1961	64	0.527	0.710
1961	65	-0.006	0.643
1961	66	1.128	0.472
1961	67	1.588	-3.320
1961	70	-0.499	1.003
1961	71	-1.064	0.927
1961	72	6.191	0.421
1961	103	6.294	-0.210
1961	104	0.226	-0.568
1961	105	4.321	4.812
1961	106	2.608	0.778
1961	107	2.106	0.854
1961	108	0.416	1.752
1961	109	-0.274	1.998
1961	110	-0.110	-3.312
1961	111	0.691	3.963
1961	112	1.437	3.937
1961	222	2.239	6.888
1961	227	6.442	2.086
1961	228	6.460	1.561
1961	232	-1.289	-0.618
1961	233	-0.690	-0.676
1961	236	-0.306	-1.187
1961	237	-1.828	-1.477
1961	238	-0.943	-0.259
1961	239	3.843	-2.753
1961	240	-4.758	-2.439
1961	241	-4.142	-1.880
1961	242	3.645	-4.115
1961	320	-5.998	-2.031
1961	340	2.366	7.515
1961	345	-4.991	-3.410
1961	346	-4.180	-3.337
1961	350	-4.301	6.975
1961	351	-5.171	7.795
1961	352	-5.977	5.501
1961	353	-7.652	5.922
1961	376	-1.233	7.612
1961	421	2.945	-4.061
1961	422	2.486	-4.222
1961	423	2.284	-3.593
1961	425	1.154	-0.533
1961	468	5.026	-2.957
1961	473	4.547	-2.973
1971	6	2.327	-2.322
1971	64	0.537	0.454
1971	65	0.002	0.338
1971	66	1.113	0.135
1971	67	1.514	-3.644
1971	70	-0.483	0.696
1971	71	-0.989	0.641
1971	72	6.208	0.404
1971	103	6.276	-0.177
1971	104	0.309	-0.868
1971	105	4.356	5.329
1971	106	2.616	0.531
1971	107	2.073	0.486
1971	108	0.373	1.453
1971	109	-0.359	1.623
1971	110	-0.058	-3.062
1971	111	0.670	3.526
1971	112	1.363	3.378
1971	113	-1.703	8.422
1971	222	2.716	6.953
1971	227	6.442	2.086
1971	228	6.460	1.561
1971	232	-1.371	-0.687
1971	233	-0.768	-0.766
1971	236	-0.380	-1.652
1971	237	-1.850	-1.753
1971	238	-0.996	-0.325
1971	239	3.927	-3.079
1971	240	-4.660	-2.231
1971	241	-4.003	-1.625
1971	242	3.600	-3.688
1971	320	-6.001	-2.026
1971	340	2.723	7.513
1971	345	-5.440	-3.635
1971	346	-4.662	-3.631
1971	350	-4.185	7.081
1971	351	-4.987	7.781
1971	352	-5.752	5.701
1971	353	-7.259	6.066
1971	376	-1.178	7.580
1971	421	2.945	-4.183
1971	422	2.523	-4.369
1971	423	2.241	-3.753
1971	425	1.077	-0.927
1971	468	5.026	-2.957
1971	473	4.547	-2.973
1981	6	2.182	-2.651
1981	64	0.541	0.125
1981	65	0.021	0.106
1981	66	1.138	-0.090
1981	67	1.514	-3.884
1981	70	-0.461	0.238
1981	71	-0.924	0.385
1981	72	6.192	0.387
1981	103	6.276	-0.177
1981	104	0.340	-1.092
1981	105	4.423	6.318
1981	106	2.690	0.190
1981	107	2.016	0.155
1981	108	0.328	1.137
1981	109	-0.381	1.376
1981	110	0.059	-2.712
1981	111	0.655	3.108
1981	112	1.315	2.936
1981	113	-1.833	7.743
1981	222	3.121	7.013
1981	227	6.442	2.086
1981	228	6.460	1.561
1981	232	-1.456	-0.604
1981	233	-0.876	-0.771
1981	236	-0.560	-2.001
1981	237	-1.879	-2.097
1981	238	-1.170	-0.192
1981	239	4.104	-3.678
1981	240	-4.589	-2.056
1981	241	-3.828	-1.306
1981	242	3.569	-3.229
1981	320	-5.963	-2.089
1981	340	3.009	7.512
1981	345	-5.728	-3.856
1981	346	-4.883	-3.901
1981	350	-4.047	7.193
1981	351	-4.737	7.780
1981	352	-5.476	5.867
1981	353	-6.747	6.254
1981	376	-1.127	7.653
1981	421	2.939	-4.232
1981	422	2.552	-4.518
1981	423	2.232	-3.921
1981	425	1.004	-1.352
1981	468	5.026	-2.957
1981	473	4.547	-2.973
1991	6	2.036	-3.004
1991	64	0.562	-0.181
1991	65	0.042	-0.147
1991	66	1.177	-0.332
1991	67	1.519	-4.230
1991	70	-0.438	-0.038
1991	71	-0.847	0.070
1991	72	6.110	0.386
1991	103	6.277	-0.194
1991	104	0.373	-1.359
1991	105	4.465	6.940
1991	106	2.678	-0.134
1991	107	2.139	-0.269
1991	108	0.298	0.896
1991	109	-0.386	1.097
1991	110	0.070	-2.436
1991	111	0.663	2.849
1991	112	1.305	2.673
1991	113	-1.983	6.863
1991	222	3.356	7.059
1991	227	6.442	2.086
1991	228	6.460	1.561
1991	232	-1.483	-0.671
1991	233	-0.783	-0.613
1991	236	-0.797	-2.498
1991	237	-1.829	-2.401
1991	238	-1.239	-0.061
1991	239	4.176	-3.972
1991	240	-4.447	-1.858
1991	241	-3.817	-1.069
1991	242	3.616	-2.947
1991	243	0.773	-6.148
1991	320	-5.884	-2.220
1991	345	-5.961	-4.083
1991	346	-5.134	-4.181
1991	350	-4.055	7.230
1991	351	-4.492	7.768
1991	352	-5.090	6.087
1991	353	-6.318	6.412
1991	376	-1.080	7.623
1991	421	2.950	-4.352
1991	422	2.558	-4.695
1991	423	2.226	-4.042
1991	425	0.990	-1.654
1991	468	5.026	-2.957
1991	473	4.547	-2.973
2001	6	1.963	-3.263
2001	64	0.612	-0.409
2001	65	0.064	-0.454
2001	66	1.221	-0.606
2001	67	1.522	-4.576
2001	70	-0.401	-0.395
2001	71	-0.771	-0.189
2001	72	6.126	0.386
2001	103	6.293	-0.193
2001	104	0.713	-1.590
2001	106	2.561	-0.518
2001	107	2.103	-0.543
2001	108	0.265	0.639
2001	109	-0.394	0.750
2001	110	-0.051	-2.135
2001	111	0.681	2.410
2001	112	1.303	2.318
2001	113	-1.935	6.467
2001	222	3.749	7.141
2001	227	6.442	2.086
2001	228	6.460	1.561
2001	232	-1.236	-0.551
2001	233	-0.736	-0.532
2001	236	-0.786	-2.804
2001	237	-1.719	-2.972
2001	238	-1.220	-0.095
2001	239	4.285	-4.493
2001	240	-4.284	-1.670
2001	241	-3.829	-0.907
2001	242	3.740	-2.343
2001	243	0.704	-5.908
2001	320	-5.800	-2.356
2001	345	-6.202	-4.314
2001	346	-5.425	-4.397
2001	350	-4.061	7.244
2001	351	-4.325	7.758
2001	352	-4.828	6.260
2001	353	-5.976	6.536
2001	376	-1.095	7.479
2001	421	2.982	-4.512
2001	422	2.546	-4.894
2001	423	2.220	-4.181
2001	425	0.971	-2.155
2001	468	5.026	-2.957
2001	473	4.547	-2.973
2011	6	1.932	-3.512
2011	64	0.686	-0.629
2011	65	0.100	-0.718
2011	66	1.258	-0.842
2011	67	1.519	-4.815
2011	70	-0.358	-0.786
2011	71	-0.668	-0.432
2011	72	6.093	0.402
2011	103	6.260	-0.178
2011	104	0.718	-1.794
2011	106	2.697	-0.763
2011	107	2.003	-0.919
2011	108	0.220	0.298
2011	109	-0.400	0.462
2011	110	-0.233	-1.737
2011	111	0.705	1.835
2011	112	1.299	1.792
2011	113	-1.722	5.567
2011	114	1.858	7.244
2011	115	0.932	7.555
2011	222	4.174	7.231
2011	227	6.442	2.086
2011	228	6.460	1.561
2011	232	-1.263	-0.552
2011	233	-0.734	-0.528
2011	236	-0.759	-3.303
2011	237	-1.643	-3.274
2011	238	-1.193	-0.095
2011	239	4.429	-5.177
2011	240	-3.738	-1.453
2011	241	-3.837	-0.790
2011	242	3.841	-1.852
2011	243	0.641	-5.688
2011	320	-5.758	-2.426
2011	321	-6.164	5.052
2011	345	-6.449	-4.535
2011	346	-5.783	-4.650
2011	350	-3.884	7.296
2011	351	-4.116	7.838
2011	352	-4.672	6.402
2011	353	-5.455	6.721
2011	376	-1.151	7.553
2011	421	3.035	-4.598
2011	422	2.527	-5.105
2011	423	2.211	-4.371
2011	425	0.986	-2.429
2011	468	5.026	-2.957
2011	473	4.547	-2.973
2021	6	1.896	-3.881
2021	64	0.781	-0.885
2021	65	0.155	-0.946
2021	66	1.297	-1.045
2021	67	1.511	-5.064
2021	70	-0.320	-1.038
2021	71	-0.535	-0.740
2021	72	6.142	0.403
2021	103	6.324	-0.159
2021	104	0.529	-2.058
2021	106	2.686	-1.107
2021	107	2.080	-1.266
2021	108	0.198	0.029
2021	109	-0.405	0.227
2021	110	-0.496	-1.615
2021	111	0.722	1.467
2021	112	1.314	1.435
2021	113	-1.577	4.928
2021	114	1.821	6.966
2021	115	0.947	7.284
2021	116	1.420	7.322
2021	227	6.442	2.086
2021	228	6.460	1.561
2021	232	-1.100	-0.480
2021	233	-0.643	-0.461
2021	236	-0.714	-3.617
2021	237	-1.534	-3.651
2021	238	-1.268	-0.133
2021	240	-3.675	-1.402
2021	241	-3.851	-0.613
2021	242	3.908	-1.536
2021	243	0.586	-5.507
2021	244	-0.252	-6.303
2021	245	0.367	-6.255
2021	320	-5.757	-2.428
2021	321	-5.995	4.880
2021	345	-6.694	-4.753
2021	346	-6.028	-4.888
2021	350	-3.689	7.363
2021	351	-4.047	7.872
2021	352	-4.511	6.521
2021	353	-5.148	6.866
2021	376	-1.097	7.542
2021	421	3.045	-4.699
2021	422	2.530	-5.305
2021	423	2.202	-4.645
2021	425	1.020	-2.835
2021	468	5.026	-2.957
2021	473	4.547	-2.973
2031	6	1.847	-4.217
2031	64	0.869	-1.145
2031	65	0.244	-1.275
2031	66	1.362	-1.256
2031	67	1.498	-5.379
2031	70	-0.243	-1.410
2031	71	-0.544	-1.003
2031	72	6.091	0.452
2031	103	6.294	-0.226
2031	104	0.760	-2.425
2031	106	2.589	-1.518
2031	107	1.939	-1.562
2031	108	0.199	-0.231
2031	109	-0.406	-0.090
2031	110	-0.944	-1.491
2031	111	0.738	1.171
2031	112	1.358	1.120
2031	113	-1.490	4.471
2031	114	1.774	6.612
2031	115	0.977	6.877
2031	116	1.371	6.995
2031	117	2.508	7.301
2031	227	6.442	2.086
2031	228	6.460	1.561
2031	232	-0.962	-0.560
2031	233	-0.483	-0.518
2031	236	-0.630	-3.905
2031	237	-1.448	-3.940
2031	238	-1.111	-0.092
2031	242	4.052	-0.887
2031	243	0.535	-5.355
2031	244	-0.276	-6.073
2031	245	0.302	-5.989
2031	320	-5.797	-2.362
2031	321	-5.903	4.799
2031	345	-6.937	-4.969
2031	346	-6.281	-5.150
2031	350	-3.480	7.403
2031	351	-4.126	7.843
2031	352	-4.245	6.608
2031	353	-4.805	7.048
2031	376	-1.153	7.638
2031	421	2.977	-4.870
2031	422	2.549	-5.496
2031	423	2.192	-4.975
2031	425	1.048	-3.127
2031	427	-3.637	4.958
2031	428	-3.423	5.434
2031	429	-3.751	5.842
2031	468	5.026	-2.957
2031	473	4.547	-2.973
2041	6	1.778	-4.447
2041	64	0.920	-1.370
2041	65	0.334	-1.625
2041	66	1.445	-1.475
2041	67	1.487	-5.707
2041	70	-0.175	-1.812
2041	71	-0.602	-1.474
2041	72	6.094	0.385
2041	103	6.324	-0.159
2041	104	0.742	-2.653
2041	106	2.685	-1.778
2041	107	1.958	-1.905
2041	108	0.211	-0.614
2041	109	-0.411	-0.435
2041	110	-1.255	-1.331
2041	111	0.761	0.616
2041	112	1.443	0.509
2041	113	-1.327	3.620
2041	114	1.739	6.321
2041	115	0.980	6.539
2041	116	1.313	6.598
2041	117	2.474	6.919
2041	227	6.442	2.086
2041	228	6.460	1.561
2041	232	-1.047	-0.435
2041	233	-0.774	-0.552
2041	236	-0.533	-4.253
2041	237	-1.371	-4.192
2041	238	-1.223	0.013
2041	242	4.089	-0.549
2041	243	0.491	-5.177
2041	244	-0.281	-5.843
2041	245	0.269	-5.731
2041	320	-5.878	-2.229
2041	321	-5.777	4.654
2041	345	-7.177	-5.182
2041	346	-6.566	-5.446
2041	350	-3.101	7.387
2041	351	-4.104	7.851
2041	352	-3.943	6.691
2041	353	-4.480	7.159
2041	376	-1.233	7.591
2041	421	2.910	-5.007
2041	422	2.567	-5.687
2041	423	2.174	-5.223
2041	425	1.081	-3.396
2041	427	-3.991	5.087
2041	428	-3.542	5.373
2041	429	-3.907	5.917
2041	468	5.026	-2.957
2041	473	4.547	-2.973
2051	6	1.672	-4.732
2051	64	0.952	-1.602
2051	65	0.380	-1.867
2051	66	1.494	-1.685
2051	67	1.485	-5.969
2051	70	-0.196	-2.068
2051	71	-0.642	-1.786
2051	72	6.091	0.469
2051	103	6.244	-0.195
2051	104	0.629	-2.996
2051	106	2.612	-2.045
2051	107	2.109	-2.241
2051	108	0.195	-0.937
2051	109	-0.429	-0.686
2051	110	-1.485	-1.051
2051	111	0.794	0.139
2051	112	1.514	0.104
2051	113	-1.281	3.212
2051	114	1.720	6.100
2051	115	0.939	6.315
2051	116	1.279	6.301
2051	117	2.420	6.326
2051	118	0.834	7.695
2051	227	6.442	2.086
2051	228	6.460	1.561
2051	232	-1.219	-0.410
2051	233	-0.755	-0.565
2051	236	-0.505	-4.496
2051	237	-1.278	-4.503
2051	238	-1.224	0.056
2051	242	4.063	-0.069
2051	243	0.459	-4.999
2051	244	-0.250	-5.638
2051	245	0.289	-5.524
2051	321	-5.616	4.435
2051	345	-7.426	-5.403
2051	346	-6.881	-5.773
2051	350	-2.771	7.428
2051	351	-3.914	7.923
2051	352	-3.664	6.782
2051	353	-4.013	7.307
2051	376	-1.289	7.666
2051	421	2.858	-5.110
2051	422	2.586	-5.879
2051	423	2.154	-5.403
2051	425	1.121	-3.730
2051	427	-4.412	5.243
2051	428	-3.504	5.392
2051	429	-4.023	5.961
2051	468	5.026	-2.957
2051	473	4.547	-2.973
2061	6	1.585	-5.002
2061	64	1.001	-1.926
2061	65	0.425	-2.135
2061	66	1.507	-1.894
2061	67	1.490	-6.165
2061	70	-0.271	-2.378
2061	71	-0.734	-2.105
2061	72	6.092	0.419
2061	103	6.276	-0.177
2061	104	0.664	-3.342
2061	106	2.633	-2.464
2061	107	2.023	-2.480
2061	108	0.130	-1.184
2061	109	-0.456	-0.984
2061	110	-1.875	-0.581
2061	111	0.842	-0.129
2061	112	1.600	-0.194
2061	113	-1.272	2.649
2061	114	1.688	5.741
2061	115	0.859	5.966
2061	116	1.266	6.071
2061	117	2.377	5.827
2061	118	0.702	7.401
2061	119	-0.150	7.696
2061	227	6.442	2.086
2061	228	6.460	1.561
2061	232	-1.161	-0.326
2061	233	-0.658	-0.400
2061	236	-0.492	-4.794
2061	237	-1.194	-4.758
2061	238	-1.322	0.155
2061	242	4.026	0.628
2061	243	0.431	-4.844
2061	244	-0.240	-5.583
2061	245	0.295	-5.410
2061	321	-5.501	4.228
2061	345	-7.684	-5.632
2061	346	-7.185	-6.088
2061	350	-2.669	7.543
2061	351	-3.713	7.992
2061	352	-3.396	6.894
2061	353	-3.732	7.393
2061	376	-1.372	7.726
2061	421	2.797	-5.269
2061	423	2.139	-5.541
2061	425	1.145	-3.970
2061	427	-4.781	5.345
2061	428	-3.586	5.350
2061	429	-4.294	6.018
2061	468	5.026	-2.957
2061	473	4.547	-2.973
2071	6	1.534	-5.234
2071	64	1.056	-2.299
2071	65	0.484	-2.478
2071	66	1.517	-2.181
2071	67	1.495	-6.337
2071	70	-0.363	-2.763
2071	71	-0.904	-2.554
2071	72	6.093	0.402
2071	103	6.279	-0.244
2071	104	0.671	-3.589
2071	106	2.713	-2.734
2071	107	2.074	-2.900
2071	108	0.007	-1.584
2071	109	-0.490	-1.421
2071	110	-2.071	-0.275
2071	111	0.942	-0.597
2071	112	1.754	-0.711
2071	113	-1.273	1.949
2071	114	1.653	5.326
2071	115	0.760	5.531
2071	116	1.247	5.709
2071	117	2.357	5.550
2071	118	0.482	6.886
2071	119	-0.554	7.272
2071	227	6.442	2.086
2071	228	6.460	1.561
2071	232	-1.033	-0.130
2071	233	-0.416	-0.155
2071	236	-0.472	-5.081
2071	237	-1.124	-4.946
2071	238	-1.382	0.263
2071	242	4.001	0.954
2071	243	0.380	-4.647
2071	244	-0.214	-5.444
2071	245	0.301	-5.324
2071	321	-5.295	4.043
2071	346	-7.463	-6.377
2071	350	-2.643	7.580
2071	351	-3.518	8.072
2071	352	-3.058	7.039
2071	353	-3.520	7.431
2071	376	-1.209	7.733
2071	421	2.727	-5.468
2071	423	2.124	-5.676
2071	425	1.184	-4.262
2071	427	-5.212	5.434
2071	428	-3.875	5.286
2071	429	-4.456	6.064
2071	468	5.026	-2.957
2071	473	4.547	-2.973
2081	6	1.468	-5.539
2081	64	1.081	-2.586
2081	65	0.521	-2.757
2081	66	1.528	-2.532
2081	70	-0.389	-3.038
2081	71	-1.015	-2.909
2081	72	6.093	0.402
2081	103	6.293	-0.193
2081	104	0.714	-3.925
2081	106	2.660	-3.107
2081	107	2.092	-3.185
2081	108	-0.101	-1.971
2081	109	-0.535	-1.808
2081	110	-2.221	0.094
2081	111	1.051	-1.114
2081	112	1.845	-1.081
2081	113	-1.337	1.653
2081	114	1.645	5.079
2081	115	0.695	5.243
2081	116	1.226	5.279
2081	117	2.337	5.250
2081	118	0.276	6.568
2081	119	-0.903	6.969
2081	227	6.442	2.086
2081	228	6.460	1.561
2081	232	-0.827	0.187
2081	233	-0.118	0.119
2081	236	-0.440	-5.321
2081	237	-1.064	-5.096
2081	238	-1.439	0.283
2081	242	3.944	1.455
2081	243	0.299	-4.365
2081	244	-0.182	-5.340
2081	245	0.355	-5.143
2081	321	-5.067	3.923
2081	350	-2.523	7.698
2081	351	-3.273	8.196
2081	352	-2.788	7.144
2081	353	-3.360	7.577
2081	376	-1.046	7.636
2081	421	2.654	-5.676
2081	423	2.105	-5.853
2081	425	1.219	-4.590
2081	427	-5.808	5.557
2081	428	-4.387	5.393
2081	429	-4.732	6.085
2081	468	5.026	-2.957
2081	473	4.547	-2.973
2091	6	1.399	-5.861
2091	64	1.078	-2.805
2091	65	0.533	-2.982
2091	66	1.534	-2.800
2091	70	-0.374	-3.285
2091	71	-1.056	-3.156
2091	72	6.079	0.318
2091	103	6.387	-0.155
2091	104	0.910	-4.246
2091	106	2.668	-3.314
2091	107	2.089	-3.397
2091	108	-0.146	-2.224
2091	109	-0.595	-2.059
2091	110	-2.463	0.702
2091	111	1.104	-1.388
2091	112	1.875	-1.370
2091	113	-1.451	1.279
2091	114	1.638	4.747
2091	115	0.676	4.985
2091	116	1.217	4.991
2091	117	2.300	4.760
2091	118	0.051	6.419
2091	119	-1.161	6.855
2091	227	6.442	2.086
2091	228	6.460	1.561
2091	232	-0.654	0.454
2091	233	-0.028	0.377
2091	236	-0.392	-5.661
2091	237	-1.006	-5.273
2091	238	-1.384	0.403
2091	242	3.877	2.085
2091	243	0.224	-4.080
2091	244	-0.095	-5.190
2091	245	0.440	-4.958
2091	321	-4.922	3.890
2091	350	-2.359	7.857
2091	351	-2.966	8.352
2091	352	-2.516	7.209
2091	353	-3.198	7.793
2091	376	-1.179	7.601
2091	425	1.194	-4.832
2091	427	-6.285	5.653
2091	428	-4.787	5.464
2091	429	-5.126	6.106
2091	468	5.026	-2.957
2091	473	4.547	-2.973
2101	6	1.346	-6.108
2101	64	1.068	-3.060
2101	65	0.545	-3.265
2101	66	1.533	-3.017
2101	70	-0.357	-3.593
2101	71	-1.123	-3.475
2101	72	5.840	0.317
2101	103	6.261	-0.157
2101	104	1.104	-4.583
2101	106	2.681	-3.543
2101	107	2.083	-3.645
2101	108	-0.195	-2.590
2101	109	-0.682	-2.331
2101	110	-2.663	1.156
2101	111	1.184	-1.791
2101	112	1.924	-1.902
2101	113	-1.528	1.015
2101	114	1.626	4.286
2101	115	0.720	4.561
2101	116	1.214	4.741
2101	117	2.264	4.231
2101	118	-0.319	6.160
2101	119	-1.572	6.693
2101	227	6.442	2.086
2101	228	6.460	1.561
2101	232	-0.505	0.685
2101	233	0.105	0.915
2101	236	-0.333	-6.076
2101	237	-0.946	-5.441
2101	238	-1.191	0.659
2101	242	3.865	2.383
2101	243	0.185	-3.884
2101	244	0.067	-4.988
2101	245	0.529	-4.802
2101	321	-4.800	3.757
2101	350	-2.186	8.024
2101	351	-2.689	8.492
2101	352	-2.299	7.314
2101	353	-3.005	7.940
2101	376	-1.151	7.574
2101	425	1.150	-5.187
2101	427	-6.711	5.735
2101	428	-5.229	5.537
2101	429	-5.606	6.138
2101	468	5.026	-2.957
2101	473	4.547	-2.973
2111	64	1.056	-3.345
2111	65	0.560	-3.548
2111	66	1.528	-3.277
2111	70	-0.342	-3.860
2111	71	-1.191	-3.833
2111	72	5.710	0.288
2111	103	6.111	-0.152
2111	104	1.194	-4.805
2111	106	2.692	-3.778
2111	107	2.078	-3.906
2111	108	-0.249	-2.913
2111	109	-0.793	-2.668
2111	110	-2.824	1.427
2111	111	1.288	-2.324
2111	112	1.969	-2.290
2111	113	-1.601	0.610
2111	114	1.632	3.952
2111	115	0.777	4.106
2111	116	1.206	4.357
2111	117	2.256	3.888
2111	118	-0.677	5.958
2111	119	-2.024	6.511
2111	227	6.442	2.086
2111	228	6.460	1.561
2111	232	-0.315	0.999
2111	233	0.184	1.327
2111	236	-0.287	-6.404
2111	237	-0.883	-5.533
2111	238	-0.971	0.978
2111	242	3.856	3.026
2111	243	0.150	-3.750
2111	244	0.091	-4.792
2111	245	0.531	-4.626
2111	321	-4.712	3.547
2111	350	-2.020	8.185
2111	352	-2.158	7.504
2111	353	-2.825	8.052
2111	376	-1.068	7.452
2111	425	1.096	-5.489
2111	427	-7.231	5.836
2111	428	-5.768	5.626
2111	429	-6.040	6.146
2111	468	5.026	-2.957
2111	473	4.547	-2.973
2121	64	1.057	-3.590
2121	65	0.583	-3.768
2121	66	1.523	-3.553
2121	70	-0.336	-4.089
2121	71	-1.176	-4.097
2121	72	5.461	0.326
2121	103	5.918	-0.135
2121	104	1.310	-5.136
2121	106	2.691	-3.990
2121	107	2.076	-4.133
2121	108	-0.313	-3.140
2121	109	-0.872	-2.960
2121	110	-3.133	1.893
2121	111	1.317	-2.628
2121	112	2.014	-2.549
2121	113	-1.647	0.181
2121	114	1.659	3.699
2121	115	0.781	3.813
2121	116	1.199	3.925
2121	117	2.274	3.632
2121	118	-0.966	5.899
2121	119	-2.144	6.325
2121	227	6.442	2.086
2121	228	6.460	1.561
2121	232	-0.245	1.252
2121	233	0.196	1.628
2121	237	-0.873	-5.686
2121	238	-0.919	1.256
2121	242	3.847	3.495
2121	243	0.150	-3.556
2121	244	0.049	-4.653
2121	245	0.473	-4.459
2121	321	-4.688	3.389
2121	352	-2.000	7.728
2121	353	-2.638	8.160
2121	376	-1.153	7.616
2121	425	1.023	-5.744
2121	428	-6.176	5.634
2121	429	-6.417	6.123
2121	468	5.026	-2.957
2121	473	4.547	-2.973
2131	64	1.072	-3.803
2131	65	0.612	-3.985
2131	66	1.535	-3.784
2131	70	-0.351	-4.371
2131	71	-1.102	-4.329
2131	72	5.224	0.340
2131	103	5.675	-0.107
2131	104	1.469	-5.591
2131	106	2.680	-4.187
2131	107	2.078	-4.337
2131	108	-0.399	-3.390
2131	109	-0.916	-3.191
2131	110	-3.507	2.472
2131	111	1.298	-2.874
2131	112	2.081	-2.973
2131	113	-1.616	-0.154
2131	114	1.711	3.262
2131	115	0.741	3.575
2131	116	1.206	3.620
2131	117	2.312	3.172
2131	118	-1.444	5.842
2131	119	-2.563	6.252
2131	227	6.442	2.086
2131	228	6.460	1.561
2131	232	-0.271	1.522
2131	233	0.214	2.073
2131	237	-0.917	-5.855
2131	238	-0.856	1.676
2131	242	3.840	3.804
2131	243	0.170	-3.307
2131	244	0.018	-4.567
2131	245	0.418	-4.348
2131	321	-4.532	3.223
2131	352	-1.806	7.868
2131	353	-2.413	8.274
2131	376	-1.124	7.569
2131	425	0.928	-6.075
2131	428	-6.632	5.596
2131	429	-6.940	6.084
2131	468	5.026	-2.957
2131	473	4.547	-2.973
2141	64	1.093	-4.047
2141	65	0.647	-4.215
2141	66	1.560	-3.991
2141	70	-0.362	-4.675
2141	71	-1.009	-4.627
2141	72	5.007	0.261
2141	103	5.483	-0.132
2141	104	1.588	-5.933
2141	106	2.664	-4.390
2141	107	2.083	-4.559
2141	108	-0.426	-3.619
2141	109	-0.981	-3.437
2141	110	-3.677	2.843
2141	111	1.260	-3.188
2141	112	2.150	-3.293
2141	113	-1.524	-0.877
2141	114	1.766	2.788
2141	115	0.675	3.231
2141	116	1.227	3.380
2141	117	2.354	2.649
2141	118	-2.055	5.766
2141	119	-2.872	6.081
2141	227	6.442	2.086
2141	228	6.460	1.561
2141	232	-0.304	1.859
2141	233	0.203	2.332
2141	237	-0.973	-5.884
2141	238	-0.824	1.929
2141	242	3.830	4.371
2141	243	0.109	-3.036
2141	244	-0.013	-4.406
2141	245	0.389	-4.191
2141	321	-4.323	3.073
2141	352	-1.495	8.044
2141	353	-2.156	8.404
2141	376	-1.098	7.563
2141	378	-3.727	8.606
2141	428	-7.250	5.544
2141	429	-7.526	6.040
2141	468	5.026	-2.957
2141	473	4.547	-2.973
2151	64	1.117	-4.322
2151	65	0.668	-4.435
2151	66	1.592	-4.228
2151	70	-0.304	-4.906
2151	71	-0.910	-4.936
2151	72	4.851	0.257
2151	103	5.218	-0.201
2151	106	2.647	-4.595
2151	107	2.089	-4.790
2151	108	-0.426	-3.821
2151	109	-1.053	-3.697
2151	110	-3.740	3.152
2151	111	1.267	-3.457
2151	112	2.223	-3.493
2151	113	-1.453	-1.263
2151	114	1.791	2.511
2151	115	0.622	2.895
2151	116	1.265	3.013
2151	117	2.368	2.346
2151	118	-2.449	5.684
2151	119	-3.187	5.926
2151	227	6.442	2.086
2151	228	6.460	1.561
2151	232	-0.236	2.080
2151	233	0.159	2.479
2151	237	-0.937	-5.984
2151	238	-0.796	2.226
2151	242	3.810	4.740
2151	243	-0.015	-2.541
2151	244	-0.034	-4.250
2151	245	0.389	-4.017
2151	321	-4.168	2.964
2151	352	-1.176	8.225
2151	376	-1.123	7.526
2151	378	-3.880	8.366
2151	379	-4.396	8.849
2151	428	-7.753	5.502
2151	468	5.026	-2.957
2151	473	4.547	-2.973
2161	64	1.134	-4.571
2161	65	0.674	-4.647
2161	66	1.627	-4.486
2161	70	-0.177	-5.110
2161	71	-0.820	-5.173
2161	72	4.371	0.021
2161	103	4.836	-0.299
2161	106	2.645	-4.794
2161	107	2.082	-5.004
2161	108	-0.451	-4.003
2161	109	-1.047	-3.925
2161	110	-3.846	3.621
2161	111	1.337	-3.654
2161	112	2.322	-3.738
2161	113	-1.286	-2.110
2161	114	1.808	2.217
2161	115	0.619	2.656
2161	116	1.312	2.557
2161	117	2.369	2.150
2161	118	-2.715	5.589
2161	119	-3.468	5.829
2161	227	6.442	2.086
2161	228	6.460	1.561
2161	232	-0.116	2.256
2161	233	0.129	2.594
2161	237	-0.794	-5.885
2161	238	-0.755	2.487
2161	242	3.768	5.090
2161	243	-0.099	-2.202
2161	244	-0.036	-4.186
2161	245	0.407	-3.938
2161	321	-3.968	2.814
2161	376	-1.172	7.350
2161	378	-3.999	8.142
2161	379	-4.538	8.603
2161	468	5.026	-2.957
2161	473	4.547	-2.973
2171	64	1.142	-4.785
2171	65	0.675	-4.880
2171	66	1.652	-4.721
2171	70	0.017	-5.387
2171	71	-0.724	-5.393
2171	72	4.197	-0.128
2171	103	4.544	-0.377
2171	106	2.656	-5.017
2171	107	2.063	-5.235
2171	108	-0.418	-4.182
2171	109	-0.968	-4.168
2171	110	-3.676	3.902
2171	111	1.430	-3.874
2171	112	2.412	-3.984
2171	113	-1.181	-2.634
2171	114	1.833	1.777
2171	115	0.638	2.357
2171	116	1.340	2.219
2171	117	2.373	1.944
2171	118	-3.032	5.471
2171	119	-3.694	5.771
2171	227	6.442	2.086
2171	228	6.460	1.561
2171	232	-0.014	2.433
2171	233	0.273	2.680
2171	237	-0.684	-5.927
2171	238	-0.673	2.801
2171	242	3.696	5.676
2171	243	-0.177	-1.868
2171	244	-0.055	-4.082
2171	245	0.396	-3.827
2171	321	-3.701	2.612
2171	376	-1.060	7.129
2171	377	-6.025	7.264
2171	378	-4.070	7.909
2171	379	-4.707	8.325
2171	468	5.026	-2.957
2171	473	4.547	-2.973
2181	64	1.148	-5.004
2181	65	0.675	-5.124
2181	66	1.665	-4.929
2181	70	0.251	-5.715
2181	71	-0.599	-5.681
2181	72	3.889	-0.426
2181	103	4.353	-0.439
2181	106	2.673	-5.362
2181	107	2.037	-5.559
2181	108	-0.291	-4.393
2181	109	-0.839	-4.527
2181	110	-3.716	4.273
2181	111	1.531	-4.112
2181	112	2.459	-4.187
2181	113	-1.094	-3.092
2181	114	1.859	1.433
2181	115	0.465	1.997
2181	116	1.091	1.994
2181	117	2.374	1.739
2181	118	-3.354	5.357
2181	119	-3.849	5.736
2181	227	6.442	2.086
2181	228	6.460	1.561
2181	232	0.000	2.631
2181	233	0.339	2.938
2181	237	-0.675	-6.273
2181	238	-0.571	3.187
2181	242	3.626	5.955
2181	243	-0.287	-1.399
2181	244	-0.100	-3.897
2181	245	0.344	-3.654
2181	321	-3.394	2.382
2181	376	-0.977	6.910
2181	377	-5.700	7.085
2181	378	-4.138	7.645
2181	379	-4.910	8.161
2181	468	5.026	-2.957
2181	473	4.547	-2.973
2191	64	1.155	-5.244
2191	65	0.691	-5.345
2191	66	1.677	-5.166
2191	70	0.399	-5.993
2191	71	-0.451	-6.019
2191	72	3.510	-0.794
2191	103	4.146	-0.535
2191	106	2.691	-5.706
2191	107	2.011	-5.885
2191	108	-0.043	-4.744
2191	109	-0.700	-4.929
2191	110	-3.837	4.435
2191	111	1.616	-4.314
2191	112	2.501	-4.428
2191	113	-0.966	-3.723
2191	114	1.888	1.207
2191	115	0.600	1.546
2191	116	1.217	1.711
2191	117	2.369	1.544
2191	118	-3.637	5.272
2191	119	-4.016	5.692
2191	120	0.299	7.648
2191	227	6.442	2.086
2191	228	6.460	1.561
2191	232	0.014	2.809
2191	233	0.474	3.118
2191	237	-0.547	-6.628
2191	238	-0.511	3.372
2191	242	3.488	6.382
2191	243	-0.361	-1.135
2191	244	-0.037	-3.501
2191	245	0.425	-3.687
2191	246	3.419	-5.428
2191	247	4.151	-5.356
2191	321	-3.155	2.187
2191	376	-0.923	6.713
2191	377	-5.257	6.848
2191	378	-4.316	7.481
2191	379	-5.119	8.049
2191	468	5.026	-2.957
2191	473	4.547	-2.973
2201	64	1.162	-5.502
2201	65	0.721	-5.567
2201	66	1.692	-5.449
2201	70	0.455	-6.239
2201	71	-0.328	-6.303
2201	72	3.294	-1.005
2201	103	3.930	-0.632
2201	108	0.082	-5.024
2201	109	-0.627	-5.220
2201	110	-3.721	4.639
2201	111	1.694	-4.532
2201	112	2.554	-4.729
2201	113	-0.859	-4.001
2201	114	1.937	0.903
2201	115	0.706	1.240
2201	116	1.382	1.322
2201	117	2.360	1.337
2201	118	-3.862	5.205
2201	119	-4.255	5.616
2201	120	0.493	7.129
2201	121	0.816	7.464
2201	227	6.442	2.086
2201	228	6.460	1.561
2201	232	0.031	2.966
2201	233	0.500	3.314
2201	238	-0.456	3.495
2201	242	3.291	6.986
2201	243	-0.466	-0.784
2201	244	-0.198	-3.593
2201	245	0.476	-3.741
2201	246	3.327	-5.134
2201	247	4.051	-5.073
2201	321	-2.863	1.944
2201	322	-6.091	3.080
2201	323	-5.117	0.731
2201	376	-0.870	6.545
2201	377	-4.618	6.525
2201	378	-4.504	7.363
2201	379	-5.312	7.935
2201	468	5.026	-2.957
2201	473	4.547	-2.973
2211	64	1.169	-5.751
2211	65	0.759	-5.850
2211	66	1.705	-5.719
2211	72	3.065	-1.250
2211	103	3.736	-0.628
2211	108	0.117	-5.377
2211	109	-0.596	-5.475
2211	110	-3.401	4.943
2211	111	1.778	-4.843
2211	112	2.598	-4.975
2211	113	-0.652	-4.431
2211	114	1.978	0.600
2211	115	0.719	0.995
2211	116	1.385	1.025
2211	117	2.347	1.103
2211	118	-4.019	5.151
2211	119	-4.470	5.541
2211	120	0.765	6.393
2211	121	1.061	6.806
2211	122	2.221	7.344
2211	227	6.442	2.086
2211	228	6.460	1.561
2211	232	-0.009	3.150
2211	233	0.529	3.468
2211	238	-0.406	3.562
2211	242	3.168	7.366
2211	243	-0.596	-0.347
2211	244	-0.234	-3.432
2211	245	0.399	-3.670
2211	246	3.231	-4.820
2211	247	3.932	-4.736
2211	321	-2.537	1.670
2211	322	-5.855	3.303
2211	323	-4.960	0.548
2211	376	-0.902	6.347
2211	377	-4.193	6.448
2211	378	-4.667	7.256
2211	379	-5.474	7.772
2211	468	5.026	-2.957
2211	473	4.547	-2.973
2221	64	1.176	-5.979
2221	65	0.796	-6.133
2221	66	1.717	-5.941
2221	72	2.718	-1.629
2221	103	3.549	-0.564
2221	108	0.177	-5.975
2221	109	-0.552	-5.856
2221	110	-3.278	5.226
2221	111	1.851	-5.120
2221	112	2.644	-5.221
2221	113	-0.529	-4.790
2221	114	1.985	0.384
2221	115	0.740	0.665
2221	116	1.369	0.797
2221	117	2.335	0.861
2221	118	-4.166	5.103
2221	119	-4.593	5.495
2221	120	0.866	6.044
2221	121	1.282	6.191
2221	122	2.271	6.957
2221	227	6.442	2.086
2221	228	6.460	1.561
2221	232	0.183	3.238
2221	233	0.603	3.546
2221	238	-0.534	3.314
2221	243	-0.680	-0.058
2221	244	-0.254	-3.232
2221	245	0.341	-3.386
2221	246	3.171	-4.595
2221	247	3.846	-4.474
2221	321	-2.327	1.480
2221	322	-5.604	3.520
2221	323	-4.756	0.448
2221	376	-0.965	6.071
2221	377	-3.705	6.383
2221	378	-4.890	7.152
2221	379	-5.577	7.635
2221	468	5.026	-2.957
2221	473	4.547	-2.973
2231	72	2.448	-1.849
2231	103	3.339	-0.528
2231	108	0.218	-6.386
2231	109	-0.507	-6.237
2231	110	-3.339	5.555
2231	111	1.919	-5.360
2231	112	2.722	-5.635
2231	113	-0.528	-5.084
2231	114	1.990	0.153
2231	115	0.763	0.287
2231	116	1.335	0.455
2231	117	2.333	0.645
2231	118	-4.394	5.052
2231	119	-4.710	5.453
2231	120	0.966	5.599
2231	121	1.371	5.879
2231	122	2.361	6.299
2231	123	-0.361	7.681
2231	227	6.442	2.086
2231	228	6.460	1.561
2231	232	0.133	3.241
2231	233	0.492	3.596
2231	238	-0.354	3.362
2231	243	-0.771	0.281
2231	244	-0.263	-2.958
2231	245	0.227	-3.141
2231	246	3.121	-4.387
2231	247	3.789	-4.283
2231	321	-2.173	1.342
2231	322	-5.333	3.666
2231	323	-4.451	0.464
2231	376	-1.036	5.778
2231	377	-3.350	6.447
2231	378	-5.157	7.067
2231	379	-5.679	7.515
2231	468	5.026	-2.957
2231	473	4.547	-2.973
2241	72	2.093	-2.022
2241	103	3.215	-0.414
2241	110	-3.419	5.967
2241	111	2.059	-5.848
2241	113	-0.532	-5.535
2241	114	1.995	-0.099
2241	115	0.773	-0.017
2241	116	1.291	0.019
2241	117	2.338	0.443
2241	118	-4.696	4.997
2241	119	-4.927	5.387
2241	120	1.142	4.855
2241	121	1.558	5.178
2241	122	2.384	5.859
2241	123	0.117	6.902
2241	227	6.442	2.086
2241	228	6.460	1.561
2241	232	0.334	3.165
2241	233	0.538	3.756
2241	238	-0.275	3.314
2241	243	-0.903	0.775
2241	244	-0.285	-2.687
2241	245	0.194	-2.586
2241	246	3.051	-4.126
2241	247	3.713	-4.048
2241	321	-2.013	1.186
2241	322	-5.026	3.795
2241	323	-4.210	0.455
2241	376	-1.099	5.566
2241	377	-2.918	6.525
2241	378	-5.426	6.999
2241	379	-5.865	7.372
2241	468	5.026	-2.957
2241	473	4.547	-2.973
2251	72	1.475	-2.321
2251	103	3.117	-0.089
2251	110	-3.563	6.237
2251	113	-0.523	-5.820
2251	114	1.985	-0.314
2251	115	0.767	-0.246
2251	116	1.275	-0.296
2251	117	2.346	0.206
2251	118	-5.035	4.936
2251	119	-5.196	5.309
2251	120	1.225	4.320
2251	121	1.690	4.550
2251	122	2.320	5.618
2251	123	0.365	6.437
2251	124	1.459	7.249
2251	227	6.442	2.086
2251	228	6.460	1.561
2251	232	0.335	3.124
2251	233	0.292	3.779
2251	238	-0.325	3.256
2251	243	-1.003	1.046
2251	244	-0.345	-2.386
2251	245	0.142	-2.270
2251	246	2.996	-3.876
2251	247	3.608	-3.753
2251	321	-1.832	0.979
2251	322	-4.740	3.931
2251	323	-3.967	0.506
2251	376	-1.179	5.375
2251	377	-2.501	6.517
2251	378	-5.616	6.848
2251	379	-5.978	7.262
2251	468	5.026	-2.957
2251	473	4.547	-2.973
2261	72	1.125	-2.438
2261	103	3.005	0.308
2261	110	-3.799	6.572
2261	113	-0.498	-6.260
2261	114	1.967	-0.529
2261	115	0.757	-0.542
2261	116	1.288	-0.528
2261	117	2.357	-0.074
2261	118	-5.407	4.870
2261	119	-5.409	5.247
2261	120	1.172	4.038
2261	121	1.625	4.202
2261	122	2.187	5.188
2261	123	0.560	5.850
2261	124	1.504	6.620
2261	125	2.698	7.243
2261	227	6.442	2.086
2261	228	6.460	1.561
2261	232	0.236	3.131
2261	233	0.292	3.779
2261	238	-0.325	3.256
2261	243	-1.082	1.279
2261	244	-0.440	-1.871
2261	245	0.032	-1.823
2261	246	2.972	-3.665
2261	247	3.529	-3.475
2261	321	-1.633	0.764
2261	322	-4.525	4.088
2261	323	-3.683	0.640
2261	376	-1.242	5.180
2261	377	-1.832	6.498
2261	378	-5.732	6.643
2261	379	-5.994	7.197
2261	468	5.026	-2.957
2261	473	4.547	-2.973
2271	72	0.494	-2.596
2271	103	2.947	0.628
2271	110	-4.090	6.984
2271	113	-0.478	-6.618
2271	114	1.950	-0.784
2271	115	0.744	-0.950
2271	116	1.322	-0.854
2271	117	2.367	-0.349
2271	118	-5.798	4.800
2271	119	-5.583	5.197
2271	120	0.984	3.411
2271	121	1.473	3.476
2271	122	2.079	4.812
2271	123	0.834	5.000
2271	124	1.527	6.176
2271	125	2.769	6.679
2271	126	3.710	6.932
2271	227	6.442	2.086
2271	228	6.460	1.561
2271	232	0.211	3.133
2271	233	0.070	3.698
2271	238	-0.300	3.295
2271	243	-1.177	1.516
2271	244	-0.559	-1.587
2271	245	-0.080	-1.406
2271	246	2.940	-3.299
2271	247	3.500	-3.254
2271	321	-1.410	0.608
2271	322	-4.333	4.243
2271	323	-3.373	0.793
2271	376	-1.245	4.987
2271	377	-1.399	6.372
2271	378	-5.787	6.411
2271	379	-6.108	7.131
2271	468	5.026	-2.957
2271	473	4.547	-2.973
2281	72	-0.165	-2.739
2281	103	2.837	1.222
2281	110	-4.281	7.275
2281	114	1.926	-1.031
2281	115	0.728	-1.318
2281	116	1.350	-1.209
2281	117	2.371	-0.583
2281	118	-6.170	4.733
2281	119	-5.814	5.130
2281	120	0.746	2.613
2281	121	1.388	3.047
2281	122	2.026	4.567
2281	123	0.903	4.628
2281	124	1.523	5.872
2281	125	2.859	5.967
2281	126	3.696	6.174
2281	127	1.211	7.473
2281	227	6.442	2.086
2281	228	6.460	1.561
2281	232	0.259	3.191
2281	233	0.321	3.634
2281	238	-0.274	3.273
2281	243	-1.333	1.696
2281	244	-0.763	-1.328
2281	245	-0.177	-1.138
2281	246	2.895	-2.790
2281	247	3.504	-2.957
2281	321	-0.825	0.343
2281	322	-4.047	4.277
2281	323	-3.061	0.892
2281	376	-1.243	4.915
2281	377	-0.577	6.078
2281	378	-5.840	6.196
2281	379	-6.368	7.052
2281	468	5.026	-2.957
2281	473	4.547	-2.973
2291	72	-0.541	-2.745
2291	103	2.776	1.608
2291	110	-4.432	7.542
2291	114	1.890	-1.242
2291	115	0.709	-1.570
2291	116	1.331	-1.460
2291	117	2.372	-0.796
2291	118	-6.520	4.671
2291	120	0.649	2.230
2291	121	1.303	2.595
2291	122	1.926	4.111
2291	123	1.034	3.809
2291	124	1.518	5.269
2291	125	2.909	5.641
2291	126	3.697	5.820
2291	127	1.165	7.151
2291	128	1.954	7.237
2291	227	6.442	2.086
2291	228	6.460	1.561
2291	232	0.309	3.167
2291	233	0.320	3.675
2291	238	-0.252	3.395
2291	243	-1.494	1.804
2291	244	-0.937	-1.055
2291	245	-0.330	-0.715
2291	246	2.875	-2.467
2291	247	3.512	-2.399
2291	321	-0.744	0.345
2291	322	-3.848	4.350
2291	323	-2.563	1.015
2291	376	-1.239	4.776
2291	377	-0.277	5.709
2291	378	-6.034	6.093
2291	379	-6.622	6.982
2291	468	5.026	-2.957
2291	473	4.547	-2.973
2301	72	-1.253	-2.733
2301	103	2.744	1.943
2301	110	-4.596	7.843
2301	114	1.828	-1.510
2301	115	0.682	-1.823
2301	116	1.276	-1.697
2301	117	2.378	-1.104
2301	120	0.531	1.652
2301	121	1.155	1.802
2301	122	1.853	3.720
2301	123	1.077	3.308
2301	124	1.507	4.782
2301	125	2.974	5.264
2301	126	3.711	5.364
2301	127	1.087	6.639
2301	128	1.935	6.772
2301	227	6.442	2.086
2301	228	6.460	1.561
2301	232	0.307	3.248
2301	233	0.245	3.682
2301	238	-0.304	3.441
2301	243	-1.598	1.946
2301	244	-1.000	-0.785
2301	245	-0.441	-0.433
2301	246	2.875	-2.181
2301	247	3.516	-1.917
2301	248	3.572	-5.330
2301	321	-0.192	0.270
2301	322	-3.685	4.270
2301	323	-2.185	1.144
2301	376	-1.244	4.613
2301	377	0.206	4.935
2301	378	-6.354	6.099
2301	379	-6.816	6.928
2301	468	5.026	-2.957
2301	473	4.547	-2.973
2311	72	-1.818	-2.746
2311	103	2.688	2.544
2311	110	-4.799	8.090
2311	114	1.733	-1.883
2311	115	0.644	-2.156
2311	116	1.200	-1.998
2311	117	2.389	-1.504
2311	120	0.402	0.945
2311	121	1.102	1.423
2311	122	1.838	3.458
2311	123	0.981	2.805
2311	124	1.488	4.516
2311	125	3.074	4.675
2311	126	3.730	4.783
2311	127	1.059	6.263
2311	128	1.924	6.331
2311	129	2.505	7.157
2311	130	1.010	7.601
2311	227	6.442	2.086
2311	228	6.460	1.561
2311	232	0.332	3.226
2311	233	0.294	3.697
2311	238	-0.332	3.506
2311	243	-1.645	2.142
2311	244	-1.084	-0.401
2311	245	-0.541	-0.199
2311	246	2.877	-1.688
2311	247	3.514	-1.665
2311	248	3.482	-5.054
2311	249	4.070	-5.512
2311	321	-0.291	0.258
2311	322	-3.567	4.064
2311	323	-1.621	1.400
2311	376	-1.269	4.549
2311	377	0.452	4.520
2311	378	-6.571	6.116
2311	379	-6.948	6.892
2311	380	-2.739	8.521
2311	468	5.026	-2.957
2311	473	4.547	-2.973
2321	72	-2.235	-2.795
2321	103	2.649	2.881
2321	110	-4.944	8.237
2321	114	1.658	-2.239
2321	115	0.604	-2.519
2321	116	1.150	-2.259
2321	117	2.381	-1.825
2321	120	0.428	0.558
2321	121	1.059	0.816
2321	122	1.822	2.992
2321	123	0.829	1.976
2321	124	1.458	4.030
2321	125	3.153	4.275
2321	126	3.738	4.510
2321	127	1.095	6.002
2321	128	1.935	6.068
2321	129	2.432	6.626
2321	130	0.859	7.228
2321	131	3.190	6.839
2321	132	1.407	7.272
2321	227	6.442	2.086
2321	228	6.460	1.561
2321	232	0.258	3.232
2321	233	0.269	3.700
2321	238	-0.231	3.580
2321	243	-1.588	2.291
2321	244	-1.174	-0.147
2321	245	-0.659	0.075
2321	246	2.867	-1.314
2321	247	3.511	-1.286
2321	248	3.363	-4.701
2321	249	4.020	-5.257
2321	321	-0.139	0.156
2321	322	-3.476	3.890
2321	323	-1.425	1.397
2321	324	-6.613	-7.934
2321	376	-1.301	4.549
2321	377	0.817	3.862
2321	378	-6.645	6.122
2321	379	-7.015	6.873
2321	380	-3.046	8.194
2321	381	-1.963	8.264
2321	468	5.026	-2.957
2321	473	4.547	-2.973
2331	72	-3.013	-2.872
2331	103	2.576	3.343
2331	110	-4.964	8.257
2331	114	1.640	-2.490
2331	115	0.582	-2.806
2331	116	1.126	-2.481
2331	117	2.349	-2.048
2331	120	0.504	-0.205
2331	121	1.002	0.042
2331	122	1.795	2.633
2331	123	0.831	1.611
2331	124	1.416	3.519
2331	125	3.228	4.029
2331	126	3.745	4.203
2331	127	1.170	5.556
2331	128	1.967	5.588
2331	129	2.358	6.132
2331	130	0.671	6.769
2331	131	3.088	6.078
2331	132	1.138	6.838
2331	133	0.348	7.501
2331	227	6.442	2.086
2331	228	6.460	1.561
2331	232	0.285	3.128
2331	233	0.368	3.691
2331	238	-0.207	3.640
2331	243	-1.535	2.418
2331	244	-1.333	0.225
2331	245	-0.751	0.302
2331	246	2.834	-1.056
2331	247	3.508	-0.701
2331	248	3.285	-4.407
2331	249	3.947	-4.875
2331	321	-0.074	0.089
2331	322	-3.181	3.794
2331	323	-1.294	1.654
2331	324	-6.520	-7.733
2331	376	-1.283	4.466
2331	377	0.817	3.458
2331	378	-6.815	6.135
2331	379	-7.090	6.853
2331	380	-3.338	7.893
2331	381	-2.237	7.952
2331	468	5.026	-2.957
2331	473	4.547	-2.973
2341	72	-3.629	-2.984
2341	103	2.484	3.933
2341	110	-4.996	8.290
2341	114	1.645	-2.724
2341	115	0.576	-3.014
2341	116	1.082	-2.757
2341	117	2.279	-2.332
2341	120	0.426	-0.562
2341	121	0.980	-0.256
2341	122	1.736	2.339
2341	123	0.947	0.883
2341	124	1.360	3.255
2341	125	3.374	3.620
2341	126	3.755	3.879
2341	127	1.229	5.151
2341	128	1.983	5.184
2341	129	2.303	5.869
2341	130	0.562	6.518
2341	131	3.072	5.679
2341	132	1.051	6.563
2341	133	-0.006	6.880
2341	227	6.442	2.086
2341	228	6.460	1.561
2341	232	0.159	3.199
2341	233	0.069	3.718
2341	238	-0.311	3.670
2341	243	-1.597	2.638
2341	244	-1.453	0.550
2341	245	-0.873	0.599
2341	246	2.768	-0.578
2341	247	3.468	-0.218
2341	248	3.262	-4.194
2341	249	3.888	-4.605
2341	250	4.366	-5.468
2341	251	2.155	-6.099
2341	321	0.130	0.096
2341	322	-2.572	3.708
2341	323	-1.209	1.886
2341	324	-6.481	-7.648
2341	376	-1.210	4.287
2341	377	0.778	2.971
2341	379	-7.229	6.814
2341	380	-3.506	7.728
2341	381	-2.439	7.710
2341	468	5.026	-2.957
2341	473	4.547	-2.973
2351	72	-4.007	-3.157
2351	103	2.434	4.242
2351	110	-5.155	8.451
2351	114	1.641	-3.028
2351	115	0.574	-3.151
2351	116	1.056	-3.031
2351	117	2.185	-2.693
2351	120	0.076	-1.313
2351	121	1.006	-0.639
2351	122	1.615	1.769
2351	123	0.963	0.431
2351	124	1.256	2.849
2351	125	3.444	3.302
2351	126	3.768	3.644
2351	127	1.243	4.900
2351	128	1.964	4.910
2351	129	2.211	5.428
2351	130	0.383	6.167
2351	131	3.054	4.958
2351	132	1.031	6.162
2351	133	-0.166	6.532
2351	134	2.272	7.149
2351	135	3.060	7.210
2351	227	6.442	2.086
2351	228	6.460	1.561
2351	232	0.186	3.115
2351	233	0.321	3.634
2351	238	-0.260	3.686
2351	243	-1.546	2.852
2351	244	-1.520	0.830
2351	245	-1.052	1.026
2351	246	2.710	-0.145
2351	247	3.479	0.097
2351	248	3.255	-3.934
2351	249	3.814	-4.365
2351	250	4.277	-5.090
2351	251	2.028	-5.833
2351	321	0.221	0.119
2351	322	-2.220	3.554
2351	323	-0.955	2.199
2351	324	-6.494	-7.678
2351	376	-1.201	4.367
2351	377	0.429	2.089
2351	379	-7.436	6.757
2351	380	-3.685	7.559
2351	381	-2.595	7.468
2351	384	0.554	7.906
2351	468	5.026	-2.957
2351	473	4.547	-2.973
2361	72	-4.668	-3.458
2361	103	2.356	4.739
2361	114	1.652	-3.322
2361	115	0.573	-3.220
2361	116	1.083	-3.241
2361	117	2.162	-2.974
2361	120	-0.264	-2.086
2361	121	0.928	-0.921
2361	122	1.536	1.353
2361	123	0.876	-0.001
2361	124	1.122	2.393
2361	125	3.408	3.108
2361	126	3.781	3.232
2361	127	1.269	4.475
2361	128	1.916	4.367
2361	129	2.125	5.188
2361	130	0.151	5.692
2361	131	2.994	4.580
2361	132	1.004	5.609
2361	133	-0.302	6.113
2361	134	2.304	6.596
2361	135	3.125	6.671
2361	227	6.442	2.086
2361	228	6.460	1.561
2361	232	0.211	3.113
2361	233	0.320	3.675
2361	238	-0.339	3.756
2361	243	-1.550	3.003
2361	244	-1.614	1.229
2361	245	-1.166	1.347
2361	246	2.683	0.106
2361	247	3.438	0.417
2361	248	3.248	-3.609
2361	249	3.686	-3.984
2361	250	4.167	-4.615
2361	251	1.828	-5.409
2361	252	1.627	-5.915
2361	321	0.200	0.138
2361	322	-2.253	3.436
2361	323	-0.802	2.510
2361	324	-6.518	-7.729
2361	325	-7.658	-7.569
2361	376	-1.174	4.365
2361	377	0.156	1.415
2361	379	-7.713	6.680
2361	380	-3.926	7.388
2361	381	-2.794	7.219
2361	382	-3.629	8.572
2361	383	-2.900	8.347
2361	384	0.936	7.786
2361	468	5.026	-2.957
2361	473	4.547	-2.973
2371	72	-5.203	-3.745
2371	103	2.416	5.062
2371	114	1.699	-3.538
2371	115	0.572	-3.314
2371	116	1.081	-3.409
2371	117	2.207	-3.163
2371	120	-0.349	-2.456
2371	121	0.709	-1.046
2371	122	1.503	1.024
2371	123	0.727	-0.364
2371	124	0.973	2.160
2371	125	3.330	2.886
2371	126	3.826	2.940
2371	127	1.293	3.970
2371	128	1.886	3.903
2371	129	1.988	4.930
2371	130	0.088	5.420
2371	131	2.879	3.900
2371	132	0.995	5.312
2371	133	-0.495	5.489
2371	134	2.272	6.304
2371	135	3.195	6.024
2371	227	6.442	2.086
2371	228	6.460	1.561
2371	232	0.260	3.150
2371	233	0.371	3.609
2371	238	-0.363	3.695
2371	243	-1.581	3.114
2371	244	-1.685	1.509
2371	245	-1.227	1.571
2371	246	2.632	0.541
2371	247	3.372	0.942
2371	248	3.225	-3.354
2371	249	3.635	-3.701
2371	250	4.125	-4.362
2371	251	1.680	-5.124
2371	252	1.390	-5.504
2371	321	0.324	0.123
2371	322	-2.332	3.504
2371	323	-0.921	2.941
2371	324	-6.490	-7.667
2371	325	-7.523	-7.306
2371	376	-1.122	4.423
2371	377	-0.227	0.557
2371	380	-4.363	7.083
2371	381	-3.040	7.112
2371	382	-3.735	8.275
2371	383	-3.034	7.986
2371	384	1.462	7.626
2371	468	5.026	-2.957
2371	473	4.547	-2.973
2381	72	-5.622	-4.092
2381	103	2.527	5.594
2381	114	1.741	-3.680
2381	115	0.569	-3.479
2381	116	1.053	-3.545
2381	117	2.244	-3.328
2381	120	-0.498	-3.230
2381	121	0.465	-1.230
2381	122	1.448	0.505
2381	123	0.385	-0.623
2381	124	0.643	1.735
2381	125	3.317	2.775
2381	126	3.859	2.765
2381	127	1.272	3.686
2381	128	1.901	3.646
2381	129	1.899	4.704
2381	130	0.016	5.027
2381	131	2.758	3.573
2381	132	0.997	4.916
2381	133	-0.492	5.178
2381	134	2.155	5.894
2381	135	3.203	5.708
2381	227	6.442	2.086
2381	228	6.460	1.561
2381	232	0.286	3.087
2381	233	0.295	3.657
2381	238	-0.158	3.698
2381	243	-1.503	3.302
2381	244	-1.595	1.487
2381	245	-1.313	1.814
2381	246	2.581	1.023
2381	247	3.322	1.262
2381	248	3.174	-3.108
2381	249	3.699	-3.131
2381	250	4.068	-3.994
2381	251	1.568	-4.924
2381	252	1.213	-5.263
2381	321	0.505	0.093
2381	322	-2.164	3.443
2381	323	-0.984	3.306
2381	324	-6.408	-7.490
2381	325	-7.400	-7.065
2381	376	-1.070	4.502
2381	377	-0.477	-0.057
2381	380	-4.664	6.891
2381	381	-3.308	6.998
2381	382	-3.870	8.047
2381	383	-3.191	7.781
2381	384	2.079	7.438
2381	468	5.026	-2.957
2381	473	4.547	-2.973
2391	72	-6.174	-4.581
2391	103	2.496	5.905
2391	114	1.752	-3.750
2391	115	0.612	-3.590
2391	116	1.146	-3.657
2391	117	2.265	-3.474
2391	120	-0.526	-3.638
2391	121	0.268	-1.348
2391	122	1.357	0.226
2391	123	0.080	-0.824
2391	124	0.383	1.369
2391	125	3.427	2.853
2391	126	3.863	2.636
2391	127	1.214	3.391
2391	128	1.954	3.224
2391	129	1.803	4.347
2391	130	0.031	4.683
2391	131	2.441	2.865
2391	132	0.992	4.442
2391	133	-0.454	4.831
2391	134	2.100	5.614
2391	135	3.223	5.049
2391	227	6.442	2.086
2391	228	6.460	1.561
2391	232	0.159	3.199
2391	233	0.246	3.641
2391	238	-0.259	3.665
2391	243	-1.312	3.395
2391	244	-1.759	1.681
2391	245	-1.167	2.037
2391	246	2.575	1.281
2391	247	3.247	1.609
2391	248	3.064	-2.635
2391	249	3.722	-2.688
2391	250	4.023	-3.600
2391	251	1.432	-4.654
2391	252	1.009	-5.059
2391	321	0.556	0.083
2391	322	-1.944	3.346
2391	323	-1.040	3.667
2391	324	-6.298	-7.248
2391	325	-7.288	-6.844
2391	376	-1.161	4.372
2391	377	-0.713	-0.905
2391	380	-4.926	6.733
2391	381	-3.465	6.806
2391	382	-3.990	7.910
2391	383	-3.396	7.560
2391	384	2.563	7.277
2391	468	5.026	-2.957
2391	473	4.547	-2.973
2401	72	-6.522	-4.979
2401	103	2.428	6.451
2401	114	1.744	-3.769
2401	115	0.750	-3.538
2401	116	1.305	-3.731
2401	117	2.279	-3.609
2401	120	-0.475	-4.027
2401	121	0.206	-1.236
2401	122	1.205	-0.311
2401	123	0.023	-0.842
2401	124	0.249	1.081
2401	125	3.555	2.796
2401	126	3.971	2.693
2401	127	1.131	2.947
2401	128	1.942	2.909
2401	129	1.694	3.903
2401	130	0.228	4.394
2401	131	2.284	2.546
2401	132	0.950	4.182
2401	133	-0.330	4.554
2401	134	2.014	5.034
2401	135	3.177	4.666
2401	136	-0.672	7.787
2401	227	6.442	2.086
2401	228	6.460	1.561
2401	232	0.284	3.189
2401	233	0.319	3.695
2401	238	-0.336	3.672
2401	243	-1.487	3.753
2401	244	-1.631	1.814
2401	245	-1.060	2.097
2401	246	2.579	1.617
2401	247	3.149	2.076
2401	248	2.982	-2.226
2401	249	3.734	-2.275
2401	250	4.049	-3.307
2401	251	1.276	-4.474
2401	252	0.742	-4.792
2401	321	0.739	0.055
2401	322	-1.767	3.269
2401	323	-0.923	4.037
2401	324	-6.231	-7.076
2401	325	-7.187	-6.643
2401	376	-1.188	4.449
2401	377	-0.830	-1.494
2401	380	-5.190	6.580
2401	381	-3.646	6.511
2401	382	-4.118	7.776
2401	383	-3.607	7.349
2401	384	2.891	7.146
2401	385	3.538	7.358
2401	468	5.026	-2.957
2401	473	4.547	-2.973
2411	72	-7.118	-5.661
2411	103	2.247	6.724
2411	114	1.772	-3.839
2411	115	0.914	-3.612
2411	116	1.377	-3.736
2411	117	2.325	-3.748
2411	120	-0.400	-4.607
2411	121	0.283	-1.292
2411	122	0.998	-0.596
2411	123	-0.023	-0.872
2411	124	0.030	0.594
2411	125	3.588	2.944
2411	126	4.070	2.759
2411	127	1.051	2.619
2411	128	1.834	2.657
2411	129	1.689	3.642
2411	130	0.494	4.008
2411	131	1.970	1.929
2411	132	0.837	3.728
2411	133	0.051	4.358
2411	134	1.940	4.535
2411	135	2.971	4.333
2411	136	-0.511	7.315
2411	227	6.442	2.086
2411	228	6.460	1.561
2411	232	0.234	3.172
2411	233	0.128	3.878
2411	238	-0.364	3.737
2411	243	-1.440	4.071
2411	244	-1.466	1.918
2411	245	-1.037	2.267
2411	246	2.587	2.032
2411	247	3.102	2.343
2411	248	2.960	-1.952
2411	249	3.682	-1.938
2411	250	4.116	-2.662
2411	251	0.951	-4.264
2411	252	0.572	-4.600
2411	321	1.017	0.048
2411	322	-1.551	3.165
2411	323	-0.807	4.280
2411	324	-6.210	-6.983
2411	325	-7.096	-6.462
2411	376	-1.197	4.438
2411	377	-0.824	-2.277
2411	380	-5.459	6.419
2411	381	-3.860	6.309
2411	382	-4.383	7.513
2411	383	-3.829	7.171
2411	384	3.139	7.015
2411	385	3.942	7.043
2411	468	5.026	-2.957
2411	473	4.547	-2.973
2421	72	-7.544	-6.148
2421	103	1.727	7.243
2421	114	1.843	-3.975
2421	115	1.014	-3.643
2421	116	1.381	-3.699
2421	117	2.405	-3.894
2421	120	-0.343	-4.992
2421	121	0.359	-1.308
2421	122	0.745	-0.586
2421	123	-0.029	-0.979
2421	124	-0.147	0.334
2421	125	3.607	2.911
2421	126	4.118	2.771
2421	127	0.961	2.385
2421	128	1.671	2.284
2421	129	1.707	3.186
2421	130	0.591	3.735
2421	131	1.760	1.560
2421	132	0.747	3.267
2421	133	0.425	4.110
2421	134	1.902	4.244
2421	135	2.679	3.859
2421	136	-0.341	6.847
2421	227	6.442	2.086
2421	228	6.460	1.561
2421	232	0.210	3.154
2421	233	0.070	3.751
2421	238	-0.311	3.691
2421	243	-1.529	4.317
2421	244	-1.586	2.226
2421	245	-1.038	2.309
2421	246	2.614	2.279
2421	247	3.032	2.754
2421	248	2.928	-1.374
2421	249	3.578	-1.268
2421	250	4.212	-2.321
2421	251	0.620	-4.009
2421	252	0.318	-4.300
2421	321	1.243	-0.024
2421	322	-1.269	3.047
2421	323	-0.589	4.617
2421	324	-6.190	-6.898
2421	325	-7.016	-6.300
2421	376	-1.189	4.338
2421	377	-0.788	-2.833
2421	380	-5.756	6.283
2421	381	-4.187	6.137
2421	382	-4.624	7.301
2421	383	-4.155	6.913
2421	384	3.544	6.790
2421	385	4.291	6.815
2421	468	5.026	-2.957
2421	473	4.547	-2.973
2431	103	1.412	7.535
2431	114	1.941	-4.140
2431	115	1.041	-3.613
2431	116	1.427	-3.743
2431	117	2.513	-4.042
2431	120	-0.301	-5.230
2431	121	0.133	-1.324
2431	122	0.468	-0.574
2431	123	-0.082	-0.940
2431	124	-0.478	-0.042
2431	125	3.588	2.829
2431	126	4.115	2.729
2431	127	0.817	2.009
2431	128	1.572	2.048
2431	129	1.703	2.800
2431	130	0.453	3.298
2431	131	1.506	1.182
2431	132	0.777	3.009
2431	133	0.492	3.820
2431	134	1.840	3.716
2431	135	2.529	3.605
2431	136	-0.197	6.558
2431	227	6.442	2.086
2431	228	6.460	1.561
2431	232	0.210	3.154
2431	233	0.246	3.641
2431	238	-0.182	3.659
2431	243	-1.646	4.523
2431	244	-1.560	2.289
2431	245	-0.959	2.370
2431	246	2.667	2.576
2431	247	3.038	3.009
2431	248	2.897	-0.929
2431	249	3.511	-0.817
2431	250	4.565	-1.708
2431	251	0.464	-3.730
2431	252	0.091	-4.009
2431	321	1.454	-0.177
2431	322	-0.992	2.913
2431	323	-0.605	4.869
2431	324	-6.117	-6.736
2431	325	-6.946	-6.156
2431	376	-0.955	4.214
2431	377	-0.604	-3.640
2431	380	-6.230	6.129
2431	381	-4.577	5.934
2431	382	-4.871	7.057
2431	383	-4.374	6.725
2431	384	3.816	6.658
2431	385	4.716	6.685
2431	468	5.026	-2.957
2431	473	4.547	-2.973
2441	103	0.975	7.908
2441	114	2.049	-4.297
2441	115	1.082	-3.714
2441	116	1.525	-3.876
2441	117	2.622	-4.171
2441	120	-0.253	-5.541
2441	121	0.084	-1.411
2441	122	0.200	-0.560
2441	123	-0.108	-0.921
2441	124	-0.859	-0.478
2441	125	3.570	2.780
2441	126	4.073	2.647
2441	127	0.689	1.706
2441	128	1.423	1.690
2441	129	1.662	2.569
2441	130	0.369	2.776
2441	131	1.133	0.644
2441	132	0.891	2.613
2441	133	0.558	3.459
2441	134	1.764	3.388
2441	135	2.216	3.103
2441	136	0.077	6.029
2441	227	6.442	2.086
2441	228	6.460	1.561
2441	232	0.109	3.182
2441	233	0.121	3.672
2441	238	-0.259	3.665
2441	243	-1.792	4.778
2441	244	-1.827	2.592
2441	245	-1.266	2.556
2441	246	2.723	2.886
2441	247	3.068	3.468
2441	248	2.858	-0.634
2441	249	3.475	-0.530
2441	250	4.868	-1.171
2441	251	0.221	-3.287
2441	252	-0.039	-3.797
2441	321	1.673	-0.351
2441	322	-0.833	2.691
2441	323	-0.722	5.185
2441	324	-5.992	-6.500
2441	325	-6.870	-6.005
2441	376	-1.031	4.074
2441	377	-0.422	-4.240
2441	380	-6.603	5.987
2441	381	-4.852	5.794
2441	382	-5.157	6.878
2441	383	-4.541	6.536
2441	384	4.339	6.411
2441	385	5.086	6.619
2441	468	5.026	-2.957
2441	473	4.547	-2.973
2451	114	2.165	-4.447
2451	115	1.134	-3.892
2451	116	1.611	-3.970
2451	117	2.730	-4.280
2451	120	-0.194	-5.802
2451	121	0.084	-1.411
2451	122	-0.299	-0.552
2451	123	-0.082	-0.940
2451	124	-1.051	-0.723
2451	125	3.567	2.797
2451	126	4.051	2.618
2451	127	0.580	1.478
2451	128	1.248	1.266
2451	129	1.604	2.230
2451	130	0.334	2.507
2451	131	0.894	0.417
2451	132	0.983	2.191
2451	133	0.503	3.199
2451	134	1.666	3.163
2451	135	2.114	2.794
2451	136	0.264	5.668
2451	137	2.418	7.175
2451	138	1.795	7.343
2451	227	6.442	2.086
2451	228	6.460	1.561
2451	232	0.159	3.178
2451	233	0.053	3.644
2451	238	-0.182	3.638
2451	243	-2.012	4.964
2451	244	-1.852	2.718
2451	245	-1.242	2.812
2451	246	2.731	3.144
2451	247	3.093	3.854
2451	248	2.784	-0.075
2451	249	3.406	0.006
2451	250	5.056	-0.792
2451	251	0.058	-3.039
2451	252	-0.216	-3.509
2451	321	1.768	-0.561
2451	322	-0.658	2.419
2451	323	-0.881	5.448
2451	324	-5.822	-6.221
2451	325	-6.785	-5.836
2451	376	-1.109	3.803
2451	377	-0.057	-4.724
2451	380	-6.828	5.888
2451	381	-5.172	5.618
2451	382	-5.467	6.818
2451	383	-4.736	6.364
2451	384	4.711	6.296
2451	385	5.533	6.665
2451	468	5.026	-2.957
2451	473	4.547	-2.973
2461	114	2.275	-4.597
2461	115	1.176	-4.040
2461	116	1.663	-3.994
2461	117	2.832	-4.382
2461	120	-0.053	-6.221
2461	121	0.033	-1.393
2461	122	-0.594	-0.539
2461	123	-0.134	-0.922
2461	124	-1.251	-1.007
2461	125	3.581	2.880
2461	126	4.060	2.657
2461	127	0.426	1.131
2461	128	1.156	1.028
2461	129	1.535	1.940
2461	130	0.294	2.129
2461	131	0.418	0.031
2461	132	0.911	1.963
2461	133	0.410	2.809
2461	134	1.541	2.873
2461	135	2.113	2.349
2461	136	0.479	5.280
2461	137	2.450	6.821
2461	138	1.724	7.053
2461	227	6.442	2.086
2461	228	6.460	1.561
2461	232	0.130	3.324
2461	233	0.108	3.722
2461	238	-0.282	3.585
2461	243	-2.128	5.203
2461	244	-1.968	3.118
2461	245	-1.378	3.204
2461	246	2.642	3.650
2461	247	3.111	4.101
2461	248	2.731	0.303
2461	249	3.370	0.371
2461	250	5.348	-0.197
2461	251	-0.253	-2.629
2461	252	-0.361	-3.268
2461	321	1.874	-0.866
2461	322	-0.487	2.019
2461	323	-1.252	5.817
2461	324	-5.636	-5.927
2461	325	-6.688	-5.650
2461	376	-1.088	3.600
2461	377	0.188	-5.173
2461	380	-6.976	5.822
2461	381	-5.484	5.542
2461	382	-5.783	6.753
2461	383	-4.995	6.265
2461	384	4.957	6.345
2461	468	5.026	-2.957
2461	473	4.547	-2.973
2471	114	2.355	-4.762
2471	115	1.217	-4.183
2471	116	1.708	-4.077
2471	117	2.915	-4.512
2471	121	0.083	-1.369
2471	122	-0.772	-0.733
2471	123	0.020	-0.914
2471	124	-1.300	-1.271
2471	125	3.612	3.030
2471	126	4.100	2.765
2471	127	0.269	0.849
2471	128	1.059	0.709
2471	129	1.440	1.697
2471	130	0.208	1.861
2471	131	0.001	-0.258
2471	132	0.724	1.696
2471	133	0.260	2.597
2471	134	1.418	2.675
2471	135	2.118	1.937
2471	136	0.774	4.733
2471	137	2.468	6.440
2471	138	1.638	6.690
2471	227	6.442	2.086
2471	228	6.460	1.561
2471	232	0.032	3.249
2471	233	0.194	3.855
2471	238	-0.260	3.707
2471	243	-2.291	5.415
2471	244	-2.018	3.373
2471	245	-1.428	3.470
2471	246	2.575	4.059
2471	247	3.144	4.540
2471	248	2.671	0.637
2471	249	3.364	0.646
2471	250	5.486	0.107
2471	251	-0.505	-2.263
2471	252	-0.513	-3.017
2471	321	2.031	-1.038
2471	322	-0.330	1.525
2471	323	-1.747	6.294
2471	324	-5.534	-5.657
2471	325	-6.581	-5.447
2471	376	-1.060	3.424
2471	377	0.119	-5.676
2471	380	-7.046	5.791
2471	381	-5.734	5.519
2471	382	-6.037	6.697
2471	383	-5.244	6.185
2471	384	5.203	6.359
2471	468	5.026	-2.957
2471	473	4.547	-2.973
2481	114	2.403	-4.940
2481	115	1.267	-4.354
2481	116	1.751	-4.247
2481	117	2.980	-4.671
2481	121	0.184	-1.362
2481	122	-1.024	-1.130
2481	123	-0.005	-0.936
2481	124	-1.680	-1.737
2481	125	3.679	3.355
2481	126	4.215	3.047
2481	127	0.121	0.665
2481	128	0.935	0.356
2481	129	1.271	1.272
2481	130	0.068	1.653
2481	131	-0.359	-0.381
2481	132	0.494	1.363
2481	133	-0.024	2.282
2481	134	1.249	2.454
2481	135	2.151	1.570
2481	136	0.859	4.439
2481	137	2.410	6.227
2481	138	1.596	6.459
2481	227	6.442	2.086
2481	228	6.460	1.561
2481	232	0.030	3.332
2481	233	0.285	3.990
2481	238	-0.474	3.770
2481	243	-2.482	5.659
2481	244	-2.082	3.713
2481	245	-1.488	3.795
2481	246	2.567	4.327
2481	247	3.180	5.019
2481	248	2.580	1.152
2481	249	3.360	1.123
2481	250	5.760	0.719
2481	251	-0.653	-1.950
2481	252	-0.715	-2.677
2481	321	2.273	-1.217
2481	322	-0.392	1.217
2481	323	-2.057	6.515
2481	324	-5.494	-5.433
2481	325	-6.464	-5.228
2481	376	-1.066	3.228
2481	377	0.042	-6.238
2481	380	-7.043	5.793
2481	381	-5.945	5.500
2481	382	-6.147	6.701
2481	383	-5.496	6.090
2481	384	5.462	6.304
2481	468	5.026	-2.957
2481	473	4.547	-2.973
2491	114	2.428	-5.127
2491	115	1.319	-4.529
2491	116	1.786	-4.423
2491	117	3.039	-4.867
2491	121	0.161	-1.426
2491	122	-1.304	-1.548
2491	123	-0.031	-0.917
2491	124	-2.020	-1.920
2491	125	3.752	3.701
2491	126	4.424	3.562
2491	127	-0.042	0.442
2491	128	0.785	0.160
2491	129	1.144	0.975
2491	130	-0.122	1.367
2491	131	-0.917	-0.567
2491	132	0.385	1.122
2491	133	-0.262	2.001
2491	134	1.042	2.182
2491	135	2.208	0.936
2491	136	0.982	3.892
2491	137	2.274	5.919
2491	138	1.552	6.155
2491	227	6.442	2.086
2491	228	6.460	1.561
2491	232	-0.192	3.586
2491	233	0.331	4.018
2491	238	-0.607	3.956
2491	243	-2.679	5.891
2491	244	-2.142	3.987
2491	245	-1.567	4.215
2491	246	2.556	4.759
2491	247	3.201	5.286
2491	248	2.580	1.421
2491	249	3.344	1.504
2491	250	5.832	1.030
2491	251	-0.850	-1.531
2491	252	-0.836	-2.375
2491	321	2.476	-1.396
2491	322	-0.483	0.896
2491	323	-2.511	6.830
2491	324	-5.468	-5.247
2491	325	-6.337	-4.993
2491	376	-1.094	3.076
2491	380	-7.081	5.776
2491	381	-6.200	5.408
2491	382	-6.273	6.661
2491	383	-5.738	5.978
2491	384	5.775	6.222
2491	386	4.566	7.148
2491	468	5.026	-2.957
2491	473	4.547	-2.973
2501	114	2.449	-5.302
2501	115	1.358	-4.670
2501	116	1.814	-4.586
2501	117	3.113	-5.111
2501	121	0.184	-1.362
2501	122	-1.509	-1.781
2501	123	0.046	-0.954
2501	124	-2.363	-2.264
2501	125	3.836	4.020
2501	126	4.518	3.842
2501	127	-0.222	0.239
2501	128	0.631	-0.023
2501	129	1.057	0.773
2501	130	-0.304	1.102
2501	131	-1.179	-0.764
2501	132	0.352	0.921
2501	133	-0.453	1.727
2501	134	0.900	1.985
2501	135	2.180	0.622
2501	136	1.048	3.509
2501	137	2.115	5.547
2501	138	1.494	5.764
2501	139	1.929	7.218
2501	227	6.442	2.086
2501	228	6.460	1.561
2501	232	-0.110	3.817
2501	233	0.337	3.959
2501	238	-0.763	4.138
2501	243	-2.883	6.099
2501	244	-1.980	4.386
2501	245	-1.423	4.477
2501	246	2.588	5.011
2501	247	3.223	5.558
2501	248	2.618	1.880
2501	249	3.301	1.759
2501	250	5.919	1.705
2501	251	-0.920	-1.318
2501	252	-1.014	-1.928
2501	321	2.585	-1.557
2501	322	-0.615	0.639
2501	323	-2.834	7.013
2501	324	-5.382	-5.013
2501	325	-6.200	-4.744
2501	376	-1.117	2.972
2501	380	-7.199	5.724
2501	381	-6.492	5.277
2501	382	-6.495	6.531
2501	383	-5.921	5.883
2501	384	5.851	6.051
2501	386	4.315	7.170
2501	468	5.026	-2.957
2501	473	4.547	-2.973
2511	114	2.469	-5.465
2511	115	1.397	-4.804
2511	116	1.860	-4.755
2511	117	3.199	-5.393
2511	121	0.184	-1.362
2511	122	-1.798	-2.117
2511	123	-0.004	-0.978
2511	124	-2.745	-2.550
2511	125	4.004	4.658
2511	126	4.722	4.452
2511	127	-0.422	0.097
2511	128	0.459	-0.197
2511	129	0.969	0.542
2511	130	-0.450	0.907
2511	131	-1.520	-1.175
2511	132	0.330	0.722
2511	133	-0.783	1.250
2511	134	0.756	1.770
2511	135	2.049	0.049
2511	136	1.065	3.141
2511	137	2.056	5.311
2511	138	1.454	5.503
2511	139	1.395	6.598
2511	227	6.442	2.086
2511	228	6.460	1.561
2511	232	-0.194	4.093
2511	233	0.343	3.987
2511	238	-0.806	4.328
2511	243	-3.125	6.324
2511	244	-1.931	4.664
2511	245	-1.543	4.856
2511	246	2.679	5.442
2511	247	3.253	5.926
2511	248	2.634	2.312
2511	249	3.204	2.271
2511	250	5.997	2.010
2511	251	-0.988	-1.123
2511	252	-1.112	-1.722
2511	253	0.982	-6.197
2511	321	2.669	-1.727
2511	322	-0.792	0.324
2511	323	-3.234	7.243
2511	324	-5.233	-4.734
2511	325	-6.048	-4.516
2511	376	-1.099	2.786
2511	380	-7.399	5.635
2511	381	-6.816	5.133
2511	382	-6.704	6.404
2511	383	-6.140	5.789
2511	384	5.882	5.944
2511	386	3.996	7.198
2511	468	5.026	-2.957
2511	473	4.547	-2.973
2521	114	2.489	-5.627
2521	115	1.450	-4.970
2521	116	1.925	-4.930
2521	117	3.274	-5.639
2521	121	0.209	-1.339
2521	122	-2.128	-2.457
2521	123	-0.031	-0.917
2521	124	-2.923	-2.775
2521	125	4.079	4.978
2521	126	4.865	4.919
2521	127	-0.652	-0.014
2521	128	0.247	-0.301
2521	129	0.855	0.343
2521	130	-0.627	0.694
2521	131	-1.836	-1.532
2521	132	0.216	0.550
2521	133	-0.968	0.986
2521	134	0.575	1.488
2521	135	1.897	-0.577
2521	136	1.095	2.521
2521	137	2.019	5.020
2521	138	1.409	5.242
2521	139	1.190	6.260
2521	140	0.830	7.753
2521	227	6.442	2.086
2521	228	6.460	1.561
2521	232	-0.095	4.207
2521	233	0.359	4.138
2521	238	-0.813	4.414
2521	243	-3.335	6.554
2521	244	-2.250	4.832
2521	245	-1.843	5.321
2521	246	2.759	5.844
2521	247	3.274	6.167
2521	248	2.585	2.572
2521	249	3.124	2.729
2521	250	6.093	2.275
2521	251	-1.172	-0.858
2521	252	-1.214	-1.522
2521	253	0.684	-5.786
2521	254	1.551	-5.871
2521	255	3.794	-5.632
2521	321	2.815	-1.842
2521	322	-1.046	0.182
2521	323	-3.604	7.404
2521	324	-5.111	-4.453
2521	325	-5.908	-4.301
2521	376	-1.090	2.646
2521	381	-7.159	4.980
2521	382	-6.881	6.297
2521	383	-6.417	5.695
2521	384	5.840	6.102
2521	386	3.602	7.233
2521	468	5.026	-2.957
2521	473	4.547	-2.973
2531	114	2.511	-5.802
2531	115	1.509	-5.148
2531	116	1.989	-5.096
2531	117	3.334	-5.837
2531	121	0.134	-1.365
2531	122	-2.407	-2.612
2531	123	-0.005	-0.936
2531	124	-3.509	-3.000
2531	125	4.171	5.461
2531	126	4.911	5.192
2531	127	-0.877	-0.127
2531	128	0.053	-0.374
2531	129	0.730	0.166
2531	130	-0.805	0.466
2531	131	-2.088	-1.778
2531	132	0.057	0.381
2531	133	-1.190	0.696
2531	134	0.396	1.232
2531	135	1.790	-0.873
2531	136	1.110	2.153
2531	137	1.971	4.640
2531	138	1.339	4.846
2531	139	1.068	5.742
2531	140	0.790	7.423
2531	227	6.442	2.086
2531	228	6.460	1.561
2531	232	-0.220	4.535
2531	233	0.396	4.387
2531	238	-0.836	4.579
2531	243	-3.480	6.763
2531	244	-2.489	5.082
2531	245	-1.924	5.488
2531	246	2.793	6.066
2531	247	3.304	6.470
2531	248	2.461	3.061
2531	249	3.094	2.983
2531	250	6.215	2.429
2531	251	-1.361	-0.625
2531	252	-1.332	-1.337
2531	253	0.459	-5.429
2531	254	1.204	-5.576
2531	255	3.776	-5.323
2531	321	2.980	-1.887
2531	322	-1.346	0.029
2531	323	-4.036	7.564
2531	324	-5.127	-4.187
2531	325	-5.850	-4.060
2531	376	-1.099	2.579
2531	381	-7.484	4.835
2531	382	-7.024	6.210
2531	383	-6.649	5.623
2531	384	5.954	6.068
2531	386	3.138	7.275
2531	468	5.026	-2.957
2531	473	4.547	-2.973
2541	115	1.564	-5.314
2541	116	2.049	-5.249
2541	121	0.108	-1.346
2541	122	-2.747	-2.744
2541	123	-0.031	-0.917
2541	124	-3.728	-3.213
2541	125	4.325	6.271
2541	126	5.004	5.795
2541	127	-0.996	-0.304
2541	128	-0.133	-0.450
2541	129	0.631	-0.036
2541	130	-0.918	0.265
2541	131	-2.434	-2.117
2541	132	-0.107	0.204
2541	133	-1.408	0.383
2541	134	0.238	1.048
2541	135	1.554	-1.465
2541	136	1.115	1.791
2541	137	1.931	4.393
2541	138	1.289	4.522
2541	139	0.919	5.128
2541	140	0.729	6.927
2541	141	1.521	7.440
2541	227	6.442	2.086
2541	228	6.460	1.561
2541	232	-0.184	4.751
2541	233	0.421	4.653
2541	238	-0.862	4.755
2541	243	-3.575	6.889
2541	244	-3.089	5.299
2541	245	-2.554	5.683
2541	246	2.839	6.365
2541	247	3.348	6.930
2541	248	2.379	3.475
2541	249	3.041	3.436
2541	250	6.309	2.488
2541	251	-1.617	-0.370
2541	252	-1.434	-1.157
2541	253	0.378	-5.202
2541	254	1.081	-5.361
2541	255	3.746	-4.914
2541	321	3.106	-1.901
2541	322	-1.390	-0.187
2541	323	-4.438	7.630
2541	324	-5.218	-3.827
2541	325	-5.872	-3.869
2541	376	-1.067	2.450
2541	382	-7.162	6.126
2541	383	-6.919	5.516
2541	384	5.756	6.425
2541	386	2.705	7.312
2541	468	5.026	-2.957
2541	473	4.547	-2.973
2551	115	1.615	-5.467
2551	116	2.104	-5.392
2551	121	0.184	-1.341
2551	122	-3.097	-2.895
2551	123	-0.081	-0.961
2551	124	-4.431	-3.527
2551	125	4.415	6.742
2551	126	5.096	6.393
2551	127	-1.082	-0.650
2551	128	-0.334	-0.566
2551	129	0.499	-0.206
2551	130	-1.009	0.088
2551	131	-2.712	-2.306
2551	132	-0.281	0.043
2551	133	-1.488	0.186
2551	134	0.097	0.866
2551	135	1.383	-1.931
2551	136	1.120	1.170
2551	137	1.860	4.075
2551	138	1.263	4.291
2551	139	0.805	4.791
2551	140	0.723	6.611
2551	141	1.423	6.996
2551	227	6.442	2.086
2551	228	6.460	1.561
2551	232	-0.033	4.692
2551	233	0.389	4.891
2551	238	-0.887	4.926
2551	243	-3.665	7.026
2551	244	-3.222	5.348
2551	245	-2.868	5.819
2551	246	2.859	6.590
2551	247	3.376	7.230
2551	248	2.386	3.698
2551	249	2.996	3.889
2551	250	6.401	2.546
2551	251	-1.876	-0.111
2551	252	-1.599	-0.990
2551	253	0.273	-4.894
2551	254	0.954	-5.067
2551	255	3.652	-4.711
2551	321	3.190	-2.032
2551	322	-1.410	-0.407
2551	323	-4.840	7.467
2551	324	-5.205	-3.502
2551	325	-5.843	-3.693
2551	376	-0.999	2.261
2551	382	-7.337	6.021
2551	383	-7.160	5.415
2551	386	2.331	7.342
2551	468	5.026	-2.957
2551	473	4.547	-2.973
2561	115	1.664	-5.616
2561	116	2.161	-5.540
2561	121	0.260	-1.356
2561	122	-3.329	-3.090
2561	123	-0.031	-0.938
2561	124	-4.657	-3.823
2561	127	-1.210	-1.187
2561	128	-0.506	-0.632
2561	129	0.289	-0.296
2561	130	-1.095	-0.077
2561	131	-3.082	-2.528
2561	132	-0.437	-0.073
2561	133	-1.504	0.107
2561	134	-0.045	0.675
2561	135	1.296	-2.226
2561	136	1.146	0.776
2561	137	1.752	3.599
2561	138	1.218	3.937
2561	139	0.510	3.995
2561	140	0.776	6.275
2561	141	1.321	6.500
2561	227	6.442	2.086
2561	228	6.460	1.561
2561	232	0.014	4.829
2561	233	0.352	5.209
2561	238	-0.915	5.104
2561	243	-3.796	7.267
2561	244	-3.329	5.385
2561	245	-3.275	5.991
2561	246	2.881	6.992
2561	248	2.427	3.990
2561	249	3.001	4.130
2561	250	6.376	2.647
2561	251	-2.158	0.155
2561	252	-1.958	-0.729
2561	253	0.173	-4.570
2561	254	0.839	-4.753
2561	255	3.468	-4.493
2561	321	3.277	-2.239
2561	322	-1.415	-0.642
2561	323	-5.356	7.248
2561	324	-5.069	-3.298
2561	325	-5.689	-3.494
2561	376	-0.956	2.130
2561	382	-7.548	5.892
2561	383	-7.339	5.340
2561	386	2.023	7.365
2561	468	5.026	-2.957
2561	473	4.547	-2.973
2571	115	1.718	-5.777
2571	116	2.223	-5.699
2571	121	0.186	-1.424
2571	122	-3.646	-3.421
2571	123	-0.031	-0.938
2571	124	-4.838	-3.973
2571	127	-1.367	-1.490
2571	128	-0.631	-0.661
2571	129	0.382	-0.337
2571	130	-1.188	-0.267
2571	131	-3.488	-2.770
2571	132	-0.555	-0.131
2571	133	-1.544	0.009
2571	134	-0.249	0.553
2571	135	1.137	-2.729
2571	136	1.215	0.447
2571	137	1.722	3.294
2571	138	1.165	3.506
2571	139	0.423	3.573
2571	140	0.866	5.740
2571	141	1.294	6.224
2571	227	6.316	2.027
2571	228	6.460	1.561
2571	232	-0.179	4.953
2571	233	0.267	5.436
2571	238	-0.629	4.890
2571	243	-4.015	7.658
2571	244	-3.589	5.456
2571	245	-3.714	6.176
2571	248	2.422	4.256
2571	249	3.079	4.461
2571	250	6.376	2.647
2571	251	-2.543	0.530
2571	252	-2.272	-0.440
2571	253	0.133	-4.334
2571	254	0.820	-4.528
2571	255	3.232	-4.211
2571	321	3.367	-2.461
2571	322	-1.435	-0.872
2571	323	-5.616	7.076
2571	324	-5.002	-3.182
2571	325	-5.642	-3.399
2571	376	-0.929	2.040
2571	383	-7.533	5.258
2571	386	1.780	7.379
2571	468	5.026	-2.957
2571	473	4.547	-2.973
2581	115	1.775	-5.949
2581	121	0.287	-1.417
2581	122	-4.097	-3.887
2581	123	0.046	-0.954
2581	124	-5.107	-4.390
2581	127	-1.568	-1.735
2581	128	-0.714	-0.806
2581	129	0.258	-0.383
2581	130	-1.107	-0.221
2581	131	-3.790	-2.942
2581	132	-0.662	-0.234
2581	133	-1.655	-0.178
2581	134	-0.500	0.470
2581	135	1.122	-3.035
2581	136	1.344	-0.170
2581	137	1.746	3.019
2581	138	1.150	3.206
2581	139	0.456	2.971
2581	140	0.875	5.415
2581	141	1.295	5.798
2581	227	6.257	1.848
2581	228	6.460	1.561
2581	232	-0.100	5.274
2581	233	0.177	5.562
2581	238	-0.631	4.974
2581	243	-4.179	7.995
2581	244	-3.962	5.570
2581	245	-4.044	6.313
2581	248	2.344	4.447
2581	249	3.112	4.781
2581	250	6.376	2.647
2581	251	-2.699	0.794
2581	252	-2.365	-0.160
2581	253	0.085	-4.026
2581	254	0.815	-4.271
2581	255	3.111	-3.996
2581	321	3.430	-2.653
2581	322	-1.488	-1.181
2581	323	-5.957	6.838
2581	324	-4.810	-3.012
2581	325	-5.535	-3.286
2581	326	-2.942	-0.308
2581	376	-0.865	1.891
2581	383	-7.794	5.148
2581	386	1.463	7.396
2581	468	5.026	-2.957
2581	473	4.547	-2.973
2591	121	0.309	-1.311
2591	122	-4.376	-4.226
2591	123	0.096	-0.909
2591	124	-5.236	-4.741
2591	127	-1.817	-2.057
2591	128	-0.779	-1.062
2591	129	0.058	-0.433
2591	130	-1.267	-0.422
2591	131	-4.186	-3.134
2591	132	-0.773	-0.417
2591	133	-1.796	-0.349
2591	134	-0.778	0.396
2591	135	1.205	-3.263
2591	136	1.436	-0.621
2591	137	1.782	2.594
2591	138	1.166	2.957
2591	139	0.509	2.262
2591	140	0.803	5.115
2591	141	1.292	5.254
2591	227	6.256	1.418
2591	228	6.460	1.561
2591	232	-0.128	5.381
2591	233	0.120	5.679
2591	238	-0.609	5.117
2591	243	-4.266	8.243
2591	244	-4.377	5.688
2591	245	-4.329	6.395
2591	248	2.457	4.386
2591	249	2.950	4.867
2591	250	6.376	2.647
2591	251	-2.919	1.219
2591	252	-2.483	0.227
2591	253	0.037	-3.670
2591	254	0.807	-4.024
2591	255	2.978	-3.625
2591	321	3.518	-2.905
2591	322	-1.494	-1.459
2591	323	-6.311	6.584
2591	324	-4.710	-2.929
2591	325	-5.323	-3.113
2591	326	-2.692	-0.394
2591	327	-2.975	-0.942
2591	376	-0.778	1.714
2591	386	1.034	7.418
2591	468	5.026	-2.957
2591	473	4.547	-2.973
2601	121	0.283	-1.292
2601	122	-4.604	-4.600
2601	123	0.046	-0.954
2601	124	-5.405	-5.039
2601	127	-2.072	-2.270
2601	128	-0.856	-1.377
2601	129	-0.121	-0.440
2601	130	-1.372	-0.622
2601	131	-4.556	-3.351
2601	132	-0.925	-0.627
2601	133	-1.878	-0.536
2601	134	-1.008	0.278
2601	135	1.305	-3.531
2601	136	1.490	-0.935
2601	137	1.813	2.239
2601	138	1.194	2.566
2601	139	0.614	1.897
2601	140	0.670	4.604
2601	141	1.272	4.988
2601	227	6.366	1.002
2601	228	6.460	1.561
2601	232	-0.127	5.340
2601	233	0.111	5.871
2601	238	-0.768	5.159
2601	243	-4.358	8.507
2601	244	-4.722	5.733
2601	245	-4.603	6.425
2601	248	2.480	4.346
2601	249	3.028	4.870
2601	250	6.376	2.647
2601	251	-3.090	1.539
2601	252	-2.547	0.505
2601	253	0.048	-3.411
2601	254	0.790	-3.787
2601	255	2.779	-3.048
2601	321	3.561	-3.117
2601	322	-1.426	-1.753
2601	323	-6.548	6.392
2601	324	-4.653	-2.882
2601	325	-5.253	-3.010
2601	326	-2.523	-0.525
2601	327	-3.017	-1.052
2601	376	-0.722	1.616
2601	386	0.701	7.436
2601	468	5.026	-2.957
2601	473	4.547	-2.973
2611	121	0.245	-1.151
2611	122	-5.006	-5.265
2611	123	-0.110	-0.858
2611	124	-6.032	-5.515
2611	127	-2.322	-2.400
2611	128	-0.957	-1.612
2611	129	-0.074	-0.292
2611	130	-1.393	-0.884
2611	131	-4.800	-3.634
2611	132	-1.047	-0.845
2611	133	-1.878	-0.744
2611	134	-1.187	0.110
2611	135	1.351	-3.753
2611	136	1.601	-1.585
2611	137	1.835	2.002
2611	138	1.221	2.175
2611	139	0.896	1.055
2611	140	0.585	4.183
2611	141	1.227	4.633
2611	227	6.453	0.821
2611	228	6.460	1.561
2611	232	-0.126	5.319
2611	233	0.262	5.729
2611	238	-0.746	5.324
2611	243	-4.449	8.768
2611	244	-5.049	5.778
2611	245	-4.908	6.430
2611	248	2.482	4.270
2611	249	3.070	4.846
2611	250	6.376	2.647
2611	251	-3.245	1.878
2611	252	-2.626	0.962
2611	253	0.092	-2.915
2611	254	0.751	-3.437
2611	255	2.787	-2.729
2611	321	3.600	-3.420
2611	322	-1.334	-2.145
2611	323	-6.783	6.193
2611	324	-4.461	-2.729
2611	325	-5.241	-2.959
2611	326	-2.460	-0.729
2611	327	-3.075	-0.999
2611	376	-0.663	1.484
2611	386	0.412	7.474
2611	468	5.026	-2.957
2611	473	4.547	-2.973
2621	121	0.549	-1.007
2621	122	-5.300	-5.717
2621	123	-0.057	-0.918
2621	124	-6.186	-5.747
2621	127	-2.558	-2.531
2621	128	-1.050	-1.853
2621	129	-0.281	-0.257
2621	130	-1.390	-0.993
2621	131	-5.259	-4.216
2621	132	-1.054	-1.065
2621	133	-1.878	-0.908
2621	134	-1.357	-0.090
2621	135	1.372	-3.991
2621	136	1.671	-1.990
2621	137	1.867	1.632
2621	138	1.235	1.926
2621	139	1.042	0.591
2621	140	0.584	3.915
2621	141	1.165	4.149
2621	227	6.492	0.607
2621	228	6.460	1.561
2621	232	-0.051	5.329
2621	233	0.212	5.778
2621	238	-0.835	5.552
2621	244	-5.375	5.803
2621	245	-5.224	6.429
2621	248	2.523	4.322
2621	249	3.068	4.901
2621	250	6.376	2.647
2621	251	-3.464	2.368
2621	252	-2.732	1.283
2621	253	0.157	-2.491
2621	254	0.745	-3.130
2621	255	2.957	-1.918
2621	321	3.640	-3.771
2621	322	-1.263	-2.415
2621	323	-7.058	5.959
2621	324	-4.315	-2.729
2621	325	-5.032	-2.882
2621	326	-2.392	-0.908
2621	327	-3.071	-0.997
2621	376	-0.600	1.289
2621	386	-0.018	7.583
2621	468	5.026	-2.957
2621	473	4.547	-2.973
2631	121	0.551	-1.089
2631	122	-5.566	-6.085
2631	123	-0.057	-0.918
2631	124	-6.533	-6.093
2631	127	-2.793	-2.659
2631	128	-1.151	-2.111
2631	129	-0.541	-0.309
2631	130	-1.328	-1.251
2631	131	-5.648	-4.684
2631	132	-1.017	-1.311
2631	133	-1.876	-1.062
2631	134	-1.540	-0.287
2631	135	1.394	-4.294
2631	136	1.740	-2.379
2631	137	1.907	1.173
2631	138	1.235	1.629
2631	139	1.196	0.038
2631	140	0.606	3.413
2631	141	1.136	3.806
2631	227	6.480	0.475
2631	228	6.460	1.561
2631	232	-0.026	5.346
2631	233	0.186	5.822
2631	238	-0.917	5.758
2631	244	-5.690	5.781
2631	245	-5.517	6.445
2631	248	2.400	4.167
2631	249	3.091	4.806
2631	250	6.376	2.647
2631	251	-3.735	2.593
2631	252	-2.908	1.638
2631	253	0.263	-2.224
2631	254	0.794	-2.867
2631	255	3.069	-1.311
2631	321	3.634	-3.991
2631	322	-1.135	-2.883
2631	323	-7.345	5.716
2631	324	-4.122	-2.746
2631	325	-4.780	-2.817
2631	326	-2.403	-1.123
2631	327	-2.969	-1.146
2631	376	-0.585	1.116
2631	386	-0.367	7.659
2631	468	5.026	-2.957
2631	473	4.547	-2.973
2641	121	0.377	-1.079
2641	122	-5.950	-6.609
2641	123	-0.007	-0.874
2641	124	-6.817	-6.412
2641	127	-3.055	-2.779
2641	128	-1.355	-2.285
2641	129	-0.795	-0.598
2641	130	-1.461	-1.501
2641	131	-5.976	-5.011
2641	132	-1.010	-1.556
2641	133	-1.862	-1.263
2641	134	-1.771	-0.420
2641	135	1.420	-4.620
2641	136	1.853	-3.015
2641	137	1.947	0.875
2641	138	1.230	1.227
2641	139	1.415	-0.768
2641	140	0.630	2.853
2641	141	1.136	3.523
2641	227	6.499	0.393
2641	228	6.467	1.364
2641	232	-0.050	5.308
2641	233	0.288	5.705
2641	238	-0.890	5.785
2641	244	-5.921	5.762
2641	245	-5.799	6.453
2641	248	2.398	4.224
2641	249	3.009	4.836
2641	250	6.376	2.647
2641	251	-4.118	2.811
2641	252	-3.155	2.132
2641	253	0.414	-1.861
2641	254	0.885	-2.450
2641	255	3.092	-0.750
2641	321	3.608	-4.269
2641	322	-1.051	-3.208
2641	323	-7.598	5.501
2641	324	-3.831	-2.667
2641	325	-4.717	-2.820
2641	326	-2.481	-1.529
2641	327	-2.908	-1.318
2641	376	-0.508	0.957
2641	386	-0.673	7.700
2641	468	5.026	-2.957
2641	473	4.547	-2.973
2651	121	0.452	-1.075
2651	122	-6.226	-6.907
2651	123	0.044	-0.871
2651	124	-7.149	-6.786
2651	127	-3.330	-2.886
2651	128	-1.831	-2.578
2651	129	-1.058	-0.823
2651	130	-1.708	-1.873
2651	131	-6.342	-5.393
2651	132	-1.093	-1.798
2651	133	-1.821	-1.431
2651	134	-2.079	-0.533
2651	135	1.457	-4.880
2651	136	1.927	-3.329
2651	137	1.998	0.613
2651	138	1.272	0.935
2651	139	1.466	-1.124
2651	140	0.646	2.566
2651	141	1.131	2.946
2651	142	0.208	-6.338
2651	227	6.499	0.393
2651	228	6.467	1.364
2651	232	-0.049	5.288
2651	233	0.312	5.721
2651	238	-0.653	5.769
2651	244	-6.082	5.751
2651	245	-6.096	6.412
2651	248	2.397	4.262
2651	249	3.009	4.818
2651	250	6.376	2.647
2651	251	-4.574	3.063
2651	252	-3.366	2.408
2651	253	0.473	-1.606
2651	254	0.925	-2.162
2651	255	3.127	0.051
2651	321	3.598	-4.527
2651	322	-0.943	-3.649
2651	324	-3.581	-2.628
2651	325	-4.643	-2.802
2651	326	-2.536	-1.833
2651	327	-2.887	-1.450
2651	376	-0.335	0.812
2651	386	-1.065	7.751
2651	468	5.026	-2.957
2651	473	4.547	-2.973
2661	121	0.278	-1.086
2661	122	-6.606	-7.292
2661	123	-0.058	-0.855
2661	124	-7.449	-7.123
2661	127	-3.549	-2.974
2661	128	-2.291	-2.853
2661	129	-1.225	-1.051
2661	130	-1.802	-2.073
2661	131	-6.581	-5.708
2661	132	-1.244	-2.230
2661	133	-1.752	-1.520
2661	134	-2.482	-0.672
2661	135	1.507	-5.095
2661	136	2.013	-3.598
2661	137	2.078	0.199
2661	138	1.384	0.681
2661	139	1.516	-1.909
2661	140	0.655	2.178
2661	141	1.137	2.367
2661	142	0.351	-5.803
2661	227	6.499	0.393
2661	228	6.467	1.364
2661	232	-0.074	5.271
2661	233	0.286	5.766
2661	238	-0.601	5.782
2661	244	-6.317	5.729
2661	245	-6.387	6.339
2661	248	2.420	4.202
2661	249	3.068	4.901
2661	250	6.376	2.647
2661	251	-4.883	3.023
2661	252	-3.596	2.718
2661	253	0.510	-1.270
2661	254	0.956	-1.868
2661	255	3.179	0.497
2661	321	3.618	-4.728
2661	322	-0.861	-3.989
2661	324	-3.354	-2.511
2661	325	-4.406	-2.696
2661	326	-2.571	-2.163
2661	327	-2.682	-1.528
2661	376	-0.308	0.750
2661	386	-1.376	7.812
2661	468	5.026	-2.957
2661	473	4.547	-2.973
2671	121	0.404	-1.140
2671	122	-7.094	-7.787
2671	123	-0.007	-0.874
2671	127	-3.718	-3.046
2671	128	-2.663	-3.065
2671	129	-1.179	-1.259
2671	130	-1.944	-2.274
2671	131	-6.924	-6.160
2671	132	-1.411	-2.615
2671	133	-1.777	-1.652
2671	134	-2.831	-0.818
2671	135	1.588	-5.416
2671	136	2.134	-3.966
2671	137	2.145	-0.127
2671	138	1.593	0.250
2671	139	1.554	-2.630
2671	140	0.672	1.672
2671	141	1.171	2.078
2671	142	0.471	-5.251
2671	227	6.499	0.393
2671	228	6.467	1.364
2671	232	-0.075	5.291
2671	233	0.313	5.681
2671	238	-0.473	5.866
2671	244	-6.640	5.694
2671	245	-6.626	6.278
2671	248	2.397	4.262
2671	249	3.091	4.825
2671	250	6.376	2.647
2671	251	-5.282	2.850
2671	252	-3.878	2.982
2671	253	0.553	-0.885
2671	254	0.996	-1.489
2671	255	3.290	1.432
2671	256	-0.378	-6.379
2671	257	0.575	-6.392
2671	258	1.113	-6.327
2671	321	3.645	-4.973
2671	322	-0.764	-4.382
2671	324	-3.196	-2.373
2671	325	-4.261	-2.615
2671	326	-2.726	-2.411
2671	327	-2.451	-1.593
2671	376	-0.258	0.813
2671	386	-1.742	7.886
2671	468	5.026	-2.957
2671	473	4.547	-2.973
2681	121	0.526	-1.039
2681	122	-7.478	-8.176
2681	123	0.095	-0.868
2681	127	-3.945	-3.129
2681	128	-3.194	-3.364
2681	129	-1.062	-1.453
2681	130	-2.096	-2.478
2681	131	-7.311	-6.670
2681	132	-1.570	-2.858
2681	133	-1.903	-1.851
2681	134	-3.134	-0.977
2681	135	1.688	-5.812
2681	136	2.219	-4.258
2681	137	2.200	-0.358
2681	138	1.737	-0.112
2681	139	1.541	-2.969
2681	140	0.734	1.381
2681	141	1.243	1.655
2681	142	0.428	-4.971
2681	227	6.499	0.393
2681	228	6.467	1.364
2681	232	-0.075	5.291
2681	233	0.239	5.692
2681	238	-0.576	5.819
2681	244	-6.949	5.660
2681	245	-6.811	6.231
2681	248	2.354	4.267
2681	249	2.988	4.839
2681	250	6.376	2.647
2681	251	-5.665	2.638
2681	252	-4.226	3.027
2681	253	0.583	-0.640
2681	254	0.956	-1.244
2681	255	3.339	1.833
2681	256	-0.246	-6.201
2681	257	0.523	-6.167
2681	258	1.101	-6.076
2681	321	3.676	-5.255
2681	322	-0.654	-4.847
2681	324	-3.175	-2.343
2681	325	-4.294	-2.602
2681	326	-2.978	-2.735
2681	327	-2.287	-1.663
2681	376	-0.388	0.792
2681	386	-2.126	7.979
2681	468	5.026	-2.957
2681	473	4.547	-2.973
2691	121	0.467	-0.981
2691	123	0.069	-0.848
2691	127	-4.244	-3.224
2691	128	-3.528	-3.514
2691	129	-0.948	-1.638
2691	130	-2.248	-2.684
2691	131	-7.606	-7.058
2691	132	-1.754	-3.175
2691	133	-2.011	-2.080
2691	134	-3.660	-1.221
2691	135	1.758	-6.091
2691	136	2.261	-4.469
2691	137	2.293	-0.716
2691	138	1.773	-0.358
2691	139	1.503	-3.649
2691	140	0.900	1.015
2691	141	1.335	1.183
2691	142	0.247	-4.441
2691	227	6.499	0.393
2691	228	6.467	1.364
2691	232	-0.126	5.319
2691	233	0.213	5.737
2691	238	-0.600	5.761
2691	244	-7.218	5.631
2691	245	-6.959	6.193
2691	248	2.397	4.262
2691	249	3.008	4.855
2691	250	6.376	2.647
2691	251	-5.758	2.337
2691	252	-4.681	3.123
2691	253	0.646	-0.301
2691	254	0.856	-0.953
2691	255	3.441	2.629
2691	256	-0.189	-6.059
2691	257	0.476	-5.879
2691	258	1.093	-5.747
2691	321	3.702	-5.495
2691	322	-0.610	-5.108
2691	324	-3.095	-2.279
2691	325	-4.178	-2.567
2691	326	-3.133	-2.952
2691	327	-2.055	-1.658
2691	376	-0.415	0.834
2691	386	-2.427	8.097
2691	468	5.026	-2.957
2691	473	4.547	-2.973
2701	121	0.439	-0.967
2701	123	0.069	-0.848
2701	127	-4.560	-3.285
2701	128	-3.911	-3.640
2701	129	-0.972	-1.835
2701	130	-2.350	-2.871
2701	132	-2.018	-3.324
2701	133	-2.135	-2.300
2701	134	-4.030	-1.475
2701	136	2.312	-4.735
2701	137	2.403	-1.143
2701	138	1.818	-0.770
2701	139	1.500	-4.072
2701	140	1.101	0.548
2701	141	1.426	0.936
2701	142	0.033	-3.798
2701	227	6.499	0.393
2701	228	6.467	1.364
2701	232	-0.101	5.316
2701	233	0.313	5.681
2701	238	-0.627	5.786
2701	244	-7.516	5.598
2701	245	-7.158	6.143
2701	248	2.375	4.264
2701	249	2.967	4.842
2701	250	6.376	2.647
2701	251	-5.858	1.855
2701	252	-4.998	3.077
2701	253	0.671	-0.002
2701	254	0.730	-0.587
2701	255	3.605	3.102
2701	256	-0.021	-5.977
2701	257	0.424	-5.603
2701	258	1.048	-5.498
2701	322	-0.554	-5.450
2701	324	-2.909	-2.149
2701	325	-3.901	-2.500
2701	326	-3.136	-3.058
2701	327	-1.837	-1.577
2701	376	-0.362	0.813
2701	386	-2.767	8.232
2701	468	5.026	-2.957
2701	473	4.547	-2.973
2711	121	0.443	-0.996
2711	123	-0.033	-0.854
2711	127	-4.868	-3.323
2711	128	-4.202	-3.817
2711	129	-1.119	-2.150
2711	130	-2.339	-3.007
2711	132	-2.440	-3.472
2711	133	-2.354	-2.453
2711	134	-4.152	-1.744
2711	136	2.376	-5.072
2711	137	2.457	-1.445
2711	138	1.866	-1.218
2711	139	1.544	-4.458
2711	140	1.150	0.299
2711	141	1.589	0.569
2711	142	-0.054	-3.485
2711	227	6.499	0.393
2711	228	6.441	1.167
2711	232	-0.126	5.319
2711	233	0.312	5.721
2711	238	-0.444	5.737
2711	245	-7.420	6.076
2711	248	2.461	4.273
2711	249	2.863	4.894
2711	250	6.376	2.647
2711	252	-5.156	2.870
2711	253	0.629	0.269
2711	254	0.637	-0.345
2711	255	3.663	3.786
2711	256	0.169	-5.953
2711	257	0.358	-5.391
2711	258	0.953	-5.265
2711	322	-0.528	-5.722
2711	324	-2.888	-2.170
2711	325	-3.730	-2.458
2711	326	-3.315	-3.148
2711	327	-1.735	-1.517
2711	376	-0.467	0.834
2711	386	-3.072	8.364
2711	468	5.026	-2.957
2711	473	4.547	-2.973
2721	121	0.478	-1.070
2721	123	-0.057	-0.897
2721	127	-5.104	-3.461
2721	128	-4.406	-4.015
2721	129	-1.345	-2.666
2721	130	-2.428	-3.084
2721	132	-2.911	-3.628
2721	133	-2.494	-2.542
2721	134	-4.287	-2.112
2721	136	2.446	-5.438
2721	137	2.466	-1.664
2721	138	1.885	-1.480
2721	139	1.628	-5.206
2721	140	1.181	-0.028
2721	141	1.759	0.169
2721	142	-0.169	-2.949
2721	227	6.499	0.393
2721	228	6.480	0.969
2721	232	-0.125	5.278
2721	233	0.312	5.701
2721	238	-0.366	5.704
2721	248	2.505	4.230
2721	249	2.780	4.868
2721	250	6.448	2.381
2721	252	-5.338	2.642
2721	253	0.548	0.740
2721	254	0.495	-0.013
2721	255	3.662	4.455
2721	256	0.197	-5.970
2721	257	0.266	-5.137
2721	258	0.819	-4.945
2721	322	-0.521	-6.011
2721	324	-2.832	-2.097
2721	325	-3.561	-2.418
2721	326	-3.626	-3.260
2721	327	-1.641	-1.674
2721	376	-0.464	0.728
2721	386	-3.305	8.474
2721	468	5.026	-2.957
2721	473	4.547	-2.973
2731	121	0.697	-1.039
2731	123	0.044	-0.871
2731	127	-5.272	-3.677
2731	128	-4.606	-4.194
2731	129	-1.590	-2.931
2731	130	-2.703	-3.103
2731	132	-3.232	-3.696
2731	133	-2.507	-2.580
2731	134	-4.468	-2.387
2731	136	2.503	-5.738
2731	137	2.474	-1.956
2731	138	1.901	-1.805
2731	139	1.697	-5.816
2731	140	1.223	-0.365
2731	141	1.836	-0.073
2731	142	-0.330	-2.228
2731	143	-5.760	7.058
2731	144	-6.153	7.747
2731	227	6.499	0.393
2731	228	6.480	0.969
2731	232	-0.100	5.274
2731	233	0.261	5.790
2731	238	-0.313	5.634
2731	248	2.352	4.324
2731	249	2.735	4.987
2731	250	6.448	2.381
2731	252	-5.499	2.409
2731	253	0.477	1.192
2731	254	0.282	0.484
2731	255	3.525	4.911
2731	256	0.180	-5.987
2731	257	0.145	-4.804
2731	258	0.741	-4.712
2731	322	-0.511	-6.370
2731	324	-2.627	-1.867
2731	325	-3.287	-2.359
2731	326	-3.950	-3.368
2731	327	-1.592	-1.814
2731	376	-0.389	0.834
2731	386	-3.504	8.569
2731	468	5.026	-2.957
2731	473	4.547	-2.973
2741	121	0.704	-1.284
2741	123	-0.081	-0.961
2741	127	-5.417	-3.855
2741	128	-4.778	-4.406
2741	129	-1.915	-3.113
2741	130	-3.024	-3.092
2741	132	-3.485	-3.725
2741	133	-2.713	-2.616
2741	134	-4.736	-2.644
2741	136	2.547	-5.966
2741	137	2.484	-2.265
2741	138	1.921	-2.222
2741	140	1.286	-0.590
2741	141	1.936	-0.415
2741	142	-0.439	-1.887
2741	143	-5.455	6.737
2741	144	-5.627	7.415
2741	227	6.509	0.096
2741	228	6.480	0.969
2741	232	-0.125	5.299
2741	233	0.287	5.725
2741	238	-0.340	5.700
2741	248	2.352	4.324
2741	249	2.631	4.945
2741	250	6.448	2.381
2741	252	-5.609	2.176
2741	253	0.455	1.455
2741	254	0.143	0.847
2741	255	3.379	5.513
2741	256	0.315	-5.935
2741	257	0.045	-4.528
2741	258	0.668	-4.445
2741	277	-1.264	7.837
2741	324	-2.403	-1.610
2741	325	-3.124	-2.321
2741	326	-4.258	-3.431
2741	327	-1.449	-1.972
2741	376	-0.414	0.792
2741	386	-3.783	8.676
2741	468	5.026	-2.957
2741	473	4.547	-2.973
2751	121	0.880	-1.688
2751	123	-0.049	-1.190
2751	127	-5.554	-4.042
2751	128	-4.944	-4.656
2751	129	-2.298	-3.319
2751	130	-3.353	-3.093
2751	132	-3.751	-3.790
2751	133	-2.972	-2.650
2751	134	-5.127	-3.013
2751	137	2.490	-2.491
2751	138	1.938	-2.477
2751	140	1.399	-0.895
2751	141	2.083	-0.905
2751	142	-0.659	-1.387
2751	143	-5.148	6.521
2751	144	-5.156	7.128
2751	227	6.509	0.096
2751	228	6.480	0.969
2751	232	-0.049	5.267
2751	233	0.288	5.685
2751	238	-0.313	5.634
2751	248	2.375	4.283
2751	249	2.657	4.811
2751	250	6.448	2.381
2751	252	-5.720	1.918
2751	253	0.451	1.802
2751	254	0.072	1.103
2751	255	3.183	6.251
2751	256	0.585	-5.825
2751	257	-0.037	-4.309
2751	258	0.579	-4.117
2751	277	-1.240	7.163
2751	324	-2.470	-1.414
2751	325	-3.108	-2.309
2751	326	-4.478	-3.486
2751	327	-1.181	-2.170
2751	376	-0.260	0.855
2751	386	-3.988	8.723
2751	468	5.026	-2.957
2751	473	4.547	-2.973
2761	121	1.300	-2.025
2761	123	0.061	-1.496
2761	127	-5.695	-4.281
2761	128	-5.132	-4.930
2761	129	-2.603	-3.429
2761	130	-3.662	-3.172
2761	132	-4.016	-3.883
2761	133	-3.165	-2.675
2761	134	-5.611	-3.467
2761	137	2.511	-2.692
2761	138	1.958	-2.703
2761	140	1.533	-1.263
2761	141	2.164	-1.264
2761	142	-0.967	-0.687
2761	143	-4.712	6.305
2761	144	-4.747	6.910
2761	145	-6.485	7.309
2761	227	6.509	0.096
2761	228	6.480	0.969
2761	232	-0.100	5.274
2761	233	0.312	5.701
2761	238	-0.419	5.754
2761	248	2.420	4.221
2761	249	2.634	4.852
2761	250	6.448	2.381
2761	252	-5.828	1.666
2761	253	0.445	2.261
2761	254	-0.040	1.523
2761	255	2.941	6.685
2761	256	0.897	-5.697
2761	257	-0.159	-3.999
2761	258	0.498	-3.883
2761	277	-1.240	6.790
2761	324	-2.615	-1.326
2761	325	-3.023	-2.292
2761	326	-4.720	-3.527
2761	327	-1.076	-2.390
2761	376	-0.133	0.881
2761	386	-4.101	8.724
2761	468	5.026	-2.957
2761	473	4.547	-2.973
2771	121	1.265	-2.432
2771	123	0.370	-1.721
2771	127	-5.834	-4.562
2771	128	-5.273	-5.189
2771	129	-2.944	-3.510
2771	130	-3.996	-3.260
2771	132	-4.168	-3.900
2771	133	-3.400	-2.705
2771	134	-5.993	-3.850
2771	137	2.557	-2.906
2771	138	1.983	-2.967
2771	140	1.589	-1.520
2771	141	2.174	-1.491
2771	142	-1.106	-0.359
2771	143	-4.152	6.030
2771	144	-4.057	6.552
2771	145	-6.249	6.952
2771	227	6.509	0.096
2771	228	6.480	0.969
2771	232	-0.075	5.291
2771	233	0.263	5.689
2771	238	-0.366	5.704
2771	248	2.396	4.281
2771	249	2.636	4.795
2771	250	6.448	2.381
2771	253	0.405	2.570
2771	254	-0.148	1.928
2771	255	2.529	7.386
2771	256	1.140	-5.586
2771	257	-0.255	-3.724
2771	258	0.353	-3.572
2771	277	-1.258	6.442
2771	324	-2.568	-1.195
2771	325	-2.783	-2.256
2771	326	-5.054	-3.555
2771	327	-1.071	-2.838
2771	376	-0.234	0.876
2771	386	-4.282	8.852
2771	468	5.026	-2.957
2771	473	4.547	-2.973
2781	121	1.365	-2.622
2781	123	0.657	-2.231
2781	127	-5.974	-4.876
2781	128	-5.396	-5.447
2781	129	-3.275	-3.616
2781	130	-4.350	-3.342
2781	132	-4.248	-3.888
2781	133	-3.713	-2.747
2781	134	-6.240	-4.132
2781	137	2.614	-3.121
2781	138	2.001	-3.210
2781	140	1.621	-1.821
2781	141	2.188	-1.792
2781	142	-1.299	0.128
2781	143	-3.826	5.805
2781	144	-3.513	6.249
2781	145	-5.934	6.456
2781	227	6.520	0.245
2781	228	6.480	0.969
2781	232	-0.127	5.340
2781	233	0.264	5.668
2781	238	-0.575	5.799
2781	248	2.332	4.269
2781	249	2.592	4.857
2781	250	6.448	2.381
2781	253	0.327	2.847
2781	254	-0.215	2.181
2781	256	1.391	-5.459
2781	257	-0.329	-3.434
2781	258	0.120	-3.090
2781	277	-1.215	5.919
2781	324	-2.444	-1.024
2781	325	-2.459	-2.244
2781	326	-5.408	-3.610
2781	327	-1.034	-3.247
2781	376	-0.284	0.813
2781	386	-4.460	9.016
2781	468	5.026	-2.957
2781	473	4.547	-2.973
2791	121	1.443	-2.914
2791	123	0.863	-2.598
2791	127	-6.152	-5.163
2791	128	-5.527	-5.716
2791	129	-3.519	-3.788
2791	130	-4.610	-3.508
2791	132	-4.387	-3.991
2791	133	-4.086	-2.807
2791	134	-6.479	-4.433
2791	137	2.657	-3.320
2791	138	2.007	-3.411
2791	140	1.678	-2.285
2791	141	2.201	-2.136
2791	142	-1.586	0.849
2791	143	-3.532	5.541
2791	144	-3.186	6.030
2791	145	-5.638	6.115
2791	227	6.520	0.245
2791	228	6.480	0.969
2791	232	-0.128	5.381
2791	233	0.289	5.644
2791	238	-0.442	5.675
2791	248	2.353	4.305
2791	249	2.636	4.795
2791	250	6.448	2.381
2791	253	0.213	3.302
2791	254	-0.305	2.554
2791	256	1.630	-5.375
2791	257	-0.462	-2.913
2791	258	0.017	-2.740
2791	259	1.067	-5.974
2791	277	-1.124	5.546
2791	324	-2.391	-0.893
2791	325	-2.146	-2.226
2791	326	-5.750	-3.685
2791	327	-0.884	-3.526
2791	376	-0.337	0.834
2791	386	-4.503	9.055
2791	468	5.026	-2.957
2791	473	4.547	-2.973
2801	121	1.267	-3.340
2801	123	0.874	-3.006
2801	127	-6.377	-5.406
2801	128	-5.649	-5.983
2801	129	-3.740	-3.948
2801	130	-4.800	-3.708
2801	132	-4.585	-4.202
2801	133	-4.451	-2.911
2801	134	-6.803	-4.841
2801	137	2.690	-3.493
2801	138	1.998	-3.567
2801	140	1.672	-2.606
2801	141	2.184	-2.390
2801	142	-1.775	1.271
2801	143	-3.158	5.206
2801	144	-2.640	5.676
2801	145	-5.313	5.859
2801	227	6.520	0.245
2801	228	6.480	0.969
2801	232	-0.152	5.343
2801	233	0.263	5.689
2801	238	-0.444	5.716
2801	248	2.419	4.259
2801	249	2.613	4.855
2801	250	6.448	2.381
2801	253	0.083	3.686
2801	254	-0.419	3.009
2801	256	1.849	-5.306
2801	257	-0.555	-2.546
2801	258	0.057	-2.385
2801	259	0.974	-5.792
2801	277	-1.277	5.185
2801	324	-2.169	-0.863
2801	325	-1.941	-2.070
2801	326	-5.840	-3.676
2801	327	-0.830	-3.727
2801	376	-0.259	0.834
2801	386	-4.413	8.972
2801	468	5.026	-2.957
2801	473	4.547	-2.973
2811	121	1.274	-3.582
2811	123	0.883	-3.332
2811	127	-6.616	-5.639
2811	128	-5.748	-6.237
2811	129	-3.950	-4.085
2811	130	-4.959	-3.881
2811	132	-4.791	-4.441
2811	133	-4.696	-3.099
2811	134	-7.174	-5.310
2811	137	2.717	-3.615
2811	138	1.980	-3.688
2811	140	1.619	-2.824
2811	141	2.161	-2.571
2811	142	-1.946	1.519
2811	143	-2.902	4.954
2811	144	-2.280	5.382
2811	145	-4.847	5.464
2811	227	6.520	0.245
2811	228	6.480	0.969
2811	232	-0.102	5.357
2811	233	0.337	5.697
2811	238	-0.469	5.699
2811	248	2.375	4.283
2811	249	2.634	4.852
2811	250	6.448	2.381
2811	253	-0.067	3.922
2811	254	-0.516	3.291
2811	256	2.063	-5.262
2811	257	-0.642	-2.202
2811	258	0.139	-1.740
2811	259	0.878	-5.606
2811	277	-1.422	4.640
2811	324	-2.057	-0.879
2811	325	-1.759	-1.913
2811	326	-5.626	-3.560
2811	327	-0.692	-3.614
2811	376	-0.260	0.855
2811	386	-4.373	8.935
2811	468	5.026	-2.957
2811	473	4.547	-2.973
2821	121	1.332	-3.958
2821	123	0.941	-3.672
2821	127	-6.858	-5.875
2821	128	-5.792	-6.453
2821	129	-4.138	-4.261
2821	130	-5.134	-4.062
2821	132	-5.008	-4.682
2821	133	-4.948	-3.382
2821	134	-7.477	-5.691
2821	137	2.739	-3.696
2821	138	2.001	-3.837
2821	140	1.569	-3.088
2821	141	2.170	-2.712
2821	142	-2.249	1.868
2821	143	-2.680	4.726
2821	144	-2.058	5.059
2821	145	-4.447	5.238
2821	227	6.520	0.245
2821	228	6.480	0.969
2821	232	-0.075	5.291
2821	233	0.313	5.661
2821	238	-0.418	5.733
2821	248	2.417	4.316
2821	249	2.571	4.860
2821	250	6.440	2.152
2821	253	-0.331	4.294
2821	254	-0.634	3.578
2821	256	2.355	-5.272
2821	257	-0.799	-1.573
2821	258	0.121	-1.415
2821	259	0.781	-5.429
2821	277	-1.457	4.130
2821	324	-1.996	-0.882
2821	325	-1.605	-1.744
2821	326	-5.371	-3.437
2821	327	-0.611	-3.624
2821	376	-0.259	0.834
2821	386	-4.470	9.025
2821	468	5.026	-2.957
2821	473	4.547	-2.973
2831	121	1.344	-4.361
2831	123	0.834	-4.161
2831	127	-7.102	-6.113
2831	128	-5.824	-6.642
2831	129	-4.334	-4.528
2831	130	-5.359	-4.276
2831	132	-5.249	-4.901
2831	133	-5.257	-3.736
2831	137	2.758	-3.820
2831	138	2.061	-4.015
2831	140	1.503	-3.350
2831	141	2.176	-2.835
2831	142	-2.411	2.178
2831	143	-2.403	4.453
2831	144	-1.689	4.514
2831	145	-4.044	5.150
2831	227	6.520	0.245
2831	228	6.480	0.969
2831	232	-0.101	5.336
2831	233	0.312	5.701
2831	238	-0.445	5.758
2831	248	2.397	4.262
2831	249	2.614	4.836
2831	250	6.440	2.152
2831	253	-0.575	4.635
2831	254	-0.798	3.995
2831	256	2.742	-5.286
2831	257	-0.912	-1.161
2831	258	0.032	-0.958
2831	259	0.672	-5.246
2831	277	-1.401	3.857
2831	324	-1.747	-0.850
2831	325	-1.505	-1.570
2831	326	-5.200	-3.354
2831	327	-0.558	-3.617
2831	328	-6.478	-4.122
2831	376	-0.234	0.855
2831	468	5.026	-2.957
2831	473	4.547	-2.973
2841	121	1.382	-4.881
2841	123	0.965	-4.488
2841	127	-7.350	-6.355
2841	128	-5.989	-6.857
2841	129	-4.738	-5.107
2841	130	-5.717	-4.608
2841	132	-5.549	-5.132
2841	133	-5.543	-4.001
2841	137	2.776	-3.996
2841	138	2.125	-4.196
2841	140	1.403	-3.560
2841	141	2.103	-2.983
2841	142	-2.299	2.363
2841	143	-2.203	4.209
2841	144	-1.430	4.154
2841	145	-3.544	5.043
2841	146	5.664	6.385
2841	227	6.520	0.245
2841	228	6.480	0.969
2841	232	-0.101	5.336
2841	233	0.239	5.692
2841	238	-0.369	5.808
2841	248	2.441	4.238
2841	249	2.508	4.832
2841	250	6.440	2.152
2841	253	-0.745	4.867
2841	254	-0.959	4.352
2841	256	2.980	-5.207
2841	257	-1.007	-0.875
2841	258	-0.087	-0.386
2841	259	0.539	-5.035
2841	277	-1.305	3.476
2841	324	-1.545	-0.871
2841	325	-1.469	-1.514
2841	326	-5.110	-3.311
2841	327	-0.690	-3.678
2841	328	-6.261	-4.042
2841	354	-6.309	4.481
2841	376	-0.287	0.918
2841	468	5.026	-2.957
2841	473	4.547	-2.973
2851	121	1.437	-5.737
2851	123	0.877	-4.992
2851	127	-7.603	-6.602
2851	128	-6.246	-7.096
2851	129	-5.112	-5.630
2851	130	-6.094	-4.962
2851	132	-5.911	-5.394
2851	133	-5.872	-4.249
2851	137	2.783	-4.192
2851	138	2.189	-4.378
2851	140	1.251	-3.780
2851	141	1.953	-3.155
2851	142	-2.217	2.464
2851	143	-2.054	3.951
2851	144	-1.185	3.842
2851	145	-3.185	4.940
2851	146	5.692	5.908
2851	147	5.270	6.555
2851	227	6.520	0.245
2851	228	6.480	0.969
2851	232	-0.178	5.347
2851	233	0.339	5.637
2851	238	-0.392	5.708
2851	248	2.356	4.210
2851	249	2.571	4.842
2851	250	6.429	2.021
2851	253	-0.995	5.205
2851	254	-1.100	4.585
2851	256	3.223	-5.129
2851	257	-1.156	-0.405
2851	258	-0.180	-0.105
2851	259	0.430	-4.832
2851	277	-1.194	3.100
2851	324	-1.414	-0.938
2851	325	-1.431	-1.444
2851	326	-5.100	-3.306
2851	327	-1.076	-3.493
2851	328	-6.152	-4.002
2851	354	-5.907	4.789
2851	376	-0.260	0.876
2851	468	5.026	-2.957
2851	473	4.547	-2.973
2861	123	0.930	-5.531
2861	128	-6.519	-7.349
2861	129	-5.345	-5.943
2861	130	-6.345	-5.209
2861	132	-6.186	-5.657
2861	133	-6.265	-4.542
2861	137	2.670	-4.149
2861	138	2.250	-4.559
2861	140	1.037	-4.049
2861	141	1.743	-3.346
2861	142	-2.237	2.492
2861	143	-1.852	3.583
2861	144	-0.773	3.313
2861	145	-2.630	4.799
2861	146	5.709	5.412
2861	147	5.255	6.106
2861	227	6.520	0.245
2861	228	6.480	0.969
2861	232	-0.075	5.312
2861	233	0.362	5.673
2861	238	-0.315	5.696
2861	248	2.417	4.297
2861	249	2.573	4.785
2861	250	6.440	2.152
2861	253	-1.263	5.571
2861	254	-1.276	4.858
2861	256	3.400	-5.001
2861	257	-1.293	-0.022
2861	258	-0.264	0.176
2861	259	0.345	-4.646
2861	277	-1.070	2.844
2861	324	-1.348	-0.902
2861	325	-1.346	-1.266
2861	326	-5.166	-3.338
2861	327	-1.359	-3.267
2861	328	-5.975	-3.937
2861	354	-5.682	5.023
2861	376	-0.260	0.855
2861	468	5.026	-2.957
2861	473	4.547	-2.973
2871	128	-6.807	-7.616
2871	129	-5.689	-6.439
2871	130	-6.611	-5.474
2871	132	-6.355	-5.915
2871	133	-6.590	-4.767
2871	137	2.699	-4.396
2871	138	2.451	-4.852
2871	140	0.879	-4.311
2871	141	1.550	-3.549
2871	142	-2.048	2.553
2871	143	-1.670	3.315
2871	144	-0.499	2.997
2871	145	-2.093	4.628
2871	146	5.681	5.160
2871	147	5.229	5.704
2871	227	6.520	0.245
2871	228	6.480	0.969
2871	232	-0.102	5.377
2871	233	0.362	5.673
2871	238	-0.444	5.737
2871	248	2.376	4.245
2871	249	2.593	4.820
2871	250	6.440	2.152
2871	253	-1.445	5.825
2871	254	-1.483	5.179
2871	256	3.529	-4.800
2871	257	-1.406	0.234
2871	258	-0.394	0.423
2871	259	0.237	-4.469
2871	277	-0.875	2.427
2871	324	-1.343	-0.730
2871	325	-1.303	-1.146
2871	326	-5.196	-3.352
2871	327	-2.018	-3.261
2871	328	-5.684	-3.830
2871	354	-5.463	5.364
2871	376	-0.211	0.959
2871	468	5.026	-2.957
2871	473	4.547	-2.973
2881	128	-7.095	-7.884
2881	129	-6.016	-6.779
2881	130	-6.909	-5.770
2881	132	-6.516	-6.177
2881	133	-7.024	-5.066
2881	137	2.798	-4.793
2881	138	2.388	-4.984
2881	140	0.844	-4.530
2881	141	1.489	-3.752
2881	142	-1.962	2.570
2881	143	-1.448	3.067
2881	144	-0.169	2.701
2881	145	-1.838	4.423
2881	146	5.605	4.898
2881	147	5.185	5.489
2881	227	6.520	0.245
2881	228	6.480	0.969
2881	232	-0.151	5.323
2881	233	0.313	5.661
2881	238	-0.445	5.758
2881	248	2.376	4.245
2881	249	2.574	4.747
2881	250	6.440	2.152
2881	253	-1.603	6.086
2881	254	-1.655	5.432
2881	256	3.677	-4.574
2881	257	-1.581	0.665
2881	258	-0.631	0.590
2881	259	0.133	-4.290
2881	277	-0.673	2.177
2881	324	-1.352	-0.519
2881	325	-1.246	-1.031
2881	326	-5.146	-3.328
2881	327	-2.504	-3.114
2881	328	-5.426	-3.792
2881	354	-5.198	5.579
2881	376	-0.333	0.842
2881	468	5.026	-2.957
2881	473	4.547	-2.973
2891	128	-7.376	-8.145
2891	129	-6.431	-7.068
2891	130	-7.204	-6.064
2891	132	-6.682	-6.444
2891	133	-7.481	-5.380
2891	137	2.866	-4.963
2891	138	2.479	-5.263
2891	140	0.849	-4.727
2891	141	1.480	-3.983
2891	142	-2.019	2.529
2891	143	-1.131	2.727
2891	144	0.401	2.201
2891	145	-1.468	4.083
2891	146	5.485	4.471
2891	147	5.098	5.101
2891	227	6.520	0.245
2891	228	6.480	0.969
2891	232	-0.129	5.422
2891	233	0.362	5.673
2891	238	-0.550	5.815
2891	248	2.418	4.278
2891	249	2.551	4.807
2891	250	6.440	2.152
2891	253	-1.786	6.409
2891	254	-1.804	5.655
2891	256	3.694	-4.372
2891	257	-1.779	1.068
2891	258	-0.940	0.798
2891	259	0.103	-4.091
2891	277	-0.136	1.978
2891	324	-1.361	-0.313
2891	325	-1.115	-0.855
2891	326	-5.017	-3.266
2891	327	-2.845	-3.058
2891	328	-5.238	-3.822
2891	354	-4.836	5.751
2891	376	-0.220	0.689
2891	468	5.026	-2.957
2891	473	4.547	-2.973
2901	129	-7.022	-7.480
2901	130	-7.475	-6.333
2901	132	-6.849	-6.716
2901	137	2.987	-5.184
2901	138	2.567	-5.536
2901	140	0.852	-4.915
2901	141	1.463	-4.263
2901	142	-1.961	2.504
2901	143	-0.928	2.453
2901	144	0.832	1.903
2901	145	-1.104	3.728
2901	146	5.380	4.155
2901	147	4.996	4.692
2901	227	6.520	0.245
2901	228	6.480	0.969
2901	232	-0.128	5.381
2901	233	0.337	5.697
2901	238	-0.600	5.761
2901	248	2.399	4.186
2901	249	2.552	4.788
2901	250	6.440	2.152
2901	253	-1.868	6.604
2901	254	-1.958	5.916
2901	256	3.669	-4.078
2901	257	-1.964	1.279
2901	258	-1.093	0.999
2901	259	0.129	-3.878
2901	277	0.099	1.722
2901	324	-1.393	-0.101
2901	325	-0.976	-0.723
2901	326	-4.810	-3.166
2901	327	-3.277	-2.997
2901	328	-4.952	-3.710
2901	354	-4.434	5.896
2901	355	-6.380	5.258
2901	356	-5.953	4.149
2901	357	-6.399	4.780
2901	376	-0.176	0.663
2901	432	-2.561	2.088
2901	468	5.026	-2.957
2901	473	4.547	-2.973
2911	132	-7.017	-6.988
2911	137	3.146	-5.475
2911	138	2.641	-5.763
2911	140	0.858	-5.107
2911	141	1.447	-4.565
2911	142	-1.916	2.576
2911	143	-0.791	2.160
2911	144	1.040	1.316
2911	145	-0.748	3.435
2911	146	5.287	3.974
2911	147	4.908	4.493
2911	227	6.520	0.245
2911	228	6.480	0.969
2911	232	-0.177	5.326
2911	233	0.288	5.705
2911	238	-0.709	5.903
2911	248	2.354	4.267
2911	249	2.574	4.766
2911	250	6.447	1.938
2911	253	-2.266	6.786
2911	254	-2.135	6.159
2911	256	3.640	-3.722
2911	257	-2.185	1.500
2911	258	-1.240	1.233
2911	259	0.160	-3.663
2911	277	0.308	1.409
2911	324	-1.445	0.115
2911	325	-0.867	-0.597
2911	326	-4.555	-3.042
2911	327	-3.631	-2.926
2911	328	-4.561	-3.518
2911	354	-4.095	5.870
2911	355	-6.051	5.469
2911	356	-5.917	4.390
2911	357	-6.336	4.984
2911	376	-0.129	0.561
2911	432	-2.561	2.088
2911	468	5.026	-2.957
2911	473	4.547	-2.973
2921	132	-7.184	-7.258
2921	140	0.868	-5.311
2921	141	1.447	-4.819
2921	142	-1.902	2.458
2921	143	-0.551	1.655
2921	144	1.131	0.701
2921	145	-0.421	2.992
2921	146	5.123	3.681
2921	147	4.743	4.207
2921	227	6.495	0.030
2921	228	6.485	0.804
2921	232	-0.127	5.360
2921	233	0.212	5.778
2921	238	-0.628	5.828
2921	248	2.441	4.219
2921	249	2.532	4.753
2921	250	6.457	1.659
2921	253	-2.389	6.891
2921	254	-2.234	6.471
2921	256	3.649	-3.474
2921	257	-2.397	1.711
2921	258	-1.390	1.468
2921	259	0.170	-3.449
2921	277	0.491	1.079
2921	324	-1.502	0.333
2921	325	-0.827	-0.403
2921	326	-4.677	-3.075
2921	327	-4.202	-2.740
2921	328	-4.217	-3.355
2921	354	-3.727	5.844
2921	355	-5.723	5.673
2921	356	-5.883	4.631
2921	357	-6.258	5.154
2921	376	-0.070	0.380
2921	432	-2.561	2.088
2921	468	5.026	-2.957
2921	473	4.547	-2.973
2931	140	0.879	-5.541
2931	141	1.463	-5.035
2931	142	-1.847	2.499
2931	143	-0.428	1.317
2931	144	1.395	0.378
2931	145	-0.179	2.603
2931	146	4.916	3.311
2931	147	4.539	3.842
2931	227	6.495	0.030
2931	228	6.485	0.804
2931	232	-0.127	5.340
2931	233	0.313	5.681
2931	238	-0.625	5.723
2931	248	2.461	4.254
2931	249	2.571	4.842
2931	250	6.446	1.495
2931	253	-2.807	7.119
2931	254	-2.587	6.640
2931	256	3.687	-3.232
2931	258	-1.515	1.658
2931	259	0.203	-3.187
2931	277	0.695	0.753
2931	324	-1.514	0.550
2931	325	-0.799	-0.108
2931	326	-5.185	-3.293
2931	327	-4.560	-2.780
2931	328	-4.013	-3.261
2931	354	-3.380	5.795
2931	355	-5.470	5.835
2931	356	-5.870	4.871
2931	357	-6.294	5.365
2931	376	-0.018	0.221
2931	432	-2.561	2.088
2931	468	5.026	-2.957
2931	473	4.547	-2.973
2941	140	0.892	-5.803
2941	141	1.489	-5.328
2941	142	-1.902	2.458
2941	143	-0.371	1.054
2941	144	1.416	-0.337
2941	145	-0.065	2.183
2941	146	4.793	3.059
2941	147	4.445	3.615
2941	227	6.495	0.030
2941	228	6.485	0.804
2941	232	-0.078	5.394
2941	233	0.336	5.718
2941	238	-0.574	5.736
2941	248	2.395	4.318
2941	249	2.593	4.820
2941	250	6.434	1.397
2941	253	-3.048	7.302
2941	254	-2.791	6.776
2941	256	3.739	-2.901
2941	258	-1.584	1.763
2941	259	0.230	-2.905
2941	277	0.971	0.372
2941	324	-1.526	0.810
2941	325	-0.773	0.207
2941	326	-5.463	-3.539
2941	327	-4.872	-3.223
2941	328	-3.913	-3.215
2941	354	-3.076	5.711
2941	355	-5.206	6.054
2941	356	-5.880	5.080
2941	357	-6.412	5.569
2941	376	0.055	0.032
2941	432	-2.561	2.088
2941	468	5.026	-2.957
2941	473	4.547	-2.973
2951	140	0.906	-6.063
2951	141	1.523	-5.699
2951	142	-1.930	2.437
2951	143	-0.283	0.695
2951	144	1.566	-0.727
2951	145	0.198	1.781
2951	146	4.718	2.853
2951	147	4.380	3.362
2951	148	5.761	6.502
2951	149	5.075	6.742
2951	227	6.495	0.030
2951	228	6.485	0.804
2951	232	-0.126	5.319
2951	233	0.224	5.754
2951	238	-0.625	5.723
2951	248	2.420	4.221
2951	249	2.572	4.804
2951	250	6.408	1.217
2951	253	-3.307	7.478
2951	254	-3.045	6.954
2951	256	3.777	-2.640
2951	258	-1.378	1.720
2951	259	0.145	-2.701
2951	277	1.125	-0.027
2951	324	-1.529	1.098
2951	325	-0.775	0.465
2951	326	-5.583	-3.875
2951	327	-5.153	-3.719
2951	328	-3.698	-3.115
2951	354	-2.790	5.617
2951	355	-4.900	6.140
2951	356	-5.881	5.274
2951	357	-6.517	5.644
2951	376	0.135	-0.142
2951	432	-2.561	2.088
2951	468	5.026	-2.957
2951	473	4.547	-2.973
2961	140	0.917	-6.290
2961	141	1.550	-5.992
2961	142	-1.988	2.440
2961	143	-0.243	0.399
2961	144	1.699	-1.353
2961	145	0.288	1.225
2961	146	4.595	2.513
2961	147	4.285	2.983
2961	148	5.522	5.977
2961	149	4.861	6.271
2961	227	6.506	0.195
2961	228	6.459	0.640
2961	232	-0.075	5.312
2961	233	0.211	5.798
2961	238	-0.624	5.661
2961	248	2.418	4.278
2961	249	2.571	4.860
2961	250	6.408	1.217
2961	253	-3.558	7.660
2961	254	-3.311	7.082
2961	256	3.809	-2.435
2961	258	-1.463	1.766
2961	259	-0.057	-2.394
2961	277	1.183	-0.406
2961	324	-1.366	1.331
2961	325	-0.794	0.854
2961	326	-5.736	-4.289
2961	327	-5.106	-4.062
2961	328	-3.326	-2.957
2961	354	-2.501	5.548
2961	355	-4.583	6.134
2961	356	-5.821	5.487
2961	357	-6.569	5.715
2961	376	0.198	-0.324
2961	432	-2.561	2.088
2961	468	5.026	-2.957
2961	473	4.547	-2.973
2971	142	-1.961	2.504
2971	143	-0.265	0.113
2971	144	1.624	-1.954
2971	145	0.375	0.793
2971	146	4.471	2.169
2971	147	4.201	2.701
2971	148	5.195	5.261
2971	149	4.543	5.575
2971	227	6.506	0.195
2971	228	6.459	0.640
2971	232	-0.078	5.394
2971	233	0.360	5.754
2971	238	-0.650	5.685
2971	248	2.419	4.240
2971	249	2.571	4.842
2971	250	6.408	1.217
2971	253	-3.739	7.876
2971	254	-3.559	7.160
2971	256	3.867	-2.184
2971	258	-1.432	1.679
2971	259	-0.294	-2.052
2971	277	1.333	-0.720
2971	324	-0.997	1.750
2971	325	-0.736	1.115
2971	326	-5.897	-4.597
2971	327	-5.093	-4.449
2971	328	-2.885	-2.767
2971	354	-2.162	5.509
2971	355	-4.289	6.129
2971	356	-5.751	5.599
2971	357	-6.532	5.908
2971	376	0.236	-0.499
2971	432	-2.561	2.088
2971	468	5.026	-2.957
2971	473	4.547	-2.973
2981	142	-1.959	2.461
2981	143	-0.300	-0.308
2981	144	1.776	-2.435
2981	145	0.630	0.488
2981	146	4.396	1.957
2981	147	4.122	2.501
2981	148	5.060	4.979
2981	149	4.388	5.255
2981	227	6.506	0.195
2981	228	6.459	0.640
2981	232	-0.052	5.390
2981	233	0.286	5.766
2981	238	-0.704	5.714
2981	248	2.440	4.256
2981	249	2.636	4.795
2981	250	6.408	1.217
2981	253	-3.871	8.038
2981	254	-3.749	7.305
2981	256	3.894	-1.948
2981	258	-1.461	1.723
2981	259	-0.471	-1.873
2981	277	1.440	-1.193
2981	324	-0.863	2.034
2981	325	-0.610	1.429
2981	326	-6.143	-5.063
2981	327	-5.246	-4.841
2981	328	-2.603	-2.580
2981	354	-1.474	5.383
2981	355	-3.983	6.121
2981	356	-5.699	5.648
2981	357	-6.444	6.098
2981	376	0.258	-0.607
2981	432	-2.561	2.088
2981	468	5.026	-2.957
2981	473	4.547	-2.973
2991	142	-2.046	2.465
2991	143	-0.310	-0.614
2991	144	1.860	-2.980
2991	145	0.667	0.021
2991	146	4.305	1.693
2991	147	3.992	2.184
2991	148	4.840	4.541
2991	149	4.179	4.872
2991	227	6.506	0.195
2991	228	6.459	0.640
2991	232	-0.101	5.336
2991	233	0.236	5.774
2991	238	-0.811	5.793
2991	248	2.504	4.249
2991	249	2.638	4.739
2991	250	6.408	1.217
2991	253	-3.970	8.151
2991	254	-3.878	7.516
2991	256	3.859	-1.761
2991	258	-1.434	1.722
2991	259	-0.699	-1.680
2991	277	1.405	-1.595
2991	324	-0.745	2.581
2991	325	-0.529	1.665
2991	326	-6.341	-5.418
2991	327	-5.452	-5.297
2991	328	-2.181	-2.275
2991	354	-1.280	5.271
2991	355	-3.665	6.132
2991	356	-5.718	5.825
2991	357	-6.349	6.246
2991	376	0.299	-0.773
2991	387	-2.389	8.235
2991	432	-2.561	2.088
2991	468	5.026	-2.957
2991	473	4.547	-2.973
3001	142	-1.931	2.459
3001	143	-0.328	-1.163
3001	144	1.834	-3.639
3001	145	0.798	-0.301
3001	146	4.171	1.304
3001	147	3.856	1.850
3001	148	4.506	3.875
3001	149	3.823	4.219
3001	227	6.506	0.195
3001	228	6.459	0.640
3001	232	-0.102	5.377
3001	233	0.263	5.709
3001	238	-0.759	5.827
3001	248	2.396	4.300
3001	249	2.636	4.795
3001	250	6.408	1.217
3001	253	-4.051	8.362
3001	254	-3.991	7.664
3001	256	3.842	-1.550
3001	258	-1.403	1.613
3001	259	-0.903	-1.477
3001	277	1.601	-1.957
3001	324	-0.576	2.940
3001	325	-0.445	1.955
3001	326	-6.517	-5.715
3001	327	-5.754	-5.700
3001	328	-1.873	-2.018
3001	354	-0.953	5.163
3001	355	-3.346	6.163
3001	356	-5.764	6.070
3001	357	-6.367	6.454
3001	376	0.360	-0.932
3001	387	-2.748	7.866
3001	432	-2.561	2.088
3001	468	5.026	-2.957
3001	473	4.547	-2.973
3011	142	-1.988	2.462
3011	143	-0.324	-1.490
3011	144	2.091	-3.935
3011	145	1.094	-0.611
3011	146	4.062	0.993
3011	147	3.773	1.636
3011	148	4.322	3.540
3011	149	3.650	3.896
3011	227	6.506	0.195
3011	228	6.459	0.640
3011	232	-0.178	5.347
3011	233	0.212	5.778
3011	238	-0.629	5.849
3011	248	2.352	4.324
3011	249	2.636	4.795
3011	250	6.408	1.217
3011	253	-4.173	8.765
3011	254	-4.072	7.840
3011	256	3.822	-1.407
3011	258	-1.432	1.679
3011	259	-1.027	-1.275
3011	277	1.635	-2.331
3011	324	-0.376	3.069
3011	325	-0.333	2.172
3011	326	-6.742	-6.095
3011	327	-6.135	-6.218
3011	328	-1.634	-1.785
3011	354	-0.872	5.089
3011	355	-3.050	6.094
3011	356	-5.795	6.310
3011	357	-6.467	6.703
3011	376	0.419	-1.047
3011	387	-3.010	7.729
3011	388	-2.087	8.311
3011	432	-2.561	2.088
3011	468	5.084	-3.055
3011	473	4.547	-2.973
3021	142	-1.932	2.503
3021	143	-0.299	-1.956
3021	144	2.111	-4.622
3021	145	1.296	-1.042
3021	146	3.988	0.783
3021	147	3.662	1.336
3021	148	4.135	3.262
3021	149	3.456	3.520
3021	227	6.506	0.195
3021	228	6.459	0.640
3021	232	-0.076	5.332
3021	233	0.211	5.798
3021	238	-0.497	5.786
3021	248	2.419	4.259
3021	249	2.636	4.795
3021	250	6.408	1.217
3021	254	-4.132	8.114
3021	256	3.736	-1.503
3021	258	-1.432	1.679
3021	259	-1.180	-1.025
3021	277	1.650	-2.848
3021	324	-0.170	3.200
3021	325	-0.146	2.456
3021	326	-7.015	-6.557
3021	327	-6.322	-6.517
3021	328	-1.432	-1.542
3021	354	-0.736	4.967
3021	355	-2.808	5.989
3021	356	-5.854	6.553
3021	357	-6.575	6.945
3021	376	0.401	-1.221
3021	387	-3.350	7.624
3021	388	-2.534	8.128
3021	432	-2.561	2.088
3021	468	5.084	-3.055
3021	473	4.547	-2.973
3031	142	-2.046	2.487
3031	143	-0.262	-2.609
3031	144	2.230	-5.175
3031	145	1.564	-1.482
3031	146	3.873	0.430
3031	147	3.500	0.900
3031	148	3.772	2.728
3031	149	3.122	2.874
3031	227	6.506	0.195
3031	228	6.459	0.640
3031	232	-0.203	5.351
3031	233	0.261	5.770
3031	238	-0.523	5.770
3031	248	2.419	4.240
3031	249	2.572	4.823
3031	250	6.408	1.217
3031	254	-4.221	8.538
3031	256	3.647	-1.625
3031	258	-1.432	1.679
3031	259	-1.285	-0.792
3031	277	1.823	-3.263
3031	324	0.004	3.336
3031	325	0.011	2.716
3031	326	-7.272	-6.990
3031	327	-6.566	-6.909
3031	328	-1.320	-1.316
3031	354	-0.718	5.118
3031	355	-2.637	5.929
3031	356	-5.959	6.798
3031	357	-6.662	7.191
3031	376	0.390	-1.379
3031	387	-3.654	7.491
3031	388	-2.892	7.993
3031	430	-2.458	1.526
3031	432	-2.561	2.088
3031	468	5.084	-3.055
3031	473	4.547	-2.973
3041	142	-1.931	2.459
3041	143	-0.228	-2.940
3041	144	2.404	-5.884
3041	145	1.913	-1.711
3041	146	3.722	-0.032
3041	147	3.390	0.613
3041	148	3.505	2.321
3041	149	2.935	2.522
3041	227	6.506	0.195
3041	228	6.459	0.640
3041	232	-0.103	5.398
3041	233	0.260	5.810
3041	238	-0.522	5.749
3041	248	2.352	4.343
3041	249	2.593	4.820
3041	250	6.408	1.217
3041	254	-4.296	8.891
3041	256	3.811	-1.619
3041	258	-1.432	1.679
3041	259	-1.348	-0.528
3041	277	1.855	-3.596
3041	324	0.148	3.445
3041	325	0.121	2.902
3041	326	-7.482	-7.345
3041	327	-6.873	-7.403
3041	328	-1.205	-1.090
3041	354	-0.739	5.205
3041	355	-2.448	5.835
3041	356	-6.065	7.029
3041	357	-6.725	7.481
3041	376	0.433	-1.303
3041	387	-3.834	7.311
3041	388	-3.197	7.896
3041	389	-2.584	8.484
3041	390	-4.748	8.170
3041	391	-5.580	8.124
3041	430	-2.458	1.526
3041	432	-2.561	2.088
3041	468	5.084	-3.055
3041	473	4.547	-2.973
3051	142	-1.958	2.417
3051	143	-0.160	-3.374
3051	145	2.110	-2.281
3051	146	3.595	-0.326
3051	147	3.298	0.385
3051	148	3.372	2.091
3051	149	2.737	2.190
3051	227	6.515	-0.068
3051	228	6.459	0.640
3051	232	-0.151	5.323
3051	233	0.212	5.778
3051	238	-0.524	5.811
3051	248	2.504	4.249
3051	249	2.635	4.833
3051	250	6.408	1.217
3051	256	3.829	-1.580
3051	258	-1.432	1.679
3051	259	-1.424	-0.204
3051	277	1.912	-3.984
3051	324	0.271	3.529
3051	325	0.226	3.092
3051	327	-7.156	-7.861
3051	328	-1.023	-0.762
3051	354	-0.731	5.191
3051	355	-2.218	5.696
3051	356	-6.164	7.243
3051	357	-6.812	7.932
3051	376	0.481	-1.217
3051	387	-4.047	7.069
3051	388	-3.593	7.771
3051	389	-2.596	8.114
3051	390	-4.765	8.127
3051	391	-5.465	8.162
3051	392	-5.066	8.720
3051	430	-2.458	1.526
3051	432	-2.561	2.088
3051	468	5.084	-3.055
3051	473	4.607	-3.108
3061	142	-1.902	2.458
3061	143	-0.054	-4.049
3061	145	2.102	-2.615
3061	146	3.473	-0.507
3061	147	3.157	0.028
3061	148	3.109	1.624
3061	149	2.349	1.542
3061	150	1.823	7.313
3061	151	2.520	7.310
3061	227	6.447	-0.435
3061	228	6.484	0.376
3061	232	-0.101	5.336
3061	233	0.237	5.733
3061	238	-0.574	5.736
3061	248	2.526	4.227
3061	249	2.632	4.927
3061	250	6.408	1.217
3061	256	3.770	-1.586
3061	258	-1.432	1.679
3061	259	-1.533	0.015
3061	277	1.789	-4.325
3061	324	0.393	3.655
3061	325	0.228	3.326
3061	327	-7.379	-8.219
3061	328	-0.761	-0.285
3061	354	-0.649	5.041
3061	355	-2.035	5.605
3061	356	-6.270	7.474
3061	357	-6.902	8.272
3061	376	0.401	-1.523
3061	387	-4.241	6.884
3061	388	-3.885	7.663
3061	389	-2.634	7.849
3061	390	-4.672	8.096
3061	391	-5.507	8.151
3061	392	-4.839	8.675
3061	430	-2.458	1.526
3061	432	-2.625	2.269
3061	468	5.084	-3.055
3061	473	4.607	-3.108
3071	142	-1.989	2.506
3071	143	0.010	-4.481
3071	145	2.202	-2.913
3071	146	3.302	-0.737
3071	147	3.029	-0.284
3071	148	2.796	1.067
3071	149	2.090	1.080
3071	150	1.835	6.914
3071	151	2.451	6.852
3071	227	6.487	-0.681
3071	228	6.473	0.211
3071	232	-0.078	5.394
3071	233	0.261	5.770
3071	238	-0.628	5.828
3071	248	2.395	4.318
3071	249	2.634	4.852
3071	250	6.478	1.018
3071	256	3.752	-1.643
3071	258	-1.432	1.679
3071	259	-1.617	0.115
3071	277	1.922	-4.656
3071	324	0.535	3.820
3071	325	0.206	3.709
3071	328	-0.662	-0.005
3071	354	-0.582	5.093
3071	355	-1.861	5.446
3071	357	-7.043	8.695
3071	376	0.180	-1.557
3071	387	-4.490	6.630
3071	388	-4.352	7.498
3071	389	-2.684	7.446
3071	390	-4.370	8.026
3071	391	-5.503	8.153
3071	392	-4.691	8.636
3071	430	-2.458	1.526
3071	432	-2.625	2.269
3071	468	5.084	-3.055
3071	473	4.607	-3.108
3081	142	-2.045	2.443
3081	143	0.057	-4.856
3081	145	2.379	-3.385
3081	146	3.123	-0.990
3081	147	2.933	-0.487
3081	148	2.641	0.779
3081	149	1.975	0.809
3081	150	1.832	6.482
3081	151	2.366	6.397
3081	227	6.498	-0.996
3081	228	6.481	-0.020
3081	232	-0.129	5.422
3081	233	0.286	5.766
3081	238	-0.707	5.840
3081	248	2.417	4.316
3081	249	2.677	4.846
3081	250	6.478	1.018
3081	256	3.711	-1.609
3081	258	-1.432	1.679
3081	259	-1.655	0.095
3081	277	2.109	-5.120
3081	324	0.720	3.999
3081	325	0.205	4.029
3081	328	-0.500	0.478
3081	354	-0.608	5.096
3081	355	-1.721	5.277
3081	357	-7.194	9.147
3081	376	0.002	-1.567
3081	387	-4.756	6.412
3081	388	-4.737	7.331
3081	389	-2.790	7.116
3081	390	-4.107	7.966
3081	391	-5.338	8.203
3081	392	-4.427	8.577
3081	430	-2.458	1.526
3081	432	-2.625	2.269
3081	468	5.084	-3.055
3081	473	4.607	-3.108
3091	142	-1.848	2.564
3091	143	0.161	-5.690
3091	145	2.482	-3.791
3091	146	3.013	-1.199
3091	147	2.800	-0.761
3091	148	2.457	0.427
3091	149	1.746	0.258
3091	150	1.759	6.255
3091	151	2.267	6.166
3091	227	6.498	-0.996
3091	228	6.475	-0.301
3091	232	-0.127	5.340
3091	233	0.238	5.713
3091	238	-0.602	5.824
3091	248	2.417	4.316
3091	249	2.636	4.795
3091	250	6.478	1.018
3091	256	3.752	-1.624
3091	258	-1.432	1.679
3091	259	-1.657	0.016
3091	277	2.279	-5.540
3091	324	0.813	4.189
3091	325	0.231	4.269
3091	328	-0.393	0.906
3091	354	-0.582	5.093
3091	355	-1.588	5.125
3091	376	-0.213	-1.638
3091	387	-5.037	6.265
3091	388	-4.960	7.172
3091	389	-3.003	6.904
3091	390	-3.811	7.893
3091	391	-5.095	8.308
3091	392	-4.175	8.518
3091	430	-2.458	1.526
3091	432	-2.625	2.269
3091	468	5.084	-3.055
3091	473	4.607	-3.108
3101	142	-1.819	2.541
3101	143	0.236	-6.300
3101	145	2.447	-4.037
3101	146	2.928	-1.419
3101	147	2.640	-1.089
3101	148	2.149	-0.159
3101	149	1.519	-0.303
3101	150	1.559	5.909
3101	151	2.039	5.730
3101	227	6.498	-0.996
3101	228	6.446	-0.402
3101	232	-0.258	5.482
3101	233	0.212	5.821
3101	238	-0.655	5.853
3101	248	2.482	4.289
3101	249	2.654	4.886
3101	250	6.423	0.755
3101	256	3.635	-1.727
3101	258	-1.432	1.679
3101	259	-1.653	0.054
3101	277	2.392	-5.821
3101	324	0.826	4.494
3101	325	0.263	4.576
3101	328	-0.414	1.207
3101	329	-3.676	-0.152
3101	354	-0.663	5.166
3101	355	-1.397	4.964
3101	376	-0.429	-1.729
3101	387	-5.396	6.076
3101	388	-5.205	6.980
3101	389	-3.290	6.623
3101	390	-3.626	7.825
3101	391	-4.850	8.366
3101	392	-3.989	8.475
3101	430	-2.458	1.526
3101	432	-2.625	2.269
3101	468	5.084	-3.055
3101	473	4.607	-3.108
3111	142	-1.706	2.535
3111	145	2.352	-4.382
3111	146	2.798	-1.727
3111	147	2.529	-1.331
3111	148	1.977	-0.529
3111	149	1.424	-0.586
3111	150	1.292	5.434
3111	151	1.848	5.302
3111	152	3.534	6.939
3111	227	6.498	-0.996
3111	228	6.447	-0.452
3111	232	-0.235	5.581
3111	233	0.188	5.721
3111	238	-0.652	5.727
3111	248	2.479	4.365
3111	249	2.657	4.811
3111	250	6.473	0.689
3111	256	3.501	-1.769
3111	258	-1.432	1.679
3111	259	-1.645	0.221
3111	324	0.844	4.981
3111	325	0.314	4.799
3111	328	-0.460	1.724
3111	329	-3.411	-0.224
3111	354	-0.634	5.079
3111	355	-1.256	4.844
3111	376	-0.643	-1.818
3111	387	-5.694	5.959
3111	388	-5.468	6.837
3111	389	-3.502	6.438
3111	390	-3.448	7.788
3111	391	-4.531	8.282
3111	392	-3.725	8.436
3111	430	-2.458	1.526
3111	432	-2.446	2.217
3111	468	5.084	-3.055
3111	473	4.607	-3.108
3121	142	-1.819	2.541
3121	145	2.226	-4.805
3121	146	2.709	-1.999
3121	147	2.416	-1.570
3121	148	1.870	-0.853
3121	149	1.306	-1.002
3121	150	1.211	5.147
3121	151	1.824	5.045
3121	152	3.436	6.560
3121	153	4.485	6.648
3121	227	6.498	-0.996
3121	228	6.530	-0.530
3121	232	-0.238	5.705
3121	233	0.259	5.851
3121	238	-0.761	5.890
3121	248	2.395	4.318
3121	249	2.720	4.784
3121	250	6.473	0.689
3121	256	3.502	-1.947
3121	258	-1.432	1.679
3121	259	-1.534	0.223
3121	324	0.894	5.253
3121	325	0.398	5.101
3121	328	-0.517	2.029
3121	329	-3.195	-0.283
3121	330	-4.078	0.392
3121	354	-0.556	5.089
3121	355	-1.219	5.029
3121	376	-0.890	-1.916
3121	387	-5.966	5.851
3121	388	-5.732	6.717
3121	389	-3.779	6.158
3121	390	-3.132	7.781
3121	391	-4.223	8.193
3121	392	-3.677	8.452
3121	430	-2.458	1.526
3121	432	-1.975	1.934
3121	468	5.084	-3.055
3121	473	4.607	-3.108
3131	142	-1.649	2.511
3131	145	2.061	-5.035
3131	146	2.675	-2.219
3131	147	2.214	-1.949
3131	148	1.667	-1.469
3131	149	1.137	-1.603
3131	150	1.220	4.774
3131	151	1.974	4.580
3131	152	3.290	6.000
3131	153	4.440	6.194
3131	154	3.992	6.723
3131	227	6.498	-0.996
3131	228	6.530	-0.530
3131	232	-0.289	5.692
3131	233	0.183	5.904
3131	238	-0.840	5.882
3131	248	2.504	4.249
3131	249	2.655	4.867
3131	250	6.473	0.689
3131	256	3.554	-2.150
3131	258	-1.432	1.679
3131	259	-1.449	0.203
3131	324	0.989	5.485
3131	325	0.475	5.390
3131	328	-0.629	2.541
3131	329	-2.960	-0.347
3131	330	-4.000	0.229
3131	354	-0.632	5.016
3131	355	-1.302	5.082
3131	376	-1.151	-2.026
3131	387	-6.246	5.748
3131	388	-5.974	6.559
3131	389	-4.074	6.009
3131	390	-2.736	7.765
3131	391	-3.856	8.055
3131	392	-3.606	8.436
3131	430	-2.458	1.526
3131	432	-1.975	1.934
3131	468	5.084	-3.055
3131	473	4.607	-3.108
3141	142	-1.876	2.544
3141	145	1.711	-5.320
3141	146	2.619	-2.536
3141	147	2.026	-2.347
3141	148	1.524	-1.900
3141	149	1.022	-1.971
3141	150	1.238	4.153
3141	151	1.828	4.014
3141	152	3.222	5.701
3141	153	4.385	5.636
3141	154	3.922	6.299
3141	227	6.498	-0.996
3141	228	6.530	-0.530
3141	232	-0.182	5.512
3141	233	-0.224	6.134
3141	238	-0.840	5.903
3141	248	2.395	4.337
3141	249	2.676	4.864
3141	250	6.473	0.689
3141	256	3.546	-2.259
3141	258	-1.432	1.679
3141	259	-1.561	0.201
3141	324	1.086	5.744
3141	325	0.539	5.644
3141	328	-0.765	3.012
3141	329	-2.703	-0.418
3141	330	-3.928	0.095
3141	331	-4.286	0.386
3141	354	-0.660	5.082
3141	355	-1.330	5.107
3141	376	-1.418	-2.122
3141	387	-6.567	5.669
3141	388	-6.271	6.495
3141	389	-4.538	5.956
3141	390	-2.446	7.818
3141	391	-3.420	7.890
3141	392	-3.346	8.341
3141	430	-2.458	1.526
3141	432	-1.975	1.934
3141	468	5.084	-3.055
3141	473	4.607	-3.108
3151	142	-1.789	2.474
3151	145	1.201	-5.735
3151	146	2.549	-2.925
3151	147	1.985	-2.609
3151	148	1.406	-2.225
3151	149	0.891	-2.297
3151	150	1.236	3.722
3151	151	1.817	3.727
3151	152	3.154	5.335
3151	153	4.355	5.347
3151	154	3.831	5.739
3151	227	6.498	-0.996
3151	228	6.530	-0.530
3151	232	-0.284	5.527
3151	233	-0.282	6.370
3151	238	-0.890	5.785
3151	248	2.481	4.308
3151	249	2.657	4.792
3151	250	6.473	0.689
3151	256	3.532	-2.296
3151	258	-1.432	1.679
3151	259	-1.451	0.246
3151	324	1.092	5.972
3151	325	0.652	6.068
3151	328	-0.951	3.316
3151	329	-2.607	-0.456
3151	330	-3.725	-0.074
3151	331	-4.173	0.217
3151	354	-0.555	5.047
3151	355	-1.248	5.118
3151	376	-1.693	-2.201
3151	387	-6.953	5.581
3151	388	-6.624	6.536
3151	389	-5.025	5.861
3151	390	-2.049	7.936
3151	391	-3.095	7.787
3151	392	-3.185	8.282
3151	430	-2.458	1.526
3151	432	-1.975	1.934
3151	468	5.084	-3.055
3151	473	4.607	-3.108
3161	142	-1.733	2.493
3161	145	0.984	-6.027
3161	146	2.541	-3.214
3161	147	2.020	-2.823
3161	148	1.165	-2.868
3161	149	0.635	-2.912
3161	150	1.211	3.461
3161	151	1.792	3.382
3161	152	3.048	4.760
3161	153	4.317	4.955
3161	154	3.789	5.408
3161	227	6.498	-0.996
3161	228	6.530	-0.530
3161	232	-0.157	5.529
3161	233	-0.392	6.434
3161	238	-0.919	5.852
3161	248	2.437	4.351
3161	249	2.570	4.879
3161	250	6.473	0.689
3161	256	3.570	-2.217
3161	258	-1.432	1.679
3161	259	-1.504	0.158
3161	324	1.062	6.386
3161	325	0.682	6.342
3161	328	-1.271	3.828
3161	329	-2.602	-0.444
3161	330	-3.484	-0.284
3161	331	-4.095	0.092
3161	354	-0.556	5.068
3161	355	-1.246	5.032
3161	376	-1.981	-2.290
3161	387	-7.398	5.480
3161	388	-6.948	6.580
3161	389	-5.204	5.688
3161	390	-1.742	8.019
3161	391	-2.810	7.699
3161	392	-2.979	8.206
3161	430	-2.458	1.526
3161	432	-1.948	2.021
3161	468	5.084	-3.055
3161	473	4.607	-3.108
3171	142	-1.818	2.497
3171	145	0.920	-6.370
3171	146	2.591	-3.408
3171	147	2.060	-3.083
3171	148	1.051	-3.269
3171	149	0.479	-3.375
3171	150	1.165	3.002
3171	151	1.753	2.841
3171	152	2.997	4.448
3171	153	4.250	4.250
3171	154	3.778	5.127
3171	227	6.498	-0.996
3171	228	6.530	-0.530
3171	232	-0.133	5.587
3171	233	-0.207	6.418
3171	238	-0.867	5.907
3171	248	2.459	4.349
3171	249	2.570	4.879
3171	250	6.469	0.326
3171	256	3.529	-2.184
3171	258	-1.432	1.679
3171	259	-1.477	0.202
3171	324	1.044	6.775
3171	325	0.664	6.603
3171	328	-1.457	4.115
3171	329	-2.414	-0.368
3171	330	-3.227	-0.511
3171	331	-3.946	-0.076
3171	354	-0.556	5.068
3171	355	-1.329	5.086
3171	376	-2.272	-2.362
3171	387	-7.802	5.388
3171	388	-7.242	6.619
3171	389	-5.339	5.519
3171	390	-1.412	8.101
3171	391	-2.524	7.619
3171	392	-2.651	8.100
3171	430	-2.458	1.526
3171	432	-1.948	2.021
3171	468	5.084	-3.055
3171	473	4.607	-3.108
3181	142	-1.818	2.497
3181	146	2.649	-3.614
3181	147	2.102	-3.341
3181	148	1.021	-3.523
3181	149	0.459	-3.625
3181	150	1.114	2.520
3181	151	1.719	2.427
3181	152	2.950	4.086
3181	153	4.196	3.781
3181	154	3.760	4.591
3181	227	6.498	-0.996
3181	228	6.530	-0.530
3181	232	-0.209	5.578
3181	233	-0.286	6.534
3181	238	-0.840	5.882
3181	248	2.609	4.293
3181	249	2.740	4.818
3181	250	6.469	0.326
3181	256	3.507	-2.149
3181	258	-1.432	1.679
3181	259	-1.534	0.245
3181	260	1.816	-5.852
3181	324	1.058	7.013
3181	325	0.655	6.876
3181	328	-1.678	4.438
3181	329	-2.198	-0.275
3181	330	-2.966	-0.669
3181	331	-3.827	-0.206
3181	354	-0.557	5.110
3181	355	-1.303	5.125
3181	376	-2.575	-2.408
3181	388	-7.564	6.662
3181	389	-5.568	5.364
3181	390	-1.114	8.174
3181	391	-2.295	7.563
3181	392	-2.245	8.010
3181	430	-2.458	1.526
3181	432	-1.948	2.021
3181	468	5.084	-3.055
3181	473	4.607	-3.108
3191	142	-1.817	2.454
3191	146	2.708	-3.836
3191	147	2.147	-3.551
3191	148	0.970	-3.875
3191	149	0.430	-3.970
3191	150	1.075	2.250
3191	151	1.691	2.177
3191	152	2.872	3.477
3191	153	4.146	3.513
3191	154	3.736	4.005
3191	227	6.498	-0.996
3191	228	6.530	-0.530
3191	232	-0.182	5.512
3191	233	-0.209	6.480
3191	238	-0.786	5.852
3191	248	2.395	4.318
3191	249	2.611	4.911
3191	250	6.469	0.326
3191	256	3.549	-2.182
3191	258	-1.432	1.679
3191	259	-1.704	0.264
3191	260	1.762	-5.584
3191	324	1.084	7.366
3191	325	0.694	7.111
3191	328	-1.894	4.768
3191	329	-2.065	-0.199
3191	330	-2.763	-0.760
3191	331	-3.785	-0.259
3191	354	-0.782	4.901
3191	355	-1.165	5.043
3191	376	-2.909	-2.429
3191	388	-7.935	6.712
3191	389	-5.881	5.106
3191	391	-2.134	7.523
3191	392	-1.935	7.984
3191	430	-2.458	1.526
3191	432	-1.948	2.021
3191	468	5.084	-3.055
3191	473	4.607	-3.108
3201	142	-1.730	2.384
3201	146	2.775	-4.036
3201	147	2.195	-3.757
3201	148	0.947	-4.188
3201	149	0.403	-4.355
3201	150	1.008	1.896
3201	151	1.642	1.748
3201	152	2.821	3.078
3201	153	4.038	2.939
3201	154	3.709	3.674
3201	227	6.498	-0.996
3201	228	6.530	-0.530
3201	232	-0.234	5.540
3201	233	-0.236	6.546
3201	238	-0.811	5.793
3201	248	2.418	4.278
3201	249	2.612	4.892
3201	250	6.509	0.113
3201	256	3.528	-2.166
3201	258	-1.432	1.679
3201	259	-1.563	0.266
3201	260	1.692	-5.250
3201	324	1.107	7.681
3201	325	0.768	7.502
3201	328	-2.069	5.064
3201	329	-2.014	-0.138
3201	330	-2.371	-0.779
3201	331	-3.655	-0.381
3201	332	-3.878	0.214
3201	354	-0.550	4.860
3201	355	-1.082	4.969
3201	376	-3.231	-2.484
3201	389	-6.234	4.965
3201	391	-1.879	7.455
3201	392	-1.723	7.976
3201	430	-2.458	1.526
3201	432	-1.948	2.021
3201	468	5.084	-3.055
3201	473	4.607	-3.108
3211	142	-1.759	2.385
3211	146	2.853	-4.216
3211	147	2.247	-4.002
3211	148	0.976	-4.412
3211	149	0.422	-4.625
3211	150	0.897	1.326
3211	151	1.576	1.181
3211	152	2.787	2.810
3211	153	3.922	2.362
3211	154	3.660	3.368
3211	155	2.890	7.015
3211	227	6.498	-0.996
3211	228	6.530	-0.530
3211	232	-0.184	5.594
3211	233	-0.209	6.480
3211	238	-0.708	5.861
3211	248	2.417	4.297
3211	249	2.654	4.886
3211	250	6.509	0.113
3211	256	3.590	-2.196
3211	258	-1.432	1.679
3211	259	-1.534	0.245
3211	260	1.648	-4.977
3211	328	-2.411	5.618
3211	329	-2.042	-0.093
3211	330	-2.373	-0.712
3211	331	-3.344	-0.711
3211	332	-3.519	0.023
3211	354	-0.405	4.824
3211	355	-1.163	4.979
3211	376	-3.500	-2.617
3211	389	-6.577	4.980
3211	391	-1.694	7.390
3211	392	-1.556	7.967
3211	430	-2.458	1.526
3211	432	-1.948	2.021
3211	468	5.084	-3.055
3211	473	4.607	-3.108
3221	142	-1.591	2.421
3221	146	2.962	-4.453
3221	147	2.303	-4.272
3221	148	1.032	-4.707
3221	149	0.480	-4.873
3221	150	0.816	0.850
3221	151	1.529	0.819
3221	152	2.729	2.304
3221	153	3.847	2.095
3221	154	3.562	2.740
3221	155	2.988	6.624
3221	227	6.498	-0.996
3221	228	6.530	-0.530
3221	232	-0.182	5.512
3221	233	-0.259	6.447
3221	238	-0.708	5.882
3221	248	2.417	4.316
3221	249	2.570	4.898
3221	250	6.482	0.426
3221	256	3.529	-2.203
3221	258	-1.432	1.679
3221	259	-1.565	0.332
3221	260	1.629	-4.752
3221	328	-2.571	5.998
3221	329	-2.095	-0.099
3221	330	-2.489	-0.785
3221	331	-3.286	-0.570
3221	332	-3.174	-0.060
3221	354	-0.378	4.812
3221	355	-0.781	4.679
3221	376	-3.714	-2.746
3221	389	-6.871	4.994
3221	391	-1.474	7.396
3221	392	-1.330	7.987
3221	430	-2.458	1.526
3221	432	-1.948	2.021
3221	468	5.084	-3.055
3221	473	4.607	-3.108
3231	142	-1.788	2.409
3231	146	3.106	-4.767
3231	147	2.364	-4.507
3231	148	1.108	-5.108
3231	149	0.568	-5.242
3231	150	0.793	0.582
3231	151	1.487	0.565
3231	152	2.664	1.821
3231	153	3.699	1.674
3231	154	3.461	2.107
3231	155	3.311	6.214
3231	156	0.356	7.642
3231	157	1.572	7.663
3231	227	6.498	-0.996
3231	228	6.530	-0.530
3231	232	-0.235	5.581
3231	233	-0.209	6.500
3231	238	-0.787	5.873
3231	248	2.417	4.316
3231	249	2.612	4.892
3231	250	6.482	0.426
3231	256	3.530	-2.221
3231	258	-1.432	1.679
3231	259	-1.566	0.397
3231	260	1.605	-4.425
3231	328	-2.604	6.284
3231	329	-2.338	-0.046
3231	330	-2.470	-0.811
3231	331	-3.408	-0.681
3231	332	-3.262	-0.004
3231	354	-0.175	4.795
3231	355	-0.697	4.527
3231	376	-3.886	-2.852
3231	389	-7.115	5.005
3231	391	-1.187	7.453
3231	392	-1.135	8.034
3231	430	-2.458	1.526
3231	432	-1.948	2.021
3231	468	5.084	-3.055
3231	473	4.607	-3.108
3241	142	-1.760	2.429
3241	146	3.265	-5.112
3241	147	2.431	-4.699
3241	148	1.193	-5.556
3241	149	0.673	-5.688
3241	150	0.790	0.202
3241	151	1.417	0.146
3241	152	2.605	1.565
3241	153	3.469	1.023
3241	154	3.401	1.795
3241	155	3.286	6.165
3241	156	0.458	7.309
3241	157	1.272	7.456
3241	227	6.498	-0.996
3241	228	6.530	-0.530
3241	232	-0.058	5.596
3241	233	-0.210	6.521
3241	238	-0.761	5.911
3241	248	2.394	4.375
3241	249	2.568	4.936
3241	250	6.482	0.426
3241	256	3.488	-2.170
3241	258	-1.432	1.679
3241	259	-1.681	0.461
3241	260	1.579	-4.076
3241	328	-2.654	6.654
3241	329	-2.185	0.010
3241	330	-2.264	-0.800
3241	331	-3.491	-0.674
3241	332	-3.268	-0.017
3241	354	-0.056	4.758
3241	355	-0.471	4.459
3241	376	-4.108	-2.982
3241	389	-7.383	5.017
3241	391	-0.911	7.489
3241	392	-0.962	8.068
3241	430	-2.458	1.526
3241	432	-1.948	2.021
3241	468	5.084	-3.055
3241	473	4.607	-3.108
3251	142	-1.788	2.430
3251	146	3.388	-5.381
3251	147	2.514	-4.907
3251	148	1.258	-5.901
3251	149	0.754	-6.029
3251	150	0.787	-0.343
3251	151	1.344	-0.292
3251	152	2.477	1.150
3251	153	3.335	0.618
3251	154	3.325	1.464
3251	155	3.411	6.072
3251	156	0.598	6.852
3251	157	0.940	7.278
3251	227	6.498	-0.996
3251	228	6.530	-0.530
3251	232	-0.107	5.562
3251	233	-0.155	6.388
3251	238	-0.709	5.903
3251	248	2.395	4.318
3251	249	2.571	4.860
3251	250	6.482	0.426
3251	256	3.469	-2.228
3251	258	-1.432	1.679
3251	259	-1.829	0.351
3251	260	1.561	-3.834
3251	328	-2.614	6.910
3251	329	-2.154	-0.078
3251	330	-2.147	-0.781
3251	331	-3.286	-0.570
3251	332	-2.838	-0.052
3251	354	-0.166	4.935
3251	355	-0.290	4.402
3251	376	-4.381	-3.130
3251	389	-7.712	5.033
3251	391	-0.697	7.503
3251	392	-0.712	8.018
3251	393	-2.588	8.496
3251	418	2.305	-5.613
3251	430	-2.458	1.526
3251	432	-1.948	2.021
3251	468	5.084	-3.055
3251	473	4.607	-3.108
3261	142	-1.931	2.481
3261	147	2.618	-5.171
3261	150	0.755	-0.722
3261	151	1.302	-0.563
3261	152	2.310	0.600
3261	153	3.258	0.337
3261	154	3.194	0.895
3261	155	3.515	5.995
3261	156	0.678	6.585
3261	157	0.627	7.238
3261	227	6.504	-1.178
3261	228	6.530	-0.530
3261	232	-0.208	5.536
3261	233	-0.207	6.438
3261	238	-0.630	5.911
3261	248	2.350	4.400
3261	249	2.592	4.857
3261	250	6.482	0.426
3261	256	3.508	-2.168
3261	258	-1.432	1.679
3261	259	-1.712	0.490
3261	260	1.519	-3.406
3261	328	-2.477	7.256
3261	329	-2.067	-0.098
3261	330	-2.117	-0.754
3261	331	-3.159	-0.656
3261	332	-2.744	-0.185
3261	354	0.060	4.966
3261	355	-0.038	4.355
3261	376	-4.662	-3.250
3261	391	-0.505	7.515
3261	392	-0.431	7.935
3261	393	-2.874	8.353
3261	418	2.214	-5.237
3261	430	-2.458	1.526
3261	432	-1.948	2.021
3261	468	5.084	-3.055
3261	473	4.607	-3.108
3271	142	-1.733	2.493
3271	147	2.735	-5.467
3271	150	0.685	-0.975
3271	151	1.248	-0.949
3271	152	2.247	0.308
3271	153	3.109	-0.215
3271	154	3.092	0.454
3271	155	3.659	5.887
3271	156	0.794	6.185
3271	157	0.293	7.184
3271	227	6.504	-1.178
3271	228	6.530	-0.530
3271	232	-0.208	5.516
3271	233	-0.414	6.516
3271	238	-0.656	5.874
3271	248	2.413	4.449
3271	249	2.569	4.917
3271	250	6.482	0.426
3271	256	3.570	-2.217
3271	258	-1.432	1.679
3271	259	-1.571	0.660
3271	260	1.482	-2.915
3271	328	-2.349	7.517
3271	329	-2.123	-0.166
3271	330	-2.175	-0.719
3271	331	-3.065	-0.721
3271	332	-2.774	-0.186
3271	354	0.116	4.816
3271	355	0.337	4.235
3271	376	-4.921	-3.384
3271	391	-0.296	7.526
3271	392	-0.149	7.857
3271	393	-3.201	8.179
3271	394	-3.783	8.756
3271	418	2.211	-4.958
3271	430	-2.312	1.545
3271	432	-1.948	2.021
3271	468	5.084	-3.055
3271	473	4.607	-3.108
3281	142	-2.020	2.595
3281	147	2.832	-5.711
3281	150	0.562	-1.387
3281	151	1.163	-1.573
3281	152	2.189	-0.111
3281	153	2.990	-0.641
3281	154	3.035	0.212
3281	155	3.747	5.834
3281	156	0.920	5.766
3281	157	0.057	7.106
3281	159	1.916	-6.015
3281	227	6.504	-1.178
3281	228	6.530	-0.580
3281	232	-0.234	5.540
3281	233	-0.183	6.475
3281	238	-0.813	5.877
3281	248	2.284	4.427
3281	249	2.653	4.924
3281	250	6.482	0.426
3281	256	3.510	-2.224
3281	258	-1.432	1.679
3281	259	-1.449	0.769
3281	260	1.515	-2.612
3281	328	-2.097	7.974
3281	329	-2.064	-0.209
3281	330	-2.141	-0.612
3281	331	-2.974	-0.671
3281	332	-2.774	-0.186
3281	354	0.263	4.899
3281	355	0.583	4.240
3281	376	-5.126	-3.587
3281	391	-0.272	7.557
3281	392	0.102	7.827
3281	393	-3.336	7.984
3281	394	-4.057	8.585
3281	395	-2.460	8.365
3281	418	2.288	-4.663
3281	430	-2.312	1.545
3281	432	-1.948	2.021
3281	468	5.084	-3.055
3281	473	4.607	-3.108
3291	142	-2.135	2.601
3291	150	0.429	-1.838
3291	151	1.092	-1.963
3291	152	2.113	-0.677
3291	153	2.905	-0.913
3291	154	2.942	-0.177
3291	155	3.659	5.919
3291	156	1.018	5.503
3291	157	-0.219	7.011
3291	158	0.979	7.400
3291	159	1.875	-5.801
3291	227	6.405	-1.119
3291	228	6.438	-0.563
3291	232	-0.161	5.652
3291	233	-0.233	6.443
3291	238	-0.654	5.811
3291	248	2.329	4.364
3291	249	2.635	4.833
3291	250	6.482	0.426
3291	256	3.486	-2.114
3291	258	-1.432	1.679
3291	259	-1.358	0.887
3291	260	1.604	-2.025
3291	328	-1.881	8.365
3291	329	-1.978	-0.184
3291	330	-2.027	-0.518
3291	331	-2.942	-0.738
3291	332	-2.684	-0.183
3291	354	0.550	5.042
3291	355	0.616	4.396
3291	376	-5.318	-3.803
3291	391	-0.067	7.735
3291	392	0.371	7.958
3291	393	-3.418	7.773
3291	394	-4.338	8.448
3291	395	-2.683	8.112
3291	418	2.385	-4.320
3291	430	-2.312	1.545
3291	432	-1.948	2.021
3291	468	5.084	-3.055
3291	473	4.607	-3.108
3301	142	-2.046	2.487
3301	150	0.350	-2.117
3301	151	1.010	-2.238
3301	152	2.087	-0.963
3301	153	2.731	-1.448
3301	154	2.822	-0.675
3301	155	3.716	5.850
3301	156	1.229	5.021
3301	157	-0.506	7.014
3301	158	1.252	6.814
3301	159	1.831	-5.562
3301	227	6.171	-1.133
3301	228	6.304	-0.559
3301	232	-0.085	5.682
3301	233	-0.159	6.532
3301	238	-0.761	5.890
3301	248	2.306	4.424
3301	249	2.677	4.846
3301	250	6.482	0.426
3301	256	3.387	-2.200
3301	258	-1.432	1.679
3301	259	-1.293	1.093
3301	260	1.611	-1.688
3301	329	-2.093	-0.187
3301	330	-2.027	-0.518
3301	331	-2.944	-0.670
3301	332	-2.564	-0.157
3301	354	0.550	5.206
3301	355	0.620	4.480
3301	376	-5.511	-4.011
3301	391	0.062	7.606
3301	392	0.540	7.979
3301	393	-3.505	7.565
3301	394	-4.625	8.368
3301	395	-2.859	7.924
3301	396	-3.675	8.786
3301	418	2.484	-4.081
3301	430	-2.312	1.545
3301	432	-1.750	2.036
3301	468	5.084	-3.055
3301	473	4.607	-3.108
3311	142	-2.132	2.447
3311	150	0.269	-2.413
3311	151	0.870	-2.679
3311	152	2.065	-1.335
3311	153	2.612	-1.856
3311	154	2.751	-0.988
3311	155	3.735	5.846
3311	156	1.422	4.519
3311	157	-1.092	7.070
3311	158	1.362	6.505
3311	159	1.785	-5.345
3311	227	6.078	-1.145
3311	228	6.023	-0.557
3311	232	-0.084	5.641
3311	233	-0.235	6.525
3311	238	-0.762	5.932
3311	248	2.259	4.563
3311	249	2.653	4.942
3311	250	6.482	0.426
3311	256	3.407	-2.197
3311	258	-1.432	1.679
3311	259	-1.228	1.327
3311	260	1.532	-1.149
3311	329	-1.980	-0.095
3311	330	-2.085	-0.521
3311	331	-2.973	-0.740
3311	332	-2.714	-0.184
3311	354	0.736	5.440
3311	355	0.666	4.625
3311	376	-5.678	-4.240
3311	391	0.435	7.425
3311	392	0.972	7.801
3311	393	-3.582	7.314
3311	394	-4.963	8.283
3311	395	-3.021	7.716
3311	396	-3.387	8.440
3311	418	2.619	-3.757
3311	430	-2.312	1.545
3311	432	-1.750	2.036
3311	468	5.084	-3.055
3311	473	4.607	-3.108
3321	142	-2.162	2.492
3321	150	0.155	-2.832
3321	151	0.772	-3.047
3321	152	2.040	-1.751
3321	153	2.558	-2.121
3321	154	2.690	-1.250
3321	155	3.677	5.857
3321	156	1.428	4.261
3321	157	-1.624	7.107
3321	158	1.517	6.004
3321	159	1.738	-5.147
3321	227	5.499	-1.123
3321	228	5.782	-0.577
3321	232	-0.057	5.575
3321	233	-0.260	6.489
3321	238	-0.708	5.882
3321	248	2.274	4.788
3321	249	2.695	4.936
3321	250	6.482	0.426
3321	256	3.366	-2.183
3321	258	-1.432	1.679
3321	259	-1.160	1.563
3321	260	1.437	-0.514
3321	329	-2.067	-0.098
3321	330	-2.054	-0.608
3321	331	-2.943	-0.715
3321	332	-2.835	-0.142
3321	354	0.869	5.600
3321	355	0.705	4.792
3321	376	-5.821	-4.486
3321	391	0.584	7.274
3321	392	1.042	7.804
3321	393	-3.663	6.999
3321	394	-5.232	8.174
3321	395	-3.143	7.438
3321	396	-3.107	8.199
3321	418	2.756	-3.548
3321	430	-2.312	1.545
3321	432	-1.750	2.036
3321	468	5.084	-3.055
3321	473	4.607	-3.108
3331	142	-2.046	2.465
3331	150	0.069	-3.148
3331	151	0.739	-3.280
3331	152	2.021	-1.993
3331	153	2.461	-2.575
3331	154	2.573	-1.686
3331	155	3.717	5.814
3331	156	1.367	3.865
3331	157	-1.985	7.093
3331	158	1.609	5.633
3331	159	1.686	-4.909
3331	227	5.230	-1.137
3331	228	5.314	-0.659
3331	232	-0.135	5.628
3331	233	-0.415	6.558
3331	238	-0.733	5.844
3331	248	2.273	4.807
3331	249	2.717	4.896
3331	250	6.482	0.426
3331	256	3.262	-2.053
3331	258	-1.432	1.679
3331	259	-1.090	1.776
3331	260	1.387	-0.211
3331	329	-1.921	-0.160
3331	330	-1.734	-0.770
3331	331	-2.943	-0.693
3331	332	-2.653	-0.205
3331	354	1.005	5.774
3331	355	0.767	4.941
3331	376	-5.960	-4.731
3331	391	0.731	7.264
3331	392	1.230	7.703
3331	393	-3.886	6.878
3331	394	-5.511	8.065
3331	395	-3.280	7.119
3331	396	-2.676	7.951
3331	418	2.958	-3.318
3331	430	-2.312	1.545
3331	432	-1.750	2.036
3331	468	5.084	-3.055
3331	473	4.607	-3.108
3341	142	-2.075	2.488
3341	150	0.031	-3.395
3341	151	0.694	-3.560
3341	152	1.990	-2.330
3341	153	2.400	-2.939
3341	154	2.500	-2.073
3341	155	3.717	5.796
3341	156	1.295	3.384
3341	157	-2.543	7.060
3341	158	1.660	5.216
3341	159	1.629	-4.653
3341	227	4.988	-1.196
3341	228	4.987	-0.730
3341	232	-0.136	5.669
3341	233	-0.312	6.539
3341	238	-0.708	5.861
3341	248	2.187	4.781
3341	249	2.737	4.930
3341	250	6.482	0.426
3341	256	3.169	-1.605
3341	258	-1.432	1.679
3341	259	-0.998	2.003
3341	260	1.299	0.376
3341	329	-2.066	-0.120
3341	330	-1.704	-0.835
3341	331	-3.035	-0.697
3341	332	-2.684	-0.183
3341	354	1.178	5.909
3341	355	0.949	5.141
3341	376	-6.112	-4.978
3341	391	1.089	7.184
3341	392	1.291	7.695
3341	393	-4.034	6.849
3341	394	-5.747	7.924
3341	395	-3.336	6.925
3341	396	-2.397	7.702
3341	418	3.035	-3.096
3341	430	-2.312	1.545
3341	432	-1.750	2.036
3341	468	5.084	-3.055
3341	473	4.607	-3.108
3351	142	-2.277	2.476
3351	150	0.055	-3.739
3351	151	0.632	-3.898
3351	152	1.952	-2.750
3351	153	2.393	-3.164
3351	154	2.523	-2.318
3351	155	3.736	5.828
3351	156	1.266	3.111
3351	157	-2.928	7.103
3351	158	1.730	4.607
3351	159	1.564	-4.443
3351	227	4.790	-1.330
3351	228	4.649	-0.810
3351	232	-0.210	5.619
3351	233	-0.286	6.534
3351	238	-0.760	5.869
3351	248	2.294	4.842
3351	249	2.775	5.055
3351	250	6.482	0.426
3351	256	3.073	-1.341
3351	258	-1.432	1.679
3351	259	-0.917	2.238
3351	260	1.204	0.794
3351	329	-1.952	-0.072
3351	330	-1.478	-0.845
3351	331	-3.158	-0.725
3351	332	-2.684	-0.183
3351	354	1.490	6.133
3351	355	1.232	5.456
3351	376	-6.254	-5.214
3351	391	1.339	7.179
3351	392	1.663	7.623
3351	393	-4.163	6.818
3351	394	-5.890	7.751
3351	395	-3.404	6.751
3351	396	-2.134	7.278
3351	418	3.129	-2.599
3351	430	-2.312	1.545
3351	432	-1.750	2.036
3351	468	5.084	-3.055
3351	473	4.607	-3.108
3361	142	-2.134	2.557
3361	150	0.123	-4.133
3361	151	0.603	-4.196
3361	152	1.933	-3.047
3361	153	2.379	-3.460
3361	154	2.602	-2.771
3361	155	3.716	5.832
3361	156	1.247	2.762
3361	157	-3.347	7.220
3361	158	1.719	4.299
3361	159	1.470	-4.215
3361	227	4.589	-1.483
3361	228	4.369	-0.920
3361	232	-0.209	5.557
3361	233	-0.210	6.541
3361	238	-0.946	5.898
3361	248	2.295	4.804
3361	249	2.776	4.999
3361	250	6.482	0.426
3361	256	2.862	-0.870
3361	258	-1.432	1.679
3361	259	-0.887	2.463
3361	260	1.060	1.107
3361	329	-1.894	-0.071
3361	330	-1.226	-0.919
3361	331	-3.128	-0.655
3361	332	-2.566	-0.112
3361	354	1.716	6.278
3361	355	1.446	5.603
3361	376	-6.347	-5.413
3361	391	1.616	7.191
3361	392	1.716	7.635
3361	393	-4.406	6.735
3361	394	-6.001	7.599
3361	395	-3.569	6.545
3361	396	-1.886	6.828
3361	418	3.141	-2.227
3361	430	-2.312	1.545
3361	432	-1.750	2.036
3361	468	5.098	-2.929
3361	473	4.607	-3.108
3371	142	-1.963	2.614
3371	150	0.178	-4.430
3371	151	0.623	-4.424
3371	152	1.924	-3.277
3371	153	2.366	-3.792
3371	154	2.702	-3.303
3371	155	3.684	5.768
3371	156	1.220	2.352
3371	157	-3.849	7.355
3371	158	1.657	3.658
3371	159	1.318	-3.871
3371	227	4.354	-1.725
3371	228	4.007	-1.215
3371	232	-0.157	5.508
3371	233	-0.263	6.612
3371	238	-0.814	5.919
3371	248	2.273	4.807
3371	249	2.859	5.006
3371	250	6.482	0.426
3371	256	2.667	-0.462
3371	258	-1.432	1.679
3371	259	-0.833	2.743
3371	260	0.802	1.665
3371	329	-1.952	-0.050
3371	330	-1.323	-0.968
3371	331	-3.065	-0.744
3371	332	-2.714	-0.184
3371	354	1.963	6.422
3371	355	1.763	5.760
3371	376	-6.390	-5.574
3371	391	1.875	7.202
3371	392	1.931	7.605
3371	393	-4.625	6.660
3371	394	-6.160	7.442
3371	395	-3.778	6.274
3371	396	-1.794	6.379
3371	418	3.004	-1.934
3371	430	-2.496	1.840
3371	432	-1.750	2.036
3371	468	5.098	-2.929
3371	473	4.607	-3.108
3381	142	-1.962	2.570
3381	150	0.221	-4.645
3381	151	0.668	-4.680
3381	152	1.907	-3.590
3381	153	2.379	-4.042
3381	154	2.782	-3.556
3381	155	3.713	5.788
3381	156	1.179	2.113
3381	157	-4.208	7.384
3381	158	1.632	3.261
3381	159	1.191	-3.542
3381	227	3.985	-2.109
3381	228	3.605	-1.566
3381	232	-0.158	5.570
3381	233	-0.285	6.493
3381	238	-0.812	5.814
3381	248	2.273	4.807
3381	249	2.797	4.996
3381	250	6.482	0.426
3381	256	2.517	-0.230
3381	258	-1.432	1.679
3381	259	-0.832	2.998
3381	260	0.636	2.011
3381	329	-1.979	-0.117
3381	330	-1.007	-0.929
3381	331	-2.939	-0.875
3381	332	-2.803	-0.228
3381	354	2.173	6.532
3381	355	2.024	5.890
3381	376	-6.467	-5.734
3381	391	2.079	7.210
3381	393	-4.839	6.586
3381	394	-6.346	7.319
3381	395	-4.024	6.138
3381	396	-1.657	5.653
3381	418	2.792	-1.479
3381	430	-2.496	1.840
3381	432	-1.750	2.036
3381	468	5.098	-2.929
3381	473	4.607	-3.108
3391	142	-2.021	2.639
3391	150	0.269	-4.884
3391	151	0.723	-5.028
3391	152	1.906	-3.862
3391	153	2.414	-4.258
3391	154	2.911	-3.838
3391	155	3.682	5.802
3391	156	1.109	1.775
3391	157	-4.633	7.394
3391	158	1.646	2.867
3391	159	1.139	-3.300
3391	160	-2.838	8.388
3391	227	3.800	-2.329
3391	228	3.368	-1.876
3391	232	-0.157	5.508
3391	233	-0.436	6.376
3391	238	-0.758	5.764
3391	248	2.317	4.782
3391	249	2.777	4.980
3391	250	6.496	0.492
3391	256	2.311	0.091
3391	258	-1.432	1.679
3391	259	-0.913	3.236
3391	260	0.443	2.345
3391	329	-1.982	-0.007
3391	330	-1.159	-0.950
3391	331	-2.664	-0.975
3391	332	-2.835	-0.165
3391	354	2.458	6.662
3391	355	2.303	6.052
3391	376	-6.640	-5.919
3391	391	2.260	7.220
3391	393	-5.095	6.500
3391	394	-6.482	7.204
3391	395	-4.311	6.023
3391	396	-1.627	5.231
3391	418	2.672	-1.220
3391	430	-2.496	1.840
3391	432	-1.750	2.036
3391	468	5.098	-2.929
3391	473	4.607	-3.108
3401	142	-1.875	2.500
3401	150	0.323	-5.157
3401	151	0.786	-5.355
3401	152	1.927	-4.094
3401	153	2.462	-4.547
3401	154	3.075	-4.198
3401	155	3.592	5.812
3401	156	1.048	1.462
3401	157	-5.091	7.397
3401	158	1.662	2.305
3401	159	1.080	-2.793
3401	160	-2.964	8.106
3401	227	3.481	-2.725
3401	228	3.050	-2.295
3401	232	-0.185	5.636
3401	233	-0.460	6.339
3401	238	-0.755	5.659
3401	248	2.360	4.777
3401	249	2.775	5.055
3401	250	6.491	0.640
3401	256	2.249	0.316
3401	258	-1.432	1.679
3401	259	-1.008	3.514
3401	260	0.141	2.869
3401	329	-1.924	-0.027
3401	330	-0.929	-0.981
3401	331	-2.428	-0.872
3401	332	-2.835	-0.165
3401	354	2.750	6.799
3401	355	2.664	6.244
3401	376	-6.901	-6.128
3401	391	2.627	7.199
3401	393	-5.269	6.494
3401	394	-6.544	6.992
3401	395	-4.573	5.905
3401	396	-1.580	4.464
3401	418	2.491	-0.859
3401	430	-2.496	1.840
3401	432	-1.750	2.036
3401	468	5.098	-2.929
3401	473	4.607	-3.108
3411	142	-1.933	2.547
3411	150	0.384	-5.464
3411	151	0.856	-5.581
3411	152	1.962	-4.449
3411	153	2.524	-4.912
3411	154	3.146	-4.447
3411	155	3.440	5.816
3411	156	1.013	1.224
3411	157	-5.451	7.363
3411	158	1.628	2.022
3411	159	0.999	-2.292
3411	160	-3.136	7.719
3411	227	3.278	-2.978
3411	228	2.856	-2.547
3411	232	-0.110	5.644
3411	233	-0.486	6.323
3411	238	-0.594	5.531
3411	248	2.274	4.788
3411	249	2.860	4.968
3411	250	6.415	1.002
3411	256	2.160	0.626
3411	258	-1.432	1.679
3411	259	-1.015	3.740
3411	260	0.062	3.171
3411	329	-1.923	-0.072
3411	330	-0.707	-0.960
3411	331	-2.450	-0.954
3411	332	-2.834	-0.188
3411	354	3.295	6.725
3411	355	3.184	6.402
3411	376	-7.132	-6.301
3411	391	2.753	7.134
3411	393	-5.366	6.574
3411	394	-6.540	6.808
3411	395	-4.861	5.771
3411	396	-1.496	4.100
3411	418	2.347	-0.513
3411	430	-2.496	1.840
3411	432	-1.750	2.036
3411	468	5.098	-2.929
3411	473	4.607	-3.108
3421	142	-1.990	2.528
3421	150	0.451	-5.764
3421	151	0.980	-5.894
3421	152	2.010	-4.937
3421	153	2.588	-5.292
3421	154	3.175	-4.737
3421	155	3.257	5.804
3421	156	0.968	0.863
3421	157	-5.982	7.304
3421	158	1.520	1.622
3421	159	0.865	-2.000
3421	160	-3.177	7.457
3421	227	3.008	-3.267
3421	228	2.554	-2.939
3421	232	-0.114	5.788
3421	233	-0.485	6.281
3421	238	-0.648	5.581
3421	248	2.337	4.836
3421	249	2.820	4.918
3421	250	6.252	1.517
3421	256	2.150	0.874
3421	258	-1.432	1.679
3421	259	-0.992	3.983
3421	260	0.075	3.579
3421	329	-1.951	-0.117
3421	330	-0.558	-0.959
3421	331	-2.278	-0.954
3421	332	-2.714	-0.161
3421	354	3.370	6.872
3421	355	3.281	6.248
3421	376	-7.288	-6.419
3421	391	2.937	7.204
3421	393	-5.628	6.603
3421	394	-6.643	6.647
3421	395	-5.150	5.632
3421	396	-1.306	3.418
3421	418	2.310	-0.225
3421	430	-2.496	1.840
3421	432	-1.750	2.036
3421	468	5.098	-2.929
3421	473	4.607	-3.108
3431	142	-2.047	2.531
3431	150	0.525	-6.022
3431	151	1.103	-6.205
3431	152	2.056	-5.411
3431	153	2.638	-5.594
3431	154	3.223	-5.208
3431	155	3.105	5.755
3431	156	0.915	0.501
3431	157	-6.467	7.250
3431	158	1.492	1.032
3431	159	0.581	-1.422
3431	160	-3.166	7.216
3431	162	-0.293	-6.462
3431	227	2.758	-3.589
3431	228	2.376	-3.163
3431	232	-0.015	5.854
3431	233	-0.588	6.278
3431	238	-0.676	5.648
3431	248	2.318	4.763
3431	249	2.840	4.971
3431	250	5.920	2.112
3431	256	2.199	1.034
3431	258	-1.432	1.679
3431	259	-1.065	4.202
3431	260	0.092	4.134
3431	329	-1.894	-0.093
3431	330	-0.508	-1.172
3431	331	-2.195	-1.012
3431	332	-2.684	-0.183
3431	354	3.509	6.860
3431	355	3.526	6.299
3431	376	-7.460	-6.548
3431	391	2.999	7.171
3431	393	-5.855	6.636
3431	394	-6.876	6.504
3431	395	-5.380	5.506
3431	396	-1.210	3.034
3431	418	2.261	0.083
3431	430	-2.496	1.840
3431	432	-1.750	2.036
3431	468	5.098	-2.929
3431	473	4.607	-3.108
3441	142	-2.339	2.612
3441	150	0.605	-6.240
3441	152	2.090	-5.752
3441	153	2.676	-5.818
3441	154	3.258	-5.559
3441	155	2.984	5.683
3441	156	0.860	0.264
3441	158	1.338	0.735
3441	159	0.419	-1.076
3441	160	-3.154	6.965
3441	161	4.191	6.587
3441	162	-0.281	-6.136
3441	227	2.728	-3.831
3441	228	2.091	-3.488
3441	232	-0.045	6.022
3441	233	-0.643	6.370
3441	238	-0.570	5.611
3441	248	2.339	4.779
3441	249	2.798	4.977
3441	250	5.747	2.794
3441	256	2.244	1.153
3441	258	-1.432	1.679
3441	259	-1.190	4.457
3441	260	0.102	4.436
3441	329	-1.887	-0.211
3441	330	-0.458	-1.756
3441	331	-2.073	-0.987
3441	332	-2.653	-0.205
3441	354	3.736	7.078
3441	355	3.721	6.443
3441	358	-6.187	6.018
3441	376	-7.714	-6.739
3441	393	-5.933	6.689
3441	394	-7.096	6.373
3441	395	-5.549	5.402
3441	396	-1.069	2.391
3441	418	2.217	0.282
3441	430	-2.496	1.840
3441	432	-1.750	2.036
3441	468	5.098	-2.929
3441	473	4.607	-3.108
3451	142	-2.134	2.557
3451	155	2.872	5.702
3451	156	0.796	-0.051
3451	158	1.401	0.376
3451	159	0.250	-0.707
3451	160	-3.194	6.745
3451	161	4.308	5.911
3451	162	-0.271	-5.753
3451	163	0.221	-6.280
3451	227	2.697	-4.196
3451	228	1.961	-3.741
3451	232	-0.160	6.388
3451	233	-0.617	6.387
3451	238	-0.623	5.640
3451	248	2.274	4.769
3451	249	2.736	4.968
3451	250	5.539	3.452
3451	256	2.268	1.316
3451	258	-1.432	1.679
3451	259	-1.335	4.749
3451	260	0.105	4.846
3451	329	-1.950	-0.139
3451	330	-0.363	-2.105
3451	331	-2.161	-0.970
3451	332	-2.593	-0.203
3451	354	3.925	7.159
3451	355	4.014	6.666
3451	358	-5.961	6.045
3451	359	-7.443	5.461
3451	393	-6.090	6.607
3451	394	-7.295	6.255
3451	395	-5.797	5.300
3451	396	-0.924	1.693
3451	418	2.170	0.489
3451	430	-2.496	1.840
3451	432	-1.750	2.036
3451	468	5.098	-2.929
3451	473	4.607	-3.108
3461	142	-2.261	2.760
3461	155	2.762	5.835
3461	156	0.712	-0.426
3461	158	1.506	-0.206
3461	159	-0.010	-0.139
3461	160	-3.230	6.532
3461	161	4.268	5.619
3461	162	-0.304	-5.502
3461	163	0.114	-5.965
3461	227	2.703	-4.454
3461	228	1.857	-4.101
3461	232	0.008	6.769
3461	233	-0.547	6.664
3461	238	-0.707	5.840
3461	248	2.340	4.723
3461	249	2.841	4.934
3461	250	5.600	4.202
3461	256	2.288	1.489
3461	258	-1.432	1.679
3461	259	-1.454	4.996
3461	260	0.117	5.357
3461	329	-1.779	-0.134
3461	330	-0.104	-2.560
3461	331	-2.073	-0.965
3461	332	-2.473	-0.267
3461	334	-5.323	-2.253
3461	355	4.243	6.821
3461	358	-5.803	6.063
3461	359	-6.890	5.576
3461	393	-6.279	6.472
3461	394	-7.502	6.132
3461	395	-6.020	5.226
3461	396	-0.885	1.258
3461	397	1.433	7.789
3461	418	2.103	0.665
3461	430	-2.496	1.840
3461	432	-1.750	2.036
3461	468	5.098	-2.929
3461	473	4.607	-3.108
3471	142	-2.006	2.690
3471	155	2.692	5.982
3471	156	0.582	-0.650
3471	158	1.509	-0.532
3471	159	-0.115	0.189
3471	160	-3.262	6.326
3471	161	4.083	4.970
3471	162	-0.363	-5.235
3471	163	0.049	-5.708
3471	164	-0.185	-6.317
3471	227	2.743	-4.740
3471	228	1.786	-4.459
3471	232	0.129	6.992
3471	233	-0.643	6.961
3471	238	-0.757	6.172
3471	248	2.274	4.788
3471	249	2.800	4.921
3471	250	5.467	4.624
3471	256	2.353	1.391
3471	258	-1.432	1.679
3471	259	-1.553	5.223
3471	260	0.173	5.613
3471	329	-1.805	-0.200
3471	330	0.072	-2.889
3471	331	-2.190	-0.971
3471	332	-2.413	-0.287
3471	334	-5.300	-2.347
3471	355	4.471	6.936
3471	358	-5.502	6.045
3471	359	-6.404	5.632
3471	393	-6.419	6.393
3471	394	-7.738	5.992
3471	395	-6.162	5.189
3471	396	-0.816	0.378
3471	397	1.176	7.825
3471	418	2.060	0.768
3471	430	-2.434	1.726
3471	432	-1.723	2.100
3471	468	5.098	-2.929
3471	473	4.607	-3.108
3481	142	-1.738	2.619
3481	155	2.688	6.076
3481	156	0.398	-0.890
3481	158	1.455	-0.867
3481	159	-0.165	0.565
3481	160	-3.410	6.168
3481	161	3.921	4.355
3481	162	-0.434	-4.907
3481	163	0.001	-5.466
3481	164	-0.260	-5.917
3481	227	2.806	-5.187
3481	228	1.831	-4.750
3481	232	0.312	7.265
3481	233	-0.389	7.272
3481	238	-0.581	6.418
3481	248	2.339	4.779
3481	249	2.798	4.959
3481	250	5.690	5.541
3481	256	2.396	1.390
3481	258	-1.432	1.679
3481	259	-1.644	5.480
3481	260	0.295	5.944
3481	329	-1.805	-0.200
3481	330	0.386	-3.529
3481	331	-2.248	-0.997
3481	332	-2.471	-0.312
3481	334	-5.309	-2.332
3481	358	-5.338	6.012
3481	359	-5.936	5.599
3481	393	-6.517	6.353
3481	395	-6.354	5.109
3481	396	-0.763	0.006
3481	397	0.864	7.868
3481	418	2.039	0.819
3481	430	-2.434	1.726
3481	432	-1.723	2.100
3481	468	5.098	-2.929
3481	473	4.607	-3.108
3491	142	-1.556	2.606
3491	155	2.671	6.147
3491	156	0.179	-1.161
3491	158	1.383	-1.384
3491	159	-0.238	1.121
3491	160	-3.539	6.106
3491	161	3.888	4.051
3491	162	-0.504	-4.661
3491	163	-0.070	-5.163
3491	164	-0.303	-5.669
3491	227	2.862	-5.586
3491	228	1.903	-5.177
3491	232	0.376	7.495
3491	233	-0.247	7.474
3491	238	-0.318	6.745
3491	248	2.274	4.788
3491	249	2.757	4.946
3491	250	5.719	6.183
3491	256	2.420	1.333
3491	258	-1.432	1.679
3491	259	-1.767	5.719
3491	260	0.369	6.235
3491	329	-1.692	-0.197
3491	330	0.574	-3.945
3491	331	-2.190	-0.949
3491	332	-2.353	-0.307
3491	334	-5.335	-2.260
3491	358	-5.153	6.011
3491	359	-5.198	5.536
3491	393	-6.632	6.258
3491	395	-6.600	4.986
3491	396	-0.635	-0.647
3491	397	0.496	7.918
3491	418	1.990	0.939
3491	430	-2.434	1.726
3491	432	-1.723	2.100
3491	468	5.098	-2.929
3491	473	4.607	-3.108
3501	142	-1.509	2.670
3501	155	2.546	6.236
3501	156	-0.016	-1.317
3501	158	1.255	-1.716
3501	159	-0.307	1.442
3501	160	-3.609	6.101
3501	161	3.847	3.329
3501	162	-0.584	-4.420
3501	163	-0.080	-4.906
3501	164	-0.338	-5.393
3501	228	2.006	-5.533
3501	232	0.426	7.839
3501	233	-0.069	7.743
3501	238	-0.191	6.995
3501	248	2.274	4.788
3501	249	2.779	4.924
3501	256	2.416	1.447
3501	258	-1.597	1.574
3501	259	-1.934	5.927
3501	260	0.412	6.444
3501	329	-1.892	-0.181
3501	330	0.799	-4.515
3501	331	-2.073	-0.965
3501	332	-2.473	-0.267
3501	334	-5.326	-2.287
3501	358	-4.900	6.037
3501	359	-4.737	5.481
3501	393	-6.772	6.091
3501	395	-6.772	4.899
3501	396	-0.605	-1.058
3501	397	0.065	7.975
3501	418	2.211	1.028
3501	430	-2.434	1.726
3501	432	-1.723	2.100
3501	468	5.098	-2.929
3501	473	4.607	-3.108
3511	142	-1.471	2.600
3511	155	2.362	6.317
3511	156	-0.114	-1.404
3511	158	1.069	-1.909
3511	159	-0.381	1.788
3511	160	-3.509	6.073
3511	161	3.788	2.609
3511	162	-0.685	-4.099
3511	163	-0.041	-4.675
3511	164	-0.380	-5.079
3511	228	2.177	-6.093
3511	233	0.101	7.999
3511	238	-0.066	7.228
3511	248	2.337	4.817
3511	249	2.755	5.021
3511	256	2.369	1.582
3511	258	-1.597	1.574
3511	259	-2.104	6.155
3511	260	0.442	6.650
3511	329	-1.693	-0.153
3511	330	0.954	-4.983
3511	331	-2.248	-0.975
3511	332	-2.502	-0.268
3511	334	-5.280	-2.422
3511	358	-4.804	6.021
3511	359	-3.999	5.380
3511	393	-6.907	5.913
3511	395	-6.852	4.858
3511	396	-0.708	-1.518
3511	397	-0.429	8.041
3511	418	2.189	1.047
3511	430	-2.434	1.726
3511	432	-1.723	2.100
3511	468	5.098	-2.929
3511	473	4.607	-3.108
3521	142	-1.343	2.474
3521	155	2.228	6.335
3521	156	-0.177	-1.461
3521	158	0.845	-2.172
3521	159	-0.476	2.317
3521	160	-3.478	6.068
3521	161	3.699	2.322
3521	162	-0.786	-3.824
3521	163	0.008	-4.411
3521	164	-0.445	-4.844
3521	165	-0.232	-6.459
3521	238	0.171	7.643
3521	248	2.316	4.820
3521	249	2.778	4.962
3521	256	2.307	1.488
3521	258	-1.597	1.574
3521	259	-2.288	6.384
3521	260	0.248	6.812
3521	329	-1.806	-0.178
3521	330	1.028	-5.612
3521	331	-2.220	-0.928
3521	332	-2.414	-0.242
3521	334	-5.202	-2.641
3521	358	-4.622	6.107
3521	359	-3.541	5.366
3521	393	-7.001	5.787
3521	395	-6.893	4.837
3521	396	-0.677	-1.843
3521	397	-0.919	8.107
3521	418	2.189	1.047
3521	430	-2.434	1.726
3521	432	-1.723	2.100
3521	468	5.098	-2.929
3521	473	4.607	-3.108
3531	142	-1.284	2.342
3531	155	2.133	6.338
3531	156	-0.373	-1.542
3531	158	0.609	-2.224
3531	159	-0.653	2.627
3531	160	-3.507	5.959
3531	161	3.457	1.769
3531	162	-0.894	-3.587
3531	163	0.053	-4.151
3531	164	-0.538	-4.595
3531	165	-0.194	-6.107
3531	166	0.591	-6.201
3531	248	2.275	4.731
3531	249	2.754	5.022
3531	256	2.308	1.450
3531	258	-1.597	1.574
3531	259	-2.516	6.565
3531	260	-0.016	6.999
3531	262	1.667	-5.742
3531	329	-1.749	-0.177
3531	330	1.111	-6.323
3531	331	-2.072	-1.010
3531	332	-2.474	-0.222
3531	334	-5.114	-2.848
3531	358	-4.525	6.172
3531	359	-2.710	5.428
3531	393	-7.058	5.711
3531	395	-7.021	4.772
3531	396	-0.471	-2.434
3531	397	-1.368	8.171
3531	418	2.189	1.047
3531	430	-2.434	1.726
3531	432	-1.723	2.100
3531	468	5.098	-2.929
3531	473	4.607	-3.108
3541	142	-1.199	2.231
3541	155	2.050	6.444
3541	156	-0.609	-1.612
3541	158	0.350	-2.180
3541	159	-0.952	2.762
3541	160	-3.504	5.845
3541	161	3.118	1.015
3541	162	-1.075	-3.171
3541	163	0.084	-3.926
3541	164	-0.657	-4.268
3541	165	-0.199	-5.805
3541	166	0.487	-6.001
3541	248	2.337	4.836
3541	249	2.750	4.899
3541	256	2.284	1.508
3541	258	-1.597	1.574
3541	259	-2.765	6.720
3541	260	-0.262	7.181
3541	262	1.735	-5.240
3541	329	-1.807	-0.156
3541	331	-2.161	-0.970
3541	332	-2.563	-0.224
3541	334	-5.062	-3.075
3541	358	-4.611	6.145
3541	359	-2.121	5.480
3541	393	-7.133	5.612
3541	395	-7.243	4.660
3541	396	-0.367	-2.865
3541	397	-1.770	8.230
3541	418	2.189	1.047
3541	430	-2.434	1.726
3541	432	-1.723	2.100
3541	468	5.098	-2.929
3541	473	4.607	-3.108
3551	142	-1.085	2.034
3551	155	1.984	6.610
3551	156	-0.834	-1.669
3551	158	0.079	-2.140
3551	159	-1.428	2.987
3551	160	-3.502	5.777
3551	161	2.911	0.689
3551	162	-1.245	-2.857
3551	163	0.123	-3.680
3551	164	-0.773	-4.037
3551	165	-0.264	-5.605
3551	166	0.389	-5.791
3551	248	2.315	4.858
3551	249	2.745	4.797
3551	256	2.304	1.584
3551	258	-1.597	1.574
3551	259	-3.013	6.867
3551	260	-0.505	7.379
3551	262	1.766	-4.959
3551	329	-1.750	-0.133
3551	331	-2.132	-0.946
3551	332	-2.414	-0.220
3551	334	-5.005	-3.395
3551	358	-4.616	6.141
3551	359	-1.441	5.555
3551	393	-7.250	5.457
3551	396	-0.424	-3.222
3551	397	-2.123	8.285
3551	418	2.189	1.047
3551	430	-2.434	1.726
3551	432	-1.723	2.100
3551	468	5.098	-2.929
3551	473	4.607	-3.108
3561	142	-1.115	2.142
3561	155	2.117	6.405
3561	156	-1.038	-1.795
3561	158	-0.166	-2.112
3561	159	-1.891	3.172
3561	160	-3.410	5.786
3561	161	2.583	0.399
3561	162	-1.456	-2.599
3561	163	0.161	-3.419
3561	164	-0.969	-3.845
3561	165	-0.341	-5.405
3561	166	0.352	-5.582
3561	248	2.294	4.842
3561	249	2.842	4.878
3561	256	2.373	1.585
3561	258	-1.597	1.574
3561	259	-3.236	7.049
3561	260	-0.849	7.677
3561	262	1.804	-4.609
3561	329	-1.749	-0.199
3561	331	-2.133	-0.924
3561	332	-2.472	-0.289
3561	334	-4.939	-3.783
3561	358	-4.418	6.212
3561	359	-0.860	5.633
3561	396	-0.415	-3.578
3561	397	-2.435	8.335
3561	418	2.189	1.047
3561	430	-2.434	1.726
3561	432	-1.723	2.100
3561	468	5.098	-2.929
3561	473	4.607	-3.108
3571	142	-1.322	2.035
3571	155	2.139	6.401
3571	156	-1.208	-1.943
3571	158	-0.367	-2.041
3571	159	-2.219	3.230
3571	160	-3.377	5.737
3571	161	2.069	-0.059
3571	162	-1.778	-2.208
3571	163	0.155	-3.178
3571	164	-1.087	-3.651
3571	165	-0.399	-5.200
3571	166	0.363	-5.370
3571	248	2.314	4.877
3571	249	2.778	4.943
3571	256	2.414	1.543
3571	258	-1.597	1.574
3571	259	-3.423	7.235
3571	260	-1.185	7.933
3571	262	1.851	-4.166
3571	329	-1.661	-0.306
3571	331	-2.221	-0.906
3571	332	-2.536	-0.345
3571	334	-4.949	-4.062
3571	358	-4.203	6.282
3571	359	-0.243	5.786
3571	396	-0.289	-3.705
3571	397	-2.901	8.369
3571	418	2.189	1.047
3571	430	-2.434	1.726
3571	432	-1.723	2.100
3571	468	5.098	-2.929
3571	473	4.607	-3.108
3581	142	-1.220	1.996
3581	155	2.115	6.500
3581	156	-1.342	-2.066
3581	158	-0.547	-2.013
3581	159	-2.622	3.300
3581	160	-3.346	5.709
3581	161	1.846	-0.321
3581	162	-1.927	-1.964
3581	163	0.131	-2.733
3581	164	-0.839	-3.431
3581	165	-0.433	-4.995
3581	166	0.399	-5.156
3581	248	2.315	4.839
3581	249	2.757	4.946
3581	256	2.393	1.505
3581	258	-1.597	1.574
3581	259	-3.564	7.369
3581	260	-1.463	8.076
3581	262	1.864	-3.889
3581	329	-1.743	-0.353
3581	331	-2.073	-0.965
3581	332	-2.350	-0.442
3581	334	-4.972	-4.321
3581	358	-4.373	6.249
3581	359	0.426	5.937
3581	396	-0.208	-3.794
3581	397	-3.440	8.430
3581	418	2.189	1.047
3581	430	-2.434	1.726
3581	432	-1.723	2.100
3581	468	5.098	-2.929
3581	473	4.607	-3.108
3591	142	-1.272	1.890
3591	155	1.991	6.564
3591	156	-1.527	-2.208
3591	158	-0.734	-2.134
3591	159	-3.133	3.402
3591	160	-3.409	5.764
3591	161	1.586	-0.722
3591	162	-1.936	-1.830
3591	163	0.110	-2.426
3591	164	-0.495	-3.135
3591	165	-0.458	-4.795
3591	166	0.355	-4.968
3591	248	2.315	4.839
3591	249	2.779	4.924
3591	256	2.218	1.528
3591	258	-1.597	1.574
3591	259	-3.703	7.506
3591	260	-1.791	8.230
3591	262	1.861	-3.327
3591	329	-1.542	-0.542
3591	331	-2.158	-1.081
3591	332	-1.939	-0.559
3591	334	-5.005	-4.583
3591	358	-4.373	6.249
3591	359	0.914	5.976
3591	396	0.014	-3.897
3591	397	-3.737	8.619
3591	418	2.189	1.047
3591	430	-2.434	1.726
3591	432	-1.723	2.100
3591	468	5.098	-2.929
3591	473	4.607	-3.108
3601	142	-1.275	1.976
3601	155	1.960	6.659
3601	156	-1.748	-2.395
3601	158	-0.870	-2.283
3601	159	-3.545	3.413
3601	160	-3.409	5.764
3601	161	1.325	-1.168
3601	162	-2.054	-1.722
3601	163	0.082	-1.994
3601	164	-0.313	-2.823
3601	165	-0.500	-4.595
3601	166	0.201	-4.777
3601	167	2.069	-5.573
3601	248	2.293	4.861
3601	249	2.883	4.910
3601	256	2.349	1.525
3601	258	-1.597	1.574
3601	259	-3.881	7.702
3601	260	-2.152	8.399
3601	262	1.852	-2.652
3601	329	-1.333	-0.472
3601	331	-2.102	-0.989
3601	332	-1.650	-0.722
3601	334	-5.082	-4.869
3601	358	-4.306	6.193
3601	359	1.544	6.032
3601	396	0.512	-4.079
3601	397	-4.079	8.950
3601	418	2.189	1.047
3601	430	-2.434	1.726
3601	432	-1.723	2.100
3601	468	5.098	-2.929
3601	473	4.607	-3.108
3611	142	-1.386	2.023
3611	155	1.902	6.835
3611	156	-1.984	-2.603
3611	158	-0.939	-2.412
3611	159	-3.841	3.314
3611	160	-3.503	5.800
3611	161	1.249	-1.512
3611	162	-2.303	-1.639
3611	163	0.040	-1.448
3611	164	-0.143	-2.459
3611	165	-0.576	-4.380
3611	166	0.009	-4.536
3611	167	1.718	-5.119
3611	248	2.249	4.886
3611	249	2.735	5.005
3611	256	2.327	1.526
3611	258	-1.597	1.574
3611	259	-4.037	7.872
3611	260	-2.460	8.544
3611	262	1.826	-2.263
3611	329	-1.211	-0.463
3611	331	-1.729	-0.946
3611	332	-1.369	-0.752
3611	334	-5.224	-5.316
3611	358	-4.438	6.259
3611	359	1.967	6.114
3611	396	0.655	-4.333
3611	418	2.189	1.047
3611	430	-2.434	1.726
3611	432	-1.867	2.172
3611	468	5.098	-2.929
3611	473	4.607	-3.108
3621	142	-1.194	2.016
3621	155	1.848	6.968
3621	156	-2.264	-2.688
3621	158	-1.075	-2.508
3621	159	-4.230	3.154
3621	160	-3.409	5.764
3621	161	1.116	-2.192
3621	162	-2.555	-1.597
3621	163	-0.029	-1.165
3621	164	-0.082	-2.031
3621	165	-0.690	-4.130
3621	166	-0.018	-4.318
3621	167	1.539	-4.916
3621	168	1.904	-5.932
3621	248	2.315	4.839
3621	249	2.758	4.927
3621	256	2.350	1.506
3621	258	-1.597	1.574
3621	259	-4.129	7.959
3621	262	1.762	-1.364
3621	329	-0.982	-0.820
3621	331	-1.755	-1.058
3621	332	-1.365	-0.883
3621	333	-5.193	0.543
3621	334	-5.286	-5.663
3621	335	-5.861	2.929
3621	358	-4.404	6.207
3621	359	2.664	6.257
3621	396	0.810	-4.917
3621	418	2.189	1.047
3621	430	-2.434	1.726
3621	432	-1.867	2.172
3621	468	5.098	-2.929
3621	473	4.607	-3.108
3631	142	-1.275	1.976
3631	155	1.804	7.037
3631	156	-2.579	-2.746
3631	158	-1.327	-2.569
3631	159	-4.683	2.966
3631	160	-3.409	5.764
3631	161	1.111	-2.514
3631	162	-2.679	-1.451
3631	163	-0.179	-0.682
3631	164	-0.063	-1.610
3631	165	-0.750	-3.885
3631	166	-0.041	-4.086
3631	167	1.251	-4.600
3631	168	1.905	-5.661
3631	248	2.293	4.861
3631	249	2.818	4.993
3631	256	2.351	1.449
3631	258	-1.597	1.574
3631	259	-4.224	8.065
3631	262	1.703	-0.895
3631	329	-0.888	-1.050
3631	331	-1.997	-1.029
3631	332	-1.413	-1.096
3631	333	-4.993	0.460
3631	334	-5.272	-5.908
3631	335	-5.830	3.027
3631	358	-4.503	6.199
3631	359	3.011	6.423
3631	396	0.928	-5.262
3631	418	2.189	1.047
3631	430	-2.434	1.726
3631	432	-1.867	2.172
3631	468	5.098	-2.929
3631	473	4.607	-3.108
3641	142	-1.166	2.015
3641	155	1.770	7.049
3641	156	-2.912	-2.808
3641	158	-1.711	-2.642
3641	159	-5.027	2.825
3641	160	-3.410	5.809
3641	161	1.182	-2.983
3641	162	-2.697	-1.289
3641	163	-0.331	-0.228
3641	164	-0.174	-1.270
3641	165	-0.723	-3.665
3641	166	-0.070	-3.839
3641	167	1.023	-4.353
3641	168	1.906	-5.345
3641	207	-0.610	7.798
3641	248	2.293	4.861
3641	249	2.779	4.924
3641	256	2.418	1.409
3641	258	-1.597	1.574
3641	259	-4.371	8.261
3641	262	1.539	-0.295
3641	329	-0.766	-1.300
3641	331	-1.869	-1.065
3641	332	-1.335	-1.297
3641	333	-4.911	0.416
3641	334	-5.253	-6.153
3641	335	-5.938	2.995
3641	358	-4.339	6.197
3641	359	3.825	6.864
3641	396	1.234	-6.005
3641	418	2.189	1.047
3641	430	-2.434	1.726
3641	432	-1.867	2.172
3641	468	5.098	-2.929
3641	473	4.607	-3.108
3651	142	-1.167	2.037
3651	155	1.748	7.097
3651	156	-3.231	-2.854
3651	158	-2.206	-2.739
3651	160	-3.502	5.777
3651	161	1.202	-3.369
3651	162	-2.620	-1.516
3651	163	-0.413	0.020
3651	164	-0.302	-0.873
3651	165	-0.698	-3.470
3651	166	-0.056	-3.609
3651	167	0.786	-4.134
3651	168	1.919	-5.097
3651	207	-0.575	7.757
3651	248	2.271	4.883
3651	249	2.820	4.937
3651	256	2.284	1.527
3651	258	-1.597	1.574
3651	259	-4.512	8.432
3651	262	1.325	0.502
3651	279	0.128	7.754
3651	329	-0.709	-1.494
3651	331	-1.835	-1.262
3651	332	-1.217	-1.533
3651	333	-4.719	0.355
3651	334	-5.276	-6.405
3651	335	-5.913	3.000
3651	358	-4.402	6.114
3651	418	2.189	1.047
3651	430	-2.434	1.726
3651	432	-1.981	2.198
3651	468	5.098	-2.929
3651	473	4.607	-3.108
3661	142	-1.111	1.970
3661	155	1.738	7.206
3661	156	-3.645	-2.875
3661	158	-2.612	-2.807
3661	160	-3.502	5.754
3661	161	1.134	-3.625
3661	162	-2.682	-1.281
3661	163	-0.497	0.296
3661	164	-0.348	-0.644
3661	165	-0.664	-3.278
3661	166	0.009	-3.356
3661	167	0.448	-3.811
3661	168	1.947	-4.861
3661	207	-0.365	7.534
3661	248	2.270	4.921
3661	249	2.862	4.913
3661	256	2.416	1.466
3661	258	-1.597	1.574
3661	259	-4.606	8.496
3661	262	1.249	0.879
3661	279	0.116	7.571
3661	329	-0.654	-1.644
3661	331	-1.686	-1.517
3661	332	-1.123	-1.774
3661	333	-4.426	0.283
3661	334	-5.227	-6.674
3661	335	-5.680	3.093
3661	358	-4.371	6.179
3661	418	2.189	1.047
3661	430	-2.434	1.726
3661	432	-1.981	2.198
3661	468	5.098	-2.929
3661	473	4.607	-3.108
3671	142	-1.166	1.994
3671	155	1.739	7.376
3671	156	-4.128	-2.912
3671	158	-2.960	-2.839
3671	160	-3.408	5.718
3671	161	1.014	-4.006
3671	162	-2.720	-1.136
3671	163	-0.721	0.332
3671	164	-0.367	-0.393
3671	165	-0.594	-3.064
3671	166	0.134	-2.925
3671	167	0.394	-3.576
3671	168	1.994	-4.545
3671	207	-0.539	7.498
3671	248	2.250	4.848
3671	249	2.637	5.192
3671	256	2.456	1.561
3671	258	-1.597	1.574
3671	259	-4.665	8.530
3671	262	1.071	1.815
3671	279	0.100	7.407
3671	329	-0.615	-1.809
3671	331	-1.534	-1.945
3671	332	-1.126	-1.995
3671	333	-4.183	0.250
3671	334	-5.303	-6.891
3671	335	-5.481	3.171
3671	358	-4.351	6.077
3671	418	2.299	1.008
3671	430	-2.434	1.726
3671	432	-1.981	2.198
3671	468	5.098	-2.929
3671	473	4.607	-3.108
3681	142	-1.112	2.035
3681	155	1.917	7.261
3681	156	-4.430	-3.071
3681	158	-3.466	-2.840
3681	160	-3.348	5.778
3681	161	0.908	-4.401
3681	162	-2.774	-0.871
3681	163	-0.866	0.343
3681	164	-0.560	-0.289
3681	165	-0.531	-2.812
3681	166	0.215	-2.589
3681	167	0.369	-3.291
3681	168	2.029	-4.233
3681	207	-0.528	7.362
3681	248	2.059	4.877
3681	249	2.623	5.360
3681	256	2.543	1.521
3681	258	-1.597	1.574
3681	259	-4.712	8.671
3681	262	0.960	2.505
3681	279	0.095	7.230
3681	329	-0.599	-2.014
3681	331	-1.409	-2.417
3681	332	-1.175	-2.185
3681	333	-3.976	0.223
3681	334	-5.592	-7.026
3681	335	-5.395	3.199
3681	358	-4.266	6.237
3681	418	2.189	1.047
3681	430	-2.434	1.726
3681	432	-1.952	2.153
3681	468	5.098	-2.929
3681	473	4.607	-3.108
3691	142	-1.138	1.971
3691	155	1.940	7.237
3691	156	-4.776	-3.305
3691	158	-3.952	-2.889
3691	160	-3.344	5.619
3691	161	0.897	-4.665
3691	162	-2.835	-0.558
3691	163	-1.100	0.336
3691	164	-0.744	-0.229
3691	165	-0.410	-2.597
3691	166	0.262	-2.260
3691	167	0.388	-3.046
3691	168	2.024	-4.004
3691	207	-0.520	7.300
3691	248	2.031	5.107
3691	249	2.604	5.568
3691	256	2.414	1.524
3691	258	-1.597	1.574
3691	259	-4.461	8.607
3691	262	0.960	2.910
3691	279	0.105	7.030
3691	329	-0.599	-2.220
3691	331	-1.232	-2.792
3691	332	-1.208	-2.363
3691	333	-3.756	0.119
3691	334	-5.751	-7.157
3691	335	-5.421	3.178
3691	358	-4.154	6.402
3691	418	2.189	1.047
3691	430	-2.434	1.726
3691	432	-1.952	2.153
3691	468	5.098	-2.929
3691	473	4.607	-3.108
3701	142	-1.111	1.992
3701	155	1.940	7.237
3701	156	-5.170	-3.574
3701	158	-4.222	-3.066
3701	160	-3.480	5.868
3701	161	0.947	-4.940
3701	162	-2.969	-0.332
3701	163	-1.554	0.293
3701	164	-0.927	-0.185
3701	165	-0.198	-2.345
3701	166	0.338	-1.732
3701	167	0.477	-2.659
3701	168	1.990	-3.645
3701	207	-0.514	7.246
3701	248	1.959	5.529
3701	249	2.575	5.864
3701	256	2.480	1.484
3701	258	-1.597	1.574
3701	259	-4.530	8.785
3701	262	0.967	3.812
3701	279	0.123	6.804
3701	280	0.564	7.502
3701	329	-0.587	-2.424
3701	331	-1.143	-3.044
3701	332	-1.164	-2.559
3701	333	-3.563	-0.024
3701	334	-5.779	-7.270
3701	335	-5.560	3.109
3701	358	-4.053	6.474
3701	360	-5.788	8.422
3701	418	2.298	1.066
3701	430	-2.434	1.726
3701	432	-1.952	2.153
3701	468	5.098	-2.929
3701	473	4.607	-3.108
3711	142	-1.219	1.931
3711	155	1.918	7.242
3711	156	-5.458	-3.802
3711	158	-4.509	-3.351
3711	160	-3.259	5.900
3711	161	1.026	-5.370
3711	162	-3.190	-0.045
3711	163	-2.136	0.247
3711	164	-1.196	-0.169
3711	165	0.002	-2.108
3711	166	0.365	-1.425
3711	167	0.584	-2.170
3711	168	1.938	-3.067
3711	169	0.751	-6.144
3711	207	-0.508	7.119
3711	248	2.138	5.719
3711	249	2.624	6.143
3711	256	2.436	1.523
3711	258	-1.597	1.574
3711	259	-4.531	8.831
3711	262	0.975	4.367
3711	279	0.141	6.567
3711	280	0.669	7.289
3711	329	-0.536	-2.629
3711	331	-0.919	-3.212
3711	332	-1.151	-2.710
3711	333	-3.478	-0.120
3711	334	-5.785	-7.246
3711	335	-5.723	3.031
3711	358	-4.029	6.461
3711	360	-5.363	8.103
3711	361	-5.870	7.870
3711	418	2.189	1.047
3711	430	-2.434	1.726
3711	432	-1.952	2.153
3711	468	5.098	-2.929
3711	473	4.607	-3.108
3721	142	-1.136	1.907
3721	155	1.984	7.228
3721	156	-5.804	-4.079
3721	158	-4.837	-3.676
3721	160	-3.141	6.085
3721	161	1.104	-5.798
3721	162	-3.479	0.332
3721	163	-2.492	0.300
3721	164	-1.508	-0.174
3721	165	0.037	-1.539
3721	166	0.393	-0.995
3721	167	0.611	-1.897
3721	168	1.883	-2.685
3721	169	0.610	-5.841
3721	207	-0.501	6.901
3721	248	2.040	6.118
3721	249	2.712	6.590
3721	256	2.351	1.468
3721	258	-1.597	1.574
3721	259	-4.767	9.027
3721	262	0.992	4.870
3721	279	0.144	6.355
3721	280	0.719	7.086
3721	282	3.472	6.804
3721	329	-0.463	-2.854
3721	331	-0.863	-3.291
3721	332	-1.065	-2.860
3721	333	-3.457	-0.180
3721	334	-5.791	-7.061
3721	335	-5.780	3.008
3721	358	-4.181	6.382
3721	360	-5.009	7.894
3721	361	-5.455	7.717
3721	398	-5.582	9.230
3721	399	-2.556	8.450
3721	418	2.189	1.047
3721	430	-2.434	1.726
3721	432	-1.952	2.153
3721	468	5.098	-2.929
3721	473	4.607	-3.108
3731	142	-1.220	1.996
3731	155	1.939	7.256
3731	156	-6.216	-4.417
3731	158	-5.082	-3.918
3731	160	-3.143	6.175
3731	161	1.154	-6.071
3731	162	-3.706	0.626
3731	163	-2.970	0.432
3731	164	-1.814	-0.153
3731	165	0.054	-1.246
3731	166	0.419	-0.453
3731	167	0.780	-1.401
3731	168	1.799	-2.393
3731	169	0.528	-5.635
3731	207	-0.480	6.435
3731	248	2.183	6.489
3731	249	2.769	6.870
3731	256	2.415	1.486
3731	258	-1.597	1.574
3731	259	-4.782	9.130
3731	262	1.021	5.688
3731	279	0.131	6.125
3731	280	0.687	6.897
3731	281	0.091	7.571
3731	282	3.529	6.264
3731	329	-0.400	-3.081
3731	331	-0.805	-3.435
3731	332	-0.945	-2.983
3731	333	-3.318	-0.246
3731	334	-5.791	-6.885
3731	335	-5.728	3.039
3731	336	-4.763	3.095
3731	358	-4.454	6.251
3731	360	-4.564	7.686
3731	361	-5.063	7.548
3731	398	-5.868	8.862
3731	399	-2.654	8.009
3731	418	2.189	1.047
3731	430	-2.434	1.726
3731	432	-1.952	2.153
3731	468	5.098	-2.929
3731	473	4.607	-3.108
3741	142	-1.192	1.952
3741	155	1.916	7.319
3741	156	-6.428	-4.685
3741	158	-5.387	-4.200
3741	160	-3.112	6.148
3741	163	-3.437	0.561
3741	164	-2.085	-0.071
3741	165	-0.007	-0.853
3741	166	0.473	-0.046
3741	167	0.669	-1.019
3741	168	1.615	-1.800
3741	169	0.397	-5.400
3741	170	3.430	-5.679
3741	207	-0.469	5.970
3741	248	2.298	6.734
3741	249	2.856	7.298
3741	256	2.351	1.468
3741	258	-1.597	1.574
3741	262	1.043	6.016
3741	279	0.122	5.880
3741	280	0.641	6.706
3741	281	0.188	7.258
3741	282	3.557	5.933
3741	329	-0.368	-3.289
3741	331	-0.801	-3.564
3741	332	-0.888	-3.027
3741	333	-3.068	-0.320
3741	334	-5.784	-6.833
3741	335	-5.568	3.124
3741	336	-4.564	3.142
3741	358	-4.755	6.109
3741	360	-4.139	7.471
3741	361	-4.676	7.323
3741	398	-6.046	8.560
3741	399	-2.701	7.654
3741	418	2.189	1.047
3741	430	-2.434	1.726
3741	432	-1.952	2.153
3741	468	5.098	-2.929
3741	473	4.607	-3.108
3751	142	-1.222	2.039
3751	155	1.984	7.228
3751	156	-6.618	-4.971
3751	158	-5.734	-4.526
3751	160	-3.079	6.008
3751	164	-2.374	0.028
3751	165	-0.095	-0.439
3751	166	0.411	0.383
3751	167	0.667	-0.736
3751	168	1.452	-1.230
3751	169	0.296	-5.157
3751	170	3.370	-5.328
3751	207	-0.489	5.744
3751	248	2.527	7.210
3751	256	2.352	1.430
3751	258	-1.597	1.574
3751	262	1.094	6.664
3751	279	0.156	5.659
3751	280	0.608	6.513
3751	281	0.206	7.011
3751	282	3.573	5.640
3751	329	-0.343	-3.491
3751	331	-0.854	-3.615
3751	332	-0.813	-3.114
3751	333	-2.942	-0.392
3751	334	-5.768	-6.906
3751	335	-5.339	3.256
3751	336	-4.486	3.170
3751	358	-5.014	6.000
3751	360	-3.722	7.224
3751	361	-4.259	7.077
3751	398	-6.229	8.130
3751	399	-2.669	7.530
3751	418	2.189	1.047
3751	430	-2.434	1.726
3751	432	-1.952	2.153
3751	468	5.098	-2.929
3751	473	4.607	-3.108
3761	142	-1.221	2.017
3761	155	2.008	7.166
3761	156	-6.837	-5.297
3761	158	-5.948	-4.794
3761	160	-3.078	5.986
3761	164	-2.678	0.131
3761	165	-0.221	0.082
3761	166	0.160	0.881
3761	167	0.666	-0.175
3761	168	1.407	-0.941
3761	169	0.323	-4.935
3761	170	3.305	-4.896
3761	207	-0.532	5.542
3761	256	2.263	1.489
3761	258	-1.597	1.574
3761	262	1.146	7.347
3761	279	0.225	5.372
3761	280	0.578	6.292
3761	281	0.141	6.765
3761	282	3.600	5.154
3761	329	-0.314	-3.691
3761	331	-0.773	-3.603
3761	332	-0.700	-3.268
3761	333	-2.907	-0.443
3761	334	-5.748	-7.072
3761	335	-5.219	3.386
3761	336	-4.197	3.151
3761	358	-5.220	5.883
3761	360	-3.134	6.873
3761	361	-3.840	6.835
3761	398	-6.391	7.689
3761	399	-2.718	7.377
3761	418	2.189	1.047
3761	430	-2.434	1.726
3761	432	-1.952	2.153
3761	468	5.098	-2.929
3761	473	4.607	-3.108
3771	142	-1.166	1.994
3771	155	1.872	7.290
3771	156	-7.083	-5.667
3771	158	-6.137	-5.081
3771	160	-3.200	5.943
3771	165	-0.247	0.488
3771	166	0.091	1.168
3771	167	0.648	0.321
3771	168	1.385	-0.482
3771	169	0.437	-4.727
3771	170	3.309	-4.635
3771	207	-0.554	5.337
3771	256	2.286	1.450
3771	258	-1.597	1.574
3771	279	0.298	5.049
3771	280	0.528	6.015
3771	281	0.049	6.429
3771	282	3.614	4.797
3771	329	-0.270	-3.894
3771	331	-0.718	-3.639
3771	332	-0.616	-3.353
3771	333	-2.708	-0.410
3771	334	-5.743	-7.148
3771	335	-4.928	3.387
3771	336	-3.823	3.125
3771	358	-5.478	5.808
3771	360	-2.850	6.623
3771	361	-3.325	6.525
3771	398	-6.407	7.407
3771	399	-2.724	7.226
3771	418	2.277	1.008
3771	430	-2.434	1.726
3771	432	-1.952	2.153
3771	468	5.098	-2.929
3771	473	4.607	-3.108
3781	142	-1.165	1.951
3781	155	1.737	7.295
3781	156	-7.329	-6.034
3781	158	-6.349	-5.403
3781	160	-3.441	5.941
3781	165	-0.262	0.773
3781	166	-0.022	1.653
3781	167	0.588	0.615
3781	168	1.351	0.185
3781	169	0.572	-4.522
3781	170	3.321	-4.155
3781	207	-0.508	5.119
3781	256	2.329	1.488
3781	258	-1.597	1.574
3781	279	0.310	4.812
3781	280	0.524	5.769
3781	281	0.022	6.190
3781	282	3.610	4.550
3781	283	-0.032	7.836
3781	285	0.613	7.931
3781	329	-0.221	-4.099
3781	331	-0.687	-3.786
3781	332	-0.556	-3.418
3781	333	-2.434	-0.355
3781	334	-5.757	-7.102
3781	335	-4.428	3.323
3781	336	-3.469	3.089
3781	358	-5.844	5.777
3781	360	-2.474	6.218
3781	361	-3.075	6.320
3781	398	-6.406	7.070
3781	399	-2.886	7.136
3781	418	2.322	0.989
3781	430	-2.434	1.726
3781	432	-1.952	2.153
3781	468	5.098	-2.929
3781	473	4.607	-3.108
3791	142	-1.276	2.019
3791	155	1.737	7.277
3791	156	-7.550	-6.366
3791	158	-6.542	-5.679
3791	160	-3.661	5.946
3791	165	-0.280	1.291
3791	166	-0.159	2.199
3791	167	0.455	1.221
3791	168	1.302	0.575
3791	169	0.697	-4.318
3791	170	3.350	-3.727
3791	171	1.798	-6.059
3791	172	2.351	-5.973
3791	207	-0.415	4.829
3791	256	2.351	1.468
3791	258	-1.597	1.574
3791	279	0.270	4.622
3791	280	0.563	5.540
3791	281	0.015	5.908
3791	282	3.601	4.095
3791	283	-0.255	7.606
3791	285	0.432	7.806
3791	329	-0.170	-4.305
3791	331	-0.656	-3.953
3791	332	-0.495	-3.586
3791	333	-2.184	-0.329
3791	334	-5.790	-6.934
3791	335	-3.980	3.278
3791	336	-3.008	3.030
3791	358	-6.281	5.741
3791	360	-2.163	5.914
3791	361	-2.826	6.109
3791	398	-6.572	6.874
3791	399	-3.109	7.092
3791	418	2.388	0.931
3791	430	-2.434	1.726
3791	432	-1.952	2.153
3791	468	5.098	-2.929
3791	473	4.607	-3.108
3801	142	-1.246	1.932
3801	155	1.737	7.299
3801	156	-7.748	-6.662
3801	158	-6.791	-6.025
3801	160	-3.763	5.960
3801	165	-0.316	1.735
3801	166	-0.269	2.476
3801	167	0.326	1.723
3801	168	1.230	0.853
3801	169	0.754	-4.112
3801	170	3.429	-3.431
3801	171	1.763	-5.825
3801	172	2.338	-5.769
3801	207	-0.338	4.532
3801	256	2.351	1.468
3801	258	-1.597	1.574
3801	279	0.230	4.442
3801	280	0.602	5.256
3801	281	0.006	5.590
3801	282	3.592	3.704
3801	283	-0.518	7.367
3801	284	-1.262	8.016
3801	285	0.217	7.690
3801	329	-0.126	-4.511
3801	331	-0.659	-4.272
3801	332	-0.438	-3.804
3801	333	-1.961	-0.234
3801	334	-5.836	-6.712
3801	335	-3.545	3.265
3801	336	-2.284	2.940
3801	358	-6.640	5.718
3801	360	-1.804	5.643
3801	361	-2.601	5.842
3801	398	-6.685	6.703
3801	399	-3.314	7.034
3801	418	2.367	0.931
3801	430	-2.434	1.726
3801	432	-1.952	2.153
3801	468	5.098	-2.929
3801	473	4.607	-3.108
3811	142	-1.219	1.953
3811	155	1.739	7.360
3811	158	-7.155	-6.530
3811	160	-3.785	5.978
3811	165	-0.381	2.004
3811	166	-0.445	2.904
3811	167	0.219	1.989
3811	168	1.131	1.321
3811	169	0.773	-3.893
3811	170	3.619	-2.798
3811	171	1.726	-5.559
3811	172	2.328	-5.547
3811	173	2.218	7.296
3811	207	-0.342	4.327
3811	256	2.286	1.450
3811	258	-1.597	1.574
3811	279	0.309	4.254
3811	280	0.681	5.026
3811	281	-0.010	5.364
3811	282	3.585	3.456
3811	283	-0.773	7.295
3811	284	-1.416	7.883
3811	285	-0.103	7.492
3811	329	-0.078	-4.741
3811	331	-0.549	-4.531
3811	332	-0.385	-4.040
3811	333	-1.759	-0.079
3811	334	-5.889	-6.531
3811	335	-3.046	3.241
3811	336	-1.963	2.800
3811	358	-6.944	5.700
3811	360	-1.425	5.329
3811	361	-2.197	5.336
3811	398	-6.801	6.571
3811	399	-3.524	6.910
3811	418	2.344	0.950
3811	430	-2.434	1.726
3811	432	-1.952	2.153
3811	468	5.098	-2.929
3811	473	4.607	-3.108
3821	142	-1.332	2.064
3821	155	1.741	7.459
3821	158	-7.527	-7.045
3821	160	-3.904	5.971
3821	165	-0.479	2.457
3821	166	-0.668	3.400
3821	167	0.050	2.432
3821	168	0.996	1.680
3821	169	0.812	-3.639
3821	170	3.708	-2.454
3821	171	1.678	-5.329
3821	172	2.316	-5.324
3821	173	2.214	6.891
3821	207	-0.403	4.214
3821	256	2.306	1.526
3821	258	-1.597	1.574
3821	279	0.376	4.118
3821	280	0.786	4.822
3821	281	-0.068	5.159
3821	282	3.575	3.012
3821	283	-1.130	7.273
3821	284	-1.606	7.790
3821	285	-0.388	7.433
3821	329	0.026	-5.099
3821	331	-0.500	-4.767
3821	332	-0.298	-4.244
3821	333	-1.565	0.073
3821	334	-5.917	-6.326
3821	335	-2.683	3.197
3821	336	-1.725	2.643
3821	358	-7.214	5.684
3821	360	-1.216	5.062
3821	361	-1.933	5.046
3821	398	-7.119	6.550
3821	399	-3.724	6.761
3821	418	2.389	0.912
3821	430	-2.434	1.726
3821	432	-1.952	2.153
3821	468	5.098	-2.929
3821	473	4.607	-3.108
3831	142	-1.219	1.953
3831	155	1.745	7.598
3831	158	-7.790	-7.410
3831	160	-4.139	5.936
3831	165	-0.464	2.639
3831	166	-0.869	3.645
3831	167	-0.004	2.716
3831	168	0.790	1.892
3831	169	0.845	-3.375
3831	170	3.804	-1.988
3831	171	1.620	-5.139
3831	172	2.291	-5.120
3831	173	2.210	6.347
3831	207	-0.418	4.119
3831	256	2.285	1.488
3831	258	-1.597	1.574
3831	279	0.443	4.000
3831	280	0.890	4.615
3831	281	-0.070	4.956
3831	282	3.554	2.723
3831	283	-1.539	7.247
3831	284	-1.888	7.753
3831	285	-0.737	7.463
3831	329	0.053	-5.409
3831	331	-0.489	-5.040
3831	332	-0.130	-4.488
3831	333	-1.371	0.225
3831	334	-5.920	-6.071
3831	335	-2.267	3.140
3831	336	-1.208	2.574
3831	358	-7.533	5.664
3831	360	-1.002	4.748
3831	361	-1.830	4.901
3831	398	-7.523	6.559
3831	399	-3.968	6.658
3831	418	2.390	0.874
3831	430	-2.434	1.726
3831	432	-1.952	2.153
3831	468	5.098	-2.929
3831	473	4.607	-3.108
3841	142	-1.191	1.909
3841	160	-4.392	5.892
3841	165	-0.806	3.078
3841	166	-1.230	3.926
3841	167	-0.327	2.985
3841	168	0.456	2.197
3841	169	0.817	-3.156
3841	170	3.933	-1.353
3841	171	1.559	-4.951
3841	172	2.257	-4.929
3841	173	2.215	6.045
3841	207	-0.286	3.964
3841	256	2.328	1.507
3841	258	-1.939	1.669
3841	279	0.577	3.842
3841	280	0.963	4.439
3841	281	0.033	4.791
3841	282	3.513	2.462
3841	283	-1.835	7.224
3841	284	-2.329	7.694
3841	285	-1.207	7.503
3841	329	-0.022	-5.650
3841	331	-0.463	-5.419
3841	332	0.143	-4.875
3841	333	-1.178	0.380
3841	334	-5.945	-5.777
3841	335	-1.605	2.964
3841	336	-1.108	2.292
3841	360	-0.944	4.530
3841	361	-1.678	4.793
3841	398	-7.933	6.568
3841	399	-4.221	6.596
3841	418	2.347	0.874
3841	430	-2.590	2.066
3841	432	-1.952	2.153
3841	468	5.098	-2.929
3841	473	4.607	-3.108
3851	142	-1.248	2.018
3851	160	-4.560	5.858
3851	165	-1.156	3.481
3851	166	-1.590	4.249
3851	167	-0.632	3.301
3851	168	0.172	2.357
3851	169	0.729	-2.927
3851	170	3.982	-1.052
3851	171	1.496	-4.758
3851	172	2.224	-4.733
3851	173	2.236	5.696
3851	207	-0.205	3.880
3851	256	2.240	1.528
3851	258	-1.885	1.800
3851	279	0.664	3.742
3851	280	0.988	4.378
3851	281	0.341	4.666
3851	282	3.454	2.097
3851	283	-2.224	7.180
3851	284	-2.729	7.668
3851	285	-1.558	7.531
3851	286	-0.237	7.813
3851	329	-0.121	-5.953
3851	331	-0.511	-5.695
3851	332	0.258	-5.128
3851	333	-0.991	0.544
3851	334	-5.942	-5.481
3851	335	-1.396	2.828
3851	336	-0.782	2.082
3851	360	-0.889	4.312
3851	361	-1.338	4.701
3851	399	-4.428	6.535
3851	418	2.388	0.931
3851	430	-2.528	3.014
3851	432	-1.815	2.388
3851	468	5.098	-2.929
3851	473	4.607	-3.108
3861	142	-1.028	1.925
3861	160	-4.692	5.831
3861	165	-1.417	3.793
3861	166	-1.655	4.518
3861	167	-0.867	3.554
3861	168	-0.241	2.579
3861	169	0.583	-2.574
3861	170	4.059	-0.479
3861	171	1.433	-4.564
3861	172	2.191	-4.532
3861	173	2.266	5.179
3861	207	-0.221	3.896
3861	256	2.326	1.564
3861	258	-2.006	2.045
3861	279	0.733	3.662
3861	280	1.007	4.330
3861	281	0.466	4.590
3861	282	3.427	1.832
3861	283	-2.639	7.145
3861	284	-3.039	7.689
3861	285	-1.885	7.551
3861	286	-0.285	7.737
3861	329	-0.227	-6.276
3861	331	-0.585	-5.888
3861	332	0.384	-5.534
3861	333	-0.792	0.690
3861	334	-5.871	-5.228
3861	335	-1.119	2.603
3861	336	-0.559	1.908
3861	360	-0.690	4.228
3861	361	-1.044	4.562
3861	399	-4.706	6.504
3861	418	2.323	0.950
3861	430	-2.517	3.037
3861	432	-1.815	2.388
3861	468	5.047	-3.043
3861	473	4.607	-3.108
3871	142	-1.414	2.046
3871	160	-4.913	5.800
3871	165	-1.620	4.040
3871	166	-1.711	5.023
3871	167	-1.098	3.789
3871	168	-0.460	2.774
3871	169	0.432	-2.192
3871	170	4.144	0.181
3871	171	1.372	-4.374
3871	172	2.153	-4.337
3871	173	2.269	4.882
3871	207	-0.209	3.883
3871	256	2.154	1.491
3871	258	-2.155	2.249
3871	279	1.094	3.545
3871	280	1.190	4.266
3871	281	0.417	4.596
3871	282	3.419	1.535
3871	283	-2.963	7.159
3871	284	-3.383	7.714
3871	285	-2.287	7.576
3871	286	-0.321	7.676
3871	329	-0.312	-6.537
3871	331	-0.646	-6.047
3871	332	0.562	-6.105
3871	333	-0.544	0.829
3871	334	-5.843	-5.092
3871	335	-0.748	2.280
3871	336	-0.337	1.737
3871	360	-0.851	3.942
3871	361	-0.932	4.410
3871	399	-4.962	6.490
3871	418	2.390	0.874
3871	430	-2.471	3.175
3871	432	-1.815	2.388
3871	468	5.047	-3.043
3871	473	4.607	-3.108
3881	142	-1.469	2.026
3881	160	-5.223	5.768
3881	165	-1.940	4.406
3881	166	-1.728	5.416
3881	167	-1.463	4.132
3881	168	-0.753	3.055
3881	169	0.351	-1.930
3881	170	4.165	0.459
3881	171	1.309	-4.185
3881	172	2.107	-4.149
3881	173	2.252	4.541
3881	174	3.080	-5.837
3881	207	-0.099	3.770
3881	256	2.286	1.469
3881	258	-2.429	2.683
3881	279	1.094	3.545
3881	280	1.190	4.266
3881	281	0.417	4.596
3881	282	3.405	1.005
3881	283	-3.349	7.193
3881	284	-3.706	7.737
3881	285	-2.614	7.609
3881	286	-0.387	7.526
3881	331	-0.721	-6.241
3881	332	0.671	-6.452
3881	333	-0.259	0.989
3881	334	-5.854	-5.043
3881	335	-0.818	2.043
3881	336	-0.444	1.557
3881	360	-0.653	3.826
3881	361	-0.869	4.353
3881	399	-5.173	6.479
3881	418	2.324	0.912
3881	430	-2.272	3.404
3881	432	-1.594	2.551
3881	468	5.047	-3.043
3881	473	4.607	-3.108
3891	142	-1.467	1.939
3891	160	-5.564	5.742
3891	165	-2.175	4.731
3891	166	-1.683	5.760
3891	167	-1.641	4.415
3891	168	-0.974	3.281
3891	169	0.310	-1.675
3891	170	4.191	0.939
3891	171	1.231	-3.983
3891	172	2.052	-3.941
3891	173	2.224	3.992
3891	174	3.056	-5.561
3891	207	0.144	3.752
3891	256	2.308	1.450
3891	258	-2.170	2.824
3891	279	1.094	3.545
3891	280	1.190	4.266
3891	281	0.417	4.596
3891	282	3.401	0.652
3891	283	-3.785	7.231
3891	284	-4.094	7.769
3891	285	-3.007	7.668
3891	286	-0.238	7.569
3891	333	0.005	1.146
3891	334	-5.763	-4.888
3891	335	-1.005	1.694
3891	336	-0.612	1.341
3891	360	-0.384	3.510
3891	361	-0.854	4.390
3891	362	-6.283	8.832
3891	399	-5.479	6.462
3891	418	2.279	0.951
3891	430	-2.159	3.505
3891	432	-1.399	2.520
3891	468	5.047	-3.043
3891	473	4.607	-3.108
3901	142	-1.383	1.893
3901	160	-5.913	5.710
3901	165	-2.278	4.988
3901	166	-1.606	6.341
3901	167	-1.658	4.715
3901	168	-1.300	3.599
3901	169	0.273	-1.315
3901	170	4.225	1.548
3901	171	1.139	-3.768
3901	172	1.988	-3.705
3901	173	2.204	3.622
3901	174	3.025	-5.198
3901	207	0.144	3.752
3901	256	2.307	1.488
3901	258	-2.010	2.869
3901	279	1.094	3.545
3901	280	1.190	4.266
3901	281	0.417	4.596
3901	282	3.410	0.394
3901	283	-4.137	7.246
3901	284	-4.583	7.812
3901	285	-3.481	7.738
3901	286	-0.237	7.528
3901	333	0.336	1.343
3901	334	-5.617	-4.690
3901	335	-1.111	1.439
3901	336	-0.726	1.081
3901	360	-0.390	3.087
3901	361	-0.854	4.425
3901	362	-5.979	8.759
3901	363	-6.007	9.303
3901	399	-5.792	6.452
3901	418	2.368	0.874
3901	430	-2.107	3.743
3901	432	-1.524	2.402
3901	468	5.047	-3.043
3901	473	4.607	-3.108
3911	142	-1.612	1.875
3911	160	-6.241	5.653
3911	165	-2.204	5.287
3911	166	-1.560	6.679
3911	167	-1.415	5.204
3911	168	-1.614	3.956
3911	169	0.197	-1.009
3911	170	4.243	1.874
3911	171	1.075	-3.555
3911	172	1.926	-3.468
3911	173	2.192	3.328
3911	174	2.995	-4.937
3911	207	0.144	3.752
3911	256	2.349	1.525
3911	258	-1.900	3.033
3911	279	1.094	3.545
3911	280	1.190	4.266
3911	281	0.417	4.596
3911	282	3.425	-0.018
3911	283	-4.556	7.257
3911	284	-4.972	7.826
3911	285	-3.830	7.752
3911	286	-0.471	7.340
3911	333	0.579	1.459
3911	334	-5.538	-4.623
3911	335	-1.293	1.008
3911	336	-0.789	0.827
3911	360	-0.304	2.617
3911	361	-0.834	4.361
3911	362	-5.752	8.705
3911	363	-5.685	9.220
3911	399	-6.104	6.435
3911	418	2.368	0.874
3911	430	-1.936	3.750
3911	432	-1.620	2.466
3911	468	5.047	-3.043
3911	473	4.607	-3.108
3921	142	-1.865	1.959
3921	160	-6.532	5.594
3921	165	-2.544	5.739
3921	166	-1.517	6.983
3921	167	-1.709	5.628
3921	168	-1.447	4.351
3921	169	0.056	-0.811
3921	170	4.267	2.261
3921	171	1.052	-3.348
3921	172	1.878	-3.256
3921	173	2.179	2.768
3921	174	2.954	-4.694
3921	207	0.395	3.607
3921	256	2.351	1.449
3921	258	-1.749	3.082
3921	279	1.094	3.545
3921	280	1.190	4.266
3921	281	0.417	4.596
3921	282	3.432	-0.328
3921	283	-5.085	7.272
3921	284	-5.346	7.822
3921	285	-4.178	7.745
3921	286	-0.536	7.169
3921	333	0.908	1.580
3921	334	-5.482	-4.554
3921	335	-1.404	0.639
3921	336	-0.825	0.365
3921	360	-0.244	2.250
3921	361	-0.795	4.197
3921	362	-5.465	8.637
3921	363	-5.421	9.154
3921	399	-6.422	6.389
3921	418	2.303	0.874
3921	430	-1.825	3.870
3921	432	-1.648	2.445
3921	468	5.047	-3.043
3921	473	4.607	-3.108
3931	142	-1.809	2.126
3931	160	-6.778	5.544
3931	165	-2.658	6.004
3931	166	-1.451	7.449
3931	167	-1.768	5.891
3931	168	-1.567	4.687
3931	169	-0.168	-0.533
3931	170	4.315	3.011
3931	171	1.044	-3.078
3931	172	1.836	-3.042
3931	173	2.134	2.397
3931	174	2.882	-4.311
3931	207	0.395	3.607
3931	256	2.353	1.410
3931	258	-1.671	3.358
3931	279	1.094	3.545
3931	280	1.190	4.266
3931	281	0.417	4.596
3931	282	3.431	-0.601
3931	283	-5.466	7.261
3931	284	-5.784	7.818
3931	285	-4.539	7.739
3931	286	-0.693	6.796
3931	333	1.112	1.731
3931	334	-5.402	-4.349
3931	335	-1.401	0.248
3931	336	-0.860	-0.133
3931	360	-0.173	1.720
3931	361	-0.699	3.836
3931	362	-5.146	8.566
3931	363	-5.166	9.088
3931	399	-6.682	6.348
3931	418	2.346	0.893
3931	430	-1.869	3.960
3931	432	-1.440	2.320
3931	468	5.047	-3.043
3931	473	4.607	-3.108
3941	142	-2.038	2.156
3941	160	-6.975	5.503
3941	165	-2.848	6.404
3941	166	-1.383	7.927
3941	167	-1.873	6.256
3941	168	-1.884	4.894
3941	169	-0.416	-0.248
3941	170	4.339	3.519
3941	171	1.038	-2.716
3941	172	1.775	-2.744
3941	173	2.020	2.129
3941	174	2.822	-3.938
3941	207	0.395	3.607
3941	256	2.375	1.372
3941	258	-1.391	3.543
3941	279	1.094	3.545
3941	280	1.190	4.266
3941	281	0.417	4.596
3941	282	3.425	-1.113
3941	283	-5.771	7.245
3941	284	-6.162	7.813
3941	285	-4.878	7.740
3941	286	-0.780	6.498
3941	333	1.287	1.971
3941	334	-5.315	-4.168
3941	335	-1.399	-0.328
3941	336	-0.873	-0.459
3941	360	-0.089	1.043
3941	361	-0.616	3.447
3941	362	-4.897	8.529
3941	363	-4.864	9.003
3941	399	-6.871	6.318
3941	418	2.410	0.931
3941	430	-1.634	4.069
3941	432	-1.391	2.217
3941	468	5.047	-3.043
3941	473	4.607	-3.108
3951	142	-2.155	2.249
3951	160	-7.179	5.461
3951	165	-3.027	6.809
3951	166	-1.338	8.243
3951	167	-1.998	6.696
3951	168	-2.123	5.220
3951	169	-0.625	-0.072
3951	170	4.332	3.817
3951	171	1.021	-2.400
3951	172	1.704	-2.400
3951	173	1.816	1.671
3951	174	2.808	-3.696
3951	175	0.704	7.781
3951	207	0.395	3.607
3951	256	2.373	1.448
3951	258	-0.943	3.790
3951	279	1.094	3.545
3951	280	1.186	4.424
3951	281	0.417	4.596
3951	282	3.427	-1.511
3951	283	-6.053	7.233
3951	284	-6.736	7.819
3951	285	-5.291	7.757
3951	286	-0.810	6.190
3951	333	1.519	2.285
3951	334	-5.235	-4.072
3951	335	-1.425	-0.640
3951	336	-0.894	-1.024
3951	360	-0.088	0.745
3951	361	-0.620	3.121
3951	362	-4.640	8.476
3951	363	-4.556	8.920
3951	399	-6.987	6.300
3951	418	2.431	0.950
3951	430	-1.696	4.313
3951	432	-1.490	2.051
3951	468	5.047	-3.043
3951	473	4.607	-3.108
3961	142	-1.837	2.127
3961	160	-7.438	5.409
3961	165	-3.116	7.096
3961	167	-2.048	7.003
3961	168	-2.271	5.668
3961	169	-0.895	0.203
3961	170	4.310	4.478
3961	171	0.984	-2.172
3961	172	1.659	-2.134
3961	173	1.714	1.346
3961	174	2.803	-3.322
3961	175	-0.013	7.677
3961	207	0.395	3.607
3961	256	2.353	1.391
3961	258	-0.969	4.227
3961	279	1.094	3.545
3961	280	1.186	4.424
3961	281	0.417	4.596
3961	282	3.437	-1.747
3961	283	-6.362	7.206
3961	284	-7.122	7.763
3961	285	-5.762	7.781
3961	286	-0.848	5.820
3961	333	1.667	2.498
3961	334	-5.212	-3.916
3961	335	-1.490	-1.177
3961	336	-0.881	-1.331
3961	360	-0.108	0.316
3961	361	-0.624	2.671
3961	362	-4.334	8.384
3961	363	-4.317	8.880
3961	364	-6.246	8.733
3961	399	-7.076	6.286
3961	418	2.368	0.874
3961	430	-1.646	4.523
3961	432	-1.302	1.955
3961	468	5.047	-3.043
3961	473	4.607	-3.108
3971	142	-1.979	2.088
3971	160	-7.754	5.344
3971	165	-3.261	7.543
3971	167	-2.050	7.294
3971	168	-2.480	5.852
3971	169	-1.208	0.489
3971	170	4.294	4.988
3971	171	0.918	-1.863
3971	172	1.626	-1.886
3971	173	1.680	0.988
3971	174	2.796	-2.766
3971	175	-0.898	7.531
3971	207	0.395	3.607
3971	256	2.374	1.410
3971	258	-0.828	4.526
3971	279	1.094	3.545
3971	280	1.186	4.424
3971	281	0.417	4.596
3971	282	3.452	-2.115
3971	283	-6.726	7.164
3971	284	-7.440	7.691
3971	285	-6.167	7.762
3971	286	-0.883	5.537
3971	333	1.844	2.765
3971	334	-5.250	-3.693
3971	335	-1.480	-1.513
3971	336	-0.841	-1.787
3971	360	-0.052	0.059
3971	361	-0.600	2.377
3971	362	-4.088	8.334
3971	363	-4.115	8.847
3971	364	-6.003	8.757
3971	399	-7.239	6.260
3971	418	2.412	0.854
3971	430	-1.653	4.805
3971	432	-1.460	1.679
3971	468	5.047	-3.043
3971	473	4.607	-3.108
3981	142	-1.858	1.843
3981	165	-3.247	7.838
3981	167	-2.053	7.767
3981	168	-2.842	6.173
3981	169	-1.484	0.522
3981	170	4.288	5.271
3981	171	0.824	-1.435
3981	172	1.564	-1.453
3981	173	1.635	0.430
3981	174	2.808	-2.417
3981	175	-1.270	7.381
3981	207	0.395	3.607
3981	256	2.331	1.411
3981	258	-0.221	5.065
3981	279	1.094	3.545
3981	280	1.186	4.424
3981	281	0.417	4.596
3981	282	3.471	-2.427
3981	283	-7.186	7.110
3981	284	-7.759	7.619
3981	285	-6.506	7.694
3981	286	-0.738	5.030
3981	333	2.090	3.138
3981	334	-5.308	-3.502
3981	335	-1.363	-2.103
3981	336	-0.812	-2.142
3981	360	0.078	-0.208
3981	361	-0.534	1.808
3981	362	-3.900	8.308
3981	363	-3.873	8.737
3981	364	-5.858	8.786
3981	399	-7.480	6.222
3981	418	2.390	0.874
3981	430	-1.666	5.280
3981	432	-1.591	1.450
3981	468	5.047	-3.043
3981	473	4.607	-3.108
3991	142	-1.936	1.537
3991	165	-3.130	8.363
3991	167	-2.055	8.221
3991	168	-3.137	6.508
3991	169	-1.568	0.463
3991	170	4.274	5.876
3991	171	0.760	-1.094
3991	172	1.509	-1.018
3991	173	1.701	0.133
3991	174	2.850	-2.076
3991	175	-2.027	7.026
3991	207	0.395	3.607
3991	256	2.287	1.412
3991	258	-0.108	5.583
3991	279	1.094	3.545
3991	280	1.186	4.424
3991	281	0.417	4.596
3991	282	3.497	-2.655
3991	283	-7.684	7.052
3991	284	-8.088	7.544
3991	285	-7.008	7.573
3991	286	-0.830	4.538
3991	333	2.361	3.318
3991	334	-5.294	-3.274
3991	335	-1.266	-2.640
3991	336	-0.797	-2.575
3991	360	0.060	-0.424
3991	361	-0.500	1.333
3991	362	-3.678	8.180
3991	363	-3.635	8.590
3991	364	-5.588	8.652
3991	418	2.304	0.835
3991	430	-1.564	5.652
3991	432	-1.590	1.283
3991	468	5.082	-2.984
3991	473	4.607	-3.108
4001	142	-1.870	1.207
4001	168	-3.412	6.703
4001	169	-1.885	0.384
4001	170	4.257	6.635
4001	171	0.732	-0.865
4001	172	1.501	-0.765
4001	173	1.892	-0.426
4001	174	2.935	-1.400
4001	175	-2.419	6.836
4001	176	1.514	7.151
4001	177	2.200	7.248
4001	207	0.395	3.607
4001	256	2.351	1.449
4001	258	-0.128	6.302
4001	279	1.094	3.545
4001	280	1.186	4.424
4001	281	0.417	4.596
4001	282	3.540	-3.019
4001	283	-8.102	7.004
4001	285	-7.585	7.434
4001	286	-0.891	4.083
4001	333	2.649	3.669
4001	334	-5.250	-3.111
4001	335	-1.249	-2.957
4001	336	-0.761	-3.161
4001	360	0.182	-0.345
4001	361	-0.337	0.855
4001	362	-3.496	8.038
4001	363	-3.544	8.524
4001	364	-5.352	8.517
4001	418	2.283	0.835
4001	430	-1.493	6.112
4001	432	-1.465	1.086
4001	468	5.082	-2.984
4001	473	4.607	-3.108
4011	142	-1.779	0.987
4011	168	-3.771	6.940
4011	169	-2.093	0.328
4011	170	4.247	7.060
4011	171	0.699	-0.588
4011	172	1.511	-0.468
4011	173	1.957	-0.742
4011	174	3.000	-0.887
4011	175	-3.054	6.493
4011	176	1.610	6.584
4011	177	2.207	6.774
4011	207	0.395	3.607
4011	256	2.308	1.430
4011	258	-0.041	6.816
4011	279	1.094	3.545
4011	280	1.186	4.424
4011	281	0.417	4.596
4011	282	3.577	-3.354
4011	286	-0.856	3.731
4011	333	2.768	3.882
4011	334	-5.214	-3.053
4011	335	-1.214	-3.351
4011	336	-0.655	-3.421
4011	360	0.207	-0.344
4011	361	-0.376	0.350
4011	362	-3.470	8.025
4011	363	-3.449	8.464
4011	364	-5.144	8.397
4011	418	2.324	0.893
4011	430	-1.368	6.559
4011	432	-1.218	0.855
4011	468	5.082	-2.984
4011	473	4.607	-3.108
4021	142	-1.715	0.680
4021	168	-4.093	7.171
4021	169	-2.361	0.276
4021	171	0.653	-0.240
4021	172	1.526	-0.079
4021	173	2.005	-1.214
4021	174	3.038	-0.608
4021	175	-3.789	6.134
4021	176	1.700	6.046
4021	177	2.224	6.298
4021	207	0.395	3.607
4021	256	2.353	1.410
4021	258	-0.256	7.266
4021	279	1.094	3.545
4021	280	1.186	4.424
4021	281	0.417	4.596
4021	282	3.596	-3.561
4021	286	-0.777	3.190
4021	287	0.564	7.578
4021	333	2.780	4.200
4021	334	-5.203	-2.927
4021	335	-1.094	-3.600
4021	336	-0.471	-3.802
4021	360	0.162	-0.532
4021	361	-0.495	-0.053
4021	362	-3.462	8.021
4021	363	-3.210	8.334
4021	364	-4.843	8.215
4021	418	2.366	0.950
4021	430	-1.109	6.977
4021	432	-1.047	0.597
4021	468	5.082	-2.984
4021	473	4.607	-3.108
4031	142	-1.907	0.588
4031	168	-4.344	7.370
4031	169	-2.588	0.186
4031	171	0.618	0.089
4031	172	1.520	0.217
4031	173	2.035	-1.685
4031	174	3.114	-0.044
4031	175	-4.182	6.069
4031	176	1.746	5.758
4031	177	2.277	5.969
4031	178	3.588	-5.446
4031	207	0.395	3.607
4031	256	2.351	1.449
4031	258	-0.195	7.845
4031	279	1.094	3.545
4031	280	1.186	4.424
4031	281	0.417	4.596
4031	282	3.608	-3.781
4031	286	-0.686	2.562
4031	287	0.971	7.116
4031	333	2.979	4.452
4031	334	-5.216	-2.711
4031	335	-0.887	-3.986
4031	336	-0.318	-4.095
4031	360	0.116	-0.700
4031	361	-0.534	-0.584
4031	362	-3.307	7.887
4031	363	-3.034	8.252
4031	364	-4.300	7.918
4031	418	2.368	0.874
4031	430	-0.910	7.503
4031	432	-1.196	0.393
4031	468	5.082	-2.984
4031	473	4.607	-3.108
4041	142	-1.760	0.241
4041	168	-4.622	7.551
4041	169	-2.729	0.107
4041	171	0.607	0.344
4041	172	1.487	0.459
4041	173	1.976	-2.014
4041	174	3.198	0.580
4041	175	-4.800	5.994
4041	176	1.816	5.304
4041	177	2.385	5.324
4041	178	3.387	-5.109
4041	207	0.395	3.607
4041	256	2.328	1.507
4041	279	1.094	3.545
4041	280	1.186	4.424
4041	281	0.417	4.596
4041	282	3.617	-4.036
4041	286	-0.645	2.249
4041	287	1.311	6.730
4041	333	3.095	4.677
4041	334	-5.213	-2.557
4041	335	-0.755	-4.271
4041	336	-0.174	-4.322
4041	360	-0.011	-1.118
4041	361	-0.756	-1.236
4041	362	-3.127	7.735
4041	363	-2.952	8.227
4041	364	-3.870	7.629
4041	418	2.367	0.931
4041	430	-1.000	8.163
4041	432	-1.166	0.026
4041	468	5.082	-2.984
4041	473	4.607	-3.108
4051	142	-1.701	0.154
4051	168	-4.832	7.759
4051	169	-2.724	0.223
4051	171	0.613	0.603
4051	172	1.425	0.851
4051	173	1.838	-2.694
4051	174	3.239	0.880
4051	175	-5.614	5.897
4051	176	1.916	4.663
4051	177	2.441	4.935
4051	178	3.198	-4.761
4051	207	0.395	3.607
4051	256	2.328	1.507
4051	279	1.094	3.545
4051	280	1.186	4.424
4051	281	0.417	4.596
4051	282	3.635	-4.278
4051	286	-0.583	1.680
4051	287	1.557	6.457
4051	333	3.208	4.973
4051	334	-5.211	-2.438
4051	335	-0.639	-4.585
4051	336	0.037	-4.638
4051	360	0.016	-1.619
4051	361	-0.737	-1.645
4051	362	-3.041	7.679
4051	363	-2.787	8.115
4051	364	-3.672	7.390
4051	418	2.324	0.912
4051	432	-1.092	-0.169
4051	468	5.082	-2.984
4051	473	4.607	-3.108
4061	142	-1.751	-0.111
4061	168	-4.968	8.034
4061	169	-2.657	0.407
4061	171	0.618	1.022
4061	172	1.360	1.289
4061	173	1.791	-3.051
4061	174	3.303	1.317
4061	175	-6.204	5.873
4061	176	1.962	4.346
4061	177	2.479	4.610
4061	178	3.125	-4.526
4061	179	0.130	7.664
4061	207	0.395	3.607
4061	256	2.328	1.507
4061	279	1.094	3.545
4061	280	1.186	4.424
4061	281	0.417	4.596
4061	282	3.672	-4.479
4061	286	-0.506	1.297
4061	287	1.887	6.088
4061	333	3.202	5.175
4061	334	-5.264	-2.239
4061	335	-0.475	-5.030
4061	336	0.155	-4.884
4061	360	0.006	-1.944
4061	361	-0.709	-2.255
4061	362	-2.973	7.628
4061	363	-2.571	7.954
4061	364	-3.438	7.118
4061	418	2.388	0.950
4061	432	-1.027	-0.225
4061	468	5.082	-2.984
4061	473	4.607	-3.108
4071	142	-1.823	-0.304
4071	168	-5.161	8.443
4071	169	-2.617	0.522
4071	171	0.630	1.425
4071	172	1.338	1.569
4071	173	1.778	-3.345
4071	174	3.403	2.002
4071	175	-6.694	5.926
4071	176	1.931	3.979
4071	177	2.549	4.050
4071	178	3.075	-4.215
4071	179	0.047	7.249
4071	207	0.395	3.607
4071	256	2.328	1.507
4071	279	1.094	3.545
4071	280	1.186	4.424
4071	281	0.417	4.596
4071	282	3.732	-4.694
4071	286	-0.330	0.881
4071	287	2.164	5.582
4071	333	3.274	5.438
4071	334	-5.319	-2.075
4071	335	-0.387	-5.292
4071	336	0.230	-5.148
4071	360	-0.027	-2.572
4071	361	-0.688	-2.554
4071	362	-2.833	7.475
4071	363	-2.409	7.852
4071	364	-3.244	6.859
4071	418	2.410	0.931
4071	432	-1.018	-0.349
4071	468	5.082	-2.984
4071	473	4.607	-3.108
4081	142	-1.759	-0.520
4081	168	-5.362	8.869
4081	169	-2.581	0.624
4081	171	0.655	1.669
4081	172	1.337	1.828
4081	173	1.759	-3.724
4081	174	3.447	2.399
4081	175	-7.534	6.025
4081	176	1.854	3.501
4081	177	2.573	3.650
4081	178	2.993	-3.733
4081	179	-0.063	6.699
4081	207	0.395	3.607
4081	256	2.328	1.507
4081	279	1.094	3.545
4081	280	1.186	4.424
4081	281	0.417	4.596
4081	282	3.827	-5.031
4081	286	-0.083	0.281
4081	287	2.494	5.226
4081	333	3.298	5.716
4081	334	-5.345	-1.996
4081	335	-0.278	-5.639
4081	336	0.345	-5.548
4081	360	0.030	-2.884
4081	361	-0.664	-2.948
4081	362	-2.664	7.295
4081	363	-2.243	7.703
4081	364	-3.099	6.605
4081	418	2.368	0.893
4081	432	-1.040	-0.548
4081	468	5.082	-2.984
4081	473	4.607	-3.108
4091	142	-1.837	-0.554
4091	169	-2.516	0.791
4091	171	0.675	1.922
4091	172	1.337	2.172
4091	173	1.775	-3.986
4091	174	3.593	2.848
4091	176	1.832	3.233
4091	177	2.537	3.375
4091	178	2.963	-3.394
4091	179	-0.142	6.349
4091	207	0.395	3.607
4091	256	2.328	1.507
4091	279	1.094	3.545
4091	280	1.186	4.424
4091	281	0.417	4.596
4091	282	3.928	-5.390
4091	286	-0.001	-0.035
4091	287	2.845	4.804
4091	333	3.431	6.064
4091	334	-5.399	-1.831
4091	335	-0.122	-6.133
4091	336	0.462	-5.958
4091	360	0.183	-3.331
4091	361	-0.625	-3.281
4091	362	-2.529	7.191
4091	363	-2.067	7.516
4091	364	-2.890	6.233
4091	418	2.366	0.950
4091	432	-1.031	-0.713
4091	468	5.082	-2.984
4091	473	4.607	-3.108
4101	142	-1.851	-0.643
4101	169	-2.436	0.974
4101	171	0.697	2.212
4101	172	1.338	2.419
4101	173	1.826	-4.247
4101	174	3.597	3.376
4101	176	1.816	2.792
4101	177	2.469	2.826
4101	178	2.991	-3.082
4101	179	-0.224	6.063
4101	180	-0.245	7.665
4101	207	0.395	3.607
4101	256	2.328	1.507
4101	279	1.094	3.545
4101	280	1.186	4.424
4101	281	0.417	4.596
4101	282	3.994	-5.623
4101	286	0.124	-0.692
4101	287	2.922	4.292
4101	333	3.542	6.362
4101	335	-0.008	-6.494
4101	336	0.541	-6.232
4101	360	0.286	-3.625
4101	361	-0.564	-3.551
4101	362	-2.422	7.067
4101	363	-1.911	7.382
4101	364	-2.704	5.890
4101	418	2.454	0.893
4101	432	-1.032	-0.756
4101	468	5.082	-2.984
4101	473	4.607	-3.108
4111	142	-1.909	-0.602
4111	169	-2.366	1.068
4111	171	0.769	2.429
4111	172	1.438	2.633
4111	173	1.906	-4.639
4111	174	3.546	3.744
4111	176	1.800	2.351
4111	177	2.376	2.459
4111	178	3.051	-2.423
4111	179	-0.394	5.506
4111	180	-0.589	7.585
4111	207	0.395	3.607
4111	256	2.328	1.507
4111	279	1.094	3.545
4111	280	1.186	4.424
4111	281	0.417	4.596
4111	286	0.246	-1.170
4111	287	3.081	3.793
4111	288	-1.248	7.981
4111	333	3.615	6.575
4111	360	0.388	-3.924
4111	361	-0.479	-3.971
4111	362	-2.339	6.865
4111	363	-1.790	7.210
4111	364	-2.583	5.641
4111	418	2.453	0.931
4111	432	-1.081	-0.611
4111	468	5.082	-2.984
4111	473	4.607	-3.108
4121	142	-1.595	-0.676
4121	169	-2.305	1.071
4121	171	0.917	2.674
4121	172	1.657	2.857
4121	173	1.970	-4.981
4121	174	3.606	4.336
4121	176	1.649	2.071
4121	177	2.204	2.211
4121	178	3.113	-1.804
4121	179	-0.526	5.018
4121	180	-0.925	7.495
4121	207	0.395	3.607
4121	256	2.328	1.507
4121	279	1.094	3.545
4121	280	1.186	4.424
4121	281	0.417	4.596
4121	286	0.425	-1.503
4121	287	3.120	3.216
4121	288	-1.708	7.760
4121	333	3.730	6.916
4121	360	0.511	-4.275
4121	361	-0.382	-4.340
4121	362	-2.278	6.693
4121	363	-1.692	6.990
4121	364	-2.429	5.331
4121	418	2.474	0.969
4121	432	-0.880	-0.621
4121	468	5.082	-2.984
4121	473	4.607	-3.108
4131	142	-1.824	-0.598
4131	169	-2.259	1.011
4131	171	1.146	3.036
4131	172	1.810	3.033
4131	173	2.002	-5.214
4131	174	3.537	5.061
4131	176	1.229	1.692
4131	177	1.884	1.761
4131	178	3.156	-1.508
4131	179	-0.566	4.755
4131	180	-1.163	7.402
4131	181	3.049	-5.528
4131	207	0.395	3.607
4131	256	2.328	1.507
4131	279	1.094	3.545
4131	280	1.186	4.424
4131	281	0.417	4.596
4131	286	0.723	-2.055
4131	287	3.055	2.643
4131	288	-1.995	7.580
4131	360	0.612	-4.499
4131	361	-0.279	-4.559
4131	362	-2.237	6.578
4131	363	-1.585	6.773
4131	364	-2.292	5.037
4131	418	2.476	0.893
4131	432	-0.853	-0.598
4131	468	5.082	-2.984
4131	473	4.607	-3.108
4141	142	-1.738	-0.616
4141	169	-2.252	1.023
4141	171	1.291	3.325
4141	172	2.031	3.286
4141	173	2.047	-5.574
4141	174	3.550	5.529
4141	176	1.031	1.435
4141	177	1.654	1.410
4141	178	3.254	-0.966
4141	179	-0.627	4.365
4141	180	-1.416	7.306
4141	181	2.943	-5.195
4141	207	0.395	3.607
4141	256	2.355	1.334
4141	279	1.094	3.545
4141	280	1.186	4.424
4141	281	0.417	4.596
4141	286	0.817	-2.353
4141	287	3.084	2.176
4141	288	-2.265	7.353
4141	360	0.777	-4.832
4141	361	-0.135	-4.813
4141	362	-2.185	6.426
4141	363	-1.492	6.556
4141	364	-2.191	4.787
4141	418	2.519	0.912
4141	432	-0.826	-0.597
4141	468	5.082	-2.984
4141	473	4.607	-3.108
4151	142	-1.651	-0.700
4151	169	-2.286	1.128
4151	171	1.348	3.567
4151	172	2.318	3.626
4151	173	2.094	-5.951
4151	174	3.532	5.822
4151	176	0.662	0.950
4151	177	1.535	1.160
4151	178	3.392	-0.207
4151	179	-0.690	3.904
4151	180	-1.721	7.201
4151	181	2.832	-4.862
4151	207	0.395	3.607
4151	256	2.355	1.334
4151	279	1.094	3.545
4151	280	1.186	4.424
4151	281	0.417	4.596
4151	286	0.902	-2.819
4151	287	3.111	1.621
4151	288	-2.654	7.028
4151	360	0.919	-5.132
4151	361	0.031	-5.106
4151	362	-2.112	6.209
4151	363	-1.429	6.334
4151	364	-2.046	4.430
4151	418	2.560	0.950
4151	432	-0.853	-0.620
4151	468	5.082	-2.984
4151	473	4.607	-3.108
4161	142	-1.650	-0.722
4161	169	-2.361	1.330
4161	171	1.447	3.984
4161	172	2.398	3.857
4161	174	3.491	6.423
4161	176	0.418	0.608
4161	177	1.319	0.681
4161	178	3.462	0.153
4161	179	-0.668	3.617
4161	180	-1.935	7.063
4161	181	2.746	-4.653
4161	182	-0.170	7.768
4161	207	0.395	3.607
4161	256	2.355	1.334
4161	279	1.094	3.545
4161	280	1.186	4.424
4161	281	0.417	4.596
4161	286	0.957	-3.254
4161	287	3.087	1.293
4161	288	-2.872	6.802
4161	360	1.015	-5.370
4161	361	0.141	-5.330
4161	362	-2.016	5.930
4161	363	-1.354	6.052
4161	364	-1.930	4.121
4161	418	2.583	0.911
4161	432	-0.909	-0.537
4161	468	5.082	-2.984
4161	473	4.607	-3.108
4171	142	-1.678	-0.724
4171	169	-2.485	1.713
4171	171	1.542	4.418
4171	172	2.455	4.260
4171	174	3.453	6.992
4171	176	0.239	0.309
4171	177	1.083	0.173
4171	178	3.564	0.566
4171	179	-0.581	3.284
4171	180	-2.093	6.870
4171	181	2.599	-4.346
4171	182	-0.387	7.055
4171	207	0.395	3.607
4171	256	2.355	1.334
4171	279	1.094	3.545
4171	280	1.186	4.424
4171	281	0.417	4.596
4171	286	0.928	-3.544
4171	287	3.023	0.588
4171	288	-3.012	6.591
4171	360	1.165	-5.747
4171	361	0.255	-5.593
4171	362	-1.909	5.620
4171	363	-1.272	5.738
4171	364	-1.846	3.850
4171	418	2.581	0.988
4171	432	-0.667	-0.548
4171	468	5.082	-2.984
4171	473	4.607	-3.108
4181	142	-1.734	-0.770
4181	169	-2.635	2.047
4181	171	1.573	4.674
4181	172	2.523	4.780
4181	176	-0.051	-0.176
4181	177	0.933	-0.093
4181	178	3.744	1.278
4181	179	-0.451	2.780
4181	180	-2.324	6.587
4181	181	2.404	-3.934
4181	182	-0.517	6.514
4181	207	0.395	3.607
4181	256	2.355	1.334
4181	279	1.094	3.545
4181	280	1.186	4.424
4181	281	0.417	4.596
4181	286	0.870	-4.034
4181	287	3.005	0.195
4181	288	-3.174	6.365
4181	360	1.282	-6.039
4181	361	0.420	-5.979
4181	362	-1.836	5.368
4181	363	-1.226	5.497
4181	364	-1.718	3.444
4181	418	2.753	0.911
4181	432	-0.853	-0.598
4181	468	5.082	-2.984
4181	473	4.607	-3.108
4191	142	-1.369	-0.731
4191	169	-2.816	2.286
4191	171	1.601	4.993
4191	172	2.517	5.060
4191	176	-0.043	-0.478
4191	177	0.560	-0.514
4191	178	3.809	1.721
4191	179	-0.348	2.411
4191	180	-2.532	6.324
4191	181	2.306	-3.664
4191	182	-0.511	5.933
4191	207	0.395	3.607
4191	256	2.355	1.334
4191	279	1.094	3.545
4191	280	1.186	4.424
4191	281	0.417	4.596
4191	286	0.841	-4.385
4191	287	3.018	-0.214
4191	288	-3.383	6.203
4191	361	0.539	-6.254
4191	362	-1.778	5.149
4191	363	-1.189	5.266
4191	364	-1.621	3.119
4191	418	2.625	0.930
4191	432	-0.770	-0.680
4191	468	5.082	-2.984
4191	473	4.607	-3.108
4201	142	-1.369	-0.752
4201	169	-3.043	2.586
4201	171	1.654	5.481
4201	172	2.460	5.430
4201	176	-0.454	-0.907
4201	177	0.327	-1.132
4201	178	3.747	2.041
4201	179	-0.259	2.144
4201	180	-2.672	6.135
4201	181	2.227	-3.302
4201	182	-0.503	5.080
4201	207	0.395	3.607
4201	256	2.355	1.334
4201	279	1.094	3.545
4201	280	1.186	4.424
4201	281	0.417	4.596
4201	286	0.835	-4.640
4201	287	3.041	-0.755
4201	288	-3.710	5.962
4201	362	-1.713	4.934
4201	363	-1.148	5.018
4201	364	-1.548	2.824
4201	418	2.689	0.930
4201	432	-0.692	-0.613
4201	468	5.082	-2.984
4201	473	4.607	-3.108
4211	142	-1.821	-0.686
4211	169	-3.242	2.811
4211	171	1.668	5.890
4211	172	2.370	6.025
4211	176	-0.757	-1.414
4211	177	-0.012	-1.626
4211	178	3.606	2.765
4211	179	-0.099	1.685
4211	180	-2.815	5.948
4211	181	2.093	-2.674
4211	182	-0.496	4.713
4211	183	3.117	-5.715
4211	207	0.395	3.607
4211	256	2.355	1.334
4211	279	1.094	3.545
4211	280	1.186	4.424
4211	281	0.417	4.596
4211	286	0.823	-4.973
4211	287	3.092	-1.037
4211	288	-4.027	5.744
4211	362	-1.664	4.719
4211	363	-1.113	4.784
4211	364	-1.438	2.328
4211	418	2.689	0.930
4211	432	-0.880	-0.621
4211	468	5.082	-2.984
4211	473	4.607	-3.108
4221	142	-2.157	-0.460
4221	169	-3.531	3.098
4221	171	1.621	6.138
4221	172	2.292	6.474
4221	176	-1.030	-1.601
4221	177	-0.269	-1.833
4221	178	3.452	3.447
4221	179	0.060	1.209
4221	180	-2.956	5.756
4221	181	1.999	-2.312
4221	182	-0.484	3.934
4221	183	3.035	-5.446
4221	207	0.395	3.607
4221	256	2.355	1.334
4221	279	1.094	3.545
4221	280	1.186	4.424
4221	281	0.417	4.596
4221	286	0.846	-5.219
4221	287	3.224	-1.631
4221	288	-4.298	5.565
4221	362	-1.634	4.494
4221	363	-1.086	4.567
4221	364	-1.323	1.958
4221	418	2.688	0.949
4221	432	-1.185	-0.437
4221	468	5.082	-2.984
4221	473	4.607	-3.108
4231	142	-2.234	-0.254
4231	169	-3.820	3.407
4231	171	1.524	6.450
4231	172	2.231	6.720
4231	176	-1.512	-1.863
4231	177	-0.729	-2.140
4231	178	3.331	3.734
4231	179	0.128	0.933
4231	180	-3.072	5.562
4231	181	1.856	-1.911
4231	182	-0.460	3.394
4231	183	2.921	-5.074
4231	184	3.849	-5.404
4231	207	0.395	3.607
4231	256	2.180	1.356
4231	279	1.094	3.545
4231	280	1.186	4.424
4231	281	0.417	4.596
4231	286	0.931	-5.713
4231	287	3.334	-2.104
4231	288	-4.701	5.247
4231	362	-1.600	4.223
4231	363	-1.062	4.352
4231	364	-1.158	1.672
4231	418	2.709	0.968
4231	432	-1.188	-0.245
4231	468	5.082	-2.984
4231	473	4.607	-3.108
4241	142	-2.376	0.072
4241	169	-3.964	3.623
4241	171	1.383	6.908
4241	172	2.135	7.070
4241	176	-2.039	-2.139
4241	177	-1.290	-2.497
4241	178	3.105	4.122
4241	179	0.207	0.560
4241	180	-3.187	5.345
4241	181	1.602	-1.200
4241	182	-0.388	3.003
4241	183	2.858	-4.829
4241	184	3.792	-5.137
4241	207	0.395	3.607
4241	256	2.180	1.356
4241	279	1.094	3.545
4241	280	1.186	4.424
4241	281	0.417	4.596
4241	286	1.009	-6.164
4241	287	3.416	-2.431
4241	288	-5.080	5.145
4241	362	-1.565	3.932
4241	363	-1.038	4.137
4241	364	-0.872	1.203
4241	418	2.668	0.930
4241	432	-1.153	0.103
4241	468	5.082	-2.984
4241	473	4.607	-3.108
4251	142	-2.506	0.418
4251	169	-4.067	3.770
4251	171	1.245	7.356
4251	172	2.035	7.439
4251	176	-2.371	-2.277
4251	177	-1.639	-2.629
4251	178	2.783	4.672
4251	179	0.308	0.066
4251	180	-3.309	5.100
4251	181	1.469	-0.831
4251	182	-0.242	2.272
4251	183	2.795	-4.581
4251	184	3.725	-4.829
4251	185	3.304	7.118
4251	186	2.061	-6.059
4251	207	0.395	3.607
4251	256	2.111	1.454
4251	279	1.094	3.545
4251	280	1.186	4.424
4251	281	0.417	4.596
4251	287	3.566	-3.017
4251	288	-5.443	5.204
4251	362	-1.539	3.693
4251	363	-1.004	3.922
4251	364	-0.757	0.896
4251	418	2.709	0.968
4251	432	-1.266	0.360
4251	468	5.082	-2.984
4251	473	4.607	-3.108
4261	142	-2.524	0.652
4261	169	-4.166	3.967
4261	171	1.151	7.661
4261	176	-2.836	-2.442
4261	177	-2.120	-2.725
4261	178	2.567	4.973
4261	179	0.324	-0.217
4261	180	-3.441	4.873
4261	181	1.328	-0.428
4261	182	-0.235	1.857
4261	183	2.700	-4.240
4261	184	3.664	-4.612
4261	185	3.359	6.571
4261	186	1.996	-5.612
4261	207	0.395	3.607
4261	256	2.111	1.454
4261	279	1.094	3.545
4261	280	1.186	4.424
4261	281	0.417	4.596
4261	287	3.651	-3.277
4261	288	-5.839	5.264
4261	362	-1.528	3.480
4261	363	-0.964	3.696
4261	364	-0.717	0.530
4261	418	2.603	0.949
4261	432	-1.647	0.746
4261	468	5.082	-2.984
4261	473	4.607	-3.108
4271	142	-2.321	0.744
4271	169	-4.232	4.205
4271	176	-3.367	-2.638
4271	177	-2.821	-2.856
4271	178	2.317	5.237
4271	179	0.296	-0.502
4271	180	-3.580	4.680
4271	181	1.091	0.248
4271	182	-0.415	1.442
4271	183	2.659	-3.962
4271	184	3.570	-4.377
4271	185	3.423	5.859
4271	186	1.902	-4.978
4271	207	0.395	3.607
4271	256	2.111	1.454
4271	279	1.094	3.545
4271	280	1.186	4.424
4271	281	0.417	4.596
4271	287	3.768	-3.564
4271	288	-6.205	5.358
4271	362	-1.531	3.271
4271	363	-0.924	3.441
4271	364	-0.665	0.052
4271	418	2.690	0.892
4271	432	-1.826	1.034
4271	468	5.082	-2.984
4271	473	4.607	-3.108
4281	142	-2.178	0.877
4281	169	-4.296	4.439
4281	176	-3.701	-2.803
4281	177	-3.326	-3.016
4281	178	1.864	5.720
4281	179	0.263	-0.845
4281	180	-3.685	4.502
4281	181	0.926	0.653
4281	182	-0.767	0.624
4281	183	2.681	-3.715
4281	184	3.407	-4.013
4281	185	3.411	5.558
4281	186	1.840	-4.681
4281	187	1.456	-5.848
4281	188	3.474	7.404
4281	207	0.395	3.607
4281	256	2.111	1.454
4281	279	1.094	3.545
4281	280	1.186	4.424
4281	281	0.417	4.596
4281	287	3.888	-3.876
4281	288	-6.588	5.479
4281	362	-1.504	3.060
4281	363	-0.877	3.195
4281	364	-0.647	-0.229
4281	418	2.561	0.912
4281	432	-2.024	1.505
4281	468	5.082	-2.984
4281	473	4.607	-3.108
4291	142	-2.601	1.283
4291	169	-4.505	4.630
4291	176	-4.148	-3.029
4291	177	-3.611	-3.212
4291	178	1.448	6.148
4291	179	0.285	-1.086
4291	180	-3.769	4.337
4291	181	0.750	0.969
4291	182	-1.019	0.055
4291	183	2.723	-3.290
4291	184	3.293	-3.676
4291	185	3.358	4.922
4291	186	1.689	-4.144
4291	187	0.913	-5.387
4291	188	2.578	7.428
4291	207	0.395	3.607
4291	256	2.111	1.454
4291	279	1.094	3.545
4291	280	1.186	4.424
4291	281	0.417	4.596
4291	287	3.941	-4.084
4291	288	-7.029	5.617
4291	362	-1.431	2.846
4291	363	-0.819	2.977
4291	364	-0.625	-0.696
4291	418	2.561	0.931
4291	432	-2.238	1.807
4291	468	5.082	-2.984
4291	473	4.607	-3.108
4301	142	-2.869	1.688
4301	169	-4.720	4.791
4301	176	-4.783	-3.340
4301	177	-4.014	-3.501
4301	178	1.203	6.369
4301	179	0.349	-1.348
4301	180	-3.945	4.195
4301	181	0.407	1.591
4301	182	-1.203	-0.336
4301	183	2.764	-2.904
4301	184	3.293	-3.443
4301	185	3.307	4.240
4301	186	1.578	-3.635
4301	187	0.497	-5.032
4301	188	1.806	7.444
4301	207	0.395	3.607
4301	256	2.175	1.510
4301	279	1.094	3.545
4301	280	1.186	4.424
4301	281	0.417	4.596
4301	287	4.001	-4.367
4301	288	-7.475	5.758
4301	362	-1.326	2.613
4301	363	-0.741	2.755
4301	364	-0.600	-1.217
4301	418	2.526	0.948
4301	432	-2.691	2.360
4301	468	5.082	-2.984
4301	473	4.607	-3.108
4311	142	-3.242	2.247
4311	169	-4.900	4.933
4311	176	-5.229	-3.622
4311	177	-4.510	-3.857
4311	178	0.816	6.710
4311	179	0.415	-1.640
4311	180	-4.213	4.016
4311	181	0.127	2.076
4311	182	-1.623	-1.239
4311	183	2.796	-2.653
4311	184	3.347	-3.049
4311	185	3.300	3.936
4311	186	1.612	-3.303
4311	187	0.268	-4.840
4311	188	1.193	7.422
4311	207	0.395	3.607
4311	256	2.253	1.583
4311	279	1.094	3.545
4311	280	1.186	4.424
4311	281	0.417	4.596
4311	287	4.086	-4.768
4311	288	-7.879	5.885
4311	362	-1.216	2.369
4311	363	-0.665	2.528
4311	364	-0.586	-1.505
4311	418	2.545	1.008
4311	432	-2.915	2.698
4311	468	5.082	-2.984
4311	473	4.607	-3.108
4321	142	-3.455	2.554
4321	169	-5.133	5.087
4321	176	-5.474	-3.888
4321	177	-4.840	-4.152
4321	178	0.383	7.069
4321	179	0.419	-1.863
4321	180	-4.544	3.750
4321	181	-0.043	2.330
4321	182	-1.898	-1.659
4321	183	2.854	-2.191
4321	184	3.406	-2.657
4321	185	3.313	3.435
4321	186	1.711	-2.562
4321	187	-0.179	-4.492
4321	188	0.667	7.481
4321	207	0.395	3.607
4321	256	2.353	1.715
4321	279	1.094	3.545
4321	280	1.186	4.424
4321	281	0.417	4.596
4321	287	4.170	-5.168
4321	362	-1.170	2.144
4321	363	-0.638	2.312
4321	364	-0.560	-1.989
4321	418	2.562	1.055
4321	432	-3.288	3.321
4321	468	5.082	-2.984
4321	473	4.607	-3.108
4331	142	-3.680	2.897
4331	169	-5.418	5.260
4331	176	-5.830	-4.299
4331	177	-5.062	-4.448
4331	178	0.081	7.238
4331	179	0.414	-2.084
4331	180	-4.877	3.697
4331	181	-0.336	2.775
4331	182	-2.294	-2.052
4331	183	2.929	-1.616
4331	184	3.465	-2.376
4331	185	3.331	2.732
4331	186	1.790	-1.954
4331	187	-0.612	-4.120
4331	188	-0.210	7.688
4331	207	0.395	3.607
4331	256	2.460	1.940
4331	279	1.094	3.545
4331	280	1.186	4.424
4331	281	0.417	4.596
4331	287	4.229	-5.448
4331	362	-1.157	1.899
4331	363	-0.636	2.075
4331	364	-0.537	-2.444
4331	418	2.626	1.206
4331	432	-3.535	3.620
4331	468	5.082	-2.984
4331	473	4.607	-3.108
4341	142	-3.979	3.349
4341	169	-5.706	5.457
4341	176	-6.081	-4.615
4341	177	-5.426	-4.964
4341	178	-0.355	7.464
4341	179	0.408	-2.313
4341	180	-5.241	3.795
4341	181	-0.708	3.329
4341	182	-2.773	-2.502
4341	183	2.988	-1.295
4341	184	3.587	-1.799
4341	185	3.326	2.386
4341	186	1.832	-1.595
4341	187	-0.769	-3.859
4341	188	-0.985	7.747
4341	207	0.395	3.607
4341	256	2.585	2.199
4341	279	1.094	3.545
4341	280	1.186	4.424
4341	281	0.417	4.596
4341	362	-1.143	1.601
4341	363	-0.640	1.798
4341	364	-0.535	-2.728
4341	418	2.684	1.339
4341	432	-3.889	4.013
4341	468	5.082	-2.984
4341	473	4.607	-3.108
4351	142	-4.237	3.617
4351	169	-6.014	5.637
4351	176	-6.299	-4.914
4351	177	-5.743	-5.375
4351	178	-0.637	7.636
4351	179	0.390	-2.527
4351	180	-5.678	3.911
4351	181	-0.974	3.649
4351	182	-3.119	-2.710
4351	183	3.075	-0.977
4351	184	3.694	-1.320
4351	185	3.303	1.894
4351	186	1.933	-0.749
4351	187	-1.024	-3.200
4351	188	-1.496	7.712
4351	207	0.395	3.607
4351	256	2.691	2.384
4351	279	1.094	3.545
4351	280	1.186	4.424
4351	281	0.417	4.596
4351	362	-1.126	1.332
4351	363	-0.630	1.539
4351	364	-0.550	-3.212
4351	418	2.742	1.482
4351	432	-4.184	4.251
4351	468	5.082	-2.984
4351	473	4.607	-3.108
4361	142	-4.545	3.842
4361	169	-6.362	5.772
4361	176	-6.584	-5.306
4361	177	-5.999	-5.648
4361	178	-1.005	7.938
4361	179	0.410	-2.736
4361	180	-6.100	4.024
4361	181	-1.258	3.900
4361	182	-3.804	-3.073
4361	183	3.209	-0.494
4361	184	3.766	-1.062
4361	185	3.258	1.177
4361	186	1.963	-0.324
4361	187	-1.313	-2.417
4361	188	-2.332	7.554
4361	207	0.395	3.607
4361	256	2.843	2.616
4361	279	1.094	3.545
4361	280	1.186	4.424
4361	281	0.417	4.596
4361	362	-1.107	1.111
4361	363	-0.600	1.317
4361	364	-0.524	-3.604
4361	418	2.832	1.744
4361	432	-4.657	4.579
4361	468	5.082	-2.984
4361	473	4.607	-3.108
4371	142	-4.979	4.144
4371	169	-6.811	5.931
4371	176	-6.923	-5.773
4371	177	-6.353	-6.023
4371	178	-1.329	8.154
4371	179	0.480	-2.934
4371	181	-1.771	4.357
4371	182	-4.417	-3.429
4371	183	3.276	-0.221
4371	184	3.913	-0.572
4371	185	3.146	0.886
4371	186	1.948	0.242
4371	187	-1.377	-2.063
4371	188	-2.805	7.490
4371	207	0.395	3.607
4371	256	2.995	2.865
4371	279	1.094	3.545
4371	280	1.186	4.424
4371	281	0.417	4.596
4371	362	-1.086	0.883
4371	363	-0.560	1.068
4371	364	-0.440	-3.826
4371	418	2.967	2.110
4371	432	-5.039	4.854
4371	468	5.082	-2.984
4371	473	4.607	-3.108
4381	142	-5.487	4.498
4381	169	-7.348	6.122
4381	176	-7.218	-6.179
4381	177	-6.813	-6.510
4381	178	-1.638	8.287
4381	179	0.396	-3.029
4381	181	-2.284	4.801
4381	182	-4.735	-3.694
4381	183	3.356	0.154
4381	184	4.061	-0.060
4381	185	2.835	0.394
4381	186	1.930	1.037
4381	187	-1.462	-1.321
4381	188	-3.544	7.434
4381	207	0.395	3.607
4381	256	3.076	3.074
4381	279	1.094	3.545
4381	280	1.186	4.424
4381	281	0.417	4.596
4381	362	-1.065	0.649
4381	363	-0.517	0.804
4381	364	-0.324	-4.100
4381	418	3.179	2.327
4381	432	-5.336	5.108
4381	468	5.082	-2.984
4381	473	4.607	-3.108
4391	142	-5.865	4.808
4391	169	-7.809	6.285
4391	176	-7.450	-6.497
4391	177	-7.247	-6.970
4391	178	-2.058	8.466
4391	179	0.451	-2.831
4391	181	-2.597	5.035
4391	182	-5.317	-4.201
4391	183	3.420	0.435
4391	184	4.120	0.204
4391	185	2.684	0.101
4391	186	1.948	1.384
4391	187	-1.535	-0.628
4391	188	-4.431	7.365
4391	207	0.395	3.607
4391	256	3.218	3.504
4391	279	1.094	3.545
4391	280	1.186	4.424
4391	281	0.417	4.596
4391	362	-1.045	0.426
4391	363	-0.480	0.580
4391	364	-0.214	-4.367
4391	418	3.567	2.699
4391	432	-5.712	5.441
4391	468	5.082	-2.984
4391	473	4.607	-3.108
4401	142	-6.090	5.065
4401	177	-7.584	-7.327
4401	178	-2.558	8.681
4401	179	0.353	-2.885
4401	181	-2.947	5.297
4401	182	-5.906	-4.730
4401	183	3.541	0.869
4401	184	4.218	0.704
4401	185	2.413	-0.502
4401	186	2.133	2.185
4401	187	-1.526	-0.061
4401	188	-4.870	7.327
4401	207	0.395	3.607
4401	256	3.324	3.822
4401	279	1.094	3.545
4401	280	1.186	4.424
4401	281	0.417	4.596
4401	362	-1.027	0.197
4401	363	-0.442	0.335
4401	364	-0.135	-4.579
4401	418	3.727	2.937
4401	432	-6.068	5.636
4401	468	5.082	-2.984
4401	473	4.607	-3.108
4411	142	-6.275	5.384
4411	178	-2.979	8.861
4411	179	-0.032	-3.021
4411	181	-3.431	5.673
4411	182	-6.191	-5.037
4411	183	3.688	1.430
4411	184	4.363	1.453
4411	185	2.212	-0.983
4411	186	2.126	2.733
4411	187	-1.559	0.463
4411	188	-5.631	7.264
4411	207	0.395	3.607
4411	256	3.410	4.048
4411	279	1.094	3.545
4411	280	1.186	4.424
4411	281	0.417	4.596
4411	362	-1.010	-0.075
4411	363	-0.398	0.046
4411	364	-0.033	-4.831
4411	418	3.998	3.419
4411	432	-6.549	5.812
4411	468	5.082	-2.984
4411	473	4.607	-3.108
4421	142	-6.478	5.805
4421	179	-0.257	-3.032
4421	181	-3.845	5.903
4421	182	-6.583	-5.499
4421	183	3.710	1.706
4421	184	4.413	1.866
4421	185	2.112	-1.323
4421	186	2.254	3.269
4421	187	-1.578	1.205
4421	188	-6.422	7.191
4421	189	2.766	-5.717
4421	207	0.395	3.607
4421	256	3.545	4.376
4421	279	1.094	3.545
4421	280	1.186	4.424
4421	281	0.417	4.596
4421	362	-0.988	-0.351
4421	363	-0.353	-0.212
4421	364	0.080	-5.118
4421	418	4.148	3.665
4421	432	-7.258	6.072
4421	468	5.082	-2.984
4421	473	4.607	-3.108
4431	142	-6.753	6.106
4431	179	-0.393	-3.038
4431	181	-4.215	5.996
4431	182	-7.144	-6.160
4431	183	3.708	2.223
4431	184	4.383	2.198
4431	185	1.921	-1.972
4431	186	2.323	3.872
4431	187	-1.405	1.700
4431	188	-6.850	7.129
4431	189	2.711	-5.491
4431	207	0.395	3.607
4431	256	3.626	4.650
4431	279	1.094	3.545
4431	280	1.160	4.506
4431	281	0.417	4.596
4431	362	-0.959	-0.582
4431	363	-0.307	-0.429
4431	364	0.142	-5.351
4431	365	-6.647	5.473
4431	418	4.412	4.089
4431	432	-7.868	6.295
4431	468	5.082	-2.984
4431	473	4.607	-3.108
4441	142	-7.144	6.255
4441	179	-0.540	-3.046
4441	181	-4.746	6.147
4441	182	-7.557	-6.648
4441	183	3.700	2.810
4441	184	4.320	2.870
4441	185	1.803	-2.391
4441	186	2.175	4.478
4441	187	-1.561	2.355
4441	188	-7.462	7.032
4441	189	2.644	-5.216
4441	190	3.647	-5.367
4441	207	0.395	3.607
4441	256	3.635	4.868
4441	279	1.094	3.545
4441	280	1.160	4.506
4441	281	0.417	4.596
4441	362	-0.925	-0.802
4441	363	-0.239	-0.661
4441	364	0.183	-5.603
4441	365	-6.627	5.628
4441	418	4.607	4.347
4441	468	5.082	-2.984
4441	470	0.180	7.781
4441	473	4.607	-3.108
4451	142	-7.741	6.441
4451	179	-0.575	-2.975
4451	181	-5.174	6.190
4451	183	3.672	3.083
4451	184	4.276	3.350
4451	185	1.721	-2.709
4451	186	2.092	5.061
4451	187	-1.580	3.070
4451	189	2.582	-4.953
4451	190	3.618	-5.185
4451	191	5.422	7.031
4451	207	0.395	3.607
4451	256	3.643	5.233
4451	279	1.094	3.545
4451	280	1.232	4.439
4451	281	0.417	4.596
4451	362	-0.889	-1.034
4451	363	-0.166	-0.907
4451	364	0.240	-5.951
4451	365	-6.593	5.821
4451	418	4.992	4.665
4451	468	5.082	-2.984
4451	470	0.478	7.615
4451	473	4.607	-3.108
4461	179	-0.762	-2.998
4461	181	-5.511	6.118
4461	183	3.586	3.527
4461	184	4.250	3.622
4461	185	1.575	-3.259
4461	186	2.097	5.631
4461	187	-1.707	3.665
4461	189	2.538	-4.737
4461	190	3.590	-5.001
4461	191	5.097	6.876
4461	207	0.395	3.607
4461	256	3.647	5.598
4461	279	1.094	3.545
4461	280	1.232	4.439
4461	281	0.417	4.596
4461	362	-0.854	-1.261
4461	363	-0.149	-1.133
4461	364	0.294	-6.279
4461	365	-6.535	6.124
4461	418	5.214	4.926
4461	468	5.082	-2.984
4461	470	0.933	7.535
4461	473	4.607	-3.108
4471	179	-1.005	-3.049
4471	181	-5.917	6.023
4471	183	3.467	4.158
4471	184	4.189	4.173
4471	185	1.510	-3.608
4471	186	1.735	6.207
4471	187	-1.719	4.099
4471	189	2.502	-4.538
4471	190	3.560	-4.818
4471	191	4.809	6.719
4471	207	0.395	3.607
4471	256	3.634	5.812
4471	279	1.094	3.545
4471	280	1.232	4.439
4471	281	0.417	4.596
4471	362	-0.824	-1.472
4471	363	-0.152	-1.339
4471	365	-6.456	6.569
4471	418	5.379	5.432
4471	468	5.082	-2.984
4471	470	1.259	7.482
4471	473	4.607	-3.108
4481	179	-1.072	-2.938
4481	181	-6.294	5.960
4481	183	3.450	4.534
4481	184	4.146	4.693
4481	185	1.489	-3.853
4481	186	1.713	6.674
4481	187	-1.791	4.735
4481	189	2.459	-4.309
4481	190	3.524	-4.638
4481	191	4.552	6.531
4481	207	0.395	3.607
4481	256	3.596	6.012
4481	279	1.094	3.545
4481	280	1.232	4.439
4481	281	0.417	4.596
4481	362	-0.831	-1.619
4481	363	-0.096	-1.530
4481	365	-6.344	6.846
4481	418	5.494	5.718
4481	468	5.082	-2.984
4481	470	1.439	7.578
4481	473	4.607	-3.108
4491	179	-1.146	-2.982
4491	181	-6.629	5.926
4491	183	3.527	4.786
4491	184	4.163	4.946
4491	185	1.447	-4.182
4491	186	1.257	7.246
4491	187	-2.060	5.268
4491	189	2.412	-4.061
4491	190	3.480	-4.454
4491	191	4.211	6.276
4491	192	4.040	6.984
4491	207	0.395	3.607
4491	256	3.608	6.193
4491	279	1.094	3.545
4491	280	1.232	4.439
4491	281	0.417	4.596
4491	362	-0.851	-1.714
4491	363	-0.042	-1.678
4491	365	-6.163	7.193
4491	418	5.668	6.043
4491	468	5.082	-2.984
4491	470	1.931	7.543
4491	473	4.607	-3.108
4501	179	-1.143	-3.022
4501	181	-6.946	5.893
4501	183	3.650	5.096
4501	184	4.223	5.349
4501	185	1.441	-4.474
4501	186	1.190	7.498
4501	187	-2.480	5.683
4501	189	2.373	-3.837
4501	190	3.413	-4.198
4501	191	4.054	6.124
4501	192	3.522	6.791
4501	207	0.395	3.607
4501	256	3.671	6.407
4501	279	1.094	3.545
4501	280	1.232	4.439
4501	281	0.417	4.596
4501	362	-0.766	-1.858
4501	363	-0.150	-1.717
4501	365	-5.976	7.532
4501	418	5.902	6.483
4501	468	5.082	-2.984
4501	470	2.405	7.547
4501	473	4.607	-3.108
4511	179	-1.226	-3.032
4511	181	-7.253	5.862
4511	183	3.878	5.226
4511	184	4.245	5.589
4511	185	1.497	-4.683
4511	186	1.203	7.845
4511	187	-2.489	6.228
4511	189	2.341	-3.631
4511	190	3.323	-3.867
4511	191	3.812	5.883
4511	192	3.053	6.590
4511	194	0.371	8.011
4511	207	0.395	3.607
4511	256	3.750	6.611
4511	279	1.094	3.545
4511	280	1.232	4.439
4511	281	0.417	4.596
4511	362	-0.738	-1.899
4511	363	-0.063	-1.610
4511	365	-5.820	7.790
4511	366	-7.590	9.444
4511	400	-2.908	8.558
4511	468	5.082	-2.984
4511	473	4.607	-3.108
4521	179	-1.282	-2.995
4521	181	-7.586	5.829
4521	183	4.195	5.401
4521	184	4.257	5.881
4521	185	1.593	-4.954
4521	187	-2.733	6.555
4521	189	2.290	-3.284
4521	190	3.260	-3.589
4521	191	3.602	5.654
4521	192	2.842	6.425
4521	194	-0.251	7.880
4521	207	0.395	3.607
4521	256	3.844	6.768
4521	263	-0.538	-6.424
4521	279	1.088	3.743
4521	280	1.232	4.439
4521	281	0.417	4.596
4521	362	-0.737	-1.920
4521	363	-0.038	-1.608
4521	365	-5.589	8.217
4521	366	-7.140	9.097
4521	400	-3.229	8.223
4521	468	5.082	-2.984
4521	473	4.607	-3.108
4531	179	-1.338	-3.001
4531	183	4.384	5.553
4531	184	4.274	6.134
4531	185	1.723	-5.319
4531	187	-3.013	7.003
4531	189	2.216	-2.789
4531	190	3.230	-3.367
4531	191	3.464	5.460
4531	192	2.491	6.156
4531	193	0.905	-6.170
4531	194	-0.530	7.783
4531	195	-0.830	8.442
4531	207	0.395	3.607
4531	256	3.950	6.945
4531	263	-0.491	-6.253
4531	279	1.088	3.743
4531	280	1.232	4.439
4531	281	0.417	4.596
4531	362	-0.631	-1.890
4531	363	-0.014	-1.543
4531	365	-5.350	8.497
4531	366	-6.625	8.698
4531	400	-3.536	7.909
4531	468	5.082	-2.984
4531	473	4.607	-3.108
4541	179	-1.366	-2.983
4541	183	4.740	5.832
4541	184	4.298	6.306
4541	185	1.846	-5.664
4541	187	-2.994	7.445
4541	189	2.166	-2.440
4541	190	3.177	-2.949
4541	191	3.198	5.096
4541	192	2.316	5.953
4541	193	0.773	-5.941
4541	194	-0.956	7.620
4541	195	-1.176	8.359
4541	207	0.395	3.607
4541	263	-0.453	-6.098
4541	279	1.088	3.743
4541	280	1.232	4.439
4541	281	0.417	4.596
4541	362	-0.497	-1.963
4541	363	-0.118	-1.509
4541	365	-5.021	8.677
4541	366	-6.264	8.408
4541	367	-7.466	6.719
4541	400	-3.829	7.657
4541	468	5.082	-2.984
4541	473	4.607	-3.108
4551	179	-1.283	-2.973
4551	183	4.934	6.039
4551	184	4.322	6.483
4551	185	1.933	-5.911
4551	187	-3.299	7.863
4551	189	2.131	-2.182
4551	190	3.105	-2.363
4551	191	3.036	4.814
4551	192	2.157	5.651
4551	193	0.582	-5.617
4551	194	-1.391	7.451
4551	195	-1.613	8.246
4551	207	0.395	3.607
4551	263	-0.442	-5.898
4551	279	1.088	3.743
4551	280	1.232	4.439
4551	281	0.417	4.596
4551	362	-0.417	-1.977
4551	363	-0.066	-1.505
4551	365	-4.577	8.919
4551	366	-5.923	8.116
4551	367	-7.195	6.810
4551	400	-4.237	7.288
4551	468	5.082	-2.984
4551	473	4.607	-3.108
4561	179	-1.313	-2.889
4561	183	5.132	6.463
4561	184	4.346	6.660
4561	187	-3.470	8.257
4561	189	2.062	-1.713
4561	190	3.071	-1.993
4561	191	2.953	4.506
4561	192	1.934	5.220
4561	193	0.425	-5.330
4561	194	-1.650	7.335
4561	195	-1.859	8.122
4561	207	0.395	3.607
4561	263	-0.439	-5.695
4561	279	1.088	3.743
4561	280	1.232	4.439
4561	281	0.417	4.596
4561	362	-0.417	-1.977
4561	363	-0.012	-1.606
4561	366	-5.501	7.759
4561	367	-6.953	6.892
4561	400	-4.349	7.015
4561	468	5.082	-2.984
4561	473	4.607	-3.108
4571	179	-1.173	-2.938
4571	187	-3.826	8.556
4571	189	1.984	-1.159
4571	190	3.068	-1.728
4571	191	2.793	3.916
4571	192	1.862	4.962
4571	193	0.332	-5.113
4571	194	-2.004	7.148
4571	195	-2.227	7.902
4571	207	0.395	3.607
4571	263	-0.434	-5.509
4571	279	1.088	3.743
4571	280	1.232	4.439
4571	281	0.417	4.596
4571	362	-0.468	-2.046
4571	363	-0.092	-1.507
4571	366	-5.138	7.501
4571	367	-6.702	6.974
4571	368	-7.714	7.416
4571	400	-4.476	6.571
4571	468	5.082	-2.984
4571	473	4.607	-3.108
4581	179	-1.200	-2.963
4581	187	-4.312	8.964
4581	189	1.955	-0.825
4581	190	3.063	-1.251
4581	191	2.699	3.534
4581	192	1.795	4.474
4581	193	0.205	-4.775
4581	194	-2.410	6.955
4581	195	-2.616	7.691
4581	196	0.846	7.301
4581	197	0.061	7.626
4581	198	-1.256	7.893
4581	207	0.395	3.607
4581	263	-0.434	-5.312
4581	279	1.088	3.743
4581	280	1.232	4.439
4581	281	0.417	4.596
4581	362	-0.522	-1.987
4581	363	-0.092	-1.507
4581	366	-4.559	7.104
4581	367	-6.427	7.058
4581	368	-7.158	7.594
4581	400	-4.597	6.279
4581	468	5.082	-2.984
4581	473	4.607	-3.108
4591	179	-1.282	-3.016
4591	189	1.958	-0.562
4591	190	3.058	-0.694
4591	191	2.644	3.220
4591	192	1.722	3.945
4591	193	0.052	-4.378
4591	194	-2.720	6.889
4591	195	-2.904	7.595
4591	196	0.344	6.782
4591	197	-0.250	7.179
4591	198	-1.268	7.404
4591	207	0.395	3.607
4591	263	-0.437	-5.097
4591	279	1.088	3.743
4591	280	1.232	4.439
4591	281	0.417	4.596
4591	362	-0.445	-1.916
4591	363	-0.092	-1.486
4591	366	-4.225	6.831
4591	367	-6.081	7.150
4591	368	-6.620	7.770
4591	400	-4.830	5.853
4591	401	-3.043	8.417
4591	468	5.082	-2.984
4591	472	3.414	6.718
4591	473	4.607	-3.108
4601	179	-1.226	-3.032
4601	189	1.968	-0.140
4601	190	3.060	-0.351
4601	191	2.538	2.611
4601	192	1.683	3.664
4601	193	-0.068	-4.139
4601	194	-3.198	6.832
4601	195	-3.331	7.477
4601	196	0.080	6.534
4601	197	-0.462	6.970
4601	198	-1.297	7.107
4601	199	1.439	7.287
4601	207	0.395	3.607
4601	263	-0.427	-4.853
4601	279	1.088	3.743
4601	280	1.232	4.439
4601	281	0.417	4.596
4601	362	-0.445	-1.937
4601	363	-0.013	-1.564
4601	366	-3.671	6.359
4601	367	-5.468	7.285
4601	368	-6.276	7.888
4601	400	-5.042	5.450
4601	401	-3.170	8.032
4601	468	5.082	-2.984
4601	472	3.290	6.218
4601	473	4.607	-3.108
4611	179	-1.199	-2.985
4611	189	1.971	0.250
4611	190	3.075	-0.077
4611	191	2.455	2.165
4611	192	1.615	3.116
4611	193	-0.244	-3.837
4611	194	-3.706	6.761
4611	195	-3.789	7.351
4611	196	-0.220	6.258
4611	197	-0.838	6.608
4611	198	-1.370	6.540
4611	199	0.663	6.985
4611	207	0.395	3.607
4611	263	-0.415	-4.595
4611	279	1.088	3.743
4611	280	1.232	4.439
4611	281	0.417	4.596
4611	362	-0.497	-1.963
4611	363	-0.065	-1.547
4611	366	-3.338	6.051
4611	367	-5.184	7.460
4611	368	-5.961	7.981
4611	400	-5.154	5.140
4611	401	-3.238	7.780
4611	468	5.082	-2.984
4611	472	3.223	5.793
4611	473	4.607	-3.108
4621	179	-1.228	-2.945
4621	189	1.958	0.492
4621	190	3.109	0.438
4621	191	2.403	1.921
4621	192	1.542	2.723
4621	193	-0.495	-3.406
4621	194	-4.029	6.677
4621	195	-4.102	7.267
4621	196	-0.602	5.934
4621	197	-1.117	6.460
4621	198	-1.386	6.208
4621	199	-0.030	6.731
4621	207	0.395	3.607
4621	263	-0.447	-4.371
4621	279	1.088	3.743
4621	280	1.232	4.439
4621	281	0.417	4.596
4621	289	0.715	7.675
4621	362	-0.366	-1.930
4621	363	-0.066	-1.505
4621	366	-2.871	5.595
4621	367	-4.999	7.715
4621	368	-5.674	8.092
4621	400	-5.308	4.679
4621	401	-3.307	7.536
4621	402	-3.535	8.537
4621	468	5.082	-2.984
4621	472	3.034	5.348
4621	473	4.607	-3.108
4631	179	-1.362	-3.158
4631	189	1.926	0.814
4631	190	3.129	0.902
4631	191	2.331	1.572
4631	192	1.416	2.374
4631	193	-0.667	-3.115
4631	194	-4.512	6.543
4631	195	-4.537	7.152
4631	196	-0.835	5.833
4631	197	-1.427	6.375
4631	198	-1.372	5.732
4631	199	-0.313	6.599
4631	207	0.395	3.607
4631	263	-0.515	-4.157
4631	279	1.088	3.743
4631	280	1.160	4.506
4631	281	0.417	4.596
4631	289	0.594	7.416
4631	362	-0.414	-2.083
4631	363	-0.090	-1.570
4631	366	-2.438	5.142
4631	367	-4.783	7.900
4631	368	-5.433	8.257
4631	400	-5.530	4.436
4631	401	-3.328	7.286
4631	402	-3.601	8.267
4631	468	5.082	-2.984
4631	472	2.778	4.943
4631	473	4.607	-3.108
4641	179	-1.303	-3.260
4641	189	1.896	1.166
4641	190	3.114	1.155
4641	191	2.250	1.336
4641	192	1.210	1.815
4641	193	-0.871	-2.808
4641	194	-4.982	6.404
4641	195	-4.964	7.035
4641	196	-0.979	5.788
4641	197	-1.707	6.265
4641	198	-1.361	5.288
4641	199	-0.291	6.568
4641	207	0.365	3.813
4641	263	-0.590	-3.898
4641	279	1.088	3.743
4641	280	1.160	4.506
4641	281	0.417	4.596
4641	289	0.477	7.195
4641	290	1.702	7.310
4641	362	-0.340	-1.907
4641	363	-0.065	-1.568
4641	366	-2.182	4.756
4641	367	-4.513	8.071
4641	368	-5.155	8.448
4641	400	-5.944	4.176
4641	401	-3.319	6.843
4641	402	-3.661	8.016
4641	468	5.082	-2.984
4641	472	2.689	4.433
4641	473	4.607	-3.108
4651	179	-1.290	-3.627
4651	189	1.884	1.595
4651	190	3.069	1.579
4651	191	2.101	0.905
4651	192	1.090	1.561
4651	193	-1.224	-2.282
4651	194	-5.308	6.281
4651	195	-5.268	6.934
4651	196	-1.180	5.719
4651	197	-2.098	6.107
4651	198	-1.362	4.988
4651	199	-0.113	6.605
4651	207	0.365	3.813
4651	263	-0.674	-3.655
4651	279	1.088	3.743
4651	280	1.160	4.506
4651	281	0.417	4.596
4651	289	0.381	7.050
4651	290	1.424	6.973
4651	362	-0.415	-2.041
4651	363	0.038	-1.581
4651	366	-1.732	4.066
4651	367	-4.210	8.243
4651	368	-4.882	8.582
4651	400	-6.417	3.880
4651	401	-3.391	6.552
4651	402	-3.748	7.645
4651	468	5.082	-2.984
4651	472	2.423	4.107
4651	473	4.607	-3.108
4661	179	-1.165	-3.814
4661	189	1.886	1.839
4661	190	3.009	2.155
4661	191	1.941	0.625
4661	192	0.908	1.201
4661	193	-1.340	-1.964
4661	194	-5.803	6.074
4661	195	-5.632	6.780
4661	196	-1.615	5.572
4661	197	-2.360	5.935
4661	198	-1.364	4.509
4661	199	0.119	6.537
4661	207	0.365	3.813
4661	263	-0.778	-3.445
4661	279	1.088	3.743
4661	280	1.160	4.506
4661	281	0.417	4.596
4661	289	0.289	6.911
4661	290	1.328	6.759
4661	362	-0.311	-2.032
4661	363	-0.014	-1.543
4661	366	-1.533	3.722
4661	367	-3.881	8.315
4661	368	-4.486	8.768
4661	401	-3.545	6.243
4661	402	-3.827	7.388
4661	468	5.082	-2.984
4661	472	2.261	3.764
4661	473	4.607	-3.108
4671	179	-0.947	-4.032
4671	189	1.891	2.266
4671	190	2.977	2.500
4671	191	1.704	0.380
4671	192	0.732	0.875
4671	193	-1.377	-1.467
4671	194	-6.219	5.941
4671	195	-6.054	6.602
4671	196	-2.142	5.386
4671	197	-2.851	5.601
4671	198	-1.361	4.210
4671	199	0.395	6.382
4671	201	2.368	7.157
4671	207	0.365	3.813
4671	263	-0.953	-3.153
4671	279	1.088	3.743
4671	280	1.160	4.506
4671	281	0.417	4.596
4671	289	0.496	6.973
4671	290	1.207	6.462
4671	362	-0.443	-2.001
4671	363	-0.090	-1.570
4671	366	-1.181	3.044
4671	367	-3.359	8.397
4671	368	-4.177	8.913
4671	401	-3.723	5.942
4671	402	-3.955	7.027
4671	468	5.082	-2.984
4671	472	2.034	3.307
4671	473	4.607	-3.108
4681	179	-0.590	-4.371
4681	189	1.936	2.524
4681	190	2.967	2.808
4681	191	1.362	0.025
4681	192	0.594	0.654
4681	193	-1.429	-0.827
4681	194	-6.537	5.879
4681	195	-6.449	6.529
4681	196	-2.416	5.260
4681	197	-3.184	5.349
4681	198	-1.358	3.853
4681	199	0.521	6.475
4681	201	2.520	6.273
4681	207	0.365	3.813
4681	263	-1.115	-2.841
4681	279	1.088	3.743
4681	280	1.160	4.506
4681	281	0.443	4.533
4681	289	0.496	6.973
4681	290	1.107	6.362
4681	362	-0.442	-2.022
4681	363	-0.039	-1.566
4681	366	-0.911	2.580
4681	367	-3.071	8.522
4681	401	-3.941	5.704
4681	402	-4.055	6.708
4681	468	5.082	-2.984
4681	472	1.823	2.918
4681	473	4.607	-3.108
4691	179	-0.350	-4.652
4691	189	2.066	3.031
4691	190	2.958	3.359
4691	191	1.106	-0.158
4691	192	0.390	0.299
4691	193	-1.475	-0.516
4691	194	-6.845	5.819
4691	195	-6.818	6.547
4691	196	-2.759	5.109
4691	197	-3.480	5.079
4691	198	-1.355	3.334
4691	199	0.568	6.560
4691	201	2.649	5.745
4691	207	0.365	3.813
4691	263	-1.162	-2.590
4691	279	1.088	3.743
4691	280	1.160	4.506
4691	281	0.443	4.533
4691	289	0.493	7.094
4691	290	1.107	6.362
4691	362	-0.389	-2.060
4691	363	-0.144	-1.490
4691	366	-0.568	2.172
4691	367	-2.714	8.762
4691	401	-4.265	5.356
4691	402	-4.106	6.405
4691	468	5.082	-2.984
4691	472	1.560	2.623
4691	473	4.607	-3.108
4701	179	-0.245	-4.883
4701	189	2.143	3.475
4701	190	2.906	3.718
4701	191	0.734	-0.335
4701	192	0.180	0.015
4701	193	-1.545	-0.032
4701	194	-7.148	5.759
4701	195	-7.195	6.572
4701	196	-3.103	4.938
4701	197	-3.923	4.675
4701	198	-1.336	2.955
4701	199	0.616	6.646
4701	201	2.940	5.220
4701	207	0.365	3.813
4701	263	-1.197	-2.151
4701	279	1.088	3.743
4701	280	1.160	4.506
4701	281	0.443	4.533
4701	289	0.493	7.094
4701	290	1.110	6.264
4701	362	-0.442	-2.022
4701	363	-0.218	-1.477
4701	366	-0.050	1.644
4701	401	-4.481	5.169
4701	402	-4.173	5.975
4701	468	5.082	-2.984
4701	472	1.362	2.319
4701	473	4.607	-3.108
4711	179	-0.090	-5.246
4711	189	2.083	3.759
4711	190	2.807	3.925
4711	191	0.189	-0.593
4711	192	-0.009	-0.138
4711	193	-1.643	0.505
4711	194	-7.472	5.696
4711	195	-7.582	6.596
4711	196	-3.306	4.764
4711	197	-4.161	4.435
4711	198	-1.295	2.680
4711	199	0.720	6.711
4711	201	3.196	4.700
4711	207	0.365	3.813
4711	263	-1.245	-1.605
4711	279	1.088	3.743
4711	280	1.160	4.506
4711	281	0.443	4.533
4711	289	0.493	7.094
4711	290	1.040	6.256
4711	362	-0.465	-2.173
4711	363	-0.404	-1.557
4711	366	0.044	1.274
4711	401	-4.682	5.011
4711	402	-4.316	5.735
4711	468	5.082	-2.984
4711	472	1.189	1.851
4711	473	4.607	-3.108
4721	179	0.114	-5.727
4721	189	1.936	4.310
4721	190	2.681	4.176
4721	191	-0.140	-0.729
4721	192	-0.199	-0.295
4721	193	-1.776	0.779
4721	195	-7.973	6.622
4721	196	-3.549	4.542
4721	197	-4.455	4.118
4721	198	-1.227	2.221
4721	199	0.720	6.711
4721	201	3.328	4.079
4721	207	0.510	3.900
4721	263	-1.305	-1.293
4721	279	1.088	3.743
4721	280	1.160	4.506
4721	281	0.443	4.533
4721	289	0.493	7.094
4721	290	1.040	6.256
4721	362	-0.231	-2.150
4721	363	-0.348	-1.611
4721	366	0.456	0.568
4721	401	-4.879	4.847
4721	402	-4.542	5.494
4721	468	5.082	-2.984
4721	472	1.247	1.472
4721	473	4.607	-3.108
4731	179	0.278	-6.112
4731	189	1.858	4.724
4731	190	2.601	4.388
4731	191	-0.522	-0.847
4731	192	-0.407	-0.430
4731	193	-2.028	1.203
4731	196	-3.838	4.278
4731	197	-4.875	3.666
4731	198	-1.158	1.803
4731	199	0.694	6.775
4731	201	3.435	3.464
4731	207	0.702	3.941
4731	263	-1.386	-0.970
4731	279	1.088	3.743
4731	280	1.160	4.506
4731	281	0.443	4.533
4731	289	0.493	7.094
4731	290	1.136	6.161
4731	291	-1.688	8.071
4731	362	-0.442	-2.240
4731	363	-0.610	-1.696
4731	366	0.693	-0.040
4731	401	-5.083	4.668
4731	402	-4.763	5.245
4731	468	5.082	-2.984
4731	472	1.349	1.172
4731	473	4.607	-3.108
4741	189	1.877	4.963
4741	190	2.497	4.688
4741	191	-0.995	-1.001
4741	192	-0.710	-0.582
4741	193	-2.345	1.720
4741	196	-4.018	4.046
4741	197	-5.182	3.335
4741	198	-1.095	1.543
4741	199	0.694	6.775
4741	201	3.405	2.895
4741	207	0.985	4.071
4741	263	-1.495	-0.539
4741	279	1.088	3.743
4741	280	1.160	4.506
4741	281	0.443	4.533
4741	289	0.493	7.094
4741	290	1.136	6.161
4741	291	-1.718	7.796
4741	362	-0.669	-2.344
4741	363	-0.953	-1.774
4741	366	0.876	-0.500
4741	401	-5.342	4.466
4741	402	-4.910	5.061
4741	468	5.082	-2.984
4741	472	1.293	0.675
4741	473	4.607	-3.108
4751	189	1.919	5.331
4751	190	2.380	5.055
4751	191	-1.259	-1.167
4751	192	-1.187	-0.797
4751	193	-2.569	1.992
4751	196	-4.131	3.820
4751	198	-0.967	1.156
4751	199	0.694	6.775
4751	201	3.350	1.985
4751	202	3.368	-5.388
4751	207	0.985	4.071
4751	263	-1.634	-0.288
4751	279	1.088	3.743
4751	280	1.112	4.552
4751	281	0.443	4.533
4751	289	0.493	7.094
4751	290	1.136	6.161
4751	291	-1.762	7.552
4751	362	-0.865	-2.436
4751	363	-1.200	-1.869
4751	366	0.836	-1.383
4751	401	-5.568	4.253
4751	402	-5.046	4.930
4751	468	5.082	-2.984
4751	472	1.447	0.181
4751	473	4.607	-3.108
4761	189	1.955	5.712
4761	190	2.379	5.285
4761	191	-1.574	-1.437
4761	192	-1.596	-1.024
4761	193	-2.890	2.293
4761	196	-4.264	3.555
4761	198	-0.811	0.673
4761	199	0.694	6.775
4761	201	3.285	1.648
4761	202	3.379	-4.943
4761	207	1.096	4.183
4761	263	-1.807	-0.072
4761	279	1.088	3.743
4761	280	1.112	4.552
4761	281	0.443	4.533
4761	289	0.493	7.094
4761	290	1.136	6.161
4761	291	-1.817	7.347
4761	362	-0.888	-2.343
4761	363	-1.521	-1.976
4761	366	0.887	-1.792
4761	401	-5.696	4.050
4761	402	-5.162	4.807
4761	468	5.082	-2.984
4761	472	1.458	-0.196
4761	473	4.607	-3.108
4771	189	1.955	5.960
4771	190	2.408	5.630
4771	191	-1.943	-1.745
4771	192	-1.795	-1.230
4771	193	-3.349	2.720
4771	196	-4.388	3.305
4771	198	-0.785	0.346
4771	199	0.814	6.732
4771	201	3.103	0.967
4771	202	3.382	-4.500
4771	207	1.587	4.046
4771	263	-2.007	0.176
4771	279	1.088	3.743
4771	280	1.112	4.552
4771	281	0.443	4.533
4771	289	0.493	7.094
4771	290	1.136	6.161
4771	291	-1.864	7.125
4771	362	-1.316	-2.638
4771	363	-1.642	-2.131
4771	366	0.892	-2.411
4771	401	-5.717	3.920
4771	402	-5.239	4.613
4771	468	5.082	-2.984
4771	472	1.240	-0.745
4771	473	4.607	-3.108
4781	189	1.726	6.249
4781	190	2.429	5.945
4781	191	-2.223	-1.929
4781	192	-1.933	-1.475
4781	193	-3.638	3.028
4781	198	-0.869	0.083
4781	199	0.866	6.564
4781	201	2.921	0.275
4781	202	3.357	-4.257
4781	204	4.392	6.572
4781	207	1.609	4.083
4781	263	-2.180	0.391
4781	279	1.088	3.743
4781	280	1.015	4.662
4781	281	0.443	4.533
4781	289	0.493	7.094
4781	290	1.136	6.161
4781	291	-1.928	6.910
4781	362	-1.494	-2.729
4781	363	-2.116	-2.245
4781	366	0.899	-3.032
4781	369	-7.705	8.181
4781	401	-5.797	3.808
4781	402	-5.297	4.354
4781	468	5.082	-2.984
4781	472	1.158	-1.192
4781	473	4.607	-3.108
4791	189	1.905	6.628
4791	190	2.432	6.182
4791	191	-2.675	-2.209
4791	192	-2.084	-1.741
4791	193	-3.821	3.293
4791	198	-1.000	-0.337
4791	199	0.866	6.564
4791	201	2.842	-0.061
4791	202	3.287	-3.867
4791	203	3.707	-5.592
4791	204	3.956	5.888
4791	207	1.780	4.144
4791	263	-2.454	0.484
4791	279	1.088	3.743
4791	280	1.015	4.662
4791	281	0.443	4.533
4791	289	0.493	7.094
4791	290	1.136	6.161
4791	291	-2.025	6.725
4791	362	-1.713	-2.813
4791	363	-2.329	-2.390
4791	366	0.915	-3.380
4791	369	-6.801	8.205
4791	401	-6.019	3.676
4791	402	-5.364	4.074
4791	468	5.082	-2.984
4791	472	1.143	-1.495
4791	473	4.607	-3.108
4801	189	1.874	7.050
4801	190	2.434	6.578
4801	191	-3.189	-2.523
4801	192	-2.311	-1.910
4801	193	-4.063	3.689
4801	198	-1.138	-0.710
4801	199	0.866	6.564
4801	201	2.652	-0.923
4801	202	3.199	-3.358
4801	203	3.644	-5.379
4801	204	3.784	5.579
4801	207	2.333	4.092
4801	263	-2.917	0.413
4801	279	1.088	3.743
4801	280	1.015	4.662
4801	281	0.443	4.533
4801	289	0.493	7.094
4801	290	1.136	6.161
4801	291	-2.093	6.540
4801	362	-1.625	-2.792
4801	363	-2.295	-2.595
4801	366	0.947	-4.056
4801	369	-6.198	8.256
4801	401	-6.163	3.594
4801	402	-5.441	3.844
4801	468	5.082	-2.984
4801	472	0.919	-2.021
4801	473	4.607	-3.108
4811	189	1.852	7.346
4811	190	2.437	6.974
4811	191	-3.519	-2.704
4811	192	-2.795	-2.134
4811	193	-4.327	4.032
4811	198	-1.272	-0.951
4811	199	0.866	6.564
4811	201	2.512	-1.540
4811	202	3.187	-3.053
4811	203	3.571	-5.135
4811	204	3.519	5.025
4811	207	2.497	4.250
4811	263	-3.266	0.393
4811	279	1.088	3.743
4811	280	1.015	4.662
4811	281	0.443	4.533
4811	289	0.493	7.094
4811	290	1.136	6.161
4811	291	-2.204	6.382
4811	362	-1.993	-2.967
4811	363	-2.354	-2.624
4811	366	0.964	-4.468
4811	369	-5.433	8.424
4811	401	-6.358	3.484
4811	402	-5.480	3.620
4811	468	5.082	-2.984
4811	472	0.764	-2.568
4811	473	4.607	-3.108
4821	191	-4.014	-2.945
4821	192	-3.457	-2.445
4821	193	-4.607	4.230
4821	198	-1.475	-1.315
4821	199	0.816	6.672
4821	201	2.396	-1.978
4821	202	3.260	-2.555
4821	203	3.513	-4.914
4821	204	3.409	4.715
4821	207	2.651	4.576
4821	263	-3.734	0.379
4821	279	1.088	3.743
4821	280	1.015	4.662
4821	281	0.443	4.533
4821	289	0.493	7.094
4821	290	1.136	6.161
4821	291	-2.403	6.259
4821	362	-2.196	-3.035
4821	363	-2.877	-2.696
4821	366	0.975	-4.845
4821	369	-4.902	8.567
4821	370	-7.866	6.907
4821	402	-5.557	3.410
4821	468	5.082	-2.984
4821	472	0.626	-2.872
4821	473	4.607	-3.108
4831	191	-4.662	-3.263
4831	192	-3.789	-2.650
4831	193	-5.006	4.440
4831	198	-1.703	-1.694
4831	199	0.816	6.672
4831	201	2.150	-2.903
4831	202	3.383	-1.709
4831	203	3.476	-4.722
4831	204	3.228	4.062
4831	207	2.843	4.760
4831	263	-4.214	0.364
4831	279	1.088	3.743
4831	280	1.015	4.662
4831	281	0.443	4.533
4831	289	0.493	7.094
4831	290	1.136	6.161
4831	291	-2.605	6.126
4831	362	-2.373	-3.055
4831	363	-2.592	-2.649
4831	366	0.994	-5.538
4831	369	-4.117	8.816
4831	370	-7.541	7.079
4831	402	-5.736	3.234
4831	468	5.082	-2.984
4831	472	0.367	-3.424
4831	473	4.607	-3.108
4841	191	-5.065	-3.520
4841	192	-4.166	-2.915
4841	193	-5.556	4.701
4841	198	-1.894	-1.916
4841	199	0.816	6.672
4841	201	2.031	-3.411
4841	202	3.436	-1.349
4841	203	3.433	-4.491
4841	204	3.095	3.681
4841	207	3.372	5.162
4841	263	-4.564	0.353
4841	279	1.088	3.743
4841	280	1.136	4.529
4841	281	0.443	4.533
4841	289	0.493	7.094
4841	290	1.136	6.161
4841	291	-2.825	6.010
4841	362	-2.613	-3.015
4841	363	-2.985	-2.735
4841	366	1.009	-6.055
4841	370	-7.154	7.275
4841	402	-5.832	3.153
4841	468	5.082	-2.984
4841	472	0.352	-3.760
4841	473	4.607	-3.108
4851	191	-5.405	-3.829
4851	192	-4.595	-3.214
4851	193	-6.025	4.976
4851	198	-2.092	-2.166
4851	199	0.816	6.672
4851	201	1.968	-3.917
4851	202	3.526	-0.727
4851	203	3.372	-4.197
4851	204	2.901	3.318
4851	207	3.705	5.329
4851	263	-4.890	0.348
4851	279	1.088	3.743
4851	280	1.136	4.529
4851	281	0.443	4.533
4851	289	0.493	7.094
4851	290	1.136	6.161
4851	291	-3.059	5.909
4851	362	-2.735	-2.960
4851	363	-3.327	-2.701
4851	370	-6.756	7.480
4851	402	-5.893	3.101
4851	468	5.082	-2.984
4851	472	0.331	-3.930
4851	473	4.607	-3.108
4861	191	-5.927	-4.300
4861	192	-4.918	-3.428
4861	193	-6.266	5.236
4861	198	-2.310	-2.467
4861	199	0.816	6.672
4861	201	1.858	-4.784
4861	202	3.645	0.084
4861	203	3.317	-3.902
4861	204	2.574	2.706
4861	205	2.465	-5.676
4861	206	3.082	-5.801
4861	207	4.327	5.398
4861	263	-5.217	0.346
4861	279	1.088	3.743
4861	280	1.136	4.529
4861	281	0.443	4.533
4861	289	0.493	7.094
4861	290	1.136	6.161
4861	291	-3.260	5.778
4861	362	-3.476	-3.067
4861	363	-3.972	-2.694
4861	370	-6.446	7.668
4861	468	5.082	-2.984
4861	472	0.268	-4.401
4861	473	4.607	-3.108
4871	191	-6.200	-4.605
4871	192	-5.554	-3.811
4871	193	-6.334	5.477
4871	198	-2.567	-2.662
4871	199	0.721	6.651
4871	201	1.763	-5.245
4871	202	3.711	0.422
4871	203	3.289	-3.665
4871	204	2.389	2.364
4871	205	2.387	-5.432
4871	206	2.993	-5.619
4871	207	4.651	5.513
4871	263	-5.561	0.342
4871	279	1.088	3.743
4871	280	1.136	4.529
4871	281	0.443	4.533
4871	289	0.493	7.094
4871	290	1.136	6.161
4871	291	-3.504	5.717
4871	362	-3.817	-3.161
4871	363	-4.297	-2.789
4871	370	-6.213	7.844
4871	468	5.082	-2.984
4871	472	0.375	-4.613
4871	473	4.607	-3.108
4881	191	-6.485	-4.970
4881	192	-6.129	-4.202
4881	193	-6.324	5.694
4881	198	-2.881	-2.746
4881	199	0.699	6.615
4881	201	1.471	-6.343
4881	202	3.878	1.073
4881	203	3.279	-3.459
4881	204	2.216	2.058
4881	205	2.299	-5.157
4881	206	2.876	-5.400
4881	207	5.021	5.816
4881	279	1.088	3.743
4881	280	1.136	4.529
4881	281	0.443	4.533
4881	289	0.493	7.094
4881	290	1.136	6.161
4881	291	-3.793	5.749
4881	362	-4.221	-3.250
4881	363	-4.595	-2.944
4881	370	-5.778	8.209
4881	468	5.082	-2.984
4881	472	0.332	-4.872
4881	473	4.607	-3.108
4891	191	-6.895	-5.495
4891	192	-6.385	-4.486
4891	193	-6.372	5.887
4891	198	-3.321	-2.803
4891	199	0.676	6.560
4891	202	4.062	1.827
4891	203	3.254	-3.196
4891	204	1.891	1.488
4891	205	2.216	-4.924
4891	206	2.732	-5.147
4891	207	5.308	5.978
4891	279	1.088	3.743
4891	280	1.136	4.529
4891	281	0.443	4.533
4891	289	0.493	7.094
4891	290	1.136	6.161
4891	291	-4.007	5.797
4891	362	-4.522	-3.408
4891	363	-4.932	-3.104
4891	370	-5.444	8.483
4891	468	5.082	-2.984
4891	472	0.341	-5.206
4891	473	4.607	-3.108
4901	191	-7.339	-6.064
4901	192	-6.754	-4.906
4901	193	-6.619	6.057
4901	198	-3.749	-2.897
4901	199	0.816	6.672
4901	202	4.093	2.152
4901	203	3.226	-2.897
4901	204	1.654	1.049
4901	205	2.136	-4.736
4901	206	2.614	-4.901
4901	207	5.722	6.217
4901	279	1.088	3.743
4901	280	1.136	4.529
4901	281	0.443	4.533
4901	289	0.493	7.094
4901	290	1.136	6.161
4901	291	-4.226	5.821
4901	362	-4.763	-3.630
4901	363	-5.210	-3.293
4901	370	-5.261	8.628
4901	468	5.082	-2.984
4901	472	0.475	-5.493
4901	473	4.607	-3.108
4911	191	-7.667	-6.485
4911	192	-7.204	-5.417
4911	193	-6.960	6.223
4911	198	-3.982	-3.088
4911	199	0.672	6.720
4911	202	4.123	2.923
4911	203	3.238	-2.652
4911	204	1.542	0.792
4911	205	2.023	-4.510
4911	206	2.546	-4.682
4911	207	5.858	6.382
4911	279	1.088	3.743
4911	280	1.136	4.529
4911	281	0.443	4.533
4911	289	0.684	7.114
4911	290	1.136	6.161
4911	291	-4.518	5.797
4911	362	-5.044	-3.886
4911	363	-5.482	-3.536
4911	370	-5.096	8.759
4911	371	-6.147	4.040
4911	468	5.082	-2.984
4911	472	0.383	-5.806
4911	473	4.607	-3.108
4921	192	-7.552	-5.812
4921	193	-7.321	6.400
4921	198	-4.192	-3.323
4921	199	0.816	6.672
4921	202	4.154	3.803
4921	203	3.292	-2.443
4921	204	1.335	0.297
4921	205	1.865	-4.217
4921	206	2.521	-4.478
4921	207	6.009	6.566
4921	264	2.497	-5.782
4921	279	1.088	3.743
4921	280	1.136	4.529
4921	281	0.541	4.501
4921	289	0.684	7.114
4921	290	1.136	6.161
4921	291	-4.826	5.773
4921	362	-5.270	-4.125
4921	363	-5.860	-3.858
4921	370	-4.923	8.895
4921	371	-5.951	4.010
4921	468	5.082	-2.984
4921	472	0.491	-6.055
4921	473	4.607	-3.108
4931	193	-7.682	6.576
4931	198	-4.439	-3.583
4931	199	0.816	6.672
4931	202	4.150	4.149
4931	203	3.383	-2.153
4931	204	1.092	-0.286
4931	205	1.743	-3.940
4931	206	2.497	-4.211
4931	264	2.448	-5.582
4931	265	3.177	-5.771
4931	279	1.088	3.743
4931	280	1.060	4.716
4931	281	0.541	4.501
4931	289	0.684	7.114
4931	290	1.136	6.161
4931	291	-5.133	5.750
4931	362	-5.495	-4.378
4931	363	-6.171	-4.161
4931	371	-5.943	4.000
4931	468	5.082	-2.984
4931	473	4.607	-3.108
4941	198	-4.658	-3.843
4941	199	0.816	6.672
4941	202	4.113	4.757
4941	203	3.497	-1.800
4941	204	0.966	-0.598
4941	205	1.698	-3.719
4941	206	2.470	-3.897
4941	207	5.766	6.425
4941	264	2.386	-5.359
4941	265	3.045	-5.496
4941	266	1.555	-5.911
4941	279	1.088	3.743
4941	280	1.035	4.779
4941	281	0.541	4.501
4941	289	0.684	7.114
4941	290	1.136	6.161
4941	291	-5.435	5.691
4941	362	-5.756	-4.665
4941	363	-6.366	-4.415
4941	371	-5.772	3.985
4941	468	5.082	-2.984
4941	473	4.607	-3.108
4951	198	-4.815	-4.090
4951	199	0.816	6.672
4951	202	4.061	5.600
4951	203	3.558	-1.522
4951	204	0.827	-1.004
4951	205	1.678	-3.448
4951	206	2.443	-3.646
4951	207	5.530	6.230
4951	264	2.351	-5.148
4951	265	2.900	-5.171
4951	266	1.470	-5.609
4951	279	1.088	3.743
4951	280	1.035	4.779
4951	281	0.541	4.501
4951	289	0.684	7.114
4951	290	1.136	6.161
4951	291	-5.700	5.639
4951	362	-5.965	-4.931
4951	363	-6.569	-4.693
4951	371	-5.414	3.946
4951	468	5.082	-2.984
4951	473	4.607	-3.108
4961	198	-4.972	-4.381
4961	199	0.816	6.672
4961	202	4.036	5.971
4961	203	3.567	-1.313
4961	204	0.612	-1.617
4961	205	1.650	-3.064
4961	206	2.411	-3.408
4961	207	5.347	6.088
4961	264	2.341	-4.946
4961	265	2.868	-4.942
4961	266	1.381	-5.289
4961	279	1.088	3.743
4961	280	1.035	4.779
4961	281	0.541	4.501
4961	289	0.684	7.114
4961	290	1.136	6.161
4961	291	-5.891	5.642
4961	362	-6.148	-5.198
4961	363	-6.796	-5.002
4961	371	-4.987	3.837
4961	468	5.082	-2.984
4961	473	4.607	-3.108
4971	198	-5.171	-4.755
4971	199	0.816	6.672
4971	202	3.972	6.798
4971	203	3.574	-1.031
4971	204	0.442	-1.915
4971	205	1.627	-2.733
4971	206	2.354	-2.999
4971	207	5.107	5.915
4971	208	0.425	-6.353
4971	264	2.321	-4.723
4971	265	2.880	-4.721
4971	266	1.316	-5.056
4971	279	1.088	3.743
4971	280	1.035	4.779
4971	281	0.541	4.501
4971	289	0.684	7.114
4971	290	1.136	6.161
4971	291	-6.007	5.699
4971	362	-6.366	-5.516
4971	363	-7.030	-5.321
4971	371	-4.654	3.790
4971	468	5.082	-2.984
4971	473	4.607	-3.108
4981	198	-5.361	-5.103
4981	199	0.697	6.675
4981	203	3.586	-0.664
4981	204	0.203	-2.193
4981	205	1.616	-2.502
4981	206	2.284	-2.496
4981	207	4.588	5.533
4981	208	0.401	-6.023
4981	264	2.301	-4.487
4981	265	2.896	-4.474
4981	266	1.251	-4.838
4981	267	3.764	-5.567
4981	279	1.088	3.743
4981	280	1.035	4.779
4981	281	0.541	4.501
4981	289	0.684	7.114
4981	290	1.229	6.144
4981	291	-6.096	5.708
4981	362	-6.619	-5.887
4981	363	-7.246	-5.614
4981	371	-4.585	3.958
4981	468	5.082	-2.984
4981	473	4.607	-3.108
4991	198	-5.515	-5.377
4991	199	0.697	6.675
4991	203	3.584	-0.355
4991	204	-0.074	-2.519
4991	205	1.609	-2.176
4991	206	2.243	-2.158
4991	207	4.144	5.232
4991	208	0.381	-5.635
4991	209	1.032	-6.260
4991	210	-0.327	-6.464
4991	264	2.312	-4.271
4991	265	2.887	-4.265
4991	266	1.170	-4.578
4991	267	3.718	-5.416
4991	279	1.088	3.743
4991	280	1.203	4.639
4991	281	0.541	4.501
4991	289	0.684	7.114
4991	290	1.229	6.144
4991	291	-6.184	5.611
4991	362	-6.902	-6.300
4991	371	-4.622	4.222
4991	468	5.082	-2.984
4991	473	4.607	-3.108
5001	198	-5.688	-5.701
5001	199	0.697	6.675
5001	203	3.561	-0.139
5001	204	-0.245	-2.737
5001	205	1.603	-1.724
5001	206	2.223	-1.908
5001	207	3.900	5.130
5001	208	0.459	-5.374
5001	209	1.102	-5.947
5001	210	-0.270	-6.031
5001	211	-0.747	-6.365
5001	264	2.351	-4.070
5001	265	2.858	-4.108
5001	266	1.128	-4.357
5001	267	3.683	-5.293
5001	279	1.088	3.743
5001	280	1.203	4.639
5001	281	0.541	4.501
5001	289	0.684	7.114
5001	290	1.270	6.313
5001	291	-6.271	5.414
5001	362	-7.163	-6.682
5001	371	-4.656	4.500
5001	468	5.082	-2.984
5001	473	4.607	-3.108
5011	198	-5.897	-6.117
5011	199	0.697	6.675
5011	203	3.520	0.131
5011	204	-0.450	-3.025
5011	205	1.584	-1.345
5011	206	2.191	-1.479
5011	207	3.386	4.954
5011	208	0.609	-5.149
5011	209	1.188	-5.564
5011	210	-0.212	-5.533
5011	211	-0.699	-5.969
5011	264	2.399	-3.866
5011	265	2.814	-4.011
5011	266	1.095	-4.038
5011	267	3.648	-5.176
5011	279	1.088	3.743
5011	280	1.319	4.604
5011	281	0.541	4.501
5011	289	0.684	7.114
5011	290	1.424	6.537
5011	291	-6.339	5.238
5011	362	-7.393	-7.019
5011	371	-4.610	4.738
5011	468	5.082	-2.984
5011	473	4.607	-3.108
5021	198	-6.117	-6.500
5021	199	0.697	6.675
5021	203	3.459	0.522
5021	204	-0.661	-3.277
5021	205	1.545	-1.103
5021	206	2.156	-1.031
5021	207	2.816	4.759
5021	208	0.797	-4.897
5021	209	1.252	-5.293
5021	210	-0.224	-5.231
5021	211	-0.690	-5.669
5021	212	1.965	7.386
5021	264	2.441	-3.663
5021	265	2.803	-3.894
5021	266	1.049	-3.544
5021	267	3.598	-5.033
5021	279	1.088	3.743
5021	280	1.319	4.604
5021	281	0.541	4.501
5021	289	0.684	7.114
5021	290	1.598	6.773
5021	291	-6.382	5.127
5021	337	-4.664	-1.989
5021	371	-4.498	5.008
5021	468	5.082	-2.984
5021	473	4.607	-3.108
5031	198	-6.334	-6.788
5031	199	0.796	6.558
5031	203	3.403	0.879
5031	204	-0.849	-3.473
5031	205	1.480	-0.805
5031	206	2.128	-0.771
5031	207	2.551	4.679
5031	208	0.906	-4.664
5031	209	1.315	-5.050
5031	210	-0.278	-5.009
5031	211	-0.711	-5.443
5031	212	2.062	7.033
5031	264	2.456	-3.465
5031	265	2.847	-3.718
5031	266	0.995	-3.168
5031	267	3.532	-4.855
5031	279	1.088	3.743
5031	280	1.319	4.604
5031	281	0.541	4.501
5031	289	0.684	7.114
5031	290	1.573	6.875
5031	291	-6.400	5.080
5031	337	-4.279	-1.969
5031	371	-4.409	5.292
5031	403	-4.842	8.938
5031	468	5.082	-2.984
5031	473	4.607	-3.108
5041	198	-6.563	-7.053
5041	199	0.796	6.558
5041	203	3.364	1.114
5041	204	-1.017	-3.734
5041	205	1.387	-0.367
5041	206	2.096	-0.424
5041	207	2.207	4.628
5041	208	0.922	-4.439
5041	209	1.399	-4.742
5041	210	-0.346	-4.745
5041	211	-0.730	-5.185
5041	212	2.145	6.740
5041	264	2.450	-3.252
5041	265	2.897	-3.535
5041	266	0.926	-2.917
5041	267	3.449	-4.611
5041	279	1.088	3.743
5041	280	1.319	4.604
5041	281	0.541	4.501
5041	289	0.684	7.114
5041	290	1.573	6.875
5041	291	-6.405	5.066
5041	337	-4.007	-1.820
5041	371	-4.447	5.562
5041	374	-6.817	6.316
5041	403	-5.173	8.616
5041	468	5.082	-2.984
5041	473	4.607	-3.108
5051	198	-6.815	-7.346
5051	199	0.796	6.558
5051	203	3.316	1.327
5051	204	-1.188	-3.837
5051	205	1.303	-0.006
5051	206	2.054	0.123
5051	207	1.876	4.543
5051	208	0.921	-4.140
5051	209	1.465	-4.467
5051	210	-0.412	-4.476
5051	211	-0.753	-4.920
5051	212	2.244	6.487
5051	264	2.442	-3.025
5051	265	2.946	-3.358
5051	266	0.792	-2.465
5051	267	3.352	-4.330
5051	279	1.088	3.743
5051	280	1.319	4.604
5051	281	0.541	4.501
5051	289	0.684	7.114
5051	290	1.573	6.875
5051	291	-6.433	4.994
5051	337	-3.638	-1.583
5051	371	-4.513	5.998
5051	374	-6.768	6.535
5051	403	-5.451	8.399
5051	468	5.082	-2.984
5051	473	4.607	-3.108
5061	198	-7.084	-7.658
5061	199	0.796	6.558
5061	203	3.241	1.590
5061	204	-1.356	-3.731
5061	205	1.233	0.231
5061	206	1.987	0.552
5061	207	1.825	4.373
5061	208	0.923	-3.804
5061	209	1.504	-4.223
5061	210	-0.459	-4.245
5061	211	-0.790	-4.689
5061	212	2.416	6.128
5061	264	2.486	-2.821
5061	265	3.022	-3.172
5061	266	0.663	-2.032
5061	267	3.258	-4.120
5061	279	1.379	3.768
5061	280	1.319	4.604
5061	281	0.541	4.501
5061	289	0.684	7.114
5061	290	1.573	6.875
5061	291	-6.487	4.855
5061	337	-3.423	-1.340
5061	371	-4.624	6.359
5061	372	-6.726	5.605
5061	374	-6.687	6.749
5061	403	-5.764	8.208
5061	468	5.082	-2.984
5061	473	4.607	-3.108
5071	198	-7.340	-7.954
5071	199	0.914	6.535
5071	203	3.185	1.853
5071	204	-1.442	-3.666
5071	205	1.124	0.619
5071	206	1.887	0.781
5071	207	1.829	4.236
5071	208	0.956	-3.547
5071	209	1.568	-3.775
5071	210	-0.496	-3.973
5071	211	-0.848	-4.422
5071	212	2.401	6.004
5071	264	2.609	-2.438
5071	265	3.147	-2.855
5071	266	0.577	-1.756
5071	267	3.162	-3.970
5071	279	1.621	3.735
5071	280	1.319	4.604
5071	281	0.541	4.501
5071	289	0.684	7.114
5071	290	1.573	6.875
5071	337	-3.300	-0.771
5071	371	-4.787	6.643
5071	372	-6.539	5.841
5071	374	-6.555	6.979
5071	403	-6.162	7.966
5071	468	5.082	-2.984
5071	473	4.607	-3.108
5081	199	0.914	6.535
5081	203	3.191	2.063
5081	204	-1.436	-3.670
5081	205	0.982	1.103
5081	206	1.715	1.091
5081	207	1.831	4.162
5081	208	1.041	-3.207
5081	209	1.650	-3.205
5081	210	-0.541	-3.543
5081	211	-0.936	-3.972
5081	212	2.233	6.083
5081	264	2.768	-1.975
5081	265	3.309	-2.466
5081	266	0.397	-1.149
5081	267	3.059	-3.842
5081	279	2.102	3.750
5081	280	1.319	4.604
5081	281	0.541	4.501
5081	289	0.684	7.114
5081	290	1.368	6.897
5081	292	3.599	7.248
5081	337	-3.152	-0.021
5081	371	-4.986	6.994
5081	372	-6.370	6.082
5081	374	-6.421	7.223
5081	403	-6.448	7.809
5081	468	5.082	-2.984
5081	473	4.607	-3.108
5091	199	0.914	6.535
5091	203	3.230	2.224
5091	204	-1.340	-3.743
5091	205	0.860	1.378
5091	206	1.468	1.542
5091	207	1.832	4.150
5091	208	1.196	-2.573
5091	209	1.714	-2.860
5091	210	-0.604	-3.119
5091	211	-1.040	-3.487
5091	212	2.456	5.872
5091	264	2.893	-1.746
5091	265	3.457	-2.257
5091	266	0.235	-0.659
5091	267	2.966	-3.714
5091	279	2.422	3.835
5091	280	1.319	4.604
5091	281	0.541	4.501
5091	289	0.684	7.114
5091	290	1.298	6.930
5091	292	3.294	7.192
5091	337	-3.158	0.386
5091	371	-5.208	7.226
5091	372	-6.287	6.318
5091	374	-6.335	7.457
5091	403	-6.773	7.637
5091	468	5.082	-2.984
5091	473	4.607	-3.108
5101	199	0.914	6.535
5101	203	3.260	2.341
5101	204	-1.253	-3.809
5101	205	0.690	1.652
5101	206	1.254	1.919
5101	207	1.830	4.202
5101	208	1.322	-2.114
5101	209	1.797	-2.525
5101	210	-0.696	-2.861
5101	211	-1.139	-3.196
5101	212	2.521	5.823
5101	264	3.078	-1.398
5101	265	3.684	-1.976
5101	266	0.096	-0.380
5101	267	2.911	-3.551
5101	268	1.730	-6.034
5101	269	1.093	-6.036
5101	279	2.956	4.126
5101	280	1.319	4.604
5101	281	0.541	4.501
5101	289	0.684	7.114
5101	290	1.298	6.930
5101	292	2.999	7.126
5101	337	-3.186	1.158
5101	371	-5.278	7.398
5101	372	-6.200	6.558
5101	374	-6.247	7.706
5101	403	-7.200	7.413
5101	468	5.082	-2.984
5101	473	4.607	-3.108
5111	199	0.914	6.535
5111	203	3.278	2.415
5111	204	-1.256	-3.807
5111	205	0.437	2.060
5111	206	1.110	2.149
5111	207	1.827	4.301
5111	208	1.439	-1.809
5111	209	1.950	-1.906
5111	210	-0.846	-2.564
5111	211	-1.273	-2.907
5111	212	2.478	5.850
5111	264	3.260	-1.133
5111	265	3.915	-1.739
5111	266	-0.174	0.137
5111	267	2.866	-3.293
5111	268	1.665	-5.747
5111	269	0.970	-5.676
5111	270	0.298	-6.267
5111	279	3.257	4.304
5111	280	1.319	4.604
5111	281	0.541	4.501
5111	289	0.684	7.114
5111	290	1.298	6.930
5111	292	2.809	7.053
5111	337	-3.235	1.535
5111	371	-5.392	7.432
5111	372	-6.118	6.804
5111	374	-6.052	7.901
5111	403	-7.626	7.188
5111	468	5.082	-2.984
5111	473	4.607	-3.108
5121	199	0.914	6.535
5121	203	3.290	2.299
5121	204	-1.351	-3.735
5121	205	0.244	2.374
5121	206	0.942	2.398
5121	207	1.826	4.353
5121	208	1.693	-1.154
5121	209	2.069	-1.486
5121	210	-1.075	-2.087
5121	211	-1.482	-2.437
5121	212	2.389	5.959
5121	264	3.484	-0.934
5121	265	4.170	-1.611
5121	266	-0.392	0.593
5121	267	2.787	-2.867
5121	268	1.582	-5.379
5121	269	0.893	-5.407
5121	270	0.289	-6.159
5121	279	3.788	4.642
5121	280	1.319	4.604
5121	281	0.541	4.501
5121	289	0.684	7.114
5121	290	1.298	6.930
5121	292	2.626	6.999
5121	337	-3.358	2.215
5121	371	-5.595	7.329
5121	372	-6.159	7.056
5121	373	-7.123	7.291
5121	374	-5.604	8.026
5121	403	-7.963	7.010
5121	468	5.082	-2.984
5121	473	4.607	-3.108
5131	199	0.914	6.535
5131	203	3.293	2.188
5131	204	-1.379	-3.548
5131	205	0.097	2.612
5131	206	0.704	2.746
5131	207	1.968	4.043
5131	208	1.933	-0.549
5131	209	2.177	-1.198
5131	210	-1.300	-1.683
5131	211	-1.679	-2.057
5131	212	1.987	6.364
5131	264	3.869	-0.589
5131	265	4.589	-1.414
5131	266	-0.470	0.870
5131	267	2.733	-2.516
5131	268	1.512	-5.118
5131	269	0.836	-5.149
5131	270	0.276	-6.101
5131	271	1.061	-6.174
5131	279	4.206	4.918
5131	280	1.319	4.604
5131	281	0.683	4.624
5131	289	0.684	7.114
5131	290	1.298	6.930
5131	292	2.466	6.924
5131	293	3.879	6.736
5131	294	4.630	6.634
5131	337	-3.478	2.800
5131	371	-5.300	7.342
5131	372	-6.303	7.335
5131	373	-6.965	7.640
5131	374	-5.448	8.216
5131	468	5.082	-2.984
5131	473	4.607	-3.108
5141	199	0.914	6.535
5141	203	3.272	2.382
5141	204	-0.715	-3.108
5141	205	-0.147	3.002
5141	206	0.486	3.073
5141	207	1.901	4.051
5141	208	2.053	-0.276
5141	209	2.376	-0.651
5141	210	-1.494	-1.462
5141	211	-1.852	-1.828
5141	212	1.759	6.927
5141	264	4.125	-0.422
5141	265	4.798	-1.253
5141	266	-0.574	1.376
5141	267	2.712	-2.237
5141	268	1.437	-4.896
5141	269	0.754	-4.789
5141	270	0.293	-5.965
5141	271	1.086	-5.973
5141	279	4.566	5.199
5141	280	1.319	4.604
5141	281	0.683	4.624
5141	289	0.684	7.114
5141	290	1.298	6.930
5141	292	2.367	6.776
5141	293	3.777	6.257
5141	294	4.372	6.163
5141	295	2.941	6.922
5141	337	-3.582	3.211
5141	371	-5.299	7.294
5141	372	-6.391	7.599
5141	373	-6.771	8.039
5141	374	-5.301	8.396
5141	375	-7.601	8.465
5141	468	5.082	-2.984
5141	473	4.607	-3.108
5151	199	0.914	6.535
5151	203	3.249	2.285
5151	204	-0.471	-2.791
5151	205	-0.345	3.338
5151	206	0.344	3.305
5151	207	1.832	4.130
5151	208	2.242	0.169
5151	209	2.559	-0.223
5151	210	-1.837	-1.121
5151	211	-2.134	-1.446
5151	212	1.542	7.464
5151	264	4.530	-0.273
5151	265	4.985	-1.032
5151	266	-0.692	1.852
5151	267	2.656	-1.621
5151	268	1.330	-4.592
5151	269	0.699	-4.515
5151	270	0.340	-5.760
5151	271	1.116	-5.787
5151	279	4.914	5.476
5151	280	1.319	4.604
5151	281	0.683	4.624
5151	289	0.684	7.114
5151	290	1.298	6.930
5151	292	2.242	6.610
5151	293	3.714	6.013
5151	294	4.260	5.916
5151	295	2.857	6.614
5151	296	-0.613	8.102
5151	337	-3.768	3.940
5151	371	-5.402	7.289
5151	372	-6.205	7.798
5151	373	-6.589	8.272
5151	374	-5.262	8.612
5151	375	-7.463	8.169
5151	468	5.082	-2.984
5151	473	4.607	-3.108
5161	199	0.914	6.535
5161	203	3.216	2.145
5161	204	-0.093	-2.184
5161	205	-0.464	3.587
5161	206	0.190	3.581
5161	207	1.878	4.092
5161	208	2.446	0.598
5161	209	2.732	0.012
5161	210	-2.320	-0.645
5161	211	-2.475	-1.015
5161	264	4.881	-0.129
5161	265	5.218	-0.755
5161	266	-0.801	2.099
5161	267	2.660	-1.187
5161	268	1.256	-4.337
5161	269	0.657	-4.259
5161	270	0.405	-5.573
5161	271	1.136	-5.599
5161	279	5.302	5.801
5161	280	1.319	4.604
5161	281	0.683	4.624
5161	289	0.684	7.114
5161	290	1.298	6.930
5161	292	2.182	6.430
5161	293	3.600	5.567
5161	294	4.118	5.529
5161	295	2.814	6.401
5161	296	-0.857	7.782
5161	337	-3.993	4.222
5161	371	-5.438	7.319
5161	372	-5.830	8.079
5161	373	-6.326	8.574
5161	374	-5.291	8.716
5161	375	-7.277	7.898
5161	468	5.082	-2.984
5161	473	4.607	-3.108
5171	199	0.914	6.535
5171	203	3.314	2.187
5171	204	0.078	-1.871
5171	205	-0.633	3.978
5171	206	-0.033	3.993
5171	207	1.878	4.092
5171	208	2.628	0.826
5171	209	3.113	0.492
5171	210	-2.648	-0.385
5171	211	-2.749	-0.815
5171	264	5.145	-0.006
5171	265	5.369	-0.585
5171	266	-0.937	2.412
5171	267	2.770	-0.836
5171	268	1.208	-4.124
5171	269	0.593	-3.886
5171	270	0.469	-5.403
5171	271	1.135	-5.400
5171	279	5.525	6.006
5171	280	1.319	4.604
5171	281	0.683	4.624
5171	289	0.684	7.114
5171	290	1.298	6.930
5171	292	2.165	6.186
5171	293	3.480	5.150
5171	294	3.974	5.138
5171	295	2.740	6.071
5171	296	-1.111	7.427
5171	297	-0.144	7.966
5171	337	-4.157	4.383
5171	371	-5.471	7.277
5171	372	-5.682	8.321
5171	373	-6.172	8.810
5171	374	-5.314	8.730
5171	375	-7.067	7.644
5171	468	5.082	-2.984
5171	473	4.607	-3.108
5181	199	0.914	6.535
5181	203	3.294	2.169
5181	204	0.342	-1.353
5181	205	-0.805	4.306
5181	206	-0.244	4.356
5181	207	1.878	4.092
5181	208	3.030	1.289
5181	209	3.463	0.930
5181	210	-3.002	-0.177
5181	211	-3.092	-0.647
5181	264	5.438	0.156
5181	265	5.563	-0.379
5181	266	-1.090	2.649
5181	267	2.937	-0.358
5181	268	1.138	-3.863
5181	269	0.550	-3.588
5181	270	0.476	-5.219
5181	271	1.129	-5.220
5181	279	5.865	6.382
5181	280	1.319	4.604
5181	281	0.683	4.624
5181	289	0.684	7.114
5181	290	1.298	6.930
5181	292	2.141	5.861
5181	293	3.381	4.936
5181	294	3.882	4.882
5181	295	2.692	5.764
5181	296	-1.235	7.158
5181	297	-0.083	7.425
5181	337	-4.237	4.523
5181	371	-5.508	7.379
5181	372	-5.612	8.559
5181	373	-6.020	9.090
5181	374	-5.234	8.887
5181	375	-6.890	7.373
5181	404	-3.802	8.575
5181	468	5.082	-2.984
5181	473	4.607	-3.108
5191	199	0.914	6.535
5191	203	3.314	2.187
5191	204	0.594	-0.842
5191	205	-0.991	4.538
5191	206	-0.408	4.586
5191	207	1.878	4.092
5191	208	3.346	1.664
5191	209	3.635	1.138
5191	210	-3.518	0.128
5191	211	-3.545	-0.425
5191	264	5.540	0.336
5191	265	5.752	-0.174
5191	266	-1.271	2.817
5191	267	3.138	-0.111
5191	268	1.085	-3.603
5191	269	0.529	-3.318
5191	270	0.432	-5.025
5191	271	1.122	-5.070
5191	279	5.993	6.407
5191	280	1.319	4.604
5191	281	0.683	4.624
5191	289	0.684	7.114
5191	290	1.298	6.930
5191	292	2.141	5.623
5191	293	3.190	4.555
5191	294	3.695	4.346
5191	295	2.698	5.555
5191	296	-1.431	6.708
5191	297	-0.046	6.979
5191	337	-4.246	4.639
5191	371	-5.975	7.491
5191	372	-5.537	8.814
5191	373	-5.868	9.368
5191	374	-5.143	9.056
5191	375	-6.717	7.105
5191	404	-4.068	8.029
5191	468	5.082	-2.984
5191	473	4.607	-3.108
5201	199	0.914	6.535
5201	203	3.255	2.115
5201	204	0.715	-0.547
5201	205	-1.282	4.873
5201	206	-0.632	4.855
5201	207	1.878	4.092
5201	208	3.782	1.856
5201	209	4.143	1.412
5201	210	-3.870	0.297
5201	211	-3.904	-0.249
5201	264	5.664	0.588
5201	265	5.869	-0.045
5201	266	-1.452	2.973
5201	267	3.540	0.348
5201	268	1.085	-3.368
5201	269	0.503	-2.859
5201	270	0.369	-4.843
5201	271	1.117	-4.913
5201	279	6.028	6.320
5201	280	1.319	4.604
5201	281	0.683	4.624
5201	289	0.684	7.114
5201	290	1.298	6.930
5201	292	2.147	5.414
5201	293	3.005	4.190
5201	294	3.557	4.016
5201	295	2.699	5.304
5201	296	-1.600	6.468
5201	297	-0.055	6.573
5201	337	-4.330	4.715
5201	371	-6.083	7.634
5201	372	-5.465	9.060
5201	374	-5.049	9.230
5201	375	-6.464	6.902
5201	404	-4.202	7.721
5201	405	-3.966	8.766
5201	468	5.082	-2.984
5201	473	4.607	-3.108
5211	199	0.914	6.535
5211	203	3.335	2.149
5211	204	0.974	0.073
5211	205	-1.468	5.146
5211	206	-0.863	5.149
5211	207	1.878	4.092
5211	208	3.985	2.191
5211	209	4.302	1.801
5211	210	-4.270	0.457
5211	264	5.758	0.771
5211	265	5.986	0.081
5211	266	-1.498	3.175
5211	267	3.752	0.596
5211	268	1.132	-2.840
5211	269	0.463	-2.460
5211	270	0.300	-4.670
5211	271	1.115	-4.727
5211	279	6.068	6.315
5211	280	1.319	4.604
5211	281	0.663	4.466
5211	289	0.684	7.114
5211	290	1.298	6.930
5211	292	2.154	5.190
5211	293	2.885	3.969
5211	294	3.371	3.705
5211	295	2.728	5.081
5211	296	-1.950	6.059
5211	297	-0.066	6.018
5211	337	-4.527	4.748
5211	371	-6.260	7.884
5211	375	-6.132	6.768
5211	404	-4.376	7.322
5211	405	-4.073	8.268
5211	468	5.082	-2.984
5211	473	4.607	-3.108
5221	199	0.914	6.535
5221	203	3.336	2.130
5221	204	1.189	0.649
5221	205	-1.571	5.406
5221	206	-0.983	5.388
5221	207	1.878	4.092
5221	208	3.978	2.566
5221	209	4.412	2.131
5221	210	-4.710	0.635
5221	264	5.885	1.068
5221	265	6.077	0.217
5221	266	-1.506	3.482
5221	267	4.046	0.934
5221	268	1.154	-2.319
5221	269	0.403	-2.213
5221	270	0.278	-4.479
5221	271	1.100	-4.509
5221	279	5.978	6.284
5221	280	1.319	4.604
5221	281	0.618	4.351
5221	289	0.684	7.114
5221	290	1.298	6.930
5221	292	2.197	4.986
5221	293	2.628	3.508
5221	294	3.068	3.200
5221	295	2.803	4.859
5221	296	-2.137	5.758
5221	297	-0.065	5.705
5221	337	-4.840	4.744
5221	371	-6.486	8.152
5221	375	-5.767	6.709
5221	404	-4.536	6.987
5221	405	-4.268	7.978
5221	468	5.082	-2.984
5221	473	4.607	-3.108
5231	199	0.914	6.535
5231	203	3.334	2.167
5231	204	1.224	0.946
5231	205	-1.688	5.731
5231	206	-1.117	5.736
5231	207	1.878	4.092
5231	208	4.302	2.992
5231	209	4.686	2.559
5231	264	6.035	1.337
5231	265	6.134	0.340
5231	266	-1.504	3.810
5231	267	4.411	1.368
5231	268	1.083	-2.042
5231	269	0.292	-1.825
5231	270	0.308	-4.268
5231	271	1.047	-4.256
5231	279	5.463	6.130
5231	280	1.319	4.604
5231	281	0.618	4.351
5231	289	0.684	7.114
5231	290	1.298	6.930
5231	292	2.295	4.723
5231	293	2.403	3.096
5231	294	2.929	2.938
5231	295	2.917	4.573
5231	296	-2.265	5.442
5231	297	-0.058	5.125
5231	337	-5.273	4.765
5231	371	-6.625	8.415
5231	375	-5.574	6.534
5231	404	-4.710	6.582
5231	405	-4.606	7.813
5231	468	5.082	-2.984
5231	473	4.607	-3.108
5241	199	0.914	6.535
5241	203	3.240	2.263
5241	204	1.234	1.544
5241	205	-1.852	5.975
5241	206	-1.283	6.162
5241	207	1.878	4.092
5241	208	4.473	3.472
5241	209	4.797	3.057
5241	264	6.178	1.430
5241	265	6.226	0.445
5241	266	-1.461	4.064
5241	267	4.537	1.605
5241	268	0.942	-1.549
5241	269	0.176	-1.416
5241	270	0.346	-4.033
5241	271	1.039	-4.012
5241	279	5.135	6.006
5241	280	1.319	4.604
5241	281	0.644	4.288
5241	289	0.684	7.114
5241	290	1.298	6.930
5241	292	2.362	4.458
5241	293	2.271	2.837
5241	294	2.693	2.444
5241	295	2.945	4.345
5241	296	-2.402	5.050
5241	297	-0.070	4.802
5241	337	-5.622	4.701
5241	371	-6.654	8.655
5241	375	-5.567	6.450
5241	404	-4.770	6.200
5241	405	-4.889	7.650
5241	468	5.082	-2.984
5241	473	4.607	-3.108
5251	199	0.914	6.535
5251	203	3.296	2.434
5251	204	1.272	1.986
5251	205	-2.058	6.190
5251	206	-1.465	6.457
5251	207	1.878	4.092
5251	208	4.514	3.924
5251	209	4.870	3.589
5251	264	6.331	1.519
5251	265	6.338	0.524
5251	266	-1.394	4.473
5251	267	4.743	2.065
5251	268	0.830	-1.194
5251	269	0.106	-1.170
5251	270	0.385	-3.784
5251	271	1.143	-3.812
5251	279	4.637	5.747
5251	280	1.319	4.604
5251	281	0.644	4.288
5251	289	0.684	7.114
5251	290	1.298	6.930
5251	292	2.312	4.273
5251	293	1.997	2.295
5251	294	2.456	1.939
5251	295	2.887	4.102
5251	296	-2.351	4.750
5251	297	-0.117	4.288
5251	337	-5.806	4.602
5251	371	-6.672	8.854
5251	375	-5.555	6.417
5251	404	-4.872	5.926
5251	405	-5.217	7.436
5251	468	5.082	-2.984
5251	473	4.607	-3.108
5261	199	0.914	6.535
5261	203	3.371	2.595
5261	204	1.389	2.352
5261	205	-2.298	6.447
5261	206	-1.679	6.678
5261	207	1.878	4.092
5261	208	4.574	4.336
5261	209	4.982	3.991
5261	265	6.402	0.568
5261	266	-1.313	4.805
5261	267	4.816	2.379
5261	268	0.715	-0.901
5261	269	0.023	-0.847
5261	270	0.439	-3.559
5261	271	1.294	-3.581
5261	279	4.259	5.540
5261	280	1.319	4.604
5261	281	0.644	4.288
5261	289	0.684	7.114
5261	290	1.298	6.930
5261	292	2.227	4.082
5261	293	1.777	1.861
5261	294	2.351	1.675
5261	295	2.799	3.743
5261	296	-2.164	4.110
5261	297	-0.137	3.881
5261	337	-5.848	4.579
5261	371	-6.686	9.010
5261	375	-5.375	6.232
5261	404	-4.947	5.680
5261	405	-5.592	7.177
5261	468	5.082	-2.984
5261	473	4.607	-3.108
5271	199	0.914	6.535
5271	203	3.411	2.759
5271	204	1.578	2.928
5271	205	-2.537	6.683
5271	206	-1.958	6.982
5271	207	1.878	4.092
5271	208	4.520	4.903
5271	209	5.095	4.320
5271	265	6.474	0.618
5271	266	-1.198	5.052
5271	267	4.736	2.900
5271	268	0.515	-0.397
5271	269	-0.080	-0.455
5271	270	0.518	-3.229
5271	271	1.463	-3.326
5271	279	3.948	5.334
5271	280	1.319	4.604
5271	281	0.644	4.288
5271	289	0.684	7.114
5271	290	1.298	6.930
5271	292	2.175	3.888
5271	293	1.644	1.595
5271	294	2.161	1.168
5271	295	2.752	3.507
5271	296	-2.049	3.630
5271	297	-0.130	3.530
5271	337	-5.918	4.542
5271	371	-6.700	9.162
5271	375	-5.293	6.127
5271	404	-5.179	5.544
5271	405	-5.803	6.961
5271	406	-3.700	8.575
5271	468	5.082	-2.984
5271	473	4.607	-3.108
5281	199	0.914	6.535
5281	203	3.387	2.936
5281	204	1.717	3.199
5281	205	-2.766	6.885
5281	206	-2.242	7.252
5281	207	1.878	4.092
5281	208	4.505	5.358
5281	209	5.182	4.887
5281	266	-1.021	5.417
5281	267	4.645	3.479
5281	268	0.381	-0.049
5281	269	-0.179	-0.191
5281	270	0.637	-2.740
5281	271	1.657	-3.164
5281	272	-0.139	-6.373
5281	279	3.562	5.077
5281	280	1.319	4.604
5281	281	0.644	4.288
5281	289	0.684	7.114
5281	290	1.298	6.930
5281	292	2.183	3.655
5281	293	1.378	1.061
5281	294	1.991	0.763
5281	295	2.730	3.220
5281	296	-2.019	3.270
5281	297	-0.110	3.075
5281	338	-7.078	-6.660
5281	339	-7.604	-6.010
5281	371	-6.718	9.357
5281	375	-5.337	6.125
5281	404	-5.528	5.405
5281	405	-6.101	6.654
5281	406	-4.002	8.305
5281	468	5.082	-2.984
5281	473	4.607	-3.108
5291	199	0.914	6.535
5291	203	3.341	3.083
5291	204	1.987	3.650
5291	205	-3.032	7.130
5291	206	-2.493	7.425
5291	207	1.878	4.092
5291	208	4.527	5.807
5291	209	4.954	5.420
5291	266	-0.926	5.667
5291	267	4.574	3.861
5291	268	0.270	0.272
5291	269	-0.329	0.112
5291	270	0.838	-2.520
5291	271	1.995	-2.949
5291	272	-0.155	-6.038
5291	279	3.276	4.901
5291	280	1.319	4.604
5291	281	0.644	4.288
5291	289	0.684	7.114
5291	290	1.298	6.930
5291	292	2.226	3.276
5291	293	1.176	0.658
5291	294	1.836	0.512
5291	295	2.672	2.949
5291	296	-1.973	2.697
5291	297	-0.033	2.795
5291	338	-6.648	-6.125
5291	339	-7.324	-5.712
5291	375	-5.472	6.203
5291	404	-5.882	5.330
5291	405	-6.229	6.407
5291	406	-4.164	8.061
5291	468	5.082	-2.984
5291	473	4.607	-3.108
5301	199	0.914	6.535
5301	203	3.303	3.172
5301	204	2.070	3.948
5301	205	-3.311	7.363
5301	206	-2.705	7.561
5301	207	1.878	4.092
5301	208	4.476	6.367
5301	209	4.908	5.796
5301	266	-0.816	5.995
5301	267	4.423	4.678
5301	268	0.097	0.767
5301	269	-0.537	0.529
5301	270	1.247	-2.217
5301	271	2.378	-2.703
5301	272	-0.155	-5.701
5301	279	2.862	4.633
5301	280	1.319	4.604
5301	281	0.644	4.288
5301	289	0.684	7.114
5301	290	1.298	6.930
5301	292	2.186	3.005
5301	293	1.031	0.364
5301	294	1.523	0.029
5301	295	2.503	2.739
5301	296	-1.957	2.377
5301	297	0.098	2.366
5301	338	-6.193	-5.563
5301	339	-6.988	-5.360
5301	375	-5.490	6.219
5301	404	-6.145	5.318
5301	405	-6.315	6.135
5301	406	-4.292	7.795
5301	468	5.082	-2.984
5301	473	4.607	-3.108
5311	199	0.914	6.535
5311	203	3.380	3.322
5311	204	2.168	4.513
5311	205	-3.567	7.527
5311	206	-2.915	7.696
5311	207	1.878	4.092
5311	208	4.549	6.865
5311	209	4.799	6.438
5311	266	-0.665	6.442
5311	267	4.335	5.067
5311	268	-0.034	1.027
5311	269	-0.671	0.771
5311	270	1.604	-1.961
5311	271	2.612	-2.547
5311	272	-0.118	-5.475
5311	279	2.740	4.507
5311	280	1.319	4.604
5311	281	0.644	4.288
5311	289	0.684	7.114
5311	290	1.298	6.930
5311	292	2.097	2.862
5311	293	0.752	-0.211
5311	294	1.310	-0.322
5311	295	2.230	2.409
5311	296	-1.945	1.839
5311	297	0.263	2.089
5311	338	-5.904	-5.220
5311	339	-6.630	-4.984
5311	375	-5.356	6.148
5311	404	-6.371	5.304
5311	405	-6.419	5.867
5311	406	-4.408	7.489
5311	468	5.082	-2.984
5311	473	4.607	-3.108
5321	199	0.914	6.535
5321	203	3.253	3.444
5321	204	2.243	4.829
5321	205	-3.764	7.629
5321	206	-3.161	7.856
5321	207	1.878	4.092
5321	209	4.736	6.812
5321	266	-0.601	6.736
5321	267	4.135	5.766
5321	268	-0.252	1.373
5321	269	-0.840	1.051
5321	270	1.871	-1.787
5321	271	2.969	-2.309
5321	272	-0.123	-5.321
5321	279	2.648	4.382
5321	280	1.319	4.604
5321	281	0.644	4.288
5321	289	0.684	7.114
5321	290	1.298	6.930
5321	292	2.065	2.745
5321	293	0.550	-0.598
5321	294	1.163	-0.609
5321	295	2.086	2.222
5321	296	-1.931	1.261
5321	297	0.593	1.616
5321	338	-5.535	-4.809
5321	339	-6.341	-4.663
5321	375	-5.094	6.005
5321	404	-6.674	5.262
5321	405	-6.539	5.673
5321	406	-4.288	7.229
5321	468	5.082	-2.984
5321	473	4.607	-3.108
5331	199	0.914	6.535
5331	203	3.236	3.634
5331	204	2.407	5.470
5331	205	-3.941	7.735
5331	206	-3.365	7.975
5331	207	1.878	4.092
5331	266	-0.577	7.063
5331	267	3.984	6.264
5331	268	-0.441	1.711
5331	269	-1.030	1.370
5331	270	2.267	-1.531
5331	271	3.192	-2.150
5331	272	-0.108	-5.185
5331	279	2.566	4.157
5331	280	1.319	4.604
5331	281	0.644	4.288
5331	289	0.684	7.114
5331	290	1.298	6.930
5331	292	1.969	2.653
5331	293	0.357	-0.900
5331	294	0.920	-1.086
5331	295	1.996	2.100
5331	296	-1.917	0.946
5331	297	0.617	1.333
5331	338	-5.067	-4.282
5331	339	-6.120	-4.400
5331	375	-4.907	5.898
5331	404	-6.843	5.237
5331	405	-6.591	5.593
5331	406	-4.112	6.889
5331	407	-4.049	8.674
5331	468	5.082	-2.984
5331	473	4.607	-3.108
5341	199	0.914	6.535
5341	203	3.221	3.831
5341	204	2.467	5.799
5341	205	-4.151	7.924
5341	206	-3.583	8.138
5341	207	1.878	4.092
5341	266	-0.537	7.597
5341	267	3.785	6.819
5341	268	-0.521	1.961
5341	269	-1.146	1.607
5341	270	2.501	-1.379
5341	271	3.394	-2.001
5341	272	0.028	-5.012
5341	279	2.462	3.931
5341	280	1.319	4.604
5341	281	0.644	4.288
5341	289	0.684	7.114
5341	290	1.298	6.930
5341	292	1.795	2.586
5341	293	0.085	-1.332
5341	294	0.769	-1.380
5341	295	1.908	1.981
5341	296	-1.895	0.395
5341	297	0.598	0.881
5341	298	1.251	7.569
5341	299	2.025	7.358
5341	338	-4.850	-3.980
5341	339	-5.839	-4.020
5341	375	-4.708	5.791
5341	404	-6.852	5.236
5341	405	-6.566	5.631
5341	406	-3.880	6.647
5341	407	-4.794	8.503
5341	468	5.082	-2.984
5341	473	4.607	-3.108
5351	199	0.914	6.535
5351	203	3.205	4.030
5351	204	2.508	6.309
5351	205	-4.301	8.108
5351	206	-3.804	8.325
5351	207	1.878	4.092
5351	266	-0.509	7.971
5351	268	-0.637	2.342
5351	269	-1.280	1.878
5351	270	2.830	-1.171
5351	271	3.579	-1.863
5351	272	0.149	-4.902
5351	279	2.390	3.812
5351	280	1.319	4.604
5351	281	0.644	4.288
5351	289	0.684	7.114
5351	290	1.298	6.930
5351	292	1.694	2.550
5351	293	-0.035	-1.604
5351	294	0.592	-1.704
5351	295	1.942	1.903
5351	296	-1.862	0.056
5351	297	0.562	0.596
5351	298	1.546	7.127
5351	299	2.034	6.975
5351	338	-4.583	-3.537
5351	339	-5.524	-3.634
5351	375	-4.427	5.629
5351	404	-6.790	5.245
5351	405	-6.527	5.692
5351	406	-3.527	6.381
5351	407	-5.102	8.314
5351	468	5.082	-2.984
5351	473	4.607	-3.108
5361	199	0.914	6.535
5361	203	3.183	4.223
5361	204	2.622	6.595
5361	205	-4.494	8.271
5361	206	-4.001	8.490
5361	207	1.878	4.092
5361	268	-0.736	2.670
5361	269	-1.442	2.207
5361	270	3.164	-0.953
5361	271	3.785	-1.697
5361	272	0.254	-4.774
5361	279	2.356	3.742
5361	280	1.319	4.604
5361	281	0.644	4.288
5361	289	0.684	7.114
5361	290	1.298	6.930
5361	292	1.686	2.547
5361	293	-0.238	-2.086
5361	294	0.343	-2.163
5361	295	1.942	1.903
5361	296	-1.787	-0.381
5361	297	0.482	0.119
5361	298	1.588	6.866
5361	299	2.076	6.695
5361	338	-4.280	-3.305
5361	339	-5.285	-3.412
5361	375	-4.176	5.432
5361	404	-6.880	5.232
5361	405	-6.563	5.635
5361	406	-3.197	6.131
5361	407	-5.435	7.941
5361	468	5.082	-2.984
5361	473	4.607	-3.108
5371	199	0.914	6.535
5371	203	3.155	4.413
5371	204	2.902	7.100
5371	205	-4.786	8.420
5371	206	-4.202	8.660
5371	207	1.878	4.092
5371	268	-0.806	2.919
5371	269	-1.511	2.462
5371	270	3.359	-0.808
5371	271	4.024	-1.510
5371	272	0.352	-4.607
5371	279	2.196	3.669
5371	280	1.319	4.604
5371	281	0.644	4.288
5371	289	0.684	7.114
5371	290	1.298	6.930
5371	292	1.686	2.547
5371	293	-0.389	-2.481
5371	294	0.222	-2.446
5371	295	1.942	1.903
5371	296	-1.708	-0.876
5371	297	0.388	-0.394
5371	298	1.592	6.437
5371	299	2.161	6.396
5371	338	-3.798	-3.118
5371	339	-5.044	-3.192
5371	375	-3.906	5.407
5371	404	-7.133	5.195
5371	406	-2.905	5.908
5371	407	-5.767	7.659
5371	408	-3.237	8.278
5371	468	5.082	-2.984
5371	473	4.607	-3.108
5381	199	0.914	6.535
5381	203	3.122	4.624
5381	205	-5.058	8.549
5381	206	-4.434	8.856
5381	207	1.878	4.092
5381	268	-0.904	3.271
5381	269	-1.556	2.835
5381	270	3.630	-0.599
5381	271	4.218	-1.403
5381	272	0.391	-4.540
5381	279	2.044	3.606
5381	280	1.319	4.604
5381	281	0.644	4.288
5381	289	0.684	7.114
5381	290	1.298	6.930
5381	292	1.746	2.476
5381	293	-0.473	-2.806
5381	294	0.074	-2.887
5381	295	1.942	1.903
5381	296	-1.695	-1.178
5381	297	0.311	-0.672
5381	298	1.465	6.229
5381	299	2.246	6.099
5381	338	-3.346	-2.918
5381	339	-4.702	-3.042
5381	375	-3.749	5.444
5381	406	-2.544	5.631
5381	407	-6.119	7.509
5381	408	-3.544	7.933
5381	468	5.082	-2.984
5381	473	4.607	-3.108
5391	199	0.914	6.535
5391	203	3.085	4.856
5391	205	-5.341	8.704
5391	207	1.878	4.092
5391	268	-0.985	3.560
5391	269	-1.619	3.359
5391	270	3.896	-0.395
5391	271	4.454	-1.280
5391	272	0.452	-4.435
5391	279	1.884	3.541
5391	280	1.319	4.604
5391	281	0.644	4.288
5391	289	0.684	7.114
5391	290	1.298	6.930
5391	292	1.632	2.502
5391	293	-0.619	-3.375
